{
  "ProjectName": "8BitComputer",
  "BuildVersion": "1.0.2",
  "CreationTime": "2024-05-24T16:13:15.487621+05:00",
  "AllCreatedChips": [
    "OR",
    "XOR",
    "NOR",
    "SRLATCH",
    "DLATCH",
    "DFLIPFLOP",
    "1BYTEREG",
    "7SEGMENT",
    "DOUBLEDABBLE",
    "BINTOBCD",
    "8BITPOSBIN",
    "HALFADDER",
    "FULLADDER",
    "8BITADDER",
    "8BITADDSUB",
    "7seg0off",
    "8bitSignPosbinbcd",
    "1bitmux",
    "8BitMux",
    "add-sub-inc-dec",
    "XOR-NOT",
    "AND-OR",
    "AND-OR12",
    "AND-OR-XOR-NOT",
    "add-sub-inc-dec2",
    "DivisorUnit",
    "Divider",
    "MulUnit",
    "8to2mul",
    "8to4Mul",
    "8to8mul",
    "mulwithseg",
    "Divider7seg",
    "ShiftRotateLR",
    "RotateLR",
    "SLR",
    "ALUPart1",
    "DivMul",
    "AluPart2",
    "ALU",
    "CarryGen",
    "OverflowGen",
    "Xnor",
    "3And",
    "3nor",
    "001check",
    "ALU_flag",
    "2ByteRam",
    "8bitTriBuffer",
    "4ByteRam",
    "4and",
    "8ByteRam",
    "16ByteRam",
    "32ByteRam",
    "64ByteRam",
    "128ByteRam",
    "256ByteRam",
    "8Nor",
    "Jumps",
    "DECODER",
    "4OR",
    "flags",
    "16Nor",
    "IP",
    "2X2ByteInsRam",
    "4X2ByteInsRam",
    "8X2ByteInsRam",
    "16X2ByteInsRam",
    "32X2ByteInsRam",
    "64X2ByteInsRam",
    "128X2ByteInsRam",
    "256X2ByteInsRam",
    "AllArthemticOp",
    "RegToAluMuxIm",
    "RegToAluMux",
    "RegToAluMuxNoIm",
    "DeMux",
    "2bitmux"
  ],
  "StarredChips": [
    "AND",
    "NOT",
    "OR",
    "XOR",
    "NOR",
    "8BitMux",
    "BUS",
    "1BYTEREG",
    "8bitTriBuffer",
    "DeMux",
    "1bitmux",
    "2bitmux"
  ],
  "DisplayOptions": {
    "MainChipPinNameDisplayMode": 1,
    "SubChipPinNameDisplayMode": 1,
    "ShowCursorGuide": 0
  }
}