{
  "Name": "7SEGMENTCORR",
  "Colour": "#E04775",
  "InputPins": [
    {
      "Name": "A3",
      "ID": 1479805628,
      "PositionY": 1.50925934,
      "ColourThemeName": "Red"
    },
    {
      "Name": "A2",
      "ID": 1207628523,
      "PositionY": 0.814814568,
      "ColourThemeName": "Red"
    },
    {
      "Name": "A1",
      "ID": 939812263,
      "PositionY": 0.157407522,
      "ColourThemeName": "Red"
    },
    {
      "Name": "A0",
      "ID": 167563905,
      "PositionY": -0.407407284,
      "ColourThemeName": "Red"
    },
    {
      "Name": "NEG",
      "ID": 467586004,
      "PositionY": 2.194444,
      "ColourThemeName": "Red"
    }
  ],
  "OutputPins": [
    {
      "Name": "NEG",
      "ID": 1232667059,
      "PositionY": 2.48148155,
      "ColourThemeName": "Red"
    },
    {
      "Name": "a",
      "ID": 1359942717,
      "PositionY": 1.83333337,
      "ColourThemeName": "Red"
    },
    {
      "Name": "b",
      "ID": 25757863,
      "PositionY": 1.33333325,
      "ColourThemeName": "Red"
    },
    {
      "Name": "c",
      "ID": 663889973,
      "PositionY": 0.7499999,
      "ColourThemeName": "Red"
    },
    {
      "Name": "d",
      "ID": 1701553917,
      "PositionY": 0.120370388,
      "ColourThemeName": "Red"
    },
    {
      "Name": "e",
      "ID": 1553624950,
      "PositionY": -0.5277777,
      "ColourThemeName": "Red"
    },
    {
      "Name": "f",
      "ID": 1882609484,
      "PositionY": -1.25,
      "ColourThemeName": "Red"
    },
    {
      "Name": "g",
      "ID": 180661668,
      "PositionY": -2.15740728,
      "ColourThemeName": "Red"
    }
  ],
  "SubChips": [
    {
      "Name": "7SEGMENT",
      "ID": 867643196,
      "Points": [
        {
          "X": -0.499999762,
          "Y": 0.6944448
        }
      ],
      "Data": null
    }
  ],
  "Connections": [
    {
      "Source": {
        "PinType": 1,
        "SubChipID": 0,
        "PinID": 167563905
      },
      "Target": {
        "PinType": 3,
        "SubChipID": 867643196,
        "PinID": 291446586
      },
      "WirePoints": [
        {
          "X": -7.837778,
          "Y": -0.407407284
        },
        {
          "X": -1.34999979,
          "Y": -0.265555322
        }
      ],
      "ColourThemeName": "Red"
    },
    {
      "Source": {
        "PinType": 1,
        "SubChipID": 0,
        "PinID": 939812263
      },
      "Target": {
        "PinType": 3,
        "SubChipID": 867643196,
        "PinID": 307893486
      },
      "WirePoints": [
        {
          "X": -7.837778,
          "Y": 0.157407522
        },
        {
          "X": -1.34999979,
          "Y": 0.214444727
        }
      ],
      "ColourThemeName": "Red"
    },
    {
      "Source": {
        "PinType": 1,
        "SubChipID": 0,
        "PinID": 1207628523
      },
      "Target": {
        "PinType": 3,
        "SubChipID": 867643196,
        "PinID": 1318877902
      },
      "WirePoints": [
        {
          "X": -7.837778,
          "Y": 0.814814568
        },
        {
          "X": -1.34999979,
          "Y": 0.6944448
        }
      ],
      "ColourThemeName": "Red"
    },
    {
      "Source": {
        "PinType": 1,
        "SubChipID": 0,
        "PinID": 1479805628
      },
      "Target": {
        "PinType": 3,
        "SubChipID": 867643196,
        "PinID": 1104209347
      },
      "WirePoints": [
        {
          "X": -7.837778,
          "Y": 1.50925934
        },
        {
          "X": -1.34999979,
          "Y": 1.17444479
        }
      ],
      "ColourThemeName": "Red"
    },
    {
      "Source": {
        "PinType": 1,
        "SubChipID": 0,
        "PinID": 467586004
      },
      "Target": {
        "PinType": 3,
        "SubChipID": 867643196,
        "PinID": 1629576822
      },
      "WirePoints": [
        {
          "X": -7.837778,
          "Y": 2.194444
        },
        {
          "X": -1.34999979,
          "Y": 1.65444493
        }
      ],
      "ColourThemeName": "Red"
    },
    {
      "Source": {
        "PinType": 4,
        "SubChipID": 867643196,
        "PinID": 825317074
      },
      "Target": {
        "PinType": 2,
        "SubChipID": 0,
        "PinID": 180661668
      },
      "WirePoints": [
        {
          "X": 0.350000262,
          "Y": -0.265555322
        },
        {
          "X": 7.837778,
          "Y": -2.15740728
        }
      ],
      "ColourThemeName": "Red"
    },
    {
      "Source": {
        "PinType": 4,
        "SubChipID": 867643196,
        "PinID": 1474252946
      },
      "Target": {
        "PinType": 2,
        "SubChipID": 0,
        "PinID": 1882609484
      },
      "WirePoints": [
        {
          "X": 0.350000262,
          "Y": -0.0255553126
        },
        {
          "X": 7.837778,
          "Y": -1.25
        }
      ],
      "ColourThemeName": "Red"
    },
    {
      "Source": {
        "PinType": 4,
        "SubChipID": 867643196,
        "PinID": 1675493900
      },
      "Target": {
        "PinType": 2,
        "SubChipID": 0,
        "PinID": 1553624950
      },
      "WirePoints": [
        {
          "X": 0.350000262,
          "Y": 0.214444727
        },
        {
          "X": 7.837778,
          "Y": -0.5277777
        }
      ],
      "ColourThemeName": "Red"
    },
    {
      "Source": {
        "PinType": 4,
        "SubChipID": 867643196,
        "PinID": 1148597193
      },
      "Target": {
        "PinType": 2,
        "SubChipID": 0,
        "PinID": 1701553917
      },
      "WirePoints": [
        {
          "X": 0.350000262,
          "Y": 0.454444766
        },
        {
          "X": 7.837778,
          "Y": 0.120370388
        }
      ],
      "ColourThemeName": "Red"
    },
    {
      "Source": {
        "PinType": 4,
        "SubChipID": 867643196,
        "PinID": 1216563480
      },
      "Target": {
        "PinType": 2,
        "SubChipID": 0,
        "PinID": 663889973
      },
      "WirePoints": [
        {
          "X": 0.350000262,
          "Y": 0.6944448
        },
        {
          "X": 7.837778,
          "Y": 0.7499999
        }
      ],
      "ColourThemeName": "Red"
    },
    {
      "Source": {
        "PinType": 4,
        "SubChipID": 867643196,
        "PinID": 1554067506
      },
      "Target": {
        "PinType": 2,
        "SubChipID": 0,
        "PinID": 25757863
      },
      "WirePoints": [
        {
          "X": 0.350000262,
          "Y": 0.9344448
        },
        {
          "X": 7.837778,
          "Y": 1.33333325
        }
      ],
      "ColourThemeName": "Red"
    },
    {
      "Source": {
        "PinType": 4,
        "SubChipID": 867643196,
        "PinID": 652538035
      },
      "Target": {
        "PinType": 2,
        "SubChipID": 0,
        "PinID": 1359942717
      },
      "WirePoints": [
        {
          "X": 0.350000262,
          "Y": 1.17444479
        },
        {
          "X": 7.837778,
          "Y": 1.83333337
        }
      ],
      "ColourThemeName": "Red"
    }
  ]
}