{
  "Name": "7TEMP",
  "Colour": "#AB62AA",
  "InputPins": [
    {
      "Name": "Pin",
      "ID": 667943631,
      "PositionY": 1.42592609,
      "ColourThemeName": "Red"
    },
    {
      "Name": "Pin",
      "ID": 1434269413,
      "PositionY": 0.888888836,
      "ColourThemeName": "Red"
    },
    {
      "Name": "Pin",
      "ID": 565058865,
      "PositionY": 0.305555463,
      "ColourThemeName": "Red"
    },
    {
      "Name": "Pin",
      "ID": 1238051655,
      "PositionY": -0.268518627,
      "ColourThemeName": "Red"
    },
    {
      "Name": "Pin",
      "ID": 1582456279,
      "PositionY": 2.43518543,
      "ColourThemeName": "Red"
    }
  ],
  "OutputPins": [],
  "SubChips": [
    {
      "Name": "7SEGMENTCORR",
      "ID": 343579382,
      "Points": [
        {
          "X": -1.91666722,
          "Y": 0.935185552
        }
      ],
      "Data": null
    },
    {
      "Name": "7-SEGMENT DISPLAY",
      "ID": 22483974,
      "Points": [
        {
          "X": 1.59259272,
          "Y": 0.92592597
        }
      ],
      "Data": null
    }
  ],
  "Connections": [
    {
      "Source": {
        "PinType": 4,
        "SubChipID": 343579382,
        "PinID": 1359942717
      },
      "Target": {
        "PinType": 3,
        "SubChipID": 22483974,
        "PinID": 1
      },
      "WirePoints": [
        {
          "X": -0.771667242,
          "Y": 1.53518558
        },
        {
          "X": 0.7770864,
          "Y": 1.52592587
        }
      ],
      "ColourThemeName": "Red"
    },
    {
      "Source": {
        "PinType": 4,
        "SubChipID": 343579382,
        "PinID": 25757863
      },
      "Target": {
        "PinType": 3,
        "SubChipID": 22483974,
        "PinID": 2
      },
      "WirePoints": [
        {
          "X": -0.771667242,
          "Y": 1.29518557
        },
        {
          "X": 0.7770864,
          "Y": 1.28592587
        }
      ],
      "ColourThemeName": "Red"
    },
    {
      "Source": {
        "PinType": 4,
        "SubChipID": 343579382,
        "PinID": 663889973
      },
      "Target": {
        "PinType": 3,
        "SubChipID": 22483974,
        "PinID": 3
      },
      "WirePoints": [
        {
          "X": -0.771667242,
          "Y": 1.05518556
        },
        {
          "X": 0.7770864,
          "Y": 1.045926
        }
      ],
      "ColourThemeName": "Red"
    },
    {
      "Source": {
        "PinType": 4,
        "SubChipID": 343579382,
        "PinID": 1701553917
      },
      "Target": {
        "PinType": 3,
        "SubChipID": 22483974,
        "PinID": 4
      },
      "WirePoints": [
        {
          "X": -0.771667242,
          "Y": 0.8151855
        },
        {
          "X": 0.7770864,
          "Y": 0.8059259
        }
      ],
      "ColourThemeName": "Red"
    },
    {
      "Source": {
        "PinType": 4,
        "SubChipID": 343579382,
        "PinID": 1553624950
      },
      "Target": {
        "PinType": 3,
        "SubChipID": 22483974,
        "PinID": 5
      },
      "WirePoints": [
        {
          "X": -0.771667242,
          "Y": 0.575185537
        },
        {
          "X": 0.7770864,
          "Y": 0.565925956
        }
      ],
      "ColourThemeName": "Red"
    },
    {
      "Source": {
        "PinType": 4,
        "SubChipID": 343579382,
        "PinID": 1882609484
      },
      "Target": {
        "PinType": 3,
        "SubChipID": 22483974,
        "PinID": 6
      },
      "WirePoints": [
        {
          "X": -0.771667242,
          "Y": 0.335185528
        },
        {
          "X": 0.7770864,
          "Y": 0.325925946
        }
      ],
      "ColourThemeName": "Red"
    },
    {
      "Source": {
        "PinType": 4,
        "SubChipID": 343579382,
        "PinID": 180661668
      },
      "Target": {
        "PinType": 3,
        "SubChipID": 22483974,
        "PinID": 7
      },
      "WirePoints": [
        {
          "X": -0.771667242,
          "Y": 0.09518558
        },
        {
          "X": 0.7770864,
          "Y": 0.085926
        }
      ],
      "ColourThemeName": "Red"
    },
    {
      "Source": {
        "PinType": 4,
        "SubChipID": 343579382,
        "PinID": 1232667059
      },
      "Target": {
        "PinType": 3,
        "SubChipID": 22483974,
        "PinID": 0
      },
      "WirePoints": [
        {
          "X": -0.771667242,
          "Y": 1.77518559
        },
        {
          "X": 0.6574069,
          "Y": 1.74074054
        },
        {
          "X": 0.7770864,
          "Y": 1.76592588
        }
      ],
      "ColourThemeName": "Red"
    },
    {
      "Source": {
        "PinType": 1,
        "SubChipID": 0,
        "PinID": 1238051655
      },
      "Target": {
        "PinType": 3,
        "SubChipID": 343579382,
        "PinID": 167563905
      },
      "WirePoints": [
        {
          "X": -7.837778,
          "Y": -0.268518627
        },
        {
          "X": -3.0616672,
          "Y": 0.09518558
        }
      ],
      "ColourThemeName": "Red"
    },
    {
      "Source": {
        "PinType": 1,
        "SubChipID": 0,
        "PinID": 565058865
      },
      "Target": {
        "PinType": 3,
        "SubChipID": 343579382,
        "PinID": 939812263
      },
      "WirePoints": [
        {
          "X": -7.837778,
          "Y": 0.305555463
        },
        {
          "X": -3.0616672,
          "Y": 0.5151856
        }
      ],
      "ColourThemeName": "Red"
    },
    {
      "Source": {
        "PinType": 1,
        "SubChipID": 0,
        "PinID": 1434269413
      },
      "Target": {
        "PinType": 3,
        "SubChipID": 343579382,
        "PinID": 1207628523
      },
      "WirePoints": [
        {
          "X": -7.837778,
          "Y": 0.888888836
        },
        {
          "X": -3.0616672,
          "Y": 0.935185552
        }
      ],
      "ColourThemeName": "Red"
    },
    {
      "Source": {
        "PinType": 1,
        "SubChipID": 0,
        "PinID": 667943631
      },
      "Target": {
        "PinType": 3,
        "SubChipID": 343579382,
        "PinID": 1479805628
      },
      "WirePoints": [
        {
          "X": -7.837778,
          "Y": 1.42592609
        },
        {
          "X": -3.0616672,
          "Y": 1.35518551
        }
      ],
      "ColourThemeName": "Red"
    },
    {
      "Source": {
        "PinType": 1,
        "SubChipID": 0,
        "PinID": 1582456279
      },
      "Target": {
        "PinType": 3,
        "SubChipID": 343579382,
        "PinID": 467586004
      },
      "WirePoints": [
        {
          "X": -7.837778,
          "Y": 2.43518543
        },
        {
          "X": -3.0616672,
          "Y": 1.77518559
        }
      ],
      "ColourThemeName": "Red"
    }
  ]
}