{
  "Name": "ASIDAOXNAlu",
  "Colour": "#2E4827",
  "InputPins": [
    {
      "Name": "A7",
      "ID": 1520857648,
      "PositionY": 4.50000048,
      "ColourThemeName": "Red"
    },
    {
      "Name": "A6",
      "ID": 2080811984,
      "PositionY": 4.0185194,
      "ColourThemeName": "Red"
    },
    {
      "Name": "A5",
      "ID": 392299598,
      "PositionY": 3.51851845,
      "ColourThemeName": "Red"
    },
    {
      "Name": "A4",
      "ID": 1514499502,
      "PositionY": 3.06481457,
      "ColourThemeName": "Red"
    },
    {
      "Name": "A3",
      "ID": 1536195898,
      "PositionY": 2.5462966,
      "ColourThemeName": "Red"
    },
    {
      "Name": "A2",
      "ID": 1800159520,
      "PositionY": 2.06481457,
      "ColourThemeName": "Red"
    },
    {
      "Name": "A1",
      "ID": 937232631,
      "PositionY": 1.574074,
      "ColourThemeName": "Red"
    },
    {
      "Name": "A0",
      "ID": 842239384,
      "PositionY": 1.08333349,
      "ColourThemeName": "Red"
    },
    {
      "Name": "B7",
      "ID": 1064605717,
      "PositionY": 0.268518329,
      "ColourThemeName": "Red"
    },
    {
      "Name": "B6",
      "ID": 990464256,
      "PositionY": -0.222222209,
      "ColourThemeName": "Red"
    },
    {
      "Name": "B5",
      "ID": 2084484619,
      "PositionY": -0.657407343,
      "ColourThemeName": "Red"
    },
    {
      "Name": "B4",
      "ID": 1619188627,
      "PositionY": -1.12037039,
      "ColourThemeName": "Red"
    },
    {
      "Name": "B3",
      "ID": 576618110,
      "PositionY": -1.50925934,
      "ColourThemeName": "Red"
    },
    {
      "Name": "B2",
      "ID": 57386080,
      "PositionY": -1.85185194,
      "ColourThemeName": "Red"
    },
    {
      "Name": "B1",
      "ID": 1886838799,
      "PositionY": -2.20370388,
      "ColourThemeName": "Red"
    },
    {
      "Name": "B0",
      "ID": 2002492908,
      "PositionY": -2.56481457,
      "ColourThemeName": "Red"
    },
    {
      "Name": "Key2",
      "ID": 267736637,
      "PositionY": -3.30555582,
      "ColourThemeName": "Red"
    },
    {
      "Name": "Key1",
      "ID": 1818312030,
      "PositionY": -3.68518543,
      "ColourThemeName": "Red"
    },
    {
      "Name": "Key0",
      "ID": 606221824,
      "PositionY": -4.07407427,
      "ColourThemeName": "Red"
    }
  ],
  "OutputPins": [
    {
      "Name": "Out7",
      "ID": 1706337427,
      "PositionY": 4.17592573,
      "ColourThemeName": "Red"
    },
    {
      "Name": "Out6",
      "ID": 1275146283,
      "PositionY": 3.22222233,
      "ColourThemeName": "Red"
    },
    {
      "Name": "Out5",
      "ID": 1079843956,
      "PositionY": 2.018519,
      "ColourThemeName": "Red"
    },
    {
      "Name": "Out4",
      "ID": 175810007,
      "PositionY": 1.28703713,
      "ColourThemeName": "Red"
    },
    {
      "Name": "Out3",
      "ID": 1593747620,
      "PositionY": 0.3425926,
      "ColourThemeName": "Red"
    },
    {
      "Name": "Out2",
      "ID": 1439489757,
      "PositionY": -0.370370448,
      "ColourThemeName": "Red"
    },
    {
      "Name": "Out1",
      "ID": 1662365584,
      "PositionY": -1.15740752,
      "ColourThemeName": "Red"
    },
    {
      "Name": "Out0",
      "ID": 377260128,
      "PositionY": -1.80555558,
      "ColourThemeName": "Red"
    },
    {
      "Name": "Cout",
      "ID": 1827428177,
      "PositionY": -2.87962961,
      "ColourThemeName": "Red"
    }
  ],
  "SubChips": [
    {
      "Name": "add-sub-inc-dec2",
      "ID": 1246873032,
      "Points": [
        {
          "X": -3.44444442,
          "Y": 2.62037
        }
      ],
      "Data": null
    },
    {
      "Name": "AND-OR-XOR-NOT",
      "ID": 778941405,
      "Points": [
        {
          "X": -3.38888931,
          "Y": -1.89814854
        }
      ],
      "Data": null
    },
    {
      "Name": "BUS",
      "ID": 439731773,
      "Points": [
        {
          "X": -6.321905,
          "Y": -3.9257834
        },
        {
          "X": -4.97931242,
          "Y": -3.907265
        }
      ],
      "Data": null
    },
    {
      "Name": "BUS",
      "ID": 1375400913,
      "Points": [
        {
          "X": -6.32466364,
          "Y": -3.72580242
        },
        {
          "X": -4.982071,
          "Y": -3.707284
        }
      ],
      "Data": null
    },
    {
      "Name": "BUS",
      "ID": 1266970901,
      "Points": [
        {
          "X": -6.32742167,
          "Y": -3.52582121
        },
        {
          "X": -4.984829,
          "Y": -3.50730276
        }
      ],
      "Data": null
    },
    {
      "Name": "BUS",
      "ID": 1946911606,
      "Points": [
        {
          "X": -6.33018,
          "Y": -3.32584047
        },
        {
          "X": -4.98758745,
          "Y": -3.307322
        }
      ],
      "Data": null
    },
    {
      "Name": "BUS",
      "ID": 791224485,
      "Points": [
        {
          "X": -6.33293867,
          "Y": -3.1258595
        },
        {
          "X": -4.990346,
          "Y": -3.107341
        }
      ],
      "Data": null
    },
    {
      "Name": "BUS",
      "ID": 1686463535,
      "Points": [
        {
          "X": -6.3356967,
          "Y": -2.92587852
        },
        {
          "X": -4.993104,
          "Y": -2.90736
        }
      ],
      "Data": null
    },
    {
      "Name": "BUS",
      "ID": 18262046,
      "Points": [
        {
          "X": -6.338455,
          "Y": -2.72589755
        },
        {
          "X": -4.99586248,
          "Y": -2.707379
        }
      ],
      "Data": null
    },
    {
      "Name": "BUS",
      "ID": 1758249871,
      "Points": [
        {
          "X": -6.3412137,
          "Y": -2.52591658
        },
        {
          "X": -4.998621,
          "Y": -2.50739813
        }
      ],
      "Data": null
    },
    {
      "Name": "BUS",
      "ID": 692277096,
      "Points": [
        {
          "X": -6.34397173,
          "Y": -2.32593536
        },
        {
          "X": -5.001379,
          "Y": -2.307417
        }
      ],
      "Data": null
    },
    {
      "Name": "BUS",
      "ID": 1030327094,
      "Points": [
        {
          "X": -6.34673,
          "Y": -2.12595439
        },
        {
          "X": -5.00413752,
          "Y": -2.107436
        }
      ],
      "Data": null
    },
    {
      "Name": "BUS",
      "ID": 1931217753,
      "Points": [
        {
          "X": -6.34948874,
          "Y": -1.92597353
        },
        {
          "X": -5.006896,
          "Y": -1.90745509
        }
      ],
      "Data": null
    },
    {
      "Name": "BUS",
      "ID": 684788563,
      "Points": [
        {
          "X": -6.35224676,
          "Y": -1.72599244
        },
        {
          "X": -5.009654,
          "Y": -1.707474
        }
      ],
      "Data": null
    },
    {
      "Name": "BUS",
      "ID": 1772738245,
      "Points": [
        {
          "X": -6.35500526,
          "Y": -1.52601147
        },
        {
          "X": -5.01241255,
          "Y": -1.507493
        }
      ],
      "Data": null
    },
    {
      "Name": "BUS",
      "ID": 325690229,
      "Points": [
        {
          "X": -6.357764,
          "Y": -1.32603073
        },
        {
          "X": -5.015171,
          "Y": -1.30751216
        }
      ],
      "Data": null
    },
    {
      "Name": "BUS",
      "ID": 1020108237,
      "Points": [
        {
          "X": -6.360522,
          "Y": -1.12604952
        },
        {
          "X": -5.017929,
          "Y": -1.10753107
        }
      ],
      "Data": null
    },
    {
      "Name": "BUS",
      "ID": 87469139,
      "Points": [
        {
          "X": -6.3632803,
          "Y": -0.926068544
        },
        {
          "X": -5.02068758,
          "Y": -0.9075501
        }
      ],
      "Data": null
    },
    {
      "Name": "BUS",
      "ID": 142659269,
      "Points": [
        {
          "X": -5.553917,
          "Y": 4.664801
        },
        {
          "X": -6.68354654,
          "Y": 4.68331957
        }
      ],
      "Data": null
    },
    {
      "Name": "BUS",
      "ID": 1379076716,
      "Points": [
        {
          "X": -5.55719471,
          "Y": 4.464828
        },
        {
          "X": -6.68682432,
          "Y": 4.48334646
        }
      ],
      "Data": null
    },
    {
      "Name": "BUS",
      "ID": 1051736879,
      "Points": [
        {
          "X": -4.91026354,
          "Y": 0.0351445228
        },
        {
          "X": -5.5584116,
          "Y": 0.0166259557
        }
      ],
      "Data": null
    },
    {
      "Name": "BUS",
      "ID": 1954022077,
      "Points": [
        {
          "X": -4.904552,
          "Y": -0.1647739
        },
        {
          "X": -5.5527,
          "Y": -0.183292463
        }
      ],
      "Data": null
    },
    {
      "Name": "8BitMux",
      "ID": 132804005,
      "Points": [
        {
          "X": 2.3888886,
          "Y": 1.18518531
        }
      ],
      "Data": null
    },
    {
      "Name": "BUS",
      "ID": 1686979093,
      "Points": [
        {
          "X": 7.12037134,
          "Y": -2.8981483
        },
        {
          "X": 5.65740728,
          "Y": -2.88888884
        }
      ],
      "Data": null
    },
    {
      "Name": "NOT",
      "ID": 2122834441,
      "Points": [
        {
          "X": 1.05555534,
          "Y": -2.990741
        }
      ],
      "Data": null
    },
    {
      "Name": "BUS",
      "ID": 1132826561,
      "Points": [
        {
          "X": 0.2870369,
          "Y": -3.08333349
        },
        {
          "X": 0.009259119,
          "Y": -3.138889
        }
      ],
      "Data": null
    }
  ],
  "Connections": [
    {
      "Source": {
        "PinType": 1,
        "SubChipID": 0,
        "PinID": 1520857648
      },
      "Target": {
        "PinType": 3,
        "SubChipID": 1246873032,
        "PinID": 1384572164
      },
      "WirePoints": [
        {
          "X": -7.837778,
          "Y": 4.50000048
        },
        {
          "X": -4.88944435,
          "Y": 4.18037
        }
      ],
      "ColourThemeName": "Red"
    },
    {
      "Source": {
        "PinType": 1,
        "SubChipID": 0,
        "PinID": 2080811984
      },
      "Target": {
        "PinType": 3,
        "SubChipID": 1246873032,
        "PinID": 533252662
      },
      "WirePoints": [
        {
          "X": -7.837778,
          "Y": 4.0185194
        },
        {
          "X": -4.88944435,
          "Y": 3.94036984
        }
      ],
      "ColourThemeName": "Red"
    },
    {
      "Source": {
        "PinType": 1,
        "SubChipID": 0,
        "PinID": 392299598
      },
      "Target": {
        "PinType": 3,
        "SubChipID": 1246873032,
        "PinID": 1001650532
      },
      "WirePoints": [
        {
          "X": -7.837778,
          "Y": 3.51851845
        },
        {
          "X": -4.88944435,
          "Y": 3.70036983
        }
      ],
      "ColourThemeName": "Red"
    },
    {
      "Source": {
        "PinType": 1,
        "SubChipID": 0,
        "PinID": 1514499502
      },
      "Target": {
        "PinType": 3,
        "SubChipID": 1246873032,
        "PinID": 101426080
      },
      "WirePoints": [
        {
          "X": -7.837778,
          "Y": 3.06481457
        },
        {
          "X": -4.88944435,
          "Y": 3.46036983
        }
      ],
      "ColourThemeName": "Red"
    },
    {
      "Source": {
        "PinType": 1,
        "SubChipID": 0,
        "PinID": 1536195898
      },
      "Target": {
        "PinType": 3,
        "SubChipID": 1246873032,
        "PinID": 1752113559
      },
      "WirePoints": [
        {
          "X": -7.837778,
          "Y": 2.5462966
        },
        {
          "X": -4.88944435,
          "Y": 3.22036982
        }
      ],
      "ColourThemeName": "Red"
    },
    {
      "Source": {
        "PinType": 1,
        "SubChipID": 0,
        "PinID": 1800159520
      },
      "Target": {
        "PinType": 3,
        "SubChipID": 1246873032,
        "PinID": 85564396
      },
      "WirePoints": [
        {
          "X": -7.837778,
          "Y": 2.06481457
        },
        {
          "X": -4.88944435,
          "Y": 2.98036981
        }
      ],
      "ColourThemeName": "Red"
    },
    {
      "Source": {
        "PinType": 1,
        "SubChipID": 0,
        "PinID": 937232631
      },
      "Target": {
        "PinType": 3,
        "SubChipID": 1246873032,
        "PinID": 1867076294
      },
      "WirePoints": [
        {
          "X": -7.837778,
          "Y": 1.574074
        },
        {
          "X": -7.7592597,
          "Y": 1.67592585
        },
        {
          "X": -4.88944435,
          "Y": 2.7403698
        }
      ],
      "ColourThemeName": "Red"
    },
    {
      "Source": {
        "PinType": 1,
        "SubChipID": 0,
        "PinID": 842239384
      },
      "Target": {
        "PinType": 3,
        "SubChipID": 1246873032,
        "PinID": 1098350027
      },
      "WirePoints": [
        {
          "X": -7.837778,
          "Y": 1.08333349
        },
        {
          "X": -4.88944435,
          "Y": 2.50036979
        }
      ],
      "ColourThemeName": "Red"
    },
    {
      "Source": {
        "PinType": 1,
        "SubChipID": 0,
        "PinID": 1064605717
      },
      "Target": {
        "PinType": 3,
        "SubChipID": 1246873032,
        "PinID": 1920460974
      },
      "WirePoints": [
        {
          "X": -7.837778,
          "Y": 0.268518329
        },
        {
          "X": -4.88944435,
          "Y": 2.26036978
        }
      ],
      "ColourThemeName": "Red"
    },
    {
      "Source": {
        "PinType": 1,
        "SubChipID": 0,
        "PinID": 990464256
      },
      "Target": {
        "PinType": 3,
        "SubChipID": 1246873032,
        "PinID": 1587836306
      },
      "WirePoints": [
        {
          "X": -7.837778,
          "Y": -0.222222209
        },
        {
          "X": -4.88944435,
          "Y": 2.02036977
        }
      ],
      "ColourThemeName": "Red"
    },
    {
      "Source": {
        "PinType": 1,
        "SubChipID": 0,
        "PinID": 2084484619
      },
      "Target": {
        "PinType": 3,
        "SubChipID": 1246873032,
        "PinID": 1971365404
      },
      "WirePoints": [
        {
          "X": -7.837778,
          "Y": -0.657407343
        },
        {
          "X": -4.88944435,
          "Y": 1.78036988
        }
      ],
      "ColourThemeName": "Red"
    },
    {
      "Source": {
        "PinType": 1,
        "SubChipID": 0,
        "PinID": 1619188627
      },
      "Target": {
        "PinType": 3,
        "SubChipID": 1246873032,
        "PinID": 1577083360
      },
      "WirePoints": [
        {
          "X": -7.837778,
          "Y": -1.12037039
        },
        {
          "X": -4.88944435,
          "Y": 1.54036987
        }
      ],
      "ColourThemeName": "Red"
    },
    {
      "Source": {
        "PinType": 1,
        "SubChipID": 0,
        "PinID": 576618110
      },
      "Target": {
        "PinType": 3,
        "SubChipID": 1246873032,
        "PinID": 939449266
      },
      "WirePoints": [
        {
          "X": -7.837778,
          "Y": -1.50925934
        },
        {
          "X": -4.88944435,
          "Y": 1.30036986
        }
      ],
      "ColourThemeName": "Red"
    },
    {
      "Source": {
        "PinType": 1,
        "SubChipID": 0,
        "PinID": 57386080
      },
      "Target": {
        "PinType": 3,
        "SubChipID": 1246873032,
        "PinID": 857387538
      },
      "WirePoints": [
        {
          "X": -7.837778,
          "Y": -1.85185194
        },
        {
          "X": -4.88944435,
          "Y": 1.06037
        }
      ],
      "ColourThemeName": "Red"
    },
    {
      "Source": {
        "PinType": 1,
        "SubChipID": 0,
        "PinID": 1886838799
      },
      "Target": {
        "PinType": 3,
        "SubChipID": 1246873032,
        "PinID": 185536353
      },
      "WirePoints": [
        {
          "X": -7.837778,
          "Y": -2.20370388
        },
        {
          "X": -4.88944435,
          "Y": 0.820369959
        }
      ],
      "ColourThemeName": "Red"
    },
    {
      "Source": {
        "PinType": 1,
        "SubChipID": 0,
        "PinID": 2002492908
      },
      "Target": {
        "PinType": 3,
        "SubChipID": 1246873032,
        "PinID": 2104575587
      },
      "WirePoints": [
        {
          "X": -7.837778,
          "Y": -2.56481457
        },
        {
          "X": -4.88944435,
          "Y": 0.580369949
        }
      ],
      "ColourThemeName": "Red"
    },
    {
      "Source": {
        "PinType": 1,
        "SubChipID": 0,
        "PinID": 2002492908
      },
      "Target": {
        "PinType": 3,
        "SubChipID": 439731773,
        "PinID": 0
      },
      "WirePoints": [
        {
          "X": -7.837778,
          "Y": -2.56481457
        }
      ],
      "ColourThemeName": "Red"
    },
    {
      "Source": {
        "PinType": 4,
        "SubChipID": 439731773,
        "PinID": 1
      },
      "Target": {
        "PinType": 3,
        "SubChipID": 778941405,
        "PinID": 1691327257
      },
      "WirePoints": [
        {
          "X": -4.68388939,
          "Y": -3.9381485
        }
      ],
      "ColourThemeName": "Red"
    },
    {
      "Source": {
        "PinType": 1,
        "SubChipID": 0,
        "PinID": 1886838799
      },
      "Target": {
        "PinType": 3,
        "SubChipID": 1375400913,
        "PinID": 0
      },
      "WirePoints": [
        {
          "X": -7.837778,
          "Y": -2.20370388
        }
      ],
      "ColourThemeName": "Red"
    },
    {
      "Source": {
        "PinType": 1,
        "SubChipID": 0,
        "PinID": 57386080
      },
      "Target": {
        "PinType": 3,
        "SubChipID": 1266970901,
        "PinID": 0
      },
      "WirePoints": [
        {
          "X": -7.837778,
          "Y": -1.85185194
        }
      ],
      "ColourThemeName": "Red"
    },
    {
      "Source": {
        "PinType": 1,
        "SubChipID": 0,
        "PinID": 576618110
      },
      "Target": {
        "PinType": 3,
        "SubChipID": 1946911606,
        "PinID": 0
      },
      "WirePoints": [
        {
          "X": -7.837778,
          "Y": -1.50925934
        }
      ],
      "ColourThemeName": "Red"
    },
    {
      "Source": {
        "PinType": 1,
        "SubChipID": 0,
        "PinID": 1619188627
      },
      "Target": {
        "PinType": 3,
        "SubChipID": 791224485,
        "PinID": 0
      },
      "WirePoints": [
        {
          "X": -7.837778,
          "Y": -1.12037039
        }
      ],
      "ColourThemeName": "Red"
    },
    {
      "Source": {
        "PinType": 1,
        "SubChipID": 0,
        "PinID": 2084484619
      },
      "Target": {
        "PinType": 3,
        "SubChipID": 1686463535,
        "PinID": 0
      },
      "WirePoints": [
        {
          "X": -7.837778,
          "Y": -0.657407343
        }
      ],
      "ColourThemeName": "Red"
    },
    {
      "Source": {
        "PinType": 1,
        "SubChipID": 0,
        "PinID": 990464256
      },
      "Target": {
        "PinType": 3,
        "SubChipID": 18262046,
        "PinID": 0
      },
      "WirePoints": [
        {
          "X": -7.837778,
          "Y": -0.222222209
        }
      ],
      "ColourThemeName": "Red"
    },
    {
      "Source": {
        "PinType": 1,
        "SubChipID": 0,
        "PinID": 1064605717
      },
      "Target": {
        "PinType": 3,
        "SubChipID": 1758249871,
        "PinID": 0
      },
      "WirePoints": [
        {
          "X": -7.837778,
          "Y": 0.268518329
        }
      ],
      "ColourThemeName": "Red"
    },
    {
      "Source": {
        "PinType": 1,
        "SubChipID": 0,
        "PinID": 842239384
      },
      "Target": {
        "PinType": 3,
        "SubChipID": 692277096,
        "PinID": 0
      },
      "WirePoints": [
        {
          "X": -7.837778,
          "Y": 1.08333349
        }
      ],
      "ColourThemeName": "Red"
    },
    {
      "Source": {
        "PinType": 1,
        "SubChipID": 0,
        "PinID": 937232631
      },
      "Target": {
        "PinType": 3,
        "SubChipID": 1030327094,
        "PinID": 0
      },
      "WirePoints": [
        {
          "X": -7.837778,
          "Y": 1.574074
        }
      ],
      "ColourThemeName": "Red"
    },
    {
      "Source": {
        "PinType": 1,
        "SubChipID": 0,
        "PinID": 1800159520
      },
      "Target": {
        "PinType": 3,
        "SubChipID": 1931217753,
        "PinID": 0
      },
      "WirePoints": [
        {
          "X": -7.837778,
          "Y": 2.06481457
        }
      ],
      "ColourThemeName": "Red"
    },
    {
      "Source": {
        "PinType": 1,
        "SubChipID": 0,
        "PinID": 1536195898
      },
      "Target": {
        "PinType": 3,
        "SubChipID": 684788563,
        "PinID": 0
      },
      "WirePoints": [
        {
          "X": -7.837778,
          "Y": 2.5462966
        }
      ],
      "ColourThemeName": "Red"
    },
    {
      "Source": {
        "PinType": 1,
        "SubChipID": 0,
        "PinID": 1514499502
      },
      "Target": {
        "PinType": 3,
        "SubChipID": 1772738245,
        "PinID": 0
      },
      "WirePoints": [
        {
          "X": -7.837778,
          "Y": 3.06481457
        }
      ],
      "ColourThemeName": "Red"
    },
    {
      "Source": {
        "PinType": 1,
        "SubChipID": 0,
        "PinID": 392299598
      },
      "Target": {
        "PinType": 3,
        "SubChipID": 325690229,
        "PinID": 0
      },
      "WirePoints": [
        {
          "X": -7.837778,
          "Y": 3.51851845
        }
      ],
      "ColourThemeName": "Red"
    },
    {
      "Source": {
        "PinType": 1,
        "SubChipID": 0,
        "PinID": 2080811984
      },
      "Target": {
        "PinType": 3,
        "SubChipID": 1020108237,
        "PinID": 0
      },
      "WirePoints": [
        {
          "X": -7.837778,
          "Y": 4.0185194
        }
      ],
      "ColourThemeName": "Red"
    },
    {
      "Source": {
        "PinType": 1,
        "SubChipID": 0,
        "PinID": 1520857648
      },
      "Target": {
        "PinType": 3,
        "SubChipID": 87469139,
        "PinID": 0
      },
      "WirePoints": [
        {
          "X": -7.837778,
          "Y": 4.50000048
        }
      ],
      "ColourThemeName": "Red"
    },
    {
      "Source": {
        "PinType": 4,
        "SubChipID": 1375400913,
        "PinID": 1
      },
      "Target": {
        "PinType": 3,
        "SubChipID": 778941405,
        "PinID": 830735945
      },
      "WirePoints": [
        {
          "X": -4.68388939,
          "Y": -3.69814849
        }
      ],
      "ColourThemeName": "Red"
    },
    {
      "Source": {
        "PinType": 4,
        "SubChipID": 1266970901,
        "PinID": 1
      },
      "Target": {
        "PinType": 3,
        "SubChipID": 778941405,
        "PinID": 569061831
      },
      "WirePoints": [
        {
          "X": -4.68388939,
          "Y": -3.45814848
        }
      ],
      "ColourThemeName": "Red"
    },
    {
      "Source": {
        "PinType": 4,
        "SubChipID": 1946911606,
        "PinID": 1
      },
      "Target": {
        "PinType": 3,
        "SubChipID": 778941405,
        "PinID": 295662068
      },
      "WirePoints": [
        {
          "X": -4.68388939,
          "Y": -3.21814871
        }
      ],
      "ColourThemeName": "Red"
    },
    {
      "Source": {
        "PinType": 4,
        "SubChipID": 791224485,
        "PinID": 1
      },
      "Target": {
        "PinType": 3,
        "SubChipID": 778941405,
        "PinID": 1693561093
      },
      "WirePoints": [
        {
          "X": -4.68388939,
          "Y": -2.97814846
        }
      ],
      "ColourThemeName": "Red"
    },
    {
      "Source": {
        "PinType": 4,
        "SubChipID": 1686463535,
        "PinID": 1
      },
      "Target": {
        "PinType": 3,
        "SubChipID": 778941405,
        "PinID": 1623627591
      },
      "WirePoints": [
        {
          "X": -4.68388939,
          "Y": -2.73814869
        }
      ],
      "ColourThemeName": "Red"
    },
    {
      "Source": {
        "PinType": 4,
        "SubChipID": 18262046,
        "PinID": 1
      },
      "Target": {
        "PinType": 3,
        "SubChipID": 778941405,
        "PinID": 774949633
      },
      "WirePoints": [
        {
          "X": -4.68388939,
          "Y": -2.49814868
        }
      ],
      "ColourThemeName": "Red"
    },
    {
      "Source": {
        "PinType": 4,
        "SubChipID": 1758249871,
        "PinID": 1
      },
      "Target": {
        "PinType": 3,
        "SubChipID": 778941405,
        "PinID": 2098064067
      },
      "WirePoints": [
        {
          "X": -4.68388939,
          "Y": -2.25814867
        }
      ],
      "ColourThemeName": "Red"
    },
    {
      "Source": {
        "PinType": 4,
        "SubChipID": 692277096,
        "PinID": 1
      },
      "Target": {
        "PinType": 3,
        "SubChipID": 778941405,
        "PinID": 20424405
      },
      "WirePoints": [
        {
          "X": -4.68388939,
          "Y": -2.01814866
        }
      ],
      "ColourThemeName": "Red"
    },
    {
      "Source": {
        "PinType": 4,
        "SubChipID": 1030327094,
        "PinID": 1
      },
      "Target": {
        "PinType": 3,
        "SubChipID": 778941405,
        "PinID": 1712874516
      },
      "WirePoints": [
        {
          "X": -4.68388939,
          "Y": -1.77814853
        }
      ],
      "ColourThemeName": "Red"
    },
    {
      "Source": {
        "PinType": 4,
        "SubChipID": 1931217753,
        "PinID": 1
      },
      "Target": {
        "PinType": 3,
        "SubChipID": 778941405,
        "PinID": 1579090303
      },
      "WirePoints": [
        {
          "X": -4.68388939,
          "Y": -1.53814852
        }
      ],
      "ColourThemeName": "Red"
    },
    {
      "Source": {
        "PinType": 4,
        "SubChipID": 684788563,
        "PinID": 1
      },
      "Target": {
        "PinType": 3,
        "SubChipID": 778941405,
        "PinID": 40279871
      },
      "WirePoints": [
        {
          "X": -4.68388939,
          "Y": -1.29814863
        }
      ],
      "ColourThemeName": "Red"
    },
    {
      "Source": {
        "PinType": 4,
        "SubChipID": 1772738245,
        "PinID": 1
      },
      "Target": {
        "PinType": 3,
        "SubChipID": 778941405,
        "PinID": 64031888
      },
      "WirePoints": [
        {
          "X": -4.68388939,
          "Y": -1.05814862
        }
      ],
      "ColourThemeName": "Red"
    },
    {
      "Source": {
        "PinType": 4,
        "SubChipID": 325690229,
        "PinID": 1
      },
      "Target": {
        "PinType": 3,
        "SubChipID": 778941405,
        "PinID": 1202231930
      },
      "WirePoints": [
        {
          "X": -4.68388939,
          "Y": -0.8181486
        }
      ],
      "ColourThemeName": "Red"
    },
    {
      "Source": {
        "PinType": 4,
        "SubChipID": 1020108237,
        "PinID": 1
      },
      "Target": {
        "PinType": 3,
        "SubChipID": 778941405,
        "PinID": 880128483
      },
      "WirePoints": [
        {
          "X": -4.68388939,
          "Y": -0.5781486
        }
      ],
      "ColourThemeName": "Red"
    },
    {
      "Source": {
        "PinType": 4,
        "SubChipID": 87469139,
        "PinID": 1
      },
      "Target": {
        "PinType": 3,
        "SubChipID": 778941405,
        "PinID": 1883297832
      },
      "WirePoints": [
        {
          "X": -4.68388939,
          "Y": -0.3381486
        }
      ],
      "ColourThemeName": "Red"
    },
    {
      "Source": {
        "PinType": 1,
        "SubChipID": 0,
        "PinID": 1818312030
      },
      "Target": {
        "PinType": 3,
        "SubChipID": 1051736879,
        "PinID": 0
      },
      "WirePoints": [
        {
          "X": -7.837778,
          "Y": -3.68518543
        }
      ],
      "ColourThemeName": "Red"
    },
    {
      "Source": {
        "PinType": 1,
        "SubChipID": 0,
        "PinID": 606221824
      },
      "Target": {
        "PinType": 3,
        "SubChipID": 1954022077,
        "PinID": 0
      },
      "WirePoints": [
        {
          "X": -7.837778,
          "Y": -4.07407427
        }
      ],
      "ColourThemeName": "Red"
    },
    {
      "Source": {
        "PinType": 4,
        "SubChipID": 1954022077,
        "PinID": 1
      },
      "Target": {
        "PinType": 3,
        "SubChipID": 778941405,
        "PinID": 1268563355
      },
      "WirePoints": [
        {
          "X": -4.68388939,
          "Y": -0.0981485844
        }
      ],
      "ColourThemeName": "Red"
    },
    {
      "Source": {
        "PinType": 4,
        "SubChipID": 1051736879,
        "PinID": 1
      },
      "Target": {
        "PinType": 3,
        "SubChipID": 778941405,
        "PinID": 586070169
      },
      "WirePoints": [
        {
          "X": -4.68388939,
          "Y": 0.141851425
        }
      ],
      "ColourThemeName": "Red"
    },
    {
      "Source": {
        "PinType": 1,
        "SubChipID": 0,
        "PinID": 1818312030
      },
      "Target": {
        "PinType": 3,
        "SubChipID": 142659269,
        "PinID": 0
      },
      "WirePoints": [
        {
          "X": -7.837778,
          "Y": -3.68518543
        }
      ],
      "ColourThemeName": "Red"
    },
    {
      "Source": {
        "PinType": 1,
        "SubChipID": 0,
        "PinID": 606221824
      },
      "Target": {
        "PinType": 3,
        "SubChipID": 1379076716,
        "PinID": 0
      },
      "WirePoints": [
        {
          "X": -7.837778,
          "Y": -4.07407427
        }
      ],
      "ColourThemeName": "Red"
    },
    {
      "Source": {
        "PinType": 4,
        "SubChipID": 142659269,
        "PinID": 1
      },
      "Target": {
        "PinType": 3,
        "SubChipID": 1246873032,
        "PinID": 1131693109
      },
      "WirePoints": [
        {
          "X": -4.88944435,
          "Y": 4.66037
        }
      ],
      "ColourThemeName": "Red"
    },
    {
      "Source": {
        "PinType": 4,
        "SubChipID": 1379076716,
        "PinID": 1
      },
      "Target": {
        "PinType": 3,
        "SubChipID": 1246873032,
        "PinID": 1372639964
      },
      "WirePoints": [
        {
          "X": -4.88944435,
          "Y": 4.42037
        }
      ],
      "ColourThemeName": "Red"
    },
    {
      "Source": {
        "PinType": 4,
        "SubChipID": 1246873032,
        "PinID": 1680327269
      },
      "Target": {
        "PinType": 3,
        "SubChipID": 132804005,
        "PinID": 1043422715
      },
      "WirePoints": [
        {
          "X": -1.99944437,
          "Y": 4.66037
        },
        {
          "X": 1.61388862,
          "Y": 3.10518527
        }
      ],
      "ColourThemeName": "Red"
    },
    {
      "Source": {
        "PinType": 4,
        "SubChipID": 1246873032,
        "PinID": 1120696458
      },
      "Target": {
        "PinType": 3,
        "SubChipID": 132804005,
        "PinID": 1981979729
      },
      "WirePoints": [
        {
          "X": -1.99944437,
          "Y": 4.15036964
        },
        {
          "X": 1.61388862,
          "Y": 2.86518526
        }
      ],
      "ColourThemeName": "Red"
    },
    {
      "Source": {
        "PinType": 4,
        "SubChipID": 1246873032,
        "PinID": 2114750428
      },
      "Target": {
        "PinType": 3,
        "SubChipID": 132804005,
        "PinID": 1055717760
      },
      "WirePoints": [
        {
          "X": -1.99944437,
          "Y": 3.64037
        },
        {
          "X": 1.61388862,
          "Y": 2.62518525
        }
      ],
      "ColourThemeName": "Red"
    },
    {
      "Source": {
        "PinType": 4,
        "SubChipID": 1246873032,
        "PinID": 346614550
      },
      "Target": {
        "PinType": 3,
        "SubChipID": 132804005,
        "PinID": 753629729
      },
      "WirePoints": [
        {
          "X": -1.99944437,
          "Y": 3.13037
        },
        {
          "X": 1.61388862,
          "Y": 2.38518524
        }
      ],
      "ColourThemeName": "Red"
    },
    {
      "Source": {
        "PinType": 4,
        "SubChipID": 1246873032,
        "PinID": 1737280217
      },
      "Target": {
        "PinType": 3,
        "SubChipID": 132804005,
        "PinID": 1316718013
      },
      "WirePoints": [
        {
          "X": -1.99944437,
          "Y": 2.62037
        },
        {
          "X": 1.61388862,
          "Y": 2.14518523
        }
      ],
      "ColourThemeName": "Red"
    },
    {
      "Source": {
        "PinType": 4,
        "SubChipID": 1246873032,
        "PinID": 1046037445
      },
      "Target": {
        "PinType": 3,
        "SubChipID": 132804005,
        "PinID": 1517890443
      },
      "WirePoints": [
        {
          "X": -1.99944437,
          "Y": 2.11037
        },
        {
          "X": 1.61388862,
          "Y": 1.90518522
        }
      ],
      "ColourThemeName": "Red"
    },
    {
      "Source": {
        "PinType": 4,
        "SubChipID": 1246873032,
        "PinID": 63471475
      },
      "Target": {
        "PinType": 3,
        "SubChipID": 132804005,
        "PinID": 2067416386
      },
      "WirePoints": [
        {
          "X": -1.99944437,
          "Y": 1.60036993
        },
        {
          "X": 1.61388862,
          "Y": 1.66518533
        }
      ],
      "ColourThemeName": "Red"
    },
    {
      "Source": {
        "PinType": 4,
        "SubChipID": 1246873032,
        "PinID": 166052646
      },
      "Target": {
        "PinType": 3,
        "SubChipID": 132804005,
        "PinID": 73132680
      },
      "WirePoints": [
        {
          "X": -1.99944437,
          "Y": 1.09036994
        },
        {
          "X": 1.61388862,
          "Y": 1.42518532
        }
      ],
      "ColourThemeName": "Red"
    },
    {
      "Source": {
        "PinType": 4,
        "SubChipID": 778941405,
        "PinID": 1372339468
      },
      "Target": {
        "PinType": 3,
        "SubChipID": 132804005,
        "PinID": 206920431
      },
      "WirePoints": [
        {
          "X": -2.09388924,
          "Y": 0.141851425
        },
        {
          "X": 1.61388862,
          "Y": 1.18518531
        }
      ],
      "ColourThemeName": "Red"
    },
    {
      "Source": {
        "PinType": 4,
        "SubChipID": 778941405,
        "PinID": 1827381005
      },
      "Target": {
        "PinType": 3,
        "SubChipID": 132804005,
        "PinID": 780551497
      },
      "WirePoints": [
        {
          "X": -2.09388924,
          "Y": -0.4410057
        },
        {
          "X": 1.61388862,
          "Y": 0.9451853
        }
      ],
      "ColourThemeName": "Red"
    },
    {
      "Source": {
        "PinType": 4,
        "SubChipID": 778941405,
        "PinID": 1556614178
      },
      "Target": {
        "PinType": 3,
        "SubChipID": 132804005,
        "PinID": 1986419160
      },
      "WirePoints": [
        {
          "X": -2.09388924,
          "Y": -1.02386284
        },
        {
          "X": -2.05555558,
          "Y": -0.8981481
        },
        {
          "X": 1.61388862,
          "Y": 0.7051853
        }
      ],
      "ColourThemeName": "Red"
    },
    {
      "Source": {
        "PinType": 4,
        "SubChipID": 778941405,
        "PinID": 492594675
      },
      "Target": {
        "PinType": 3,
        "SubChipID": 132804005,
        "PinID": 362686848
      },
      "WirePoints": [
        {
          "X": -2.09388924,
          "Y": -1.60672
        },
        {
          "X": 1.61388862,
          "Y": 0.465185344
        }
      ],
      "ColourThemeName": "Red"
    },
    {
      "Source": {
        "PinType": 4,
        "SubChipID": 778941405,
        "PinID": 1385246714
      },
      "Target": {
        "PinType": 3,
        "SubChipID": 132804005,
        "PinID": 125805864
      },
      "WirePoints": [
        {
          "X": -2.09388924,
          "Y": -2.189577
        },
        {
          "X": 1.61388862,
          "Y": 0.225185335
        }
      ],
      "ColourThemeName": "Red"
    },
    {
      "Source": {
        "PinType": 4,
        "SubChipID": 778941405,
        "PinID": 71669640
      },
      "Target": {
        "PinType": 3,
        "SubChipID": 132804005,
        "PinID": 1851187211
      },
      "WirePoints": [
        {
          "X": -2.09388924,
          "Y": -2.77243423
        },
        {
          "X": 1.61388862,
          "Y": -0.0148146152
        }
      ],
      "ColourThemeName": "Red"
    },
    {
      "Source": {
        "PinType": 4,
        "SubChipID": 778941405,
        "PinID": 309078357
      },
      "Target": {
        "PinType": 3,
        "SubChipID": 132804005,
        "PinID": 128778491
      },
      "WirePoints": [
        {
          "X": -2.09388924,
          "Y": -3.35529137
        },
        {
          "X": 1.61388862,
          "Y": -0.254814625
        }
      ],
      "ColourThemeName": "Red"
    },
    {
      "Source": {
        "PinType": 4,
        "SubChipID": 778941405,
        "PinID": 744647801
      },
      "Target": {
        "PinType": 3,
        "SubChipID": 132804005,
        "PinID": 1079511259
      },
      "WirePoints": [
        {
          "X": -2.09388924,
          "Y": -3.9381485
        },
        {
          "X": 1.61388862,
          "Y": -0.494814634
        }
      ],
      "ColourThemeName": "Red"
    },
    {
      "Source": {
        "PinType": 4,
        "SubChipID": 132804005,
        "PinID": 1975669734
      },
      "Target": {
        "PinType": 2,
        "SubChipID": 0,
        "PinID": 1706337427
      },
      "WirePoints": [
        {
          "X": 3.16388845,
          "Y": 3.10518527
        },
        {
          "X": 7.837778,
          "Y": 4.17592573
        }
      ],
      "ColourThemeName": "Red"
    },
    {
      "Source": {
        "PinType": 4,
        "SubChipID": 132804005,
        "PinID": 1088520793
      },
      "Target": {
        "PinType": 2,
        "SubChipID": 0,
        "PinID": 1275146283
      },
      "WirePoints": [
        {
          "X": 3.16388845,
          "Y": 2.556614
        },
        {
          "X": 7.837778,
          "Y": 3.22222233
        }
      ],
      "ColourThemeName": "Red"
    },
    {
      "Source": {
        "PinType": 4,
        "SubChipID": 132804005,
        "PinID": 605636055
      },
      "Target": {
        "PinType": 2,
        "SubChipID": 0,
        "PinID": 1079843956
      },
      "WirePoints": [
        {
          "X": 3.16388845,
          "Y": 2.00804234
        },
        {
          "X": 7.837778,
          "Y": 2.018519
        }
      ],
      "ColourThemeName": "Red"
    },
    {
      "Source": {
        "PinType": 4,
        "SubChipID": 132804005,
        "PinID": 1631322322
      },
      "Target": {
        "PinType": 2,
        "SubChipID": 0,
        "PinID": 175810007
      },
      "WirePoints": [
        {
          "X": 3.16388845,
          "Y": 1.459471
        },
        {
          "X": 7.837778,
          "Y": 1.28703713
        }
      ],
      "ColourThemeName": "Red"
    },
    {
      "Source": {
        "PinType": 4,
        "SubChipID": 132804005,
        "PinID": 1077223519
      },
      "Target": {
        "PinType": 2,
        "SubChipID": 0,
        "PinID": 1593747620
      },
      "WirePoints": [
        {
          "X": 3.16388845,
          "Y": 0.9108995
        },
        {
          "X": 7.837778,
          "Y": 0.3425926
        }
      ],
      "ColourThemeName": "Red"
    },
    {
      "Source": {
        "PinType": 4,
        "SubChipID": 132804005,
        "PinID": 1483620419
      },
      "Target": {
        "PinType": 2,
        "SubChipID": 0,
        "PinID": 1439489757
      },
      "WirePoints": [
        {
          "X": 3.16388845,
          "Y": 0.3623281
        },
        {
          "X": 7.837778,
          "Y": -0.370370448
        }
      ],
      "ColourThemeName": "Red"
    },
    {
      "Source": {
        "PinType": 4,
        "SubChipID": 132804005,
        "PinID": 1908075193
      },
      "Target": {
        "PinType": 2,
        "SubChipID": 0,
        "PinID": 1662365584
      },
      "WirePoints": [
        {
          "X": 3.16388845,
          "Y": -0.1862433
        },
        {
          "X": 7.837778,
          "Y": -1.15740752
        }
      ],
      "ColourThemeName": "Red"
    },
    {
      "Source": {
        "PinType": 4,
        "SubChipID": 132804005,
        "PinID": 666866987
      },
      "Target": {
        "PinType": 2,
        "SubChipID": 0,
        "PinID": 377260128
      },
      "WirePoints": [
        {
          "X": 3.16388845,
          "Y": -0.734814644
        },
        {
          "X": 7.837778,
          "Y": -1.80555558
        }
      ],
      "ColourThemeName": "Red"
    },
    {
      "Source": {
        "PinType": 4,
        "SubChipID": 1132826561,
        "PinID": 1
      },
      "Target": {
        "PinType": 3,
        "SubChipID": 2122834441,
        "PinID": 0
      },
      "WirePoints": [
        {
          "X": 0.505555332,
          "Y": -2.990741
        }
      ],
      "ColourThemeName": "Red"
    },
    {
      "Source": {
        "PinType": 1,
        "SubChipID": 0,
        "PinID": 267736637
      },
      "Target": {
        "PinType": 3,
        "SubChipID": 1132826561,
        "PinID": 0
      },
      "WirePoints": [
        {
          "X": -7.837778,
          "Y": -3.30555582
        }
      ],
      "ColourThemeName": "Red"
    },
    {
      "Source": {
        "PinType": 4,
        "SubChipID": 2122834441,
        "PinID": 1
      },
      "Target": {
        "PinType": 3,
        "SubChipID": 132804005,
        "PinID": 1619985941
      },
      "WirePoints": [
        {
          "X": 1.6055553,
          "Y": -2.990741
        },
        {
          "X": 2.00000024,
          "Y": -3.0
        },
        {
          "X": 1.94444454,
          "Y": -2.38888884
        },
        {
          "X": 1.14814866,
          "Y": -2.36111116
        },
        {
          "X": 1.101852,
          "Y": -1.18518531
        },
        {
          "X": 1.61388862,
          "Y": -0.734814644
        }
      ],
      "ColourThemeName": "Red"
    }
  ]
}