{
  "Name": "ShiftLR",
  "Colour": "#103325",
  "InputPins": [
    {
      "Name": "A7",
      "ID": 1788629511,
      "PositionY": 4.62037039,
      "ColourThemeName": "Red"
    },
    {
      "Name": "A6",
      "ID": 1548180614,
      "PositionY": 3.63889,
      "ColourThemeName": "Red"
    },
    {
      "Name": "A5",
      "ID": 553194293,
      "PositionY": 2.32407355,
      "ColourThemeName": "Red"
    },
    {
      "Name": "A4",
      "ID": 316456201,
      "PositionY": 0.9537029,
      "ColourThemeName": "Red"
    },
    {
      "Name": "A3",
      "ID": 715420196,
      "PositionY": -0.3333333,
      "ColourThemeName": "Red"
    },
    {
      "Name": "A2",
      "ID": 1212806616,
      "PositionY": -1.56481433,
      "ColourThemeName": "Red"
    },
    {
      "Name": "A1",
      "ID": 83019928,
      "PositionY": -2.74074,
      "ColourThemeName": "Red"
    },
    {
      "Name": "A0",
      "ID": 1858190276,
      "PositionY": -3.50926,
      "ColourThemeName": "Red"
    },
    {
      "Name": "Key",
      "ID": 934083705,
      "PositionY": -4.046296,
      "ColourThemeName": "Red"
    }
  ],
  "OutputPins": [
    {
      "Name": "Out7",
      "ID": 620129331,
      "PositionY": 4.15740728,
      "ColourThemeName": "Red"
    },
    {
      "Name": "Out6",
      "ID": 1755424800,
      "PositionY": 3.48148227,
      "ColourThemeName": "Red"
    },
    {
      "Name": "Out4",
      "ID": 846742500,
      "PositionY": 0.8425927,
      "ColourThemeName": "Red"
    },
    {
      "Name": "Out3",
      "ID": 999413394,
      "PositionY": -0.583333969,
      "ColourThemeName": "Red"
    },
    {
      "Name": "Out2",
      "ID": 1151566223,
      "PositionY": -1.73148155,
      "ColourThemeName": "Red"
    },
    {
      "Name": "Out1",
      "ID": 2087021675,
      "PositionY": -3.05555558,
      "ColourThemeName": "Red"
    },
    {
      "Name": "Out0",
      "ID": 1180167721,
      "PositionY": -3.81481457,
      "ColourThemeName": "Red"
    },
    {
      "Name": "Out5",
      "ID": 1740912415,
      "PositionY": 2.148148,
      "ColourThemeName": "Red"
    }
  ],
  "SubChips": [
    {
      "Name": "AND",
      "ID": 256351707,
      "Points": [
        {
          "X": -4.509259,
          "Y": 1.12962985
        }
      ],
      "Data": null
    },
    {
      "Name": "AND",
      "ID": 1922519025,
      "Points": [
        {
          "X": -4.509259,
          "Y": 0.5694442
        }
      ],
      "Data": null
    },
    {
      "Name": "AND",
      "ID": 1482655934,
      "Points": [
        {
          "X": -4.5555563,
          "Y": -0.805555463
        }
      ],
      "Data": null
    },
    {
      "Name": "AND",
      "ID": 1434549926,
      "Points": [
        {
          "X": -4.57407475,
          "Y": -1.46759343
        }
      ],
      "Data": null
    },
    {
      "Name": "AND",
      "ID": 281781164,
      "Points": [
        {
          "X": -4.57407475,
          "Y": -2.01851916
        }
      ],
      "Data": null
    },
    {
      "Name": "AND",
      "ID": 970069229,
      "Points": [
        {
          "X": -4.509259,
          "Y": -2.69907427
        }
      ],
      "Data": null
    },
    {
      "Name": "AND",
      "ID": 1073716743,
      "Points": [
        {
          "X": -4.518519,
          "Y": -3.240741
        }
      ],
      "Data": null
    },
    {
      "Name": "AND",
      "ID": 624226525,
      "Points": [
        {
          "X": -4.53703737,
          "Y": -3.875001
        }
      ],
      "Data": null
    },
    {
      "Name": "AND",
      "ID": 404910507,
      "Points": [
        {
          "X": -4.537038,
          "Y": -0.2777773
        }
      ],
      "Data": null
    },
    {
      "Name": "AND",
      "ID": 875896151,
      "Points": [
        {
          "X": -4.49074125,
          "Y": 3.770832
        }
      ],
      "Data": null
    },
    {
      "Name": "AND",
      "ID": 1074396628,
      "Points": [
        {
          "X": -4.48148251,
          "Y": 3.21990633
        }
      ],
      "Data": null
    },
    {
      "Name": "AND",
      "ID": 1748111650,
      "Points": [
        {
          "X": -4.52777958,
          "Y": 2.4467597
        }
      ],
      "Data": null
    },
    {
      "Name": "AND",
      "ID": 1654541324,
      "Points": [
        {
          "X": -4.52777958,
          "Y": 1.895834
        }
      ],
      "Data": null
    },
    {
      "Name": "AND",
      "ID": 1514128780,
      "Points": [
        {
          "X": -4.472223,
          "Y": 4.391204
        }
      ],
      "Data": null
    },
    {
      "Name": "OR",
      "ID": 185438300,
      "Points": [
        {
          "X": -2.30555534,
          "Y": 3.49768662
        }
      ],
      "Data": null
    },
    {
      "Name": "OR",
      "ID": 411982344,
      "Points": [
        {
          "X": -2.31481576,
          "Y": 2.13194466
        }
      ],
      "Data": null
    },
    {
      "Name": "OR",
      "ID": 1768235972,
      "Points": [
        {
          "X": -2.444445,
          "Y": 0.914352
        }
      ],
      "Data": null
    },
    {
      "Name": "OR",
      "ID": 1632097765,
      "Points": [
        {
          "X": -2.59259224,
          "Y": -0.5069444
        }
      ],
      "Data": null
    },
    {
      "Name": "OR",
      "ID": 222487316,
      "Points": [
        {
          "X": -2.5,
          "Y": -1.71527791
        }
      ],
      "Data": null
    },
    {
      "Name": "OR",
      "ID": 1669777430,
      "Points": [
        {
          "X": -2.648148,
          "Y": -3.08101749
        }
      ],
      "Data": null
    },
    {
      "Name": "NOT",
      "ID": 1933300684,
      "Points": [
        {
          "X": -6.694445,
          "Y": -3.92592669
        }
      ],
      "Data": null
    }
  ],
  "Connections": [
    {
      "Source": {
        "PinType": 1,
        "SubChipID": 0,
        "PinID": 83019928
      },
      "Target": {
        "PinType": 3,
        "SubChipID": 970069229,
        "PinID": 1
      },
      "WirePoints": [
        {
          "X": -7.837778,
          "Y": -2.74074
        },
        {
          "X": -5.05925941,
          "Y": -2.81907415
        }
      ],
      "ColourThemeName": "Red"
    },
    {
      "Source": {
        "PinType": 1,
        "SubChipID": 0,
        "PinID": 1212806616
      },
      "Target": {
        "PinType": 3,
        "SubChipID": 1434549926,
        "PinID": 1
      },
      "WirePoints": [
        {
          "X": -7.837778,
          "Y": -1.56481433
        },
        {
          "X": -5.124075,
          "Y": -1.58759344
        }
      ],
      "ColourThemeName": "Red"
    },
    {
      "Source": {
        "PinType": 1,
        "SubChipID": 0,
        "PinID": 715420196
      },
      "Target": {
        "PinType": 3,
        "SubChipID": 404910507,
        "PinID": 1
      },
      "WirePoints": [
        {
          "X": -7.837778,
          "Y": -0.3333333
        },
        {
          "X": -5.087038,
          "Y": -0.397777319
        }
      ],
      "ColourThemeName": "Red"
    },
    {
      "Source": {
        "PinType": 1,
        "SubChipID": 0,
        "PinID": 316456201
      },
      "Target": {
        "PinType": 3,
        "SubChipID": 256351707,
        "PinID": 1
      },
      "WirePoints": [
        {
          "X": -7.837778,
          "Y": 0.9537029
        },
        {
          "X": -5.05925941,
          "Y": 1.00962985
        }
      ],
      "ColourThemeName": "Red"
    },
    {
      "Source": {
        "PinType": 1,
        "SubChipID": 0,
        "PinID": 553194293
      },
      "Target": {
        "PinType": 3,
        "SubChipID": 1748111650,
        "PinID": 1
      },
      "WirePoints": [
        {
          "X": -7.837778,
          "Y": 2.32407355
        },
        {
          "X": -5.07778,
          "Y": 2.32675982
        }
      ],
      "ColourThemeName": "Red"
    },
    {
      "Source": {
        "PinType": 1,
        "SubChipID": 0,
        "PinID": 1548180614
      },
      "Target": {
        "PinType": 3,
        "SubChipID": 875896151,
        "PinID": 1
      },
      "WirePoints": [
        {
          "X": -7.837778,
          "Y": 3.63889
        },
        {
          "X": -5.04074144,
          "Y": 3.65083218
        }
      ],
      "ColourThemeName": "Red"
    },
    {
      "Source": {
        "PinType": 4,
        "SubChipID": 411982344,
        "PinID": 1118056934
      },
      "Target": {
        "PinType": 2,
        "SubChipID": 0,
        "PinID": 1740912415
      },
      "WirePoints": [
        {
          "X": -1.86481571,
          "Y": 2.13194466
        },
        {
          "X": 7.837778,
          "Y": 2.148148
        }
      ],
      "ColourThemeName": "Red"
    },
    {
      "Source": {
        "PinType": 4,
        "SubChipID": 185438300,
        "PinID": 1118056934
      },
      "Target": {
        "PinType": 2,
        "SubChipID": 0,
        "PinID": 1755424800
      },
      "WirePoints": [
        {
          "X": -1.8555553,
          "Y": 3.49768662
        },
        {
          "X": 7.837778,
          "Y": 3.48148227
        }
      ],
      "ColourThemeName": "Red"
    },
    {
      "Source": {
        "PinType": 4,
        "SubChipID": 1768235972,
        "PinID": 1118056934
      },
      "Target": {
        "PinType": 2,
        "SubChipID": 0,
        "PinID": 846742500
      },
      "WirePoints": [
        {
          "X": -1.99444485,
          "Y": 0.914352
        },
        {
          "X": 7.837778,
          "Y": 0.8425927
        }
      ],
      "ColourThemeName": "Red"
    },
    {
      "Source": {
        "PinType": 4,
        "SubChipID": 222487316,
        "PinID": 1118056934
      },
      "Target": {
        "PinType": 2,
        "SubChipID": 0,
        "PinID": 1151566223
      },
      "WirePoints": [
        {
          "X": -2.05,
          "Y": -1.71527791
        },
        {
          "X": 7.837778,
          "Y": -1.73148155
        }
      ],
      "ColourThemeName": "Red"
    },
    {
      "Source": {
        "PinType": 4,
        "SubChipID": 1632097765,
        "PinID": 1118056934
      },
      "Target": {
        "PinType": 2,
        "SubChipID": 0,
        "PinID": 999413394
      },
      "WirePoints": [
        {
          "X": -2.14259219,
          "Y": -0.5069444
        },
        {
          "X": 7.837778,
          "Y": -0.583333969
        }
      ],
      "ColourThemeName": "Red"
    },
    {
      "Source": {
        "PinType": 4,
        "SubChipID": 1669777430,
        "PinID": 1118056934
      },
      "Target": {
        "PinType": 2,
        "SubChipID": 0,
        "PinID": 2087021675
      },
      "WirePoints": [
        {
          "X": -2.198148,
          "Y": -3.08101749
        },
        {
          "X": 7.837778,
          "Y": -3.05555558
        }
      ],
      "ColourThemeName": "Red"
    },
    {
      "Source": {
        "PinType": 1,
        "SubChipID": 0,
        "PinID": 1788629511
      },
      "Target": {
        "PinType": 3,
        "SubChipID": 1514128780,
        "PinID": 0
      },
      "WirePoints": [
        {
          "X": -7.837778,
          "Y": 4.62037039
        },
        {
          "X": -5.022223,
          "Y": 4.511204
        }
      ],
      "ColourThemeName": "Red"
    },
    {
      "Source": {
        "PinType": 4,
        "SubChipID": 281781164,
        "PinID": 2
      },
      "Target": {
        "PinType": 3,
        "SubChipID": 1669777430,
        "PinID": 1672340165
      },
      "WirePoints": [
        {
          "X": -4.02407455,
          "Y": -2.01851916
        },
        {
          "X": -3.37037039,
          "Y": -2.01851845
        },
        {
          "X": -3.31481481,
          "Y": -2.86111116
        },
        {
          "X": -3.098148,
          "Y": -2.96101761
        }
      ],
      "ColourThemeName": "Red"
    },
    {
      "Source": {
        "PinType": 4,
        "SubChipID": 624226525,
        "PinID": 2
      },
      "Target": {
        "PinType": 3,
        "SubChipID": 1669777430,
        "PinID": 498880847
      },
      "WirePoints": [
        {
          "X": -3.98703742,
          "Y": -3.875001
        },
        {
          "X": -3.34259272,
          "Y": -3.94444442
        },
        {
          "X": -3.30555558,
          "Y": -3.18518519
        },
        {
          "X": -3.098148,
          "Y": -3.20101738
        }
      ],
      "ColourThemeName": "Red"
    },
    {
      "Source": {
        "PinType": 4,
        "SubChipID": 1482655934,
        "PinID": 2
      },
      "Target": {
        "PinType": 3,
        "SubChipID": 222487316,
        "PinID": 1672340165
      },
      "WirePoints": [
        {
          "X": -4.005556,
          "Y": -0.805555463
        },
        {
          "X": -3.37962961,
          "Y": -0.8055556
        },
        {
          "X": -3.28703737,
          "Y": -1.5925926
        },
        {
          "X": -2.95,
          "Y": -1.59527791
        }
      ],
      "ColourThemeName": "Red"
    },
    {
      "Source": {
        "PinType": 4,
        "SubChipID": 970069229,
        "PinID": 2
      },
      "Target": {
        "PinType": 3,
        "SubChipID": 222487316,
        "PinID": 498880847
      },
      "WirePoints": [
        {
          "X": -3.95925927,
          "Y": -2.69907427
        },
        {
          "X": -3.13888884,
          "Y": -2.55555582
        },
        {
          "X": -3.22222257,
          "Y": -1.86111116
        },
        {
          "X": -2.95,
          "Y": -1.83527792
        }
      ],
      "ColourThemeName": "Red"
    },
    {
      "Source": {
        "PinType": 4,
        "SubChipID": 1434549926,
        "PinID": 2
      },
      "Target": {
        "PinType": 3,
        "SubChipID": 1632097765,
        "PinID": 498880847
      },
      "WirePoints": [
        {
          "X": -4.02407455,
          "Y": -1.46759343
        },
        {
          "X": -3.60185218,
          "Y": -1.64814806
        },
        {
          "X": -3.62037039,
          "Y": -0.64814806
        },
        {
          "X": -3.35185218,
          "Y": -0.6203705
        },
        {
          "X": -3.04259229,
          "Y": -0.6269444
        }
      ],
      "ColourThemeName": "Red"
    },
    {
      "Source": {
        "PinType": 4,
        "SubChipID": 1922519025,
        "PinID": 2
      },
      "Target": {
        "PinType": 3,
        "SubChipID": 1632097765,
        "PinID": 1672340165
      },
      "WirePoints": [
        {
          "X": -3.95925927,
          "Y": 0.5694442
        },
        {
          "X": -3.21296334,
          "Y": 0.5740738
        },
        {
          "X": -3.22222257,
          "Y": -0.398148
        },
        {
          "X": -3.04259229,
          "Y": -0.3869444
        }
      ],
      "ColourThemeName": "Red"
    },
    {
      "Source": {
        "PinType": 4,
        "SubChipID": 404910507,
        "PinID": 2
      },
      "Target": {
        "PinType": 3,
        "SubChipID": 1768235972,
        "PinID": 498880847
      },
      "WirePoints": [
        {
          "X": -3.987038,
          "Y": -0.2777773
        },
        {
          "X": -3.65740752,
          "Y": -0.25000006
        },
        {
          "X": -3.59259248,
          "Y": 0.768518448
        },
        {
          "X": -2.894445,
          "Y": 0.794352
        }
      ],
      "ColourThemeName": "Red"
    },
    {
      "Source": {
        "PinType": 4,
        "SubChipID": 1654541324,
        "PinID": 2
      },
      "Target": {
        "PinType": 3,
        "SubChipID": 1768235972,
        "PinID": 1672340165
      },
      "WirePoints": [
        {
          "X": -3.97777963,
          "Y": 1.895834
        },
        {
          "X": -3.07407451,
          "Y": 1.87037051
        },
        {
          "X": -3.08333349,
          "Y": 1.14814818
        },
        {
          "X": -2.894445,
          "Y": 1.034352
        }
      ],
      "ColourThemeName": "Red"
    },
    {
      "Source": {
        "PinType": 4,
        "SubChipID": 256351707,
        "PinID": 2
      },
      "Target": {
        "PinType": 3,
        "SubChipID": 411982344,
        "PinID": 498880847
      },
      "WirePoints": [
        {
          "X": -3.95925927,
          "Y": 1.12962985
        },
        {
          "X": -3.51851845,
          "Y": 1.16666675
        },
        {
          "X": -3.48148155,
          "Y": 1.97222233
        },
        {
          "X": -2.76481581,
          "Y": 2.01194477
        }
      ],
      "ColourThemeName": "Red"
    },
    {
      "Source": {
        "PinType": 4,
        "SubChipID": 1074396628,
        "PinID": 2
      },
      "Target": {
        "PinType": 3,
        "SubChipID": 411982344,
        "PinID": 1672340165
      },
      "WirePoints": [
        {
          "X": -3.93148255,
          "Y": 3.21990633
        },
        {
          "X": -3.17592573,
          "Y": 3.18518519
        },
        {
          "X": -3.06481481,
          "Y": 2.25000024
        },
        {
          "X": -2.76481581,
          "Y": 2.25194454
        }
      ],
      "ColourThemeName": "Red"
    },
    {
      "Source": {
        "PinType": 4,
        "SubChipID": 1748111650,
        "PinID": 2
      },
      "Target": {
        "PinType": 3,
        "SubChipID": 185438300,
        "PinID": 498880847
      },
      "WirePoints": [
        {
          "X": -3.97777963,
          "Y": 2.4467597
        },
        {
          "X": -3.62037039,
          "Y": 2.398148
        },
        {
          "X": -3.57407427,
          "Y": 3.39814854
        },
        {
          "X": -2.75555539,
          "Y": 3.37768674
        }
      ],
      "ColourThemeName": "Red"
    },
    {
      "Source": {
        "PinType": 4,
        "SubChipID": 1514128780,
        "PinID": 2
      },
      "Target": {
        "PinType": 3,
        "SubChipID": 185438300,
        "PinID": 1672340165
      },
      "WirePoints": [
        {
          "X": -3.92222285,
          "Y": 4.391204
        },
        {
          "X": -3.08333349,
          "Y": 4.509259
        },
        {
          "X": -3.06481481,
          "Y": 3.61111116
        },
        {
          "X": -2.75555539,
          "Y": 3.61768651
        }
      ],
      "ColourThemeName": "Red"
    },
    {
      "Source": {
        "PinType": 1,
        "SubChipID": 0,
        "PinID": 934083705
      },
      "Target": {
        "PinType": 3,
        "SubChipID": 1933300684,
        "PinID": 0
      },
      "WirePoints": [
        {
          "X": -7.837778,
          "Y": -4.046296
        },
        {
          "X": -7.24444532,
          "Y": -3.92592669
        }
      ],
      "ColourThemeName": "Red"
    },
    {
      "Source": {
        "PinType": 4,
        "SubChipID": 1933300684,
        "PinID": 1
      },
      "Target": {
        "PinType": 3,
        "SubChipID": 1514128780,
        "PinID": 1
      },
      "WirePoints": [
        {
          "X": -6.144445,
          "Y": -3.92592669
        },
        {
          "X": -5.722223,
          "Y": -4.037037
        },
        {
          "X": -5.7592597,
          "Y": 4.38888931
        },
        {
          "X": -5.022223,
          "Y": 4.271204
        }
      ],
      "ColourThemeName": "Red"
    },
    {
      "Source": {
        "PinType": 4,
        "SubChipID": 1933300684,
        "PinID": 1
      },
      "Target": {
        "PinType": 3,
        "SubChipID": 1074396628,
        "PinID": 1
      },
      "WirePoints": [
        {
          "X": -6.144445,
          "Y": -3.92592669
        },
        {
          "X": -5.722223,
          "Y": -4.037037
        },
        {
          "X": -5.7535615,
          "Y": 3.09249544
        },
        {
          "X": -5.0314827,
          "Y": 3.09990644
        }
      ],
      "ColourThemeName": "Red"
    },
    {
      "Source": {
        "PinType": 1,
        "SubChipID": 0,
        "PinID": 1548180614
      },
      "Target": {
        "PinType": 3,
        "SubChipID": 1074396628,
        "PinID": 0
      },
      "WirePoints": [
        {
          "X": -7.837778,
          "Y": 3.63889
        },
        {
          "X": -5.371848,
          "Y": 3.6406498
        },
        {
          "X": -5.37963,
          "Y": 3.32407427
        },
        {
          "X": -5.0314827,
          "Y": 3.33990622
        }
      ],
      "ColourThemeName": "Red"
    },
    {
      "Source": {
        "PinType": 4,
        "SubChipID": 1933300684,
        "PinID": 1
      },
      "Target": {
        "PinType": 3,
        "SubChipID": 1654541324,
        "PinID": 1
      },
      "WirePoints": [
        {
          "X": -6.144445,
          "Y": -3.92592669
        },
        {
          "X": -5.722223,
          "Y": -4.037037
        },
        {
          "X": -5.74766064,
          "Y": 1.75001049
        },
        {
          "X": -5.07778,
          "Y": 1.775834
        }
      ],
      "ColourThemeName": "Red"
    },
    {
      "Source": {
        "PinType": 4,
        "SubChipID": 1933300684,
        "PinID": 1
      },
      "Target": {
        "PinType": 3,
        "SubChipID": 1922519025,
        "PinID": 1
      },
      "WirePoints": [
        {
          "X": -6.144445,
          "Y": -3.92592669
        },
        {
          "X": -5.722223,
          "Y": -4.037037
        },
        {
          "X": -5.742206,
          "Y": 0.5091305
        },
        {
          "X": -5.05925941,
          "Y": 0.449444175
        }
      ],
      "ColourThemeName": "Red"
    },
    {
      "Source": {
        "PinType": 4,
        "SubChipID": 1933300684,
        "PinID": 1
      },
      "Target": {
        "PinType": 3,
        "SubChipID": 1482655934,
        "PinID": 1
      },
      "WirePoints": [
        {
          "X": -6.144445,
          "Y": -3.92592669
        },
        {
          "X": -5.722223,
          "Y": -4.037037
        },
        {
          "X": -5.73593855,
          "Y": -0.9166863
        },
        {
          "X": -5.10555649,
          "Y": -0.925555468
        }
      ],
      "ColourThemeName": "Red"
    },
    {
      "Source": {
        "PinType": 4,
        "SubChipID": 1933300684,
        "PinID": 1
      },
      "Target": {
        "PinType": 3,
        "SubChipID": 281781164,
        "PinID": 1
      },
      "WirePoints": [
        {
          "X": -6.144445,
          "Y": -3.92592669
        },
        {
          "X": -5.722223,
          "Y": -4.037037
        },
        {
          "X": -5.73068762,
          "Y": -2.11122942
        },
        {
          "X": -5.124075,
          "Y": -2.138519
        }
      ],
      "ColourThemeName": "Red"
    },
    {
      "Source": {
        "PinType": 4,
        "SubChipID": 1933300684,
        "PinID": 1
      },
      "Target": {
        "PinType": 3,
        "SubChipID": 1073716743,
        "PinID": 1
      },
      "WirePoints": [
        {
          "X": -6.144445,
          "Y": -3.92592669
        },
        {
          "X": -5.722223,
          "Y": -4.037037
        },
        {
          "X": -5.725316,
          "Y": -3.3332653
        },
        {
          "X": -5.068519,
          "Y": -3.360741
        }
      ],
      "ColourThemeName": "Red"
    },
    {
      "Source": {
        "PinType": 1,
        "SubChipID": 0,
        "PinID": 553194293
      },
      "Target": {
        "PinType": 3,
        "SubChipID": 1654541324,
        "PinID": 0
      },
      "WirePoints": [
        {
          "X": -7.837778,
          "Y": 2.32407355
        },
        {
          "X": -5.43518734,
          "Y": 2.326412
        },
        {
          "X": -5.44444466,
          "Y": 2.037037
        },
        {
          "X": -5.07778,
          "Y": 2.01583385
        }
      ],
      "ColourThemeName": "Red"
    },
    {
      "Source": {
        "PinType": 1,
        "SubChipID": 0,
        "PinID": 316456201
      },
      "Target": {
        "PinType": 3,
        "SubChipID": 1922519025,
        "PinID": 0
      },
      "WirePoints": [
        {
          "X": -7.837778,
          "Y": 0.9537029
        },
        {
          "X": -5.50927067,
          "Y": 1.00057185
        },
        {
          "X": -5.5,
          "Y": 0.7314813
        },
        {
          "X": -5.05925941,
          "Y": 0.6894442
        }
      ],
      "ColourThemeName": "Red"
    },
    {
      "Source": {
        "PinType": 1,
        "SubChipID": 0,
        "PinID": 715420196
      },
      "Target": {
        "PinType": 3,
        "SubChipID": 1482655934,
        "PinID": 0
      },
      "WirePoints": [
        {
          "X": -7.837778,
          "Y": -0.3333333
        },
        {
          "X": -5.472003,
          "Y": -0.388758421
        },
        {
          "X": -5.46296358,
          "Y": -0.657407343
        },
        {
          "X": -5.10555649,
          "Y": -0.685555458
        }
      ],
      "ColourThemeName": "Red"
    },
    {
      "Source": {
        "PinType": 1,
        "SubChipID": 0,
        "PinID": 1212806616
      },
      "Target": {
        "PinType": 3,
        "SubChipID": 281781164,
        "PinID": 0
      },
      "WirePoints": [
        {
          "X": -7.837778,
          "Y": -1.56481433
        },
        {
          "X": -5.435354,
          "Y": -1.58498049
        },
        {
          "X": -5.472223,
          "Y": -1.86111116
        },
        {
          "X": -5.124075,
          "Y": -1.89851916
        }
      ],
      "ColourThemeName": "Red"
    },
    {
      "Source": {
        "PinType": 1,
        "SubChipID": 0,
        "PinID": 83019928
      },
      "Target": {
        "PinType": 3,
        "SubChipID": 1073716743,
        "PinID": 0
      },
      "WirePoints": [
        {
          "X": -7.837778,
          "Y": -2.74074
        },
        {
          "X": -5.36998272,
          "Y": -2.810314
        },
        {
          "X": -5.37963,
          "Y": -3.138889
        },
        {
          "X": -5.068519,
          "Y": -3.12074113
        }
      ],
      "ColourThemeName": "Red"
    },
    {
      "Source": {
        "PinType": 1,
        "SubChipID": 0,
        "PinID": 1858190276
      },
      "Target": {
        "PinType": 3,
        "SubChipID": 624226525,
        "PinID": 0
      },
      "WirePoints": [
        {
          "X": -7.837778,
          "Y": -3.50926
        },
        {
          "X": -5.435185,
          "Y": -3.648148
        },
        {
          "X": -5.425926,
          "Y": -3.95370364
        },
        {
          "X": -5.08703756,
          "Y": -3.755001
        }
      ],
      "ColourThemeName": "Red"
    },
    {
      "Source": {
        "PinType": 1,
        "SubChipID": 0,
        "PinID": 934083705
      },
      "Target": {
        "PinType": 3,
        "SubChipID": 875896151,
        "PinID": 0
      },
      "WirePoints": [
        {
          "X": -7.837778,
          "Y": -4.046296
        },
        {
          "X": -7.62887144,
          "Y": -4.038274
        },
        {
          "X": -7.38888931,
          "Y": 3.92592621
        },
        {
          "X": -5.04074144,
          "Y": 3.890832
        }
      ],
      "ColourThemeName": "Red"
    },
    {
      "Source": {
        "PinType": 1,
        "SubChipID": 0,
        "PinID": 934083705
      },
      "Target": {
        "PinType": 3,
        "SubChipID": 1748111650,
        "PinID": 0
      },
      "WirePoints": [
        {
          "X": -7.837778,
          "Y": -4.046296
        },
        {
          "X": -7.62887144,
          "Y": -4.038274
        },
        {
          "X": -7.42877626,
          "Y": 2.6022172
        },
        {
          "X": -5.07778,
          "Y": 2.56675959
        }
      ],
      "ColourThemeName": "Red"
    },
    {
      "Source": {
        "PinType": 1,
        "SubChipID": 0,
        "PinID": 934083705
      },
      "Target": {
        "PinType": 3,
        "SubChipID": 256351707,
        "PinID": 0
      },
      "WirePoints": [
        {
          "X": -7.837778,
          "Y": -4.046296
        },
        {
          "X": -7.62887144,
          "Y": -4.038274
        },
        {
          "X": -7.46813059,
          "Y": 1.2961731
        },
        {
          "X": -5.05925941,
          "Y": 1.24962986
        }
      ],
      "ColourThemeName": "Red"
    },
    {
      "Source": {
        "PinType": 1,
        "SubChipID": 0,
        "PinID": 934083705
      },
      "Target": {
        "PinType": 3,
        "SubChipID": 404910507,
        "PinID": 0
      },
      "WirePoints": [
        {
          "X": -7.837778,
          "Y": -4.046296
        },
        {
          "X": -7.62887144,
          "Y": -4.038274
        },
        {
          "X": -7.507485,
          "Y": -0.009870529
        },
        {
          "X": -5.087038,
          "Y": -0.157777309
        }
      ],
      "ColourThemeName": "Red"
    },
    {
      "Source": {
        "PinType": 1,
        "SubChipID": 0,
        "PinID": 934083705
      },
      "Target": {
        "PinType": 3,
        "SubChipID": 1434549926,
        "PinID": 0
      },
      "WirePoints": [
        {
          "X": -7.837778,
          "Y": -4.046296
        },
        {
          "X": -7.62887144,
          "Y": -4.038274
        },
        {
          "X": -7.54591942,
          "Y": -1.28537416
        },
        {
          "X": -5.124075,
          "Y": -1.34759343
        }
      ],
      "ColourThemeName": "Red"
    },
    {
      "Source": {
        "PinType": 1,
        "SubChipID": 0,
        "PinID": 934083705
      },
      "Target": {
        "PinType": 3,
        "SubChipID": 970069229,
        "PinID": 0
      },
      "WirePoints": [
        {
          "X": -7.837778,
          "Y": -4.046296
        },
        {
          "X": -7.62887144,
          "Y": -4.038274
        },
        {
          "X": -7.58110952,
          "Y": -2.45321274
        },
        {
          "X": -5.05925941,
          "Y": -2.57907438
        }
      ],
      "ColourThemeName": "Red"
    },
    {
      "Source": {
        "PinType": 1,
        "SubChipID": 0,
        "PinID": 934083705
      },
      "Target": {
        "PinType": 3,
        "SubChipID": 624226525,
        "PinID": 1
      },
      "WirePoints": [
        {
          "X": -7.837778,
          "Y": -4.046296
        },
        {
          "X": -7.60535669,
          "Y": -4.015113
        },
        {
          "X": -7.611111,
          "Y": -4.19444466
        },
        {
          "X": -5.08703756,
          "Y": -3.99500084
        }
      ],
      "ColourThemeName": "Red"
    },
    {
      "Source": {
        "PinType": 4,
        "SubChipID": 1073716743,
        "PinID": 2
      },
      "Target": {
        "PinType": 2,
        "SubChipID": 0,
        "PinID": 1180167721
      },
      "WirePoints": [
        {
          "X": -3.968519,
          "Y": -3.240741
        },
        {
          "X": -3.57407427,
          "Y": -3.25
        },
        {
          "X": -3.57407427,
          "Y": -3.564815
        },
        {
          "X": 7.837778,
          "Y": -3.81481457
        }
      ],
      "ColourThemeName": "Red"
    },
    {
      "Source": {
        "PinType": 4,
        "SubChipID": 875896151,
        "PinID": 2
      },
      "Target": {
        "PinType": 2,
        "SubChipID": 0,
        "PinID": 620129331
      },
      "WirePoints": [
        {
          "X": -3.9407413,
          "Y": 3.770832
        },
        {
          "X": -3.32407427,
          "Y": 3.73148155
        },
        {
          "X": -3.44444442,
          "Y": 4.17592573
        },
        {
          "X": 7.837778,
          "Y": 4.15740728
        }
      ],
      "ColourThemeName": "Red"
    }
  ]
}