{
  "Name": "SLRRLRDMAlu",
  "Colour": "#2E4827",
  "InputPins": [
    {
      "Name": "A7",
      "ID": 1520857648,
      "PositionY": 4.50000048,
      "ColourThemeName": "Red"
    },
    {
      "Name": "A6",
      "ID": 2080811984,
      "PositionY": 4.0185194,
      "ColourThemeName": "Red"
    },
    {
      "Name": "A5",
      "ID": 392299598,
      "PositionY": 3.51851845,
      "ColourThemeName": "Red"
    },
    {
      "Name": "A4",
      "ID": 1514499502,
      "PositionY": 3.06481457,
      "ColourThemeName": "Red"
    },
    {
      "Name": "A3",
      "ID": 1536195898,
      "PositionY": 2.5462966,
      "ColourThemeName": "Red"
    },
    {
      "Name": "A2",
      "ID": 1800159520,
      "PositionY": 2.06481457,
      "ColourThemeName": "Red"
    },
    {
      "Name": "A1",
      "ID": 937232631,
      "PositionY": 1.574074,
      "ColourThemeName": "Red"
    },
    {
      "Name": "A0",
      "ID": 842239384,
      "PositionY": 1.08333349,
      "ColourThemeName": "Red"
    },
    {
      "Name": "B7",
      "ID": 1064605717,
      "PositionY": 0.268518329,
      "ColourThemeName": "Red"
    },
    {
      "Name": "B6",
      "ID": 990464256,
      "PositionY": -0.222222209,
      "ColourThemeName": "Red"
    },
    {
      "Name": "B5",
      "ID": 2084484619,
      "PositionY": -0.657407343,
      "ColourThemeName": "Red"
    },
    {
      "Name": "B4",
      "ID": 1619188627,
      "PositionY": -1.12037039,
      "ColourThemeName": "Red"
    },
    {
      "Name": "B3",
      "ID": 576618110,
      "PositionY": -1.50925934,
      "ColourThemeName": "Red"
    },
    {
      "Name": "B2",
      "ID": 57386080,
      "PositionY": -1.85185194,
      "ColourThemeName": "Red"
    },
    {
      "Name": "B1",
      "ID": 1886838799,
      "PositionY": -2.20370388,
      "ColourThemeName": "Red"
    },
    {
      "Name": "B0",
      "ID": 2002492908,
      "PositionY": -2.56481457,
      "ColourThemeName": "Red"
    },
    {
      "Name": "Key2",
      "ID": 267736637,
      "PositionY": -3.30555582,
      "ColourThemeName": "Red"
    },
    {
      "Name": "Key1",
      "ID": 1818312030,
      "PositionY": -3.68518543,
      "ColourThemeName": "Red"
    },
    {
      "Name": "Key0",
      "ID": 606221824,
      "PositionY": -4.07407427,
      "ColourThemeName": "Red"
    }
  ],
  "OutputPins": [
    {
      "Name": "Out7",
      "ID": 1706337427,
      "PositionY": 4.17592573,
      "ColourThemeName": "Red"
    },
    {
      "Name": "Out6",
      "ID": 1275146283,
      "PositionY": 3.22222233,
      "ColourThemeName": "Red"
    },
    {
      "Name": "Out5",
      "ID": 1079843956,
      "PositionY": 2.018519,
      "ColourThemeName": "Red"
    },
    {
      "Name": "Out4",
      "ID": 175810007,
      "PositionY": 1.28703713,
      "ColourThemeName": "Red"
    },
    {
      "Name": "Out3",
      "ID": 1593747620,
      "PositionY": 0.3425926,
      "ColourThemeName": "Red"
    },
    {
      "Name": "Out2",
      "ID": 1439489757,
      "PositionY": -0.370370448,
      "ColourThemeName": "Red"
    },
    {
      "Name": "Out1",
      "ID": 1662365584,
      "PositionY": -1.15740752,
      "ColourThemeName": "Red"
    },
    {
      "Name": "Out0",
      "ID": 377260128,
      "PositionY": -1.80555558,
      "ColourThemeName": "Red"
    },
    {
      "Name": "Cout",
      "ID": 1827428177,
      "PositionY": -2.87962961,
      "ColourThemeName": "Red"
    }
  ],
  "SubChips": [
    {
      "Name": "BUS",
      "ID": 439731773,
      "Points": [
        {
          "X": -6.321905,
          "Y": -3.9257834
        },
        {
          "X": -4.97931242,
          "Y": -3.907265
        }
      ],
      "Data": null
    },
    {
      "Name": "BUS",
      "ID": 1375400913,
      "Points": [
        {
          "X": -6.32466364,
          "Y": -3.72580242
        },
        {
          "X": -4.982071,
          "Y": -3.707284
        }
      ],
      "Data": null
    },
    {
      "Name": "BUS",
      "ID": 1266970901,
      "Points": [
        {
          "X": -6.32742167,
          "Y": -3.52582121
        },
        {
          "X": -4.984829,
          "Y": -3.50730276
        }
      ],
      "Data": null
    },
    {
      "Name": "BUS",
      "ID": 1946911606,
      "Points": [
        {
          "X": -6.33018,
          "Y": -3.32584047
        },
        {
          "X": -4.98758745,
          "Y": -3.307322
        }
      ],
      "Data": null
    },
    {
      "Name": "BUS",
      "ID": 791224485,
      "Points": [
        {
          "X": -6.33293867,
          "Y": -3.1258595
        },
        {
          "X": -4.990346,
          "Y": -3.107341
        }
      ],
      "Data": null
    },
    {
      "Name": "BUS",
      "ID": 1686463535,
      "Points": [
        {
          "X": -6.3356967,
          "Y": -2.92587852
        },
        {
          "X": -4.993104,
          "Y": -2.90736
        }
      ],
      "Data": null
    },
    {
      "Name": "BUS",
      "ID": 18262046,
      "Points": [
        {
          "X": -6.338455,
          "Y": -2.72589755
        },
        {
          "X": -4.99586248,
          "Y": -2.707379
        }
      ],
      "Data": null
    },
    {
      "Name": "BUS",
      "ID": 1758249871,
      "Points": [
        {
          "X": -6.3412137,
          "Y": -2.52591658
        },
        {
          "X": -4.998621,
          "Y": -2.50739813
        }
      ],
      "Data": null
    },
    {
      "Name": "BUS",
      "ID": 692277096,
      "Points": [
        {
          "X": -6.34397173,
          "Y": -2.32593536
        },
        {
          "X": -5.001379,
          "Y": -2.307417
        }
      ],
      "Data": null
    },
    {
      "Name": "BUS",
      "ID": 1030327094,
      "Points": [
        {
          "X": -6.34673,
          "Y": -2.12595439
        },
        {
          "X": -5.00413752,
          "Y": -2.107436
        }
      ],
      "Data": null
    },
    {
      "Name": "BUS",
      "ID": 1931217753,
      "Points": [
        {
          "X": -6.34948874,
          "Y": -1.92597353
        },
        {
          "X": -5.006896,
          "Y": -1.90745509
        }
      ],
      "Data": null
    },
    {
      "Name": "BUS",
      "ID": 684788563,
      "Points": [
        {
          "X": -6.35224676,
          "Y": -1.72599244
        },
        {
          "X": -5.009654,
          "Y": -1.707474
        }
      ],
      "Data": null
    },
    {
      "Name": "BUS",
      "ID": 1772738245,
      "Points": [
        {
          "X": -6.35500526,
          "Y": -1.52601147
        },
        {
          "X": -5.01241255,
          "Y": -1.507493
        }
      ],
      "Data": null
    },
    {
      "Name": "BUS",
      "ID": 325690229,
      "Points": [
        {
          "X": -6.357764,
          "Y": -1.32603073
        },
        {
          "X": -5.015171,
          "Y": -1.30751216
        }
      ],
      "Data": null
    },
    {
      "Name": "BUS",
      "ID": 1020108237,
      "Points": [
        {
          "X": -6.360522,
          "Y": -1.12604952
        },
        {
          "X": -5.017929,
          "Y": -1.10753107
        }
      ],
      "Data": null
    },
    {
      "Name": "BUS",
      "ID": 87469139,
      "Points": [
        {
          "X": -6.3632803,
          "Y": -0.926068544
        },
        {
          "X": -5.02068758,
          "Y": -0.9075501
        }
      ],
      "Data": null
    },
    {
      "Name": "BUS",
      "ID": 142659269,
      "Points": [
        {
          "X": -5.553917,
          "Y": 4.664801
        },
        {
          "X": -6.68354654,
          "Y": 4.68331957
        }
      ],
      "Data": null
    },
    {
      "Name": "BUS",
      "ID": 1379076716,
      "Points": [
        {
          "X": -5.55719471,
          "Y": 4.464828
        },
        {
          "X": -6.68682432,
          "Y": 4.48334646
        }
      ],
      "Data": null
    },
    {
      "Name": "BUS",
      "ID": 1051736879,
      "Points": [
        {
          "X": -4.91026354,
          "Y": 0.0351445228
        },
        {
          "X": -5.5584116,
          "Y": 0.0166259557
        }
      ],
      "Data": null
    },
    {
      "Name": "BUS",
      "ID": 1954022077,
      "Points": [
        {
          "X": -4.904552,
          "Y": -0.1647739
        },
        {
          "X": -5.5527,
          "Y": -0.183292463
        }
      ],
      "Data": null
    },
    {
      "Name": "BUS",
      "ID": 1132826561,
      "Points": [
        {
          "X": 0.2870369,
          "Y": -3.08333349
        },
        {
          "X": 0.009259105,
          "Y": -3.138889
        }
      ],
      "Data": null
    }
  ],
  "Connections": [
    {
      "Source": {
        "PinType": 1,
        "SubChipID": 0,
        "PinID": 2002492908
      },
      "Target": {
        "PinType": 3,
        "SubChipID": 439731773,
        "PinID": 0
      },
      "WirePoints": [
        {
          "X": -7.837778,
          "Y": -2.56481457
        }
      ],
      "ColourThemeName": "Red"
    },
    {
      "Source": {
        "PinType": 1,
        "SubChipID": 0,
        "PinID": 1886838799
      },
      "Target": {
        "PinType": 3,
        "SubChipID": 1375400913,
        "PinID": 0
      },
      "WirePoints": [
        {
          "X": -7.837778,
          "Y": -2.20370388
        }
      ],
      "ColourThemeName": "Red"
    },
    {
      "Source": {
        "PinType": 1,
        "SubChipID": 0,
        "PinID": 57386080
      },
      "Target": {
        "PinType": 3,
        "SubChipID": 1266970901,
        "PinID": 0
      },
      "WirePoints": [
        {
          "X": -7.837778,
          "Y": -1.85185194
        }
      ],
      "ColourThemeName": "Red"
    },
    {
      "Source": {
        "PinType": 1,
        "SubChipID": 0,
        "PinID": 576618110
      },
      "Target": {
        "PinType": 3,
        "SubChipID": 1946911606,
        "PinID": 0
      },
      "WirePoints": [
        {
          "X": -7.837778,
          "Y": -1.50925934
        }
      ],
      "ColourThemeName": "Red"
    },
    {
      "Source": {
        "PinType": 1,
        "SubChipID": 0,
        "PinID": 1619188627
      },
      "Target": {
        "PinType": 3,
        "SubChipID": 791224485,
        "PinID": 0
      },
      "WirePoints": [
        {
          "X": -7.837778,
          "Y": -1.12037039
        }
      ],
      "ColourThemeName": "Red"
    },
    {
      "Source": {
        "PinType": 1,
        "SubChipID": 0,
        "PinID": 2084484619
      },
      "Target": {
        "PinType": 3,
        "SubChipID": 1686463535,
        "PinID": 0
      },
      "WirePoints": [
        {
          "X": -7.837778,
          "Y": -0.657407343
        }
      ],
      "ColourThemeName": "Red"
    },
    {
      "Source": {
        "PinType": 1,
        "SubChipID": 0,
        "PinID": 990464256
      },
      "Target": {
        "PinType": 3,
        "SubChipID": 18262046,
        "PinID": 0
      },
      "WirePoints": [
        {
          "X": -7.837778,
          "Y": -0.222222209
        }
      ],
      "ColourThemeName": "Red"
    },
    {
      "Source": {
        "PinType": 1,
        "SubChipID": 0,
        "PinID": 1064605717
      },
      "Target": {
        "PinType": 3,
        "SubChipID": 1758249871,
        "PinID": 0
      },
      "WirePoints": [
        {
          "X": -7.837778,
          "Y": 0.268518329
        }
      ],
      "ColourThemeName": "Red"
    },
    {
      "Source": {
        "PinType": 1,
        "SubChipID": 0,
        "PinID": 842239384
      },
      "Target": {
        "PinType": 3,
        "SubChipID": 692277096,
        "PinID": 0
      },
      "WirePoints": [
        {
          "X": -7.837778,
          "Y": 1.08333349
        }
      ],
      "ColourThemeName": "Red"
    },
    {
      "Source": {
        "PinType": 1,
        "SubChipID": 0,
        "PinID": 937232631
      },
      "Target": {
        "PinType": 3,
        "SubChipID": 1030327094,
        "PinID": 0
      },
      "WirePoints": [
        {
          "X": -7.837778,
          "Y": 1.574074
        }
      ],
      "ColourThemeName": "Red"
    },
    {
      "Source": {
        "PinType": 1,
        "SubChipID": 0,
        "PinID": 1800159520
      },
      "Target": {
        "PinType": 3,
        "SubChipID": 1931217753,
        "PinID": 0
      },
      "WirePoints": [
        {
          "X": -7.837778,
          "Y": 2.06481457
        }
      ],
      "ColourThemeName": "Red"
    },
    {
      "Source": {
        "PinType": 1,
        "SubChipID": 0,
        "PinID": 1536195898
      },
      "Target": {
        "PinType": 3,
        "SubChipID": 684788563,
        "PinID": 0
      },
      "WirePoints": [
        {
          "X": -7.837778,
          "Y": 2.5462966
        }
      ],
      "ColourThemeName": "Red"
    },
    {
      "Source": {
        "PinType": 1,
        "SubChipID": 0,
        "PinID": 1514499502
      },
      "Target": {
        "PinType": 3,
        "SubChipID": 1772738245,
        "PinID": 0
      },
      "WirePoints": [
        {
          "X": -7.837778,
          "Y": 3.06481457
        }
      ],
      "ColourThemeName": "Red"
    },
    {
      "Source": {
        "PinType": 1,
        "SubChipID": 0,
        "PinID": 392299598
      },
      "Target": {
        "PinType": 3,
        "SubChipID": 325690229,
        "PinID": 0
      },
      "WirePoints": [
        {
          "X": -7.837778,
          "Y": 3.51851845
        }
      ],
      "ColourThemeName": "Red"
    },
    {
      "Source": {
        "PinType": 1,
        "SubChipID": 0,
        "PinID": 2080811984
      },
      "Target": {
        "PinType": 3,
        "SubChipID": 1020108237,
        "PinID": 0
      },
      "WirePoints": [
        {
          "X": -7.837778,
          "Y": 4.0185194
        }
      ],
      "ColourThemeName": "Red"
    },
    {
      "Source": {
        "PinType": 1,
        "SubChipID": 0,
        "PinID": 1520857648
      },
      "Target": {
        "PinType": 3,
        "SubChipID": 87469139,
        "PinID": 0
      },
      "WirePoints": [
        {
          "X": -7.837778,
          "Y": 4.50000048
        }
      ],
      "ColourThemeName": "Red"
    },
    {
      "Source": {
        "PinType": 1,
        "SubChipID": 0,
        "PinID": 1818312030
      },
      "Target": {
        "PinType": 3,
        "SubChipID": 1051736879,
        "PinID": 0
      },
      "WirePoints": [
        {
          "X": -7.837778,
          "Y": -3.68518543
        }
      ],
      "ColourThemeName": "Red"
    },
    {
      "Source": {
        "PinType": 1,
        "SubChipID": 0,
        "PinID": 606221824
      },
      "Target": {
        "PinType": 3,
        "SubChipID": 1954022077,
        "PinID": 0
      },
      "WirePoints": [
        {
          "X": -7.837778,
          "Y": -4.07407427
        }
      ],
      "ColourThemeName": "Red"
    },
    {
      "Source": {
        "PinType": 1,
        "SubChipID": 0,
        "PinID": 1818312030
      },
      "Target": {
        "PinType": 3,
        "SubChipID": 142659269,
        "PinID": 0
      },
      "WirePoints": [
        {
          "X": -7.837778,
          "Y": -3.68518543
        }
      ],
      "ColourThemeName": "Red"
    },
    {
      "Source": {
        "PinType": 1,
        "SubChipID": 0,
        "PinID": 606221824
      },
      "Target": {
        "PinType": 3,
        "SubChipID": 1379076716,
        "PinID": 0
      },
      "WirePoints": [
        {
          "X": -7.837778,
          "Y": -4.07407427
        }
      ],
      "ColourThemeName": "Red"
    },
    {
      "Source": {
        "PinType": 1,
        "SubChipID": 0,
        "PinID": 267736637
      },
      "Target": {
        "PinType": 3,
        "SubChipID": 1132826561,
        "PinID": 0
      },
      "WirePoints": [
        {
          "X": -7.837778,
          "Y": -3.30555582
        }
      ],
      "ColourThemeName": "Red"
    }
  ]
}