{
  "Name": "TEMPP",
  "Colour": "#78355A",
  "InputPins": [
    {
      "Name": "Pin",
      "ID": 1245110710,
      "PositionY": -2.75925922,
      "ColourThemeName": "Red"
    },
    {
      "Name": "Pin",
      "ID": 987537453,
      "PositionY": -2.06481481,
      "ColourThemeName": "Red"
    },
    {
      "Name": "Pin",
      "ID": 1675122558,
      "PositionY": -1.15740752,
      "ColourThemeName": "Red"
    },
    {
      "Name": "Pin",
      "ID": 683110680,
      "PositionY": -0.212962925,
      "ColourThemeName": "Red"
    },
    {
      "Name": "Pin",
      "ID": 632401948,
      "PositionY": 0.6203705,
      "ColourThemeName": "Red"
    }
  ],
  "OutputPins": [
    {
      "Name": "Pin",
      "ID": 1124609968,
      "PositionY": 2.02777815,
      "ColourThemeName": "Red"
    },
    {
      "Name": "Pin",
      "ID": 1507659705,
      "PositionY": 1.398148,
      "ColourThemeName": "Red"
    },
    {
      "Name": "Pin",
      "ID": 765985290,
      "PositionY": 0.8055556,
      "ColourThemeName": "Red"
    },
    {
      "Name": "Pin",
      "ID": 1743497556,
      "PositionY": 0.194444656,
      "ColourThemeName": "Red"
    },
    {
      "Name": "Pin",
      "ID": 1407386604,
      "PositionY": -0.490740836,
      "ColourThemeName": "Red"
    },
    {
      "Name": "Pin",
      "ID": 1797864795,
      "PositionY": -0.9166667,
      "ColourThemeName": "Red"
    },
    {
      "Name": "Pin",
      "ID": 1043831807,
      "PositionY": -1.66666651,
      "ColourThemeName": "Red"
    },
    {
      "Name": "Pin",
      "ID": 2098778499,
      "PositionY": -2.13888884,
      "ColourThemeName": "Red"
    }
  ],
  "SubChips": [
    {
      "Name": "7-SEGMENT DISPLAY",
      "ID": 1177627450,
      "Points": [
        {
          "X": 3.87963128,
          "Y": 0.499999881
        }
      ],
      "Data": null
    },
    {
      "Name": "7SEGMENTCORR",
      "ID": 1264429784,
      "Points": [
        {
          "X": -3.75925922,
          "Y": 0.490741
        }
      ],
      "Data": null
    }
  ],
  "Connections": [
    {
      "Source": {
        "PinType": 4,
        "SubChipID": 1264429784,
        "PinID": 1232667059
      },
      "Target": {
        "PinType": 3,
        "SubChipID": 1177627450,
        "PinID": 0
      },
      "WirePoints": [
        {
          "X": -2.61425924,
          "Y": 1.33074093
        },
        {
          "X": 3.064125,
          "Y": 1.33999991
        }
      ],
      "ColourThemeName": "Red"
    },
    {
      "Source": {
        "PinType": 4,
        "SubChipID": 1264429784,
        "PinID": 1359942717
      },
      "Target": {
        "PinType": 3,
        "SubChipID": 1177627450,
        "PinID": 1
      },
      "WirePoints": [
        {
          "X": -2.61425924,
          "Y": 1.09074092
        },
        {
          "X": 3.064125,
          "Y": 1.0999999
        }
      ],
      "ColourThemeName": "Red"
    },
    {
      "Source": {
        "PinType": 4,
        "SubChipID": 1264429784,
        "PinID": 25757863
      },
      "Target": {
        "PinType": 3,
        "SubChipID": 1177627450,
        "PinID": 2
      },
      "WirePoints": [
        {
          "X": -2.61425924,
          "Y": 0.850740969
        },
        {
          "X": 3.064125,
          "Y": 0.859999835
        }
      ],
      "ColourThemeName": "Red"
    },
    {
      "Source": {
        "PinType": 4,
        "SubChipID": 1264429784,
        "PinID": 663889973
      },
      "Target": {
        "PinType": 3,
        "SubChipID": 1177627450,
        "PinID": 3
      },
      "WirePoints": [
        {
          "X": -2.61425924,
          "Y": 0.610741
        },
        {
          "X": 3.064125,
          "Y": 0.6199999
        }
      ],
      "ColourThemeName": "Red"
    },
    {
      "Source": {
        "PinType": 4,
        "SubChipID": 1264429784,
        "PinID": 1701553917
      },
      "Target": {
        "PinType": 3,
        "SubChipID": 1177627450,
        "PinID": 4
      },
      "WirePoints": [
        {
          "X": -2.61425924,
          "Y": 0.37074098
        },
        {
          "X": 3.064125,
          "Y": 0.379999846
        }
      ],
      "ColourThemeName": "Red"
    },
    {
      "Source": {
        "PinType": 4,
        "SubChipID": 1264429784,
        "PinID": 1553624950
      },
      "Target": {
        "PinType": 3,
        "SubChipID": 1177627450,
        "PinID": 5
      },
      "WirePoints": [
        {
          "X": -2.61425924,
          "Y": 0.130741
        },
        {
          "X": 3.064125,
          "Y": 0.139999866
        }
      ],
      "ColourThemeName": "Red"
    },
    {
      "Source": {
        "PinType": 4,
        "SubChipID": 1264429784,
        "PinID": 180661668
      },
      "Target": {
        "PinType": 3,
        "SubChipID": 1177627450,
        "PinID": 7
      },
      "WirePoints": [
        {
          "X": -2.61425924,
          "Y": -0.349258959
        },
        {
          "X": 3.064125,
          "Y": -0.3400001
        }
      ],
      "ColourThemeName": "Red"
    },
    {
      "Source": {
        "PinType": 1,
        "SubChipID": 0,
        "PinID": 1245110710
      },
      "Target": {
        "PinType": 3,
        "SubChipID": 1264429784,
        "PinID": 167563905
      },
      "WirePoints": [
        {
          "X": -7.837778,
          "Y": -2.75925922
        },
        {
          "X": -4.904259,
          "Y": -0.349258959
        }
      ],
      "ColourThemeName": "Red"
    },
    {
      "Source": {
        "PinType": 1,
        "SubChipID": 0,
        "PinID": 987537453
      },
      "Target": {
        "PinType": 3,
        "SubChipID": 1264429784,
        "PinID": 939812263
      },
      "WirePoints": [
        {
          "X": -7.837778,
          "Y": -2.06481481
        },
        {
          "X": -4.904259,
          "Y": 0.07074103
        }
      ],
      "ColourThemeName": "Red"
    },
    {
      "Source": {
        "PinType": 1,
        "SubChipID": 0,
        "PinID": 1675122558
      },
      "Target": {
        "PinType": 3,
        "SubChipID": 1264429784,
        "PinID": 1207628523
      },
      "WirePoints": [
        {
          "X": -7.837778,
          "Y": -1.15740752
        },
        {
          "X": -7.731482,
          "Y": -1.1944443
        },
        {
          "X": -4.904259,
          "Y": 0.490741
        }
      ],
      "ColourThemeName": "Red"
    },
    {
      "Source": {
        "PinType": 1,
        "SubChipID": 0,
        "PinID": 683110680
      },
      "Target": {
        "PinType": 3,
        "SubChipID": 1264429784,
        "PinID": 1479805628
      },
      "WirePoints": [
        {
          "X": -7.837778,
          "Y": -0.212962925
        },
        {
          "X": -4.904259,
          "Y": 0.910741
        }
      ],
      "ColourThemeName": "Red"
    },
    {
      "Source": {
        "PinType": 1,
        "SubChipID": 0,
        "PinID": 632401948
      },
      "Target": {
        "PinType": 3,
        "SubChipID": 1264429784,
        "PinID": 467586004
      },
      "WirePoints": [
        {
          "X": -7.837778,
          "Y": 0.6203705
        },
        {
          "X": -4.904259,
          "Y": 1.33074093
        }
      ],
      "ColourThemeName": "Red"
    },
    {
      "Source": {
        "PinType": 4,
        "SubChipID": 1264429784,
        "PinID": 1882609484
      },
      "Target": {
        "PinType": 3,
        "SubChipID": 1177627450,
        "PinID": 6
      },
      "WirePoints": [
        {
          "X": -2.61425924,
          "Y": -0.109259009
        },
        {
          "X": 3.064125,
          "Y": -0.100000143
        }
      ],
      "ColourThemeName": "Red"
    },
    {
      "Source": {
        "PinType": 4,
        "SubChipID": 1264429784,
        "PinID": 1232667059
      },
      "Target": {
        "PinType": 2,
        "SubChipID": 0,
        "PinID": 1124609968
      },
      "WirePoints": [
        {
          "X": -2.61425924,
          "Y": 1.33074093
        },
        {
          "X": 0.95398736,
          "Y": 1.35326433
        },
        {
          "X": 0.814815164,
          "Y": 1.95370376
        },
        {
          "X": 7.837778,
          "Y": 2.02777815
        }
      ],
      "ColourThemeName": "Red"
    },
    {
      "Source": {
        "PinType": 4,
        "SubChipID": 1264429784,
        "PinID": 1359942717
      },
      "Target": {
        "PinType": 2,
        "SubChipID": 0,
        "PinID": 1507659705
      },
      "WirePoints": [
        {
          "X": -2.61425924,
          "Y": 1.09074092
        },
        {
          "X": 1.23169136,
          "Y": 1.11501729
        },
        {
          "X": 1.092593,
          "Y": 1.75000012
        },
        {
          "X": 7.472223,
          "Y": 1.79629624
        },
        {
          "X": 7.43518543,
          "Y": 1.37962937
        },
        {
          "X": 7.837778,
          "Y": 1.398148
        }
      ],
      "ColourThemeName": "Red"
    },
    {
      "Source": {
        "PinType": 4,
        "SubChipID": 1264429784,
        "PinID": 25757863
      },
      "Target": {
        "PinType": 2,
        "SubChipID": 0,
        "PinID": 765985290
      },
      "WirePoints": [
        {
          "X": -2.61425924,
          "Y": 0.850740969
        },
        {
          "X": 1.55563307,
          "Y": 0.8590263
        },
        {
          "X": 1.59259272,
          "Y": 1.60185158
        },
        {
          "X": 7.17592573,
          "Y": 1.60185158
        },
        {
          "X": 7.240741,
          "Y": 0.9074074
        },
        {
          "X": 7.837778,
          "Y": 0.8055556
        }
      ],
      "ColourThemeName": "Red"
    },
    {
      "Source": {
        "PinType": 4,
        "SubChipID": 1264429784,
        "PinID": 663889973
      },
      "Target": {
        "PinType": 2,
        "SubChipID": 0,
        "PinID": 1743497556
      },
      "WirePoints": [
        {
          "X": -2.61425924,
          "Y": 0.610741
        },
        {
          "X": 1.34268785,
          "Y": 0.6186032
        },
        {
          "X": 1.41666627,
          "Y": -0.8055556
        },
        {
          "X": 6.34259272,
          "Y": -0.777777731
        },
        {
          "X": 6.24074125,
          "Y": -0.009259284
        },
        {
          "X": 7.837778,
          "Y": 0.194444656
        }
      ],
      "ColourThemeName": "Red"
    },
    {
      "Source": {
        "PinType": 4,
        "SubChipID": 1264429784,
        "PinID": 1701553917
      },
      "Target": {
        "PinType": 2,
        "SubChipID": 0,
        "PinID": 1407386604
      },
      "WirePoints": [
        {
          "X": -2.61425924,
          "Y": 0.37074098
        },
        {
          "X": 0.8425782,
          "Y": 0.3776095
        },
        {
          "X": 1.092593,
          "Y": -1.34259248
        },
        {
          "X": 6.41666651,
          "Y": -1.388889
        },
        {
          "X": 6.48148155,
          "Y": -0.4537037
        },
        {
          "X": 7.837778,
          "Y": -0.490740836
        }
      ],
      "ColourThemeName": "Red"
    },
    {
      "Source": {
        "PinType": 4,
        "SubChipID": 1264429784,
        "PinID": 1553624950
      },
      "Target": {
        "PinType": 2,
        "SubChipID": 0,
        "PinID": 1797864795
      },
      "WirePoints": [
        {
          "X": -2.61425924,
          "Y": 0.130741
        },
        {
          "X": 0.6481328,
          "Y": 0.137223169
        },
        {
          "X": 0.9259256,
          "Y": -1.62037039
        },
        {
          "X": 6.56481552,
          "Y": -1.62037039
        },
        {
          "X": 6.722223,
          "Y": -0.888888836
        },
        {
          "X": 7.837778,
          "Y": -0.9166667
        }
      ],
      "ColourThemeName": "Red"
    },
    {
      "Source": {
        "PinType": 4,
        "SubChipID": 1264429784,
        "PinID": 1882609484
      },
      "Target": {
        "PinType": 2,
        "SubChipID": 0,
        "PinID": 1043831807
      },
      "WirePoints": [
        {
          "X": -2.61425924,
          "Y": -0.109259009
        },
        {
          "X": 0.305558443,
          "Y": -0.10345751
        },
        {
          "X": 0.675926268,
          "Y": -1.86111116
        },
        {
          "X": 6.64814854,
          "Y": -1.91666663
        },
        {
          "X": 6.759259,
          "Y": -1.5925926
        },
        {
          "X": 7.837778,
          "Y": -1.66666651
        }
      ],
      "ColourThemeName": "Red"
    },
    {
      "Source": {
        "PinType": 4,
        "SubChipID": 1264429784,
        "PinID": 180661668
      },
      "Target": {
        "PinType": 2,
        "SubChipID": 0,
        "PinID": 2098778499
      },
      "WirePoints": [
        {
          "X": -2.61425924,
          "Y": -0.349258959
        },
        {
          "X": 0.0647442341,
          "Y": -0.343935937
        },
        {
          "X": 0.407407582,
          "Y": -2.28703713
        },
        {
          "X": 7.694445,
          "Y": -2.18518519
        },
        {
          "X": 7.837778,
          "Y": -2.13888884
        }
      ],
      "ColourThemeName": "Red"
    }
  ]
}