{
  "Name": "temp",
  "Colour": "#D8A17A",
  "InputPins": [
    {
      "Name": "Pin",
      "ID": 439659259,
      "PositionY": 0.537037253,
      "ColourThemeName": "Red"
    },
    {
      "Name": "Pin",
      "ID": 836303617,
      "PositionY": -0.7962963,
      "ColourThemeName": "Red"
    }
  ],
  "OutputPins": [
    {
      "Name": "Pin",
      "ID": 181941799,
      "PositionY": 0.204629585,
      "ColourThemeName": "Red"
    },
    {
      "Name": "Pin",
      "ID": 715423019,
      "PositionY": -1.484259,
      "ColourThemeName": "Red"
    },
    {
      "Name": "Pin",
      "ID": 1117883922,
      "PositionY": 2.37037063,
      "ColourThemeName": "Red"
    }
  ],
  "SubChips": [
    {
      "Name": "NOR",
      "ID": 896770972,
      "Points": [
        {
          "X": -2.72583318,
          "Y": -1.6911118
        }
      ],
      "Data": null
    },
    {
      "Name": "NOR",
      "ID": 1710864448,
      "Points": [
        {
          "X": -2.754167,
          "Y": 0.39879626
        }
      ],
      "Data": null
    }
  ],
  "Connections": [
    {
      "Source": {
        "PinType": 4,
        "SubChipID": 1710864448,
        "PinID": 1165047784
      },
      "Target": {
        "PinType": 2,
        "SubChipID": 0,
        "PinID": 181941799
      },
      "WirePoints": [
        {
          "X": -2.20416713,
          "Y": 0.39879626
        },
        {
          "X": 8.1044445,
          "Y": 0.204629585
        }
      ],
      "ColourThemeName": "Red"
    },
    {
      "Source": {
        "PinType": 4,
        "SubChipID": 896770972,
        "PinID": 1165047784
      },
      "Target": {
        "PinType": 2,
        "SubChipID": 0,
        "PinID": 715423019
      },
      "WirePoints": [
        {
          "X": -2.17583323,
          "Y": -1.6911118
        },
        {
          "X": 8.1044445,
          "Y": -1.484259
        }
      ],
      "ColourThemeName": "Red"
    },
    {
      "Source": {
        "PinType": 4,
        "SubChipID": 1710864448,
        "PinID": 1165047784
      },
      "Target": {
        "PinType": 3,
        "SubChipID": 896770972,
        "PinID": 277647251
      },
      "WirePoints": [
        {
          "X": -2.20416713,
          "Y": 0.39879626
        },
        {
          "X": -0.8280878,
          "Y": 0.37287727
        },
        {
          "X": -0.8297221,
          "Y": -0.534073949
        },
        {
          "X": -4.81620359,
          "Y": -1.535463
        },
        {
          "X": -3.27583313,
          "Y": -1.5711118
        }
      ],
      "ColourThemeName": "Red"
    },
    {
      "Source": {
        "PinType": 4,
        "SubChipID": 896770972,
        "PinID": 1165047784
      },
      "Target": {
        "PinType": 3,
        "SubChipID": 1710864448,
        "PinID": 823668792
      },
      "WirePoints": [
        {
          "X": -2.17583323,
          "Y": -1.6911118
        },
        {
          "X": -1.07864356,
          "Y": -1.66903484
        },
        {
          "X": -1.07768512,
          "Y": -1.15398145
        },
        {
          "X": -3.9292593,
          "Y": -0.06675913
        },
        {
          "X": -3.304167,
          "Y": 0.278796256
        }
      ],
      "ColourThemeName": "Red"
    },
    {
      "Source": {
        "PinType": 1,
        "SubChipID": 0,
        "PinID": 439659259
      },
      "Target": {
        "PinType": 3,
        "SubChipID": 1710864448,
        "PinID": 277647251
      },
      "WirePoints": [
        {
          "X": -8.1044445,
          "Y": 0.537037253
        },
        {
          "X": -3.304167,
          "Y": 0.518796265
        }
      ],
      "ColourThemeName": "Red"
    },
    {
      "Source": {
        "PinType": 1,
        "SubChipID": 0,
        "PinID": 836303617
      },
      "Target": {
        "PinType": 3,
        "SubChipID": 896770972,
        "PinID": 823668792
      },
      "WirePoints": [
        {
          "X": -8.1044445,
          "Y": -0.7962963
        },
        {
          "X": -3.27583313,
          "Y": -1.81111181
        }
      ],
      "ColourThemeName": "Red"
    }
  ],
  "ChipSize": 5.15
}