{
  "Name": "001check",
  "Colour": "#903825",
  "InputPins": [
    {
      "Name": "Pin",
      "ID": 2115479809,
      "PositionY": 1.03703678,
      "ColourThemeName": "Red"
    },
    {
      "Name": "Pin",
      "ID": 1821903949,
      "PositionY": 0.2777779,
      "ColourThemeName": "Red"
    },
    {
      "Name": "Pin",
      "ID": 1437557034,
      "PositionY": -0.481481552,
      "ColourThemeName": "Red"
    }
  ],
  "OutputPins": [
    {
      "Name": "Pin",
      "ID": 792489936,
      "PositionY": 0.185185075,
      "ColourThemeName": "Red"
    }
  ],
  "SubChips": [
    {
      "Name": "NOR",
      "ID": 390896845,
      "Points": [
        {
          "X": -5.527778,
          "Y": 0.5648148
        }
      ],
      "Data": null
    },
    {
      "Name": "AND",
      "ID": 39555869,
      "Points": [
        {
          "X": -3.08333349,
          "Y": -0.120370388
        }
      ],
      "Data": null
    }
  ],
  "Connections": [
    {
      "Source": {
        "PinType": 1,
        "SubChipID": 0,
        "PinID": 2115479809
      },
      "Target": {
        "PinType": 3,
        "SubChipID": 390896845,
        "PinID": 277647251
      },
      "WirePoints": [
        {
          "X": -7.837778,
          "Y": 1.03703678
        },
        {
          "X": -7.72222233,
          "Y": 1.04629636
        },
        {
          "X": -6.07777834,
          "Y": 0.6848148
        }
      ],
      "ColourThemeName": "Red"
    },
    {
      "Source": {
        "PinType": 1,
        "SubChipID": 0,
        "PinID": 1821903949
      },
      "Target": {
        "PinType": 3,
        "SubChipID": 390896845,
        "PinID": 823668792
      },
      "WirePoints": [
        {
          "X": -7.837778,
          "Y": 0.2777779
        },
        {
          "X": -6.07777834,
          "Y": 0.4448148
        }
      ],
      "ColourThemeName": "Red"
    },
    {
      "Source": {
        "PinType": 1,
        "SubChipID": 0,
        "PinID": 1437557034
      },
      "Target": {
        "PinType": 3,
        "SubChipID": 39555869,
        "PinID": 1
      },
      "WirePoints": [
        {
          "X": -7.837778,
          "Y": -0.481481552
        },
        {
          "X": -3.63333344,
          "Y": -0.2403704
        }
      ],
      "ColourThemeName": "Red"
    },
    {
      "Source": {
        "PinType": 4,
        "SubChipID": 390896845,
        "PinID": 1165047784
      },
      "Target": {
        "PinType": 3,
        "SubChipID": 39555869,
        "PinID": 0
      },
      "WirePoints": [
        {
          "X": -4.977778,
          "Y": 0.5648148
        },
        {
          "X": -3.63333344,
          "Y": -0.0003703907
        }
      ],
      "ColourThemeName": "Red"
    },
    {
      "Source": {
        "PinType": 4,
        "SubChipID": 39555869,
        "PinID": 2
      },
      "Target": {
        "PinType": 2,
        "SubChipID": 0,
        "PinID": 792489936
      },
      "WirePoints": [
        {
          "X": -2.53333354,
          "Y": -0.120370388
        },
        {
          "X": 7.837778,
          "Y": 0.185185075
        }
      ],
      "ColourThemeName": "Red"
    }
  ]
}