{
  "Name": "16ByteRam",
  "Colour": "#355829",
  "InputPins": [
    {
      "Name": "Pin",
      "ID": 1873865507,
      "PositionY": 4.23148155,
      "ColourThemeName": "Red"
    },
    {
      "Name": "Pin",
      "ID": 63641427,
      "PositionY": 3.740741,
      "ColourThemeName": "Red"
    },
    {
      "Name": "Pin",
      "ID": 1723447257,
      "PositionY": 3.29629612,
      "ColourThemeName": "Red"
    },
    {
      "Name": "Pin",
      "ID": 1237626634,
      "PositionY": 2.787037,
      "ColourThemeName": "Red"
    },
    {
      "Name": "Pin",
      "ID": 1896472784,
      "PositionY": 2.268519,
      "ColourThemeName": "Red"
    },
    {
      "Name": "Pin",
      "ID": 423769338,
      "PositionY": 1.86111093,
      "ColourThemeName": "Red"
    },
    {
      "Name": "Pin",
      "ID": 890960839,
      "PositionY": 1.41666651,
      "ColourThemeName": "Red"
    },
    {
      "Name": "Pin",
      "ID": 850560290,
      "PositionY": 0.9722221,
      "ColourThemeName": "Red"
    },
    {
      "Name": "Addess1",
      "ID": 264559730,
      "PositionY": -0.6296301,
      "ColourThemeName": "Red"
    },
    {
      "Name": "Read",
      "ID": 252889857,
      "PositionY": -1.88888884,
      "ColourThemeName": "Red"
    },
    {
      "Name": "Write",
      "ID": 572411175,
      "PositionY": -3.1018517,
      "ColourThemeName": "Red"
    },
    {
      "Name": "Clk",
      "ID": 538323610,
      "PositionY": -4.07407427,
      "ColourThemeName": "Red"
    },
    {
      "Name": "Address0",
      "ID": 1759993952,
      "PositionY": -1.185185,
      "ColourThemeName": "Red"
    },
    {
      "Name": "WriteEn",
      "ID": 1939383565,
      "PositionY": -3.481482,
      "ColourThemeName": "Red"
    },
    {
      "Name": "ReadEn",
      "ID": 1190999373,
      "PositionY": -2.38888884,
      "ColourThemeName": "Red"
    },
    {
      "Name": "Address2",
      "ID": 1162376658,
      "PositionY": -0.111110508,
      "ColourThemeName": "Red"
    },
    {
      "Name": "Address3",
      "ID": 2064233659,
      "PositionY": 0.259259343,
      "ColourThemeName": "Red"
    }
  ],
  "OutputPins": [
    {
      "Name": "Pin",
      "ID": 640609474,
      "PositionY": 3.67592573,
      "ColourThemeName": "Red"
    },
    {
      "Name": "Pin",
      "ID": 1764891376,
      "PositionY": 3.12962961,
      "ColourThemeName": "Red"
    },
    {
      "Name": "Pin",
      "ID": 1354084789,
      "PositionY": 2.58333325,
      "ColourThemeName": "Red"
    },
    {
      "Name": "Pin",
      "ID": 2081558438,
      "PositionY": 2.00925946,
      "ColourThemeName": "Red"
    },
    {
      "Name": "Pin",
      "ID": 1757278177,
      "PositionY": 1.259259,
      "ColourThemeName": "Red"
    },
    {
      "Name": "Pin",
      "ID": 487649070,
      "PositionY": 0.703703761,
      "ColourThemeName": "Red"
    },
    {
      "Name": "Pin",
      "ID": 1528841058,
      "PositionY": 0.0277775526,
      "ColourThemeName": "Red"
    },
    {
      "Name": "Pin",
      "ID": 731942415,
      "PositionY": -0.6111112,
      "ColourThemeName": "Red"
    }
  ],
  "SubChips": [
    {
      "Name": "BUS",
      "ID": 358925917,
      "Points": [
        {
          "X": 0.826117635,
          "Y": 4.10737
        },
        {
          "X": -0.0720306039,
          "Y": 4.098111
        }
      ],
      "Data": null
    },
    {
      "Name": "BUS",
      "ID": 95061757,
      "Points": [
        {
          "X": 0.8281793,
          "Y": 3.90738058
        },
        {
          "X": -0.069969,
          "Y": 3.89812183
        }
      ],
      "Data": null
    },
    {
      "Name": "BUS",
      "ID": 1532618592,
      "Points": [
        {
          "X": 0.8302409,
          "Y": 3.70739126
        },
        {
          "X": -0.06790733,
          "Y": 3.69813251
        }
      ],
      "Data": null
    },
    {
      "Name": "BUS",
      "ID": 1180312320,
      "Points": [
        {
          "X": 0.8323026,
          "Y": 3.507402
        },
        {
          "X": -0.06584573,
          "Y": 3.4981432
        }
      ],
      "Data": null
    },
    {
      "Name": "BUS",
      "ID": 1559434525,
      "Points": [
        {
          "X": 0.8343642,
          "Y": 3.30741262
        },
        {
          "X": -0.06378406,
          "Y": 3.29815388
        }
      ],
      "Data": null
    },
    {
      "Name": "BUS",
      "ID": 1619812019,
      "Points": [
        {
          "X": 0.836425841,
          "Y": 3.10742331
        },
        {
          "X": -0.0617224574,
          "Y": 3.09816456
        }
      ],
      "Data": null
    },
    {
      "Name": "BUS",
      "ID": 30709370,
      "Points": [
        {
          "X": 0.838487446,
          "Y": 2.907434
        },
        {
          "X": -0.0596607924,
          "Y": 2.89817524
        }
      ],
      "Data": null
    },
    {
      "Name": "BUS",
      "ID": 5644602,
      "Points": [
        {
          "X": 0.8405491,
          "Y": 2.70744443
        },
        {
          "X": -0.0575991869,
          "Y": 2.69818568
        }
      ],
      "Data": null
    },
    {
      "Name": "BUS",
      "ID": 357768425,
      "Points": [
        {
          "X": 0.642178535,
          "Y": 2.05736279
        },
        {
          "X": 0.0218080282,
          "Y": 2.04810381
        }
      ],
      "Data": null
    },
    {
      "Name": "BUS",
      "ID": 1219295038,
      "Points": [
        {
          "X": 0.6451632,
          "Y": 1.857385
        },
        {
          "X": 0.0247926712,
          "Y": 1.848126
        }
      ],
      "Data": null
    },
    {
      "Name": "BUS",
      "ID": 1131454672,
      "Points": [
        {
          "X": 0.6481478,
          "Y": 1.65740728
        },
        {
          "X": 0.0277773738,
          "Y": 1.6481483
        }
      ],
      "Data": null
    },
    {
      "Name": "BUS",
      "ID": 1182782569,
      "Points": [
        {
          "X": 0.6541171,
          "Y": 1.25745177
        },
        {
          "X": 0.03374666,
          "Y": 1.24819279
        }
      ],
      "Data": null
    },
    {
      "Name": "BUS",
      "ID": 616638442,
      "Points": [
        {
          "X": 0.6296296,
          "Y": -3.01666665
        },
        {
          "X": -0.07407403,
          "Y": -3.01666665
        }
      ],
      "Data": null
    },
    {
      "Name": "BUS",
      "ID": 298857324,
      "Points": [
        {
          "X": 0.6296296,
          "Y": -3.2166667
        },
        {
          "X": -0.07407403,
          "Y": -3.2166667
        }
      ],
      "Data": null
    },
    {
      "Name": "BUS",
      "ID": 1549274832,
      "Points": [
        {
          "X": 0.6296296,
          "Y": -3.41666675
        },
        {
          "X": -0.07407403,
          "Y": -3.41666675
        }
      ],
      "Data": null
    },
    {
      "Name": "BUS",
      "ID": 324916659,
      "Points": [
        {
          "X": 0.6296296,
          "Y": -3.61666679
        },
        {
          "X": -0.07407403,
          "Y": -3.61666679
        }
      ],
      "Data": null
    },
    {
      "Name": "AND",
      "ID": 1965009075,
      "Points": [
        {
          "X": -1.4907409,
          "Y": 1.44444466
        }
      ],
      "Data": null
    },
    {
      "Name": "NOT",
      "ID": 1284177546,
      "Points": [
        {
          "X": -3.12962961,
          "Y": 1.49999976
        }
      ],
      "Data": null
    },
    {
      "Name": "BUS",
      "ID": 810362820,
      "Points": [
        {
          "X": 0.6666671,
          "Y": 1.46296322
        },
        {
          "X": 0.0,
          "Y": 1.46296322
        }
      ],
      "Data": null
    },
    {
      "Name": "BUS",
      "ID": 630350966,
      "Points": [
        {
          "X": -4.18518543,
          "Y": 1.26111138
        },
        {
          "X": -4.65740776,
          "Y": 1.26111138
        }
      ],
      "Data": null
    },
    {
      "Name": "AND",
      "ID": 254858260,
      "Points": [
        {
          "X": -1.69444466,
          "Y": -3.55555534
        }
      ],
      "Data": null
    },
    {
      "Name": "BUS",
      "ID": 1295711938,
      "Points": [
        {
          "X": -2.68243384,
          "Y": -3.65534329
        },
        {
          "X": -3.10835981,
          "Y": -3.62756562
        }
      ],
      "Data": null
    },
    {
      "Name": "AND",
      "ID": 412418024,
      "Points": [
        {
          "X": -1.8611114,
          "Y": -2.75
        }
      ],
      "Data": null
    },
    {
      "Name": "BUS",
      "ID": 908371600,
      "Points": [
        {
          "X": -2.75518084,
          "Y": -2.81287956
        },
        {
          "X": -3.208885,
          "Y": -2.83139825
        }
      ],
      "Data": null
    },
    {
      "Name": "AND",
      "ID": 1920009106,
      "Points": [
        {
          "X": -1.5,
          "Y": 2.25925922
        }
      ],
      "Data": null
    },
    {
      "Name": "BUS",
      "ID": 986714729,
      "Points": [
        {
          "X": -2.388889,
          "Y": 2.46481466
        },
        {
          "X": -2.94444466,
          "Y": 2.46481466
        }
      ],
      "Data": null
    },
    {
      "Name": "BUS",
      "ID": 649104243,
      "Points": [
        {
          "X": 0.6574069,
          "Y": 2.25925922
        },
        {
          "X": 0.05555576,
          "Y": 2.25925922
        }
      ],
      "Data": null
    },
    {
      "Name": "BUS",
      "ID": 1042401905,
      "Points": [
        {
          "X": 0.6388887,
          "Y": -2.80555534
        },
        {
          "X": -0.129629791,
          "Y": -2.81481481
        }
      ],
      "Data": null
    },
    {
      "Name": "8ByteRam",
      "ID": 251744982,
      "Points": [
        {
          "X": 2.95370436,
          "Y": 2.39990735
        }
      ],
      "Data": null
    },
    {
      "Name": "8ByteRam",
      "ID": 1389242854,
      "Points": [
        {
          "X": 2.95370436,
          "Y": -1.58509278
        }
      ],
      "Data": null
    },
    {
      "Name": "BUS",
      "ID": 3715947,
      "Points": [
        {
          "X": 1.3858242,
          "Y": 0.153676331
        },
        {
          "X": 0.339528084,
          "Y": 0.162935615
        }
      ],
      "Data": null
    },
    {
      "Name": "BUS",
      "ID": 1283625516,
      "Points": [
        {
          "X": 1.38405442,
          "Y": -0.04631582
        },
        {
          "X": 0.337758183,
          "Y": -0.0370565355
        }
      ],
      "Data": null
    },
    {
      "Name": "BUS",
      "ID": 1402718934,
      "Points": [
        {
          "X": 1.38228464,
          "Y": -0.246308
        },
        {
          "X": 0.335988283,
          "Y": -0.237048715
        }
      ],
      "Data": null
    },
    {
      "Name": "BUS",
      "ID": 1370995243,
      "Points": [
        {
          "X": 1.38051462,
          "Y": -0.446300149
        },
        {
          "X": 0.3342185,
          "Y": -0.437040865
        }
      ],
      "Data": null
    },
    {
      "Name": "BUS",
      "ID": 126045691,
      "Points": [
        {
          "X": 1.37874484,
          "Y": -0.6462923
        },
        {
          "X": 0.3324486,
          "Y": -0.637033045
        }
      ],
      "Data": null
    },
    {
      "Name": "BUS",
      "ID": 560913183,
      "Points": [
        {
          "X": 1.376975,
          "Y": -0.8462845
        },
        {
          "X": 0.330678821,
          "Y": -0.837025166
        }
      ],
      "Data": null
    },
    {
      "Name": "BUS",
      "ID": 941254090,
      "Points": [
        {
          "X": 1.37520528,
          "Y": -1.04627669
        },
        {
          "X": 0.32890892,
          "Y": -1.03701735
        }
      ],
      "Data": null
    },
    {
      "Name": "BUS",
      "ID": 1265419616,
      "Points": [
        {
          "X": 1.37343526,
          "Y": -1.24626875
        },
        {
          "X": 0.327139139,
          "Y": -1.23700953
        }
      ],
      "Data": null
    },
    {
      "Name": "BUS",
      "ID": 1027550499,
      "Points": [
        {
          "X": 0.513851643,
          "Y": -2.41470957
        },
        {
          "X": -0.291703761,
          "Y": -2.45174623
        }
      ],
      "Data": null
    },
    {
      "Name": "BUS",
      "ID": 27219382,
      "Points": [
        {
          "X": 0.6666671,
          "Y": 2.47222233
        },
        {
          "X": 0.009259105,
          "Y": 2.490741
        }
      ],
      "Data": null
    },
    {
      "Name": "BUS",
      "ID": 1386329210,
      "Points": [
        {
          "X": 0.71168077,
          "Y": 0.970362067
        },
        {
          "X": -0.0105410218,
          "Y": 0.9611031
        }
      ],
      "Data": null
    },
    {
      "Name": "BUS",
      "ID": 2089950243,
      "Points": [
        {
          "X": 0.6574069,
          "Y": -4.12962961
        },
        {
          "X": -0.17592591,
          "Y": -4.08333349
        }
      ],
      "Data": null
    },
    {
      "Name": "BUS",
      "ID": 216820226,
      "Points": [
        {
          "X": -4.212963,
          "Y": 1.62962973
        },
        {
          "X": -4.740741,
          "Y": 1.564815
        }
      ],
      "Data": null
    },
    {
      "Name": "BUS",
      "ID": 1193204071,
      "Points": [
        {
          "X": -2.7962966,
          "Y": -3.38888884
        },
        {
          "X": -3.18518543,
          "Y": -3.37962985
        }
      ],
      "Data": null
    },
    {
      "Name": "BUS",
      "ID": 742110340,
      "Points": [
        {
          "X": 0.620370448,
          "Y": -3.824074
        },
        {
          "X": -0.037037015,
          "Y": -3.81481457
        }
      ],
      "Data": null
    }
  ],
  "Connections": [
    {
      "Source": {
        "PinType": 1,
        "SubChipID": 0,
        "PinID": 1873865507
      },
      "Target": {
        "PinType": 3,
        "SubChipID": 358925917,
        "PinID": 0
      },
      "WirePoints": [
        {
          "X": -7.837778,
          "Y": 4.23148155
        }
      ],
      "ColourThemeName": "Red"
    },
    {
      "Source": {
        "PinType": 1,
        "SubChipID": 0,
        "PinID": 63641427
      },
      "Target": {
        "PinType": 3,
        "SubChipID": 95061757,
        "PinID": 0
      },
      "WirePoints": [
        {
          "X": -7.837778,
          "Y": 3.740741
        }
      ],
      "ColourThemeName": "Red"
    },
    {
      "Source": {
        "PinType": 1,
        "SubChipID": 0,
        "PinID": 1723447257
      },
      "Target": {
        "PinType": 3,
        "SubChipID": 1532618592,
        "PinID": 0
      },
      "WirePoints": [
        {
          "X": -7.837778,
          "Y": 3.29629612
        }
      ],
      "ColourThemeName": "Red"
    },
    {
      "Source": {
        "PinType": 1,
        "SubChipID": 0,
        "PinID": 1237626634
      },
      "Target": {
        "PinType": 3,
        "SubChipID": 1180312320,
        "PinID": 0
      },
      "WirePoints": [
        {
          "X": -7.837778,
          "Y": 2.787037
        }
      ],
      "ColourThemeName": "Red"
    },
    {
      "Source": {
        "PinType": 1,
        "SubChipID": 0,
        "PinID": 1896472784
      },
      "Target": {
        "PinType": 3,
        "SubChipID": 1559434525,
        "PinID": 0
      },
      "WirePoints": [
        {
          "X": -7.837778,
          "Y": 2.268519
        }
      ],
      "ColourThemeName": "Red"
    },
    {
      "Source": {
        "PinType": 1,
        "SubChipID": 0,
        "PinID": 423769338
      },
      "Target": {
        "PinType": 3,
        "SubChipID": 1619812019,
        "PinID": 0
      },
      "WirePoints": [
        {
          "X": -7.837778,
          "Y": 1.86111093
        }
      ],
      "ColourThemeName": "Red"
    },
    {
      "Source": {
        "PinType": 1,
        "SubChipID": 0,
        "PinID": 890960839
      },
      "Target": {
        "PinType": 3,
        "SubChipID": 30709370,
        "PinID": 0
      },
      "WirePoints": [
        {
          "X": -7.837778,
          "Y": 1.41666651
        }
      ],
      "ColourThemeName": "Red"
    },
    {
      "Source": {
        "PinType": 1,
        "SubChipID": 0,
        "PinID": 850560290
      },
      "Target": {
        "PinType": 3,
        "SubChipID": 5644602,
        "PinID": 0
      },
      "WirePoints": [
        {
          "X": -7.837778,
          "Y": 0.9722221
        }
      ],
      "ColourThemeName": "Red"
    },
    {
      "Source": {
        "PinType": 1,
        "SubChipID": 0,
        "PinID": 538323610
      },
      "Target": {
        "PinType": 3,
        "SubChipID": 1182782569,
        "PinID": 0
      },
      "WirePoints": [
        {
          "X": -7.837778,
          "Y": -4.07407427
        }
      ],
      "ColourThemeName": "Red"
    },
    {
      "Source": {
        "PinType": 1,
        "SubChipID": 0,
        "PinID": 572411175
      },
      "Target": {
        "PinType": 3,
        "SubChipID": 1131454672,
        "PinID": 0
      },
      "WirePoints": [
        {
          "X": -7.837778,
          "Y": -3.1018517
        }
      ],
      "ColourThemeName": "Red"
    },
    {
      "Source": {
        "PinType": 1,
        "SubChipID": 0,
        "PinID": 252889857
      },
      "Target": {
        "PinType": 3,
        "SubChipID": 1219295038,
        "PinID": 0
      },
      "WirePoints": [
        {
          "X": -7.837778,
          "Y": -1.88888884
        }
      ],
      "ColourThemeName": "Red"
    },
    {
      "Source": {
        "PinType": 1,
        "SubChipID": 0,
        "PinID": 1759993952
      },
      "Target": {
        "PinType": 3,
        "SubChipID": 357768425,
        "PinID": 0
      },
      "WirePoints": [
        {
          "X": -7.837778,
          "Y": -1.185185
        }
      ],
      "ColourThemeName": "Red"
    },
    {
      "Source": {
        "PinType": 1,
        "SubChipID": 0,
        "PinID": 572411175
      },
      "Target": {
        "PinType": 3,
        "SubChipID": 1549274832,
        "PinID": 0
      },
      "WirePoints": [
        {
          "X": -7.837778,
          "Y": -3.1018517
        }
      ],
      "ColourThemeName": "Red"
    },
    {
      "Source": {
        "PinType": 1,
        "SubChipID": 0,
        "PinID": 252889857
      },
      "Target": {
        "PinType": 3,
        "SubChipID": 298857324,
        "PinID": 0
      },
      "WirePoints": [
        {
          "X": -7.837778,
          "Y": -1.88888884
        }
      ],
      "ColourThemeName": "Red"
    },
    {
      "Source": {
        "PinType": 1,
        "SubChipID": 0,
        "PinID": 1759993952
      },
      "Target": {
        "PinType": 3,
        "SubChipID": 616638442,
        "PinID": 0
      },
      "WirePoints": [
        {
          "X": -7.837778,
          "Y": -1.185185
        }
      ],
      "ColourThemeName": "Red"
    },
    {
      "Source": {
        "PinType": 4,
        "SubChipID": 1284177546,
        "PinID": 1
      },
      "Target": {
        "PinType": 3,
        "SubChipID": 1965009075,
        "PinID": 0
      },
      "WirePoints": [
        {
          "X": -2.57962966,
          "Y": 1.49999976
        },
        {
          "X": -2.040741,
          "Y": 1.56444466
        }
      ],
      "ColourThemeName": "Red"
    },
    {
      "Source": {
        "PinType": 4,
        "SubChipID": 1965009075,
        "PinID": 2
      },
      "Target": {
        "PinType": 3,
        "SubChipID": 810362820,
        "PinID": 0
      },
      "WirePoints": [
        {
          "X": -0.9407409,
          "Y": 1.44444466
        }
      ],
      "ColourThemeName": "Red"
    },
    {
      "Source": {
        "PinType": 1,
        "SubChipID": 0,
        "PinID": 1939383565
      },
      "Target": {
        "PinType": 3,
        "SubChipID": 630350966,
        "PinID": 0
      },
      "WirePoints": [
        {
          "X": -7.837778,
          "Y": -3.481482
        }
      ],
      "ColourThemeName": "Red"
    },
    {
      "Source": {
        "PinType": 4,
        "SubChipID": 630350966,
        "PinID": 1
      },
      "Target": {
        "PinType": 3,
        "SubChipID": 1965009075,
        "PinID": 1
      },
      "WirePoints": [
        {
          "X": -2.040741,
          "Y": 1.32444465
        }
      ],
      "ColourThemeName": "Red"
    },
    {
      "Source": {
        "PinType": 4,
        "SubChipID": 254858260,
        "PinID": 2
      },
      "Target": {
        "PinType": 3,
        "SubChipID": 324916659,
        "PinID": 0
      },
      "WirePoints": [
        {
          "X": -1.1444447,
          "Y": -3.55555534
        }
      ],
      "ColourThemeName": "Red"
    },
    {
      "Source": {
        "PinType": 4,
        "SubChipID": 1295711938,
        "PinID": 1
      },
      "Target": {
        "PinType": 3,
        "SubChipID": 254858260,
        "PinID": 1
      },
      "WirePoints": [
        {
          "X": -2.24444461,
          "Y": -3.67555523
        }
      ],
      "ColourThemeName": "Red"
    },
    {
      "Source": {
        "PinType": 1,
        "SubChipID": 0,
        "PinID": 1939383565
      },
      "Target": {
        "PinType": 3,
        "SubChipID": 1295711938,
        "PinID": 0
      },
      "WirePoints": [
        {
          "X": -7.837778,
          "Y": -3.481482
        }
      ],
      "ColourThemeName": "Red"
    },
    {
      "Source": {
        "PinType": 1,
        "SubChipID": 0,
        "PinID": 1190999373
      },
      "Target": {
        "PinType": 3,
        "SubChipID": 908371600,
        "PinID": 0
      },
      "WirePoints": [
        {
          "X": -7.837778,
          "Y": -2.38888884
        }
      ],
      "ColourThemeName": "Red"
    },
    {
      "Source": {
        "PinType": 4,
        "SubChipID": 1284177546,
        "PinID": 1
      },
      "Target": {
        "PinType": 3,
        "SubChipID": 1920009106,
        "PinID": 1
      },
      "WirePoints": [
        {
          "X": -2.57962966,
          "Y": 1.49999976
        },
        {
          "X": -2.35873365,
          "Y": 1.52641642
        },
        {
          "X": -2.33333325,
          "Y": 2.05555558
        },
        {
          "X": -2.05,
          "Y": 2.13925934
        }
      ],
      "ColourThemeName": "Red"
    },
    {
      "Source": {
        "PinType": 1,
        "SubChipID": 0,
        "PinID": 1190999373
      },
      "Target": {
        "PinType": 3,
        "SubChipID": 986714729,
        "PinID": 0
      },
      "WirePoints": [
        {
          "X": -7.837778,
          "Y": -2.38888884
        }
      ],
      "ColourThemeName": "Red"
    },
    {
      "Source": {
        "PinType": 4,
        "SubChipID": 986714729,
        "PinID": 1
      },
      "Target": {
        "PinType": 3,
        "SubChipID": 1920009106,
        "PinID": 0
      },
      "WirePoints": [
        {
          "X": -2.05,
          "Y": 2.379259
        }
      ],
      "ColourThemeName": "Red"
    },
    {
      "Source": {
        "PinType": 4,
        "SubChipID": 908371600,
        "PinID": 1
      },
      "Target": {
        "PinType": 3,
        "SubChipID": 412418024,
        "PinID": 1
      },
      "WirePoints": [
        {
          "X": -2.41111135,
          "Y": -2.87
        }
      ],
      "ColourThemeName": "Red"
    },
    {
      "Source": {
        "PinType": 1,
        "SubChipID": 0,
        "PinID": 264559730
      },
      "Target": {
        "PinType": 3,
        "SubChipID": 1042401905,
        "PinID": 0
      },
      "WirePoints": [
        {
          "X": -7.837778,
          "Y": -0.6296301
        }
      ],
      "ColourThemeName": "Red"
    },
    {
      "Source": {
        "PinType": 1,
        "SubChipID": 0,
        "PinID": 264559730
      },
      "Target": {
        "PinType": 3,
        "SubChipID": 649104243,
        "PinID": 0
      },
      "WirePoints": [
        {
          "X": -7.837778,
          "Y": -0.6296301
        }
      ],
      "ColourThemeName": "Red"
    },
    {
      "Source": {
        "PinType": 4,
        "SubChipID": 358925917,
        "PinID": 1
      },
      "Target": {
        "PinType": 3,
        "SubChipID": 251744982,
        "PinID": 1873865507
      },
      "WirePoints": [
        {
          "X": 2.10370445,
          "Y": 4.1999073
        }
      ],
      "ColourThemeName": "Red"
    },
    {
      "Source": {
        "PinType": 4,
        "SubChipID": 95061757,
        "PinID": 1
      },
      "Target": {
        "PinType": 3,
        "SubChipID": 251744982,
        "PinID": 63641427
      },
      "WirePoints": [
        {
          "X": 2.10370445,
          "Y": 3.95990753
        }
      ],
      "ColourThemeName": "Red"
    },
    {
      "Source": {
        "PinType": 4,
        "SubChipID": 1532618592,
        "PinID": 1
      },
      "Target": {
        "PinType": 3,
        "SubChipID": 251744982,
        "PinID": 1723447257
      },
      "WirePoints": [
        {
          "X": 2.10370445,
          "Y": 3.71990728
        }
      ],
      "ColourThemeName": "Red"
    },
    {
      "Source": {
        "PinType": 4,
        "SubChipID": 1180312320,
        "PinID": 1
      },
      "Target": {
        "PinType": 3,
        "SubChipID": 251744982,
        "PinID": 1237626634
      },
      "WirePoints": [
        {
          "X": 2.10370445,
          "Y": 3.47990751
        }
      ],
      "ColourThemeName": "Red"
    },
    {
      "Source": {
        "PinType": 4,
        "SubChipID": 1559434525,
        "PinID": 1
      },
      "Target": {
        "PinType": 3,
        "SubChipID": 251744982,
        "PinID": 1896472784
      },
      "WirePoints": [
        {
          "X": 2.10370445,
          "Y": 3.23990726
        }
      ],
      "ColourThemeName": "Red"
    },
    {
      "Source": {
        "PinType": 4,
        "SubChipID": 1619812019,
        "PinID": 1
      },
      "Target": {
        "PinType": 3,
        "SubChipID": 251744982,
        "PinID": 423769338
      },
      "WirePoints": [
        {
          "X": 2.10370445,
          "Y": 2.99990726
        }
      ],
      "ColourThemeName": "Red"
    },
    {
      "Source": {
        "PinType": 4,
        "SubChipID": 30709370,
        "PinID": 1
      },
      "Target": {
        "PinType": 3,
        "SubChipID": 251744982,
        "PinID": 890960839
      },
      "WirePoints": [
        {
          "X": 2.10370445,
          "Y": 2.75990725
        }
      ],
      "ColourThemeName": "Red"
    },
    {
      "Source": {
        "PinType": 4,
        "SubChipID": 5644602,
        "PinID": 1
      },
      "Target": {
        "PinType": 3,
        "SubChipID": 251744982,
        "PinID": 850560290
      },
      "WirePoints": [
        {
          "X": 2.10370445,
          "Y": 2.51990724
        }
      ],
      "ColourThemeName": "Red"
    },
    {
      "Source": {
        "PinType": 1,
        "SubChipID": 0,
        "PinID": 1873865507
      },
      "Target": {
        "PinType": 3,
        "SubChipID": 3715947,
        "PinID": 0
      },
      "WirePoints": [
        {
          "X": -7.837778,
          "Y": 4.23148155
        }
      ],
      "ColourThemeName": "Red"
    },
    {
      "Source": {
        "PinType": 1,
        "SubChipID": 0,
        "PinID": 63641427
      },
      "Target": {
        "PinType": 3,
        "SubChipID": 1283625516,
        "PinID": 0
      },
      "WirePoints": [
        {
          "X": -7.837778,
          "Y": 3.740741
        }
      ],
      "ColourThemeName": "Red"
    },
    {
      "Source": {
        "PinType": 1,
        "SubChipID": 0,
        "PinID": 1723447257
      },
      "Target": {
        "PinType": 3,
        "SubChipID": 1402718934,
        "PinID": 0
      },
      "WirePoints": [
        {
          "X": -7.837778,
          "Y": 3.29629612
        }
      ],
      "ColourThemeName": "Red"
    },
    {
      "Source": {
        "PinType": 1,
        "SubChipID": 0,
        "PinID": 1237626634
      },
      "Target": {
        "PinType": 3,
        "SubChipID": 1370995243,
        "PinID": 0
      },
      "WirePoints": [
        {
          "X": -7.837778,
          "Y": 2.787037
        }
      ],
      "ColourThemeName": "Red"
    },
    {
      "Source": {
        "PinType": 1,
        "SubChipID": 0,
        "PinID": 1896472784
      },
      "Target": {
        "PinType": 3,
        "SubChipID": 126045691,
        "PinID": 0
      },
      "WirePoints": [
        {
          "X": -7.837778,
          "Y": 2.268519
        }
      ],
      "ColourThemeName": "Red"
    },
    {
      "Source": {
        "PinType": 1,
        "SubChipID": 0,
        "PinID": 423769338
      },
      "Target": {
        "PinType": 3,
        "SubChipID": 560913183,
        "PinID": 0
      },
      "WirePoints": [
        {
          "X": -7.837778,
          "Y": 1.86111093
        }
      ],
      "ColourThemeName": "Red"
    },
    {
      "Source": {
        "PinType": 1,
        "SubChipID": 0,
        "PinID": 890960839
      },
      "Target": {
        "PinType": 3,
        "SubChipID": 941254090,
        "PinID": 0
      },
      "WirePoints": [
        {
          "X": -7.837778,
          "Y": 1.41666651
        }
      ],
      "ColourThemeName": "Red"
    },
    {
      "Source": {
        "PinType": 1,
        "SubChipID": 0,
        "PinID": 850560290
      },
      "Target": {
        "PinType": 3,
        "SubChipID": 1265419616,
        "PinID": 0
      },
      "WirePoints": [
        {
          "X": -7.837778,
          "Y": 0.9722221
        }
      ],
      "ColourThemeName": "Red"
    },
    {
      "Source": {
        "PinType": 4,
        "SubChipID": 3715947,
        "PinID": 1
      },
      "Target": {
        "PinType": 3,
        "SubChipID": 1389242854,
        "PinID": 1873865507
      },
      "WirePoints": [
        {
          "X": 2.10370445,
          "Y": 0.214907289
        }
      ],
      "ColourThemeName": "Red"
    },
    {
      "Source": {
        "PinType": 4,
        "SubChipID": 1283625516,
        "PinID": 1
      },
      "Target": {
        "PinType": 3,
        "SubChipID": 1389242854,
        "PinID": 63641427
      },
      "WirePoints": [
        {
          "X": 2.10370445,
          "Y": -0.025092721
        }
      ],
      "ColourThemeName": "Red"
    },
    {
      "Source": {
        "PinType": 4,
        "SubChipID": 1402718934,
        "PinID": 1
      },
      "Target": {
        "PinType": 3,
        "SubChipID": 1389242854,
        "PinID": 1723447257
      },
      "WirePoints": [
        {
          "X": 2.10370445,
          "Y": -0.265092731
        }
      ],
      "ColourThemeName": "Red"
    },
    {
      "Source": {
        "PinType": 4,
        "SubChipID": 1370995243,
        "PinID": 1
      },
      "Target": {
        "PinType": 3,
        "SubChipID": 1389242854,
        "PinID": 1237626634
      },
      "WirePoints": [
        {
          "X": 2.10370445,
          "Y": -0.50509274
        }
      ],
      "ColourThemeName": "Red"
    },
    {
      "Source": {
        "PinType": 4,
        "SubChipID": 126045691,
        "PinID": 1
      },
      "Target": {
        "PinType": 3,
        "SubChipID": 1389242854,
        "PinID": 1896472784
      },
      "WirePoints": [
        {
          "X": 2.10370445,
          "Y": -0.7450928
        }
      ],
      "ColourThemeName": "Red"
    },
    {
      "Source": {
        "PinType": 4,
        "SubChipID": 560913183,
        "PinID": 1
      },
      "Target": {
        "PinType": 3,
        "SubChipID": 1389242854,
        "PinID": 423769338
      },
      "WirePoints": [
        {
          "X": 2.10370445,
          "Y": -0.9850928
        }
      ],
      "ColourThemeName": "Red"
    },
    {
      "Source": {
        "PinType": 4,
        "SubChipID": 941254090,
        "PinID": 1
      },
      "Target": {
        "PinType": 3,
        "SubChipID": 1389242854,
        "PinID": 890960839
      },
      "WirePoints": [
        {
          "X": 2.10370445,
          "Y": -1.22509277
        }
      ],
      "ColourThemeName": "Red"
    },
    {
      "Source": {
        "PinType": 4,
        "SubChipID": 1265419616,
        "PinID": 1
      },
      "Target": {
        "PinType": 3,
        "SubChipID": 1389242854,
        "PinID": 850560290
      },
      "WirePoints": [
        {
          "X": 2.10370445,
          "Y": -1.46509278
        }
      ],
      "ColourThemeName": "Red"
    },
    {
      "Source": {
        "PinType": 4,
        "SubChipID": 1182782569,
        "PinID": 1
      },
      "Target": {
        "PinType": 3,
        "SubChipID": 251744982,
        "PinID": 538323610
      },
      "WirePoints": [
        {
          "X": 2.10370445,
          "Y": 0.5999073
        }
      ],
      "ColourThemeName": "Red"
    },
    {
      "Source": {
        "PinType": 4,
        "SubChipID": 1131454672,
        "PinID": 1
      },
      "Target": {
        "PinType": 3,
        "SubChipID": 251744982,
        "PinID": 572411175
      },
      "WirePoints": [
        {
          "X": 2.10370445,
          "Y": 1.0799073
        }
      ],
      "ColourThemeName": "Red"
    },
    {
      "Source": {
        "PinType": 4,
        "SubChipID": 1549274832,
        "PinID": 1
      },
      "Target": {
        "PinType": 3,
        "SubChipID": 1389242854,
        "PinID": 572411175
      },
      "WirePoints": [
        {
          "X": 2.10370445,
          "Y": -2.90509272
        }
      ],
      "ColourThemeName": "Red"
    },
    {
      "Source": {
        "PinType": 4,
        "SubChipID": 298857324,
        "PinID": 1
      },
      "Target": {
        "PinType": 3,
        "SubChipID": 1389242854,
        "PinID": 252889857
      },
      "WirePoints": [
        {
          "X": 2.10370445,
          "Y": -2.425093
        }
      ],
      "ColourThemeName": "Red"
    },
    {
      "Source": {
        "PinType": 4,
        "SubChipID": 1219295038,
        "PinID": 1
      },
      "Target": {
        "PinType": 3,
        "SubChipID": 251744982,
        "PinID": 252889857
      },
      "WirePoints": [
        {
          "X": 2.10370445,
          "Y": 1.5599072
        }
      ],
      "ColourThemeName": "Red"
    },
    {
      "Source": {
        "PinType": 1,
        "SubChipID": 0,
        "PinID": 1162376658
      },
      "Target": {
        "PinType": 3,
        "SubChipID": 27219382,
        "PinID": 0
      },
      "WirePoints": [
        {
          "X": -7.837778,
          "Y": -0.111110508
        }
      ],
      "ColourThemeName": "Red"
    },
    {
      "Source": {
        "PinType": 4,
        "SubChipID": 27219382,
        "PinID": 1
      },
      "Target": {
        "PinType": 3,
        "SubChipID": 251744982,
        "PinID": 1391315133
      },
      "WirePoints": [
        {
          "X": 2.10370445,
          "Y": 2.27990723
        }
      ],
      "ColourThemeName": "Red"
    },
    {
      "Source": {
        "PinType": 4,
        "SubChipID": 649104243,
        "PinID": 1
      },
      "Target": {
        "PinType": 3,
        "SubChipID": 251744982,
        "PinID": 264559730
      },
      "WirePoints": [
        {
          "X": 2.10370445,
          "Y": 2.03990722
        }
      ],
      "ColourThemeName": "Red"
    },
    {
      "Source": {
        "PinType": 4,
        "SubChipID": 357768425,
        "PinID": 1
      },
      "Target": {
        "PinType": 3,
        "SubChipID": 251744982,
        "PinID": 1759993952
      },
      "WirePoints": [
        {
          "X": 2.10370445,
          "Y": 1.79990721
        }
      ],
      "ColourThemeName": "Red"
    },
    {
      "Source": {
        "PinType": 4,
        "SubChipID": 616638442,
        "PinID": 1
      },
      "Target": {
        "PinType": 3,
        "SubChipID": 1389242854,
        "PinID": 1759993952
      },
      "WirePoints": [
        {
          "X": 2.10370445,
          "Y": -2.185093
        }
      ],
      "ColourThemeName": "Red"
    },
    {
      "Source": {
        "PinType": 4,
        "SubChipID": 1042401905,
        "PinID": 1
      },
      "Target": {
        "PinType": 3,
        "SubChipID": 1389242854,
        "PinID": 264559730
      },
      "WirePoints": [
        {
          "X": 2.10370445,
          "Y": -1.94509292
        }
      ],
      "ColourThemeName": "Red"
    },
    {
      "Source": {
        "PinType": 4,
        "SubChipID": 1027550499,
        "PinID": 1
      },
      "Target": {
        "PinType": 3,
        "SubChipID": 1389242854,
        "PinID": 1391315133
      },
      "WirePoints": [
        {
          "X": 2.10370445,
          "Y": -1.70509291
        }
      ],
      "ColourThemeName": "Red"
    },
    {
      "Source": {
        "PinType": 1,
        "SubChipID": 0,
        "PinID": 1162376658
      },
      "Target": {
        "PinType": 3,
        "SubChipID": 1027550499,
        "PinID": 0
      },
      "WirePoints": [
        {
          "X": -7.837778,
          "Y": -0.111110508
        }
      ],
      "ColourThemeName": "Red"
    },
    {
      "Source": {
        "PinType": 4,
        "SubChipID": 216820226,
        "PinID": 1
      },
      "Target": {
        "PinType": 3,
        "SubChipID": 1284177546,
        "PinID": 0
      },
      "WirePoints": [
        {
          "X": -3.67962956,
          "Y": 1.49999976
        }
      ],
      "ColourThemeName": "Red"
    },
    {
      "Source": {
        "PinType": 1,
        "SubChipID": 0,
        "PinID": 2064233659
      },
      "Target": {
        "PinType": 3,
        "SubChipID": 216820226,
        "PinID": 0
      },
      "WirePoints": [
        {
          "X": -7.837778,
          "Y": 0.259259343
        }
      ],
      "ColourThemeName": "Red"
    },
    {
      "Source": {
        "PinType": 4,
        "SubChipID": 1193204071,
        "PinID": 1
      },
      "Target": {
        "PinType": 3,
        "SubChipID": 254858260,
        "PinID": 0
      },
      "WirePoints": [
        {
          "X": -2.24444461,
          "Y": -3.43555546
        }
      ],
      "ColourThemeName": "Red"
    },
    {
      "Source": {
        "PinType": 4,
        "SubChipID": 1193204071,
        "PinID": 1
      },
      "Target": {
        "PinType": 3,
        "SubChipID": 412418024,
        "PinID": 0
      },
      "WirePoints": [
        {
          "X": -2.92585254,
          "Y": -3.38580418
        },
        {
          "X": -3.027778,
          "Y": -2.57407427
        },
        {
          "X": -2.41111135,
          "Y": -2.63
        }
      ],
      "ColourThemeName": "Red"
    },
    {
      "Source": {
        "PinType": 1,
        "SubChipID": 0,
        "PinID": 2064233659
      },
      "Target": {
        "PinType": 3,
        "SubChipID": 1193204071,
        "PinID": 0
      },
      "WirePoints": [
        {
          "X": -7.837778,
          "Y": 0.259259343
        }
      ],
      "ColourThemeName": "Red"
    },
    {
      "Source": {
        "PinType": 4,
        "SubChipID": 324916659,
        "PinID": 1
      },
      "Target": {
        "PinType": 3,
        "SubChipID": 1389242854,
        "PinID": 1939383565
      },
      "WirePoints": [
        {
          "X": 2.10370445,
          "Y": -3.145093
        }
      ],
      "ColourThemeName": "Red"
    },
    {
      "Source": {
        "PinType": 4,
        "SubChipID": 324916659,
        "PinID": 1
      },
      "Target": {
        "PinType": 3,
        "SubChipID": 1389242854,
        "PinID": 1939383565
      },
      "WirePoints": [
        {
          "X": 2.10370445,
          "Y": -3.145093
        }
      ],
      "ColourThemeName": "Red"
    },
    {
      "Source": {
        "PinType": 4,
        "SubChipID": 324916659,
        "PinID": 1
      },
      "Target": {
        "PinType": 3,
        "SubChipID": 1389242854,
        "PinID": 1939383565
      },
      "WirePoints": [
        {
          "X": 2.10370445,
          "Y": -3.145093
        }
      ],
      "ColourThemeName": "Red"
    },
    {
      "Source": {
        "PinType": 1,
        "SubChipID": 0,
        "PinID": 538323610
      },
      "Target": {
        "PinType": 3,
        "SubChipID": 742110340,
        "PinID": 0
      },
      "WirePoints": [
        {
          "X": -7.837778,
          "Y": -4.07407427
        }
      ],
      "ColourThemeName": "Red"
    },
    {
      "Source": {
        "PinType": 4,
        "SubChipID": 742110340,
        "PinID": 1
      },
      "Target": {
        "PinType": 3,
        "SubChipID": 1389242854,
        "PinID": 538323610
      },
      "WirePoints": [
        {
          "X": 2.10370445,
          "Y": -3.38509274
        }
      ],
      "ColourThemeName": "Red"
    },
    {
      "Source": {
        "PinType": 4,
        "SubChipID": 810362820,
        "PinID": 1
      },
      "Target": {
        "PinType": 3,
        "SubChipID": 251744982,
        "PinID": 1939383565
      },
      "WirePoints": [
        {
          "X": 2.10370445,
          "Y": 0.8399073
        }
      ],
      "ColourThemeName": "Red"
    },
    {
      "Source": {
        "PinType": 4,
        "SubChipID": 1920009106,
        "PinID": 2
      },
      "Target": {
        "PinType": 3,
        "SubChipID": 1386329210,
        "PinID": 0
      },
      "WirePoints": [
        {
          "X": -0.95,
          "Y": 2.25925922
        }
      ],
      "ColourThemeName": "Red"
    },
    {
      "Source": {
        "PinType": 4,
        "SubChipID": 1386329210,
        "PinID": 1
      },
      "Target": {
        "PinType": 3,
        "SubChipID": 251744982,
        "PinID": 1190999373
      },
      "WirePoints": [
        {
          "X": 2.10370445,
          "Y": 1.31990731
        }
      ],
      "ColourThemeName": "Red"
    },
    {
      "Source": {
        "PinType": 4,
        "SubChipID": 412418024,
        "PinID": 2
      },
      "Target": {
        "PinType": 3,
        "SubChipID": 2089950243,
        "PinID": 0
      },
      "WirePoints": [
        {
          "X": -1.31111145,
          "Y": -2.75
        }
      ],
      "ColourThemeName": "Red"
    },
    {
      "Source": {
        "PinType": 4,
        "SubChipID": 2089950243,
        "PinID": 1
      },
      "Target": {
        "PinType": 3,
        "SubChipID": 1389242854,
        "PinID": 1190999373
      },
      "WirePoints": [
        {
          "X": 2.10370445,
          "Y": -2.665093
        }
      ],
      "ColourThemeName": "Red"
    },
    {
      "Source": {
        "PinType": 4,
        "SubChipID": 251744982,
        "PinID": 640609474
      },
      "Target": {
        "PinType": 2,
        "SubChipID": 0,
        "PinID": 640609474
      },
      "WirePoints": [
        {
          "X": 3.80370426,
          "Y": 4.1999073
        },
        {
          "X": 7.837778,
          "Y": 3.67592573
        }
      ],
      "ColourThemeName": "Red"
    },
    {
      "Source": {
        "PinType": 4,
        "SubChipID": 251744982,
        "PinID": 1764891376
      },
      "Target": {
        "PinType": 2,
        "SubChipID": 0,
        "PinID": 1764891376
      },
      "WirePoints": [
        {
          "X": 3.80370426,
          "Y": 3.68562174
        },
        {
          "X": 7.837778,
          "Y": 3.12962961
        }
      ],
      "ColourThemeName": "Red"
    },
    {
      "Source": {
        "PinType": 4,
        "SubChipID": 251744982,
        "PinID": 1354084789
      },
      "Target": {
        "PinType": 2,
        "SubChipID": 0,
        "PinID": 1354084789
      },
      "WirePoints": [
        {
          "X": 3.80370426,
          "Y": 3.171336
        },
        {
          "X": 7.833334,
          "Y": 2.45370388
        },
        {
          "X": 7.837778,
          "Y": 2.58333325
        }
      ],
      "ColourThemeName": "Red"
    },
    {
      "Source": {
        "PinType": 4,
        "SubChipID": 251744982,
        "PinID": 2081558438
      },
      "Target": {
        "PinType": 2,
        "SubChipID": 0,
        "PinID": 2081558438
      },
      "WirePoints": [
        {
          "X": 3.80370426,
          "Y": 2.65705013
        },
        {
          "X": 7.837778,
          "Y": 2.00925946
        }
      ],
      "ColourThemeName": "Red"
    },
    {
      "Source": {
        "PinType": 4,
        "SubChipID": 251744982,
        "PinID": 1757278177
      },
      "Target": {
        "PinType": 2,
        "SubChipID": 0,
        "PinID": 1757278177
      },
      "WirePoints": [
        {
          "X": 3.80370426,
          "Y": 2.14276433
        },
        {
          "X": 7.837778,
          "Y": 1.259259
        }
      ],
      "ColourThemeName": "Red"
    },
    {
      "Source": {
        "PinType": 4,
        "SubChipID": 251744982,
        "PinID": 487649070
      },
      "Target": {
        "PinType": 2,
        "SubChipID": 0,
        "PinID": 487649070
      },
      "WirePoints": [
        {
          "X": 3.80370426,
          "Y": 1.62847877
        },
        {
          "X": 7.837778,
          "Y": 0.703703761
        }
      ],
      "ColourThemeName": "Red"
    },
    {
      "Source": {
        "PinType": 4,
        "SubChipID": 251744982,
        "PinID": 1528841058
      },
      "Target": {
        "PinType": 2,
        "SubChipID": 0,
        "PinID": 1528841058
      },
      "WirePoints": [
        {
          "X": 3.80370426,
          "Y": 1.114193
        },
        {
          "X": 7.837778,
          "Y": 0.0277775526
        }
      ],
      "ColourThemeName": "Red"
    },
    {
      "Source": {
        "PinType": 4,
        "SubChipID": 251744982,
        "PinID": 731942415
      },
      "Target": {
        "PinType": 2,
        "SubChipID": 0,
        "PinID": 731942415
      },
      "WirePoints": [
        {
          "X": 3.80370426,
          "Y": 0.5999073
        },
        {
          "X": 7.837778,
          "Y": -0.6111112
        }
      ],
      "ColourThemeName": "Red"
    },
    {
      "Source": {
        "PinType": 4,
        "SubChipID": 1389242854,
        "PinID": 640609474
      },
      "Target": {
        "PinType": 2,
        "SubChipID": 0,
        "PinID": 640609474
      },
      "WirePoints": [
        {
          "X": 3.80370426,
          "Y": 0.214907289
        },
        {
          "X": 7.837778,
          "Y": 3.67592573
        }
      ],
      "ColourThemeName": "Red"
    },
    {
      "Source": {
        "PinType": 4,
        "SubChipID": 1389242854,
        "PinID": 1764891376
      },
      "Target": {
        "PinType": 2,
        "SubChipID": 0,
        "PinID": 1764891376
      },
      "WirePoints": [
        {
          "X": 3.80370426,
          "Y": -0.2993785
        },
        {
          "X": 7.837778,
          "Y": 3.12962961
        }
      ],
      "ColourThemeName": "Red"
    },
    {
      "Source": {
        "PinType": 4,
        "SubChipID": 1389242854,
        "PinID": 1354084789
      },
      "Target": {
        "PinType": 2,
        "SubChipID": 0,
        "PinID": 1354084789
      },
      "WirePoints": [
        {
          "X": 3.80370426,
          "Y": -0.8136642
        },
        {
          "X": 7.837778,
          "Y": 2.58333325
        }
      ],
      "ColourThemeName": "Red"
    },
    {
      "Source": {
        "PinType": 4,
        "SubChipID": 1389242854,
        "PinID": 2081558438
      },
      "Target": {
        "PinType": 2,
        "SubChipID": 0,
        "PinID": 2081558438
      },
      "WirePoints": [
        {
          "X": 3.80370426,
          "Y": -1.32795
        },
        {
          "X": 7.837778,
          "Y": 2.00925946
        }
      ],
      "ColourThemeName": "Red"
    },
    {
      "Source": {
        "PinType": 4,
        "SubChipID": 1389242854,
        "PinID": 1757278177
      },
      "Target": {
        "PinType": 2,
        "SubChipID": 0,
        "PinID": 1757278177
      },
      "WirePoints": [
        {
          "X": 3.80370426,
          "Y": -1.8422358
        },
        {
          "X": 7.837778,
          "Y": 1.259259
        }
      ],
      "ColourThemeName": "Red"
    },
    {
      "Source": {
        "PinType": 4,
        "SubChipID": 1389242854,
        "PinID": 487649070
      },
      "Target": {
        "PinType": 2,
        "SubChipID": 0,
        "PinID": 487649070
      },
      "WirePoints": [
        {
          "X": 3.80370426,
          "Y": -2.35652137
        },
        {
          "X": 7.837778,
          "Y": 0.703703761
        }
      ],
      "ColourThemeName": "Red"
    },
    {
      "Source": {
        "PinType": 4,
        "SubChipID": 1389242854,
        "PinID": 1528841058
      },
      "Target": {
        "PinType": 2,
        "SubChipID": 0,
        "PinID": 1528841058
      },
      "WirePoints": [
        {
          "X": 3.80370426,
          "Y": -2.87080717
        },
        {
          "X": 7.837778,
          "Y": 0.0277775526
        }
      ],
      "ColourThemeName": "Red"
    },
    {
      "Source": {
        "PinType": 4,
        "SubChipID": 1389242854,
        "PinID": 731942415
      },
      "Target": {
        "PinType": 2,
        "SubChipID": 0,
        "PinID": 731942415
      },
      "WirePoints": [
        {
          "X": 3.80370426,
          "Y": -3.38509274
        },
        {
          "X": 7.837778,
          "Y": -0.6111112
        }
      ],
      "ColourThemeName": "Red"
    }
  ]
}