{
  "Name": "16Nor",
  "Colour": "#3EC0FE",
  "InputPins": [
    {
      "Name": "Pin",
      "ID": 1438745425,
      "PositionY": 4.064815,
      "ColourThemeName": "Red"
    },
    {
      "Name": "Pin",
      "ID": 669909011,
      "PositionY": 3.537037,
      "ColourThemeName": "Red"
    },
    {
      "Name": "Pin",
      "ID": 1695890063,
      "PositionY": 3.08333349,
      "ColourThemeName": "Red"
    },
    {
      "Name": "Pin",
      "ID": 1281988021,
      "PositionY": 2.601852,
      "ColourThemeName": "Red"
    },
    {
      "Name": "Pin",
      "ID": 1573727223,
      "PositionY": 2.2037034,
      "ColourThemeName": "Red"
    },
    {
      "Name": "Pin",
      "ID": 328306000,
      "PositionY": 1.80555582,
      "ColourThemeName": "Red"
    },
    {
      "Name": "Pin",
      "ID": 559839882,
      "PositionY": 1.25,
      "ColourThemeName": "Red"
    },
    {
      "Name": "Pin",
      "ID": 1017771281,
      "PositionY": 0.824074149,
      "ColourThemeName": "Red"
    },
    {
      "Name": "Pin",
      "ID": 1751966627,
      "PositionY": -0.02777785,
      "ColourThemeName": "Red"
    },
    {
      "Name": "Pin",
      "ID": 1287064783,
      "PositionY": -0.444444418,
      "ColourThemeName": "Red"
    },
    {
      "Name": "Pin",
      "ID": 1337327464,
      "PositionY": -0.830370545,
      "ColourThemeName": "Red"
    },
    {
      "Name": "Pin",
      "ID": 823281595,
      "PositionY": -1.23462987,
      "ColourThemeName": "Red"
    },
    {
      "Name": "Pin",
      "ID": 1530443798,
      "PositionY": -1.63888907,
      "ColourThemeName": "Red"
    },
    {
      "Name": "Pin",
      "ID": 1094108601,
      "PositionY": -2.09777784,
      "ColourThemeName": "Red"
    },
    {
      "Name": "Pin",
      "ID": 690312653,
      "PositionY": -2.523889,
      "ColourThemeName": "Red"
    },
    {
      "Name": "Pin",
      "ID": 2005984675,
      "PositionY": -3.02648187,
      "ColourThemeName": "Red"
    }
  ],
  "OutputPins": [
    {
      "Name": "Pin",
      "ID": 2010561815,
      "PositionY": 2.70370364,
      "ColourThemeName": "Red"
    }
  ],
  "SubChips": [
    {
      "Name": "OR",
      "ID": 2147437492,
      "Points": [
        {
          "X": -5.91666651,
          "Y": 3.6111114
        }
      ],
      "Data": null
    },
    {
      "Name": "OR",
      "ID": 1770250750,
      "Points": [
        {
          "X": -5.91666651,
          "Y": 2.98611116
        }
      ],
      "Data": null
    },
    {
      "Name": "OR",
      "ID": 1083310357,
      "Points": [
        {
          "X": -5.91666651,
          "Y": 2.36111116
        }
      ],
      "Data": null
    },
    {
      "Name": "OR",
      "ID": 240436617,
      "Points": [
        {
          "X": -5.91666651,
          "Y": 1.736111
        }
      ],
      "Data": null
    },
    {
      "Name": "OR",
      "ID": 1771148553,
      "Points": [
        {
          "X": -4.18518543,
          "Y": 2.89583325
        }
      ],
      "Data": null
    },
    {
      "Name": "OR",
      "ID": 1630365566,
      "Points": [
        {
          "X": -4.18518543,
          "Y": 2.27083325
        }
      ],
      "Data": null
    },
    {
      "Name": "OR",
      "ID": 1329976058,
      "Points": [
        {
          "X": -7.18926,
          "Y": -0.19879669
        }
      ],
      "Data": null
    },
    {
      "Name": "OR",
      "ID": 168620235,
      "Points": [
        {
          "X": -7.18926,
          "Y": -0.82379663
        }
      ],
      "Data": null
    },
    {
      "Name": "OR",
      "ID": 1604582724,
      "Points": [
        {
          "X": -7.18926,
          "Y": -1.44879663
        }
      ],
      "Data": null
    },
    {
      "Name": "OR",
      "ID": 1980686506,
      "Points": [
        {
          "X": -7.18926,
          "Y": -2.07379651
        }
      ],
      "Data": null
    },
    {
      "Name": "OR",
      "ID": 1477026744,
      "Points": [
        {
          "X": -5.20074129,
          "Y": -0.642407656
        }
      ],
      "Data": null
    },
    {
      "Name": "OR",
      "ID": 316034167,
      "Points": [
        {
          "X": -5.20074129,
          "Y": -1.26740766
        }
      ],
      "Data": null
    },
    {
      "Name": "OR",
      "ID": 2072393612,
      "Points": [
        {
          "X": -3.37611175,
          "Y": -0.9855558
        }
      ],
      "Data": null
    },
    {
      "Name": "OR",
      "ID": 1899343459,
      "Points": [
        {
          "X": -1.988519,
          "Y": 2.62222242
        }
      ],
      "Data": null
    },
    {
      "Name": "NOR",
      "ID": 311876420,
      "Points": [
        {
          "X": 1.71537054,
          "Y": 1.2237035
        }
      ],
      "Data": null
    }
  ],
  "Connections": [
    {
      "Source": {
        "PinType": 1,
        "SubChipID": 0,
        "PinID": 1438745425
      },
      "Target": {
        "PinType": 3,
        "SubChipID": 2147437492,
        "PinID": 1672340165
      },
      "WirePoints": [
        {
          "X": -9.338579,
          "Y": 4.064815
        },
        {
          "X": -6.36666632,
          "Y": 3.73111129
        }
      ],
      "ColourThemeName": "Red"
    },
    {
      "Source": {
        "PinType": 1,
        "SubChipID": 0,
        "PinID": 669909011
      },
      "Target": {
        "PinType": 3,
        "SubChipID": 2147437492,
        "PinID": 498880847
      },
      "WirePoints": [
        {
          "X": -9.338579,
          "Y": 3.537037
        },
        {
          "X": -6.36666632,
          "Y": 3.49111152
        }
      ],
      "ColourThemeName": "Red"
    },
    {
      "Source": {
        "PinType": 1,
        "SubChipID": 0,
        "PinID": 1695890063
      },
      "Target": {
        "PinType": 3,
        "SubChipID": 1770250750,
        "PinID": 1672340165
      },
      "WirePoints": [
        {
          "X": -9.338579,
          "Y": 3.08333349
        },
        {
          "X": -6.36666632,
          "Y": 3.106111
        }
      ],
      "ColourThemeName": "Red"
    },
    {
      "Source": {
        "PinType": 1,
        "SubChipID": 0,
        "PinID": 1281988021
      },
      "Target": {
        "PinType": 3,
        "SubChipID": 1770250750,
        "PinID": 498880847
      },
      "WirePoints": [
        {
          "X": -9.338579,
          "Y": 2.601852
        },
        {
          "X": -6.36666632,
          "Y": 2.86611128
        }
      ],
      "ColourThemeName": "Red"
    },
    {
      "Source": {
        "PinType": 1,
        "SubChipID": 0,
        "PinID": 1573727223
      },
      "Target": {
        "PinType": 3,
        "SubChipID": 1083310357,
        "PinID": 1672340165
      },
      "WirePoints": [
        {
          "X": -9.338579,
          "Y": 2.2037034
        },
        {
          "X": -6.36666632,
          "Y": 2.481111
        }
      ],
      "ColourThemeName": "Red"
    },
    {
      "Source": {
        "PinType": 1,
        "SubChipID": 0,
        "PinID": 328306000
      },
      "Target": {
        "PinType": 3,
        "SubChipID": 1083310357,
        "PinID": 498880847
      },
      "WirePoints": [
        {
          "X": -9.338579,
          "Y": 1.80555582
        },
        {
          "X": -6.36666632,
          "Y": 2.24111128
        }
      ],
      "ColourThemeName": "Red"
    },
    {
      "Source": {
        "PinType": 1,
        "SubChipID": 0,
        "PinID": 559839882
      },
      "Target": {
        "PinType": 3,
        "SubChipID": 240436617,
        "PinID": 1672340165
      },
      "WirePoints": [
        {
          "X": -9.338579,
          "Y": 1.25
        },
        {
          "X": -6.36666632,
          "Y": 1.856111
        }
      ],
      "ColourThemeName": "Red"
    },
    {
      "Source": {
        "PinType": 1,
        "SubChipID": 0,
        "PinID": 1017771281
      },
      "Target": {
        "PinType": 3,
        "SubChipID": 240436617,
        "PinID": 498880847
      },
      "WirePoints": [
        {
          "X": -9.338579,
          "Y": 0.824074149
        },
        {
          "X": -6.36666632,
          "Y": 1.616111
        }
      ],
      "ColourThemeName": "Red"
    },
    {
      "Source": {
        "PinType": 4,
        "SubChipID": 2147437492,
        "PinID": 1118056934
      },
      "Target": {
        "PinType": 3,
        "SubChipID": 1771148553,
        "PinID": 1672340165
      },
      "WirePoints": [
        {
          "X": -5.4666667,
          "Y": 3.6111114
        },
        {
          "X": -4.63518524,
          "Y": 3.01583314
        }
      ],
      "ColourThemeName": "Red"
    },
    {
      "Source": {
        "PinType": 4,
        "SubChipID": 1770250750,
        "PinID": 1118056934
      },
      "Target": {
        "PinType": 3,
        "SubChipID": 1771148553,
        "PinID": 498880847
      },
      "WirePoints": [
        {
          "X": -5.4666667,
          "Y": 2.98611116
        },
        {
          "X": -4.63518524,
          "Y": 2.77583337
        }
      ],
      "ColourThemeName": "Red"
    },
    {
      "Source": {
        "PinType": 4,
        "SubChipID": 1083310357,
        "PinID": 1118056934
      },
      "Target": {
        "PinType": 3,
        "SubChipID": 1630365566,
        "PinID": 1672340165
      },
      "WirePoints": [
        {
          "X": -5.4666667,
          "Y": 2.36111116
        },
        {
          "X": -4.63518524,
          "Y": 2.39083314
        }
      ],
      "ColourThemeName": "Red"
    },
    {
      "Source": {
        "PinType": 4,
        "SubChipID": 240436617,
        "PinID": 1118056934
      },
      "Target": {
        "PinType": 3,
        "SubChipID": 1630365566,
        "PinID": 498880847
      },
      "WirePoints": [
        {
          "X": -5.4666667,
          "Y": 1.736111
        },
        {
          "X": -4.63518524,
          "Y": 2.15083337
        }
      ],
      "ColourThemeName": "Red"
    },
    {
      "Source": {
        "PinType": 4,
        "SubChipID": 1771148553,
        "PinID": 1118056934
      },
      "Target": {
        "PinType": 3,
        "SubChipID": 1899343459,
        "PinID": 1672340165
      },
      "WirePoints": [
        {
          "X": -3.73518538,
          "Y": 2.89583325
        },
        {
          "X": -2.438519,
          "Y": 2.74222231
        }
      ],
      "ColourThemeName": "Red"
    },
    {
      "Source": {
        "PinType": 4,
        "SubChipID": 1630365566,
        "PinID": 1118056934
      },
      "Target": {
        "PinType": 3,
        "SubChipID": 1899343459,
        "PinID": 498880847
      },
      "WirePoints": [
        {
          "X": -3.73518538,
          "Y": 2.27083325
        },
        {
          "X": -2.438519,
          "Y": 2.50222254
        }
      ],
      "ColourThemeName": "Red"
    },
    {
      "Source": {
        "PinType": 4,
        "SubChipID": 1477026744,
        "PinID": 1118056934
      },
      "Target": {
        "PinType": 3,
        "SubChipID": 2072393612,
        "PinID": 1672340165
      },
      "WirePoints": [
        {
          "X": -4.75074148,
          "Y": -0.642407656
        },
        {
          "X": -3.82611179,
          "Y": -0.8655558
        }
      ],
      "ColourThemeName": "Red"
    },
    {
      "Source": {
        "PinType": 4,
        "SubChipID": 316034167,
        "PinID": 1118056934
      },
      "Target": {
        "PinType": 3,
        "SubChipID": 2072393612,
        "PinID": 498880847
      },
      "WirePoints": [
        {
          "X": -4.75074148,
          "Y": -1.26740766
        },
        {
          "X": -3.82611179,
          "Y": -1.10555577
        }
      ],
      "ColourThemeName": "Red"
    },
    {
      "Source": {
        "PinType": 4,
        "SubChipID": 1329976058,
        "PinID": 1118056934
      },
      "Target": {
        "PinType": 3,
        "SubChipID": 1477026744,
        "PinID": 1672340165
      },
      "WirePoints": [
        {
          "X": -6.73926,
          "Y": -0.19879669
        },
        {
          "X": -5.650741,
          "Y": -0.522407651
        }
      ],
      "ColourThemeName": "Red"
    },
    {
      "Source": {
        "PinType": 4,
        "SubChipID": 168620235,
        "PinID": 1118056934
      },
      "Target": {
        "PinType": 3,
        "SubChipID": 1477026744,
        "PinID": 498880847
      },
      "WirePoints": [
        {
          "X": -6.73926,
          "Y": -0.82379663
        },
        {
          "X": -5.650741,
          "Y": -0.76240766
        }
      ],
      "ColourThemeName": "Red"
    },
    {
      "Source": {
        "PinType": 4,
        "SubChipID": 1604582724,
        "PinID": 1118056934
      },
      "Target": {
        "PinType": 3,
        "SubChipID": 316034167,
        "PinID": 1672340165
      },
      "WirePoints": [
        {
          "X": -6.73926,
          "Y": -1.44879663
        },
        {
          "X": -5.650741,
          "Y": -1.14740765
        }
      ],
      "ColourThemeName": "Red"
    },
    {
      "Source": {
        "PinType": 4,
        "SubChipID": 1980686506,
        "PinID": 1118056934
      },
      "Target": {
        "PinType": 3,
        "SubChipID": 316034167,
        "PinID": 498880847
      },
      "WirePoints": [
        {
          "X": -6.73926,
          "Y": -2.07379651
        },
        {
          "X": -5.650741,
          "Y": -1.38740766
        }
      ],
      "ColourThemeName": "Red"
    },
    {
      "Source": {
        "PinType": 1,
        "SubChipID": 0,
        "PinID": 1751966627
      },
      "Target": {
        "PinType": 3,
        "SubChipID": 1329976058,
        "PinID": 1672340165
      },
      "WirePoints": [
        {
          "X": -9.338579,
          "Y": -0.02777785
        },
        {
          "X": -7.63926,
          "Y": -0.07879669
        }
      ],
      "ColourThemeName": "Red"
    },
    {
      "Source": {
        "PinType": 1,
        "SubChipID": 0,
        "PinID": 1287064783
      },
      "Target": {
        "PinType": 3,
        "SubChipID": 1329976058,
        "PinID": 498880847
      },
      "WirePoints": [
        {
          "X": -9.338579,
          "Y": -0.444444418
        },
        {
          "X": -7.63926,
          "Y": -0.3187967
        }
      ],
      "ColourThemeName": "Red"
    },
    {
      "Source": {
        "PinType": 1,
        "SubChipID": 0,
        "PinID": 1337327464
      },
      "Target": {
        "PinType": 3,
        "SubChipID": 168620235,
        "PinID": 1672340165
      },
      "WirePoints": [
        {
          "X": -9.338579,
          "Y": -0.830370545
        },
        {
          "X": -7.63926,
          "Y": -0.7037966
        }
      ],
      "ColourThemeName": "Red"
    },
    {
      "Source": {
        "PinType": 4,
        "SubChipID": 1899343459,
        "PinID": 1118056934
      },
      "Target": {
        "PinType": 3,
        "SubChipID": 311876420,
        "PinID": 277647251
      },
      "WirePoints": [
        {
          "X": -1.53851891,
          "Y": 2.62222242
        },
        {
          "X": -1.4203707,
          "Y": 2.63314867
        },
        {
          "X": 1.16537046,
          "Y": 1.34370351
        }
      ],
      "ColourThemeName": "Red"
    },
    {
      "Source": {
        "PinType": 4,
        "SubChipID": 2072393612,
        "PinID": 1118056934
      },
      "Target": {
        "PinType": 3,
        "SubChipID": 311876420,
        "PinID": 823668792
      },
      "WirePoints": [
        {
          "X": -2.9261117,
          "Y": -0.9855558
        },
        {
          "X": 1.16537046,
          "Y": 1.1037035
        }
      ],
      "ColourThemeName": "Red"
    },
    {
      "Source": {
        "PinType": 4,
        "SubChipID": 311876420,
        "PinID": 1165047784
      },
      "Target": {
        "PinType": 2,
        "SubChipID": 0,
        "PinID": 2010561815
      },
      "WirePoints": [
        {
          "X": 2.26537061,
          "Y": 1.2237035
        },
        {
          "X": 9.338579,
          "Y": 2.70370364
        }
      ],
      "ColourThemeName": "Red"
    },
    {
      "Source": {
        "PinType": 1,
        "SubChipID": 0,
        "PinID": 823281595
      },
      "Target": {
        "PinType": 3,
        "SubChipID": 168620235,
        "PinID": 498880847
      },
      "WirePoints": [
        {
          "X": -9.338579,
          "Y": -1.23462987
        },
        {
          "X": -7.63926,
          "Y": -0.943796635
        }
      ],
      "ColourThemeName": "Red"
    },
    {
      "Source": {
        "PinType": 1,
        "SubChipID": 0,
        "PinID": 1094108601
      },
      "Target": {
        "PinType": 3,
        "SubChipID": 1604582724,
        "PinID": 498880847
      },
      "WirePoints": [
        {
          "X": -9.338579,
          "Y": -2.09777784
        },
        {
          "X": -7.63926,
          "Y": -1.56879663
        }
      ],
      "ColourThemeName": "Red"
    },
    {
      "Source": {
        "PinType": 1,
        "SubChipID": 0,
        "PinID": 1530443798
      },
      "Target": {
        "PinType": 3,
        "SubChipID": 1604582724,
        "PinID": 1672340165
      },
      "WirePoints": [
        {
          "X": -9.338579,
          "Y": -1.63888907
        },
        {
          "X": -7.63926,
          "Y": -1.32879663
        }
      ],
      "ColourThemeName": "Red"
    },
    {
      "Source": {
        "PinType": 1,
        "SubChipID": 0,
        "PinID": 690312653
      },
      "Target": {
        "PinType": 3,
        "SubChipID": 1980686506,
        "PinID": 1672340165
      },
      "WirePoints": [
        {
          "X": -9.338579,
          "Y": -2.523889
        },
        {
          "X": -7.63926,
          "Y": -1.95379651
        }
      ],
      "ColourThemeName": "Red"
    },
    {
      "Source": {
        "PinType": 1,
        "SubChipID": 0,
        "PinID": 2005984675
      },
      "Target": {
        "PinType": 3,
        "SubChipID": 1980686506,
        "PinID": 498880847
      },
      "WirePoints": [
        {
          "X": -9.338579,
          "Y": -3.02648187
        },
        {
          "X": -7.63926,
          "Y": -2.1937964
        }
      ],
      "ColourThemeName": "Red"
    }
  ],
  "ChipSize": 9.199999
}