{
  "Name": "16X2ByteInsRam",
  "Colour": "#355829",
  "InputPins": [
    {
      "Name": "Pin",
      "ID": 1873865507,
      "PositionY": 4.23148155,
      "ColourThemeName": "Red"
    },
    {
      "Name": "Pin",
      "ID": 63641427,
      "PositionY": 3.740741,
      "ColourThemeName": "Red"
    },
    {
      "Name": "Pin",
      "ID": 1723447257,
      "PositionY": 3.29629612,
      "ColourThemeName": "Red"
    },
    {
      "Name": "Pin",
      "ID": 1237626634,
      "PositionY": 2.787037,
      "ColourThemeName": "Red"
    },
    {
      "Name": "Pin",
      "ID": 1896472784,
      "PositionY": 2.1087966,
      "ColourThemeName": "Red"
    },
    {
      "Name": "Pin",
      "ID": 423769338,
      "PositionY": 1.60555565,
      "ColourThemeName": "Red"
    },
    {
      "Name": "Pin",
      "ID": 890960839,
      "PositionY": 1.139815,
      "ColourThemeName": "Red"
    },
    {
      "Name": "Pin",
      "ID": 850560290,
      "PositionY": 0.684721947,
      "ColourThemeName": "Red"
    },
    {
      "Name": "Addess3",
      "ID": 264559730,
      "PositionY": -0.6429633,
      "ColourThemeName": "Red"
    },
    {
      "Name": "Read",
      "ID": 252889857,
      "PositionY": -3.55129647,
      "ColourThemeName": "Red"
    },
    {
      "Name": "Write",
      "ID": 572411175,
      "PositionY": -4.7973156,
      "ColourThemeName": "Red"
    },
    {
      "Name": "Clk",
      "ID": 538323610,
      "PositionY": -6.04388857,
      "ColourThemeName": "Red"
    },
    {
      "Name": "Address0",
      "ID": 1759993952,
      "PositionY": -2.6121304,
      "ColourThemeName": "Red"
    },
    {
      "Name": "WriteEn",
      "ID": 1939383565,
      "PositionY": -5.16768646,
      "ColourThemeName": "Red"
    },
    {
      "Name": "ReadEn",
      "ID": 1190999373,
      "PositionY": -4.04750061,
      "ColourThemeName": "Red"
    },
    {
      "Name": "Pin",
      "ID": 1696358576,
      "PositionY": 5.54620171,
      "ColourThemeName": "Red"
    },
    {
      "Name": "Pin",
      "ID": 1205979252,
      "PositionY": 6.080554,
      "ColourThemeName": "Red"
    },
    {
      "Name": "Pin",
      "ID": 1731228474,
      "PositionY": 6.559627,
      "ColourThemeName": "Red"
    },
    {
      "Name": "Pin",
      "ID": 763882651,
      "PositionY": 6.96499825,
      "ColourThemeName": "Red"
    },
    {
      "Name": "Pin",
      "ID": 1926299853,
      "PositionY": 7.6467576,
      "ColourThemeName": "Red"
    },
    {
      "Name": "Pin",
      "ID": 520006903,
      "PositionY": 8.052128,
      "ColourThemeName": "Red"
    },
    {
      "Name": "Pin",
      "ID": 56618256,
      "PositionY": 8.49434948,
      "ColourThemeName": "Red"
    },
    {
      "Name": "Pin",
      "ID": 404844930,
      "PositionY": 8.954997,
      "ColourThemeName": "Red"
    },
    {
      "Name": "Address1",
      "ID": 1507914062,
      "PositionY": -1.98842633,
      "ColourThemeName": "Red"
    },
    {
      "Name": "Address2",
      "ID": 2017831886,
      "PositionY": -1.36250007,
      "ColourThemeName": "Red"
    }
  ],
  "OutputPins": [
    {
      "Name": "Pin",
      "ID": 640609474,
      "PositionY": -0.6858341,
      "ColourThemeName": "Red"
    },
    {
      "Name": "Pin",
      "ID": 1764891376,
      "PositionY": -1.18685222,
      "ColourThemeName": "Red"
    },
    {
      "Name": "Pin",
      "ID": 1354084789,
      "PositionY": -1.68787181,
      "ColourThemeName": "Red"
    },
    {
      "Name": "Pin",
      "ID": 2081558438,
      "PositionY": -2.20157433,
      "ColourThemeName": "Red"
    },
    {
      "Name": "Pin",
      "ID": 1757278177,
      "PositionY": -2.9968524,
      "ColourThemeName": "Red"
    },
    {
      "Name": "Pin",
      "ID": 487649070,
      "PositionY": -3.52222228,
      "ColourThemeName": "Red"
    },
    {
      "Name": "Pin",
      "ID": 1528841058,
      "PositionY": -4.04722261,
      "ColourThemeName": "Red"
    },
    {
      "Name": "Pin",
      "ID": 731942415,
      "PositionY": -4.47481537,
      "ColourThemeName": "Red"
    },
    {
      "Name": "Pin",
      "ID": 1883177680,
      "PositionY": 1.07018423,
      "ColourThemeName": "Red"
    },
    {
      "Name": "Pin",
      "ID": 568162917,
      "PositionY": 1.4795351,
      "ColourThemeName": "Red"
    },
    {
      "Name": "Pin",
      "ID": 208203251,
      "PositionY": 1.95314634,
      "ColourThemeName": "Red"
    },
    {
      "Name": "Pin",
      "ID": 724943605,
      "PositionY": 2.88592339,
      "ColourThemeName": "Red"
    },
    {
      "Name": "Pin",
      "ID": 1511375295,
      "PositionY": 3.33657217,
      "ColourThemeName": "Red"
    },
    {
      "Name": "Pin",
      "ID": 25007213,
      "PositionY": 4.38036871,
      "ColourThemeName": "Red"
    },
    {
      "Name": "Pin",
      "ID": 254366502,
      "PositionY": 3.86907363,
      "ColourThemeName": "Red"
    },
    {
      "Name": "Pin",
      "ID": 3427519,
      "PositionY": 0.5481448,
      "ColourThemeName": "Red"
    }
  ],
  "SubChips": [
    {
      "Name": "AND",
      "ID": 1965009075,
      "Points": [
        {
          "X": -1.4907409,
          "Y": 1.44444466
        }
      ],
      "Data": null
    },
    {
      "Name": "NOT",
      "ID": 1284177546,
      "Points": [
        {
          "X": -3.12962961,
          "Y": 1.49999976
        }
      ],
      "Data": null
    },
    {
      "Name": "BUS",
      "ID": 183636641,
      "Points": [
        {
          "X": -4.18518543,
          "Y": 1.46111143
        },
        {
          "X": -4.65740776,
          "Y": 1.46111143
        }
      ],
      "Data": null
    },
    {
      "Name": "BUS",
      "ID": 630350966,
      "Points": [
        {
          "X": -4.18518543,
          "Y": 1.26111138
        },
        {
          "X": -4.65740776,
          "Y": 1.26111138
        }
      ],
      "Data": null
    },
    {
      "Name": "AND",
      "ID": 254858260,
      "Points": [
        {
          "X": -1.69444466,
          "Y": -3.55555534
        }
      ],
      "Data": null
    },
    {
      "Name": "BUS",
      "ID": 1258460774,
      "Points": [
        {
          "X": -2.669418,
          "Y": -3.45576739
        },
        {
          "X": -3.095344,
          "Y": -3.42798972
        }
      ],
      "Data": null
    },
    {
      "Name": "BUS",
      "ID": 1295711938,
      "Points": [
        {
          "X": -2.68243384,
          "Y": -3.65534329
        },
        {
          "X": -3.10835981,
          "Y": -3.62756562
        }
      ],
      "Data": null
    },
    {
      "Name": "AND",
      "ID": 412418024,
      "Points": [
        {
          "X": -1.8611114,
          "Y": -2.75
        }
      ],
      "Data": null
    },
    {
      "Name": "BUS",
      "ID": 1623718515,
      "Points": [
        {
          "X": -2.76333761,
          "Y": -2.61304617
        },
        {
          "X": -3.21704173,
          "Y": -2.63156486
        }
      ],
      "Data": null
    },
    {
      "Name": "BUS",
      "ID": 908371600,
      "Points": [
        {
          "X": -2.75518084,
          "Y": -2.81287956
        },
        {
          "X": -3.208885,
          "Y": -2.83139825
        }
      ],
      "Data": null
    },
    {
      "Name": "AND",
      "ID": 1920009106,
      "Points": [
        {
          "X": -1.5,
          "Y": 2.25925922
        }
      ],
      "Data": null
    },
    {
      "Name": "BUS",
      "ID": 986714729,
      "Points": [
        {
          "X": -2.388889,
          "Y": 2.46481466
        },
        {
          "X": -2.94444466,
          "Y": 2.46481466
        }
      ],
      "Data": null
    },
    {
      "Name": "8X2ByteInsRam",
      "ID": 730030544,
      "Points": [
        {
          "X": 5.74888754,
          "Y": 5.51370335
        }
      ],
      "Data": null
    },
    {
      "Name": "8X2ByteInsRam",
      "ID": 1203137942,
      "Points": [
        {
          "X": 6.098979,
          "Y": -2.54712915
        }
      ],
      "Data": null
    },
    {
      "Name": "BUS",
      "ID": 623883142,
      "Points": [
        {
          "X": 2.68538857,
          "Y": 8.10720348
        },
        {
          "X": -0.00479459763,
          "Y": 8.088778
        }
      ],
      "Data": null
    },
    {
      "Name": "BUS",
      "ID": 777434400,
      "Points": [
        {
          "X": 2.68675852,
          "Y": 7.90720844
        },
        {
          "X": -0.00342464447,
          "Y": 7.888782
        }
      ],
      "Data": null
    },
    {
      "Name": "BUS",
      "ID": 1984501988,
      "Points": [
        {
          "X": 2.68812847,
          "Y": 7.7072134
        },
        {
          "X": -0.00205469131,
          "Y": 7.688787
        }
      ],
      "Data": null
    },
    {
      "Name": "BUS",
      "ID": 588114447,
      "Points": [
        {
          "X": 2.68949819,
          "Y": 7.507218
        },
        {
          "X": -0.0006849766,
          "Y": 7.48879147
        }
      ],
      "Data": null
    },
    {
      "Name": "BUS",
      "ID": 831062888,
      "Points": [
        {
          "X": 2.69086814,
          "Y": 7.307223
        },
        {
          "X": 0.0006849766,
          "Y": 7.28879642
        }
      ],
      "Data": null
    },
    {
      "Name": "BUS",
      "ID": 798851150,
      "Points": [
        {
          "X": 2.69018316,
          "Y": 6.30148
        },
        {
          "X": 0.12898159,
          "Y": 6.30148
        }
      ],
      "Data": null
    },
    {
      "Name": "BUS",
      "ID": 1589930999,
      "Points": [
        {
          "X": 2.69018316,
          "Y": 6.10148
        },
        {
          "X": 0.12898159,
          "Y": 6.10148
        }
      ],
      "Data": null
    },
    {
      "Name": "BUS",
      "ID": 1351381205,
      "Points": [
        {
          "X": 2.69018316,
          "Y": 5.90148
        },
        {
          "X": 0.12898159,
          "Y": 5.90148
        }
      ],
      "Data": null
    },
    {
      "Name": "BUS",
      "ID": 1869986643,
      "Points": [
        {
          "X": 2.69018316,
          "Y": 5.70148
        },
        {
          "X": 0.12898159,
          "Y": 5.70148
        }
      ],
      "Data": null
    },
    {
      "Name": "BUS",
      "ID": 183743523,
      "Points": [
        {
          "X": 2.69018316,
          "Y": 5.50148
        },
        {
          "X": 0.12898159,
          "Y": 5.50148
        }
      ],
      "Data": null
    },
    {
      "Name": "BUS",
      "ID": 229749660,
      "Points": [
        {
          "X": 2.69018316,
          "Y": 5.30148
        },
        {
          "X": 0.12898159,
          "Y": 5.30148
        }
      ],
      "Data": null
    },
    {
      "Name": "BUS",
      "ID": 108460411,
      "Points": [
        {
          "X": 2.69018316,
          "Y": 5.10148
        },
        {
          "X": 0.12898159,
          "Y": 5.10148
        }
      ],
      "Data": null
    },
    {
      "Name": "BUS",
      "ID": 1298230842,
      "Points": [
        {
          "X": 2.69018316,
          "Y": 4.90148
        },
        {
          "X": 0.12898159,
          "Y": 4.90148
        }
      ],
      "Data": null
    },
    {
      "Name": "BUS",
      "ID": 497192895,
      "Points": [
        {
          "X": 2.56120372,
          "Y": 2.15046287
        },
        {
          "X": 0.386944771,
          "Y": 2.15046287
        }
      ],
      "Data": null
    },
    {
      "Name": "BUS",
      "ID": 2080974408,
      "Points": [
        {
          "X": 2.56120372,
          "Y": 1.95046294
        },
        {
          "X": 0.386944771,
          "Y": 1.95046294
        }
      ],
      "Data": null
    },
    {
      "Name": "BUS",
      "ID": 479758432,
      "Points": [
        {
          "X": 2.56120372,
          "Y": 1.75046289
        },
        {
          "X": 0.386944771,
          "Y": 1.75046289
        }
      ],
      "Data": null
    },
    {
      "Name": "BUS",
      "ID": 610634419,
      "Points": [
        {
          "X": 2.56120372,
          "Y": 1.55046284
        },
        {
          "X": 0.386944771,
          "Y": 1.55046284
        }
      ],
      "Data": null
    },
    {
      "Name": "BUS",
      "ID": 1218779017,
      "Points": [
        {
          "X": 2.56120372,
          "Y": 1.35046291
        },
        {
          "X": 0.386944771,
          "Y": 1.35046291
        }
      ],
      "Data": null
    },
    {
      "Name": "BUS",
      "ID": 417959385,
      "Points": [
        {
          "X": 2.56288433,
          "Y": 2.98230648
        },
        {
          "X": 0.37019968,
          "Y": 3.000733
        }
      ],
      "Data": null
    },
    {
      "Name": "BUS",
      "ID": 272237066,
      "Points": [
        {
          "X": 2.56120372,
          "Y": 2.78231359
        },
        {
          "X": 0.368519068,
          "Y": 2.80074
        }
      ],
      "Data": null
    },
    {
      "Name": "BUS",
      "ID": 390674741,
      "Points": [
        {
          "X": 2.559523,
          "Y": 2.58232069
        },
        {
          "X": 0.366838455,
          "Y": 2.600747
        }
      ],
      "Data": null
    },
    {
      "Name": "BUS",
      "ID": 167916013,
      "Points": [
        {
          "X": 3.219232,
          "Y": 0.165628016
        },
        {
          "X": 0.7870121,
          "Y": 0.147202015
        }
      ],
      "Data": null
    },
    {
      "Name": "BUS",
      "ID": 1023735321,
      "Points": [
        {
          "X": 3.22074747,
          "Y": -0.03436622
        },
        {
          "X": 0.78852725,
          "Y": -0.05279222
        }
      ],
      "Data": null
    },
    {
      "Name": "BUS",
      "ID": 1174287401,
      "Points": [
        {
          "X": 3.22226238,
          "Y": -0.234360516
        },
        {
          "X": 0.7900424,
          "Y": -0.252786517
        }
      ],
      "Data": null
    },
    {
      "Name": "BUS",
      "ID": 1639987885,
      "Points": [
        {
          "X": 3.22377777,
          "Y": -0.434354752
        },
        {
          "X": 0.79155755,
          "Y": -0.452780753
        }
      ],
      "Data": null
    },
    {
      "Name": "BUS",
      "ID": 1793110482,
      "Points": [
        {
          "X": 3.22529268,
          "Y": -0.634349
        },
        {
          "X": 0.7930727,
          "Y": -0.652775
        }
      ],
      "Data": null
    },
    {
      "Name": "BUS",
      "ID": 1803559715,
      "Points": [
        {
          "X": 3.22680759,
          "Y": -0.834343255
        },
        {
          "X": 0.794587851,
          "Y": -0.852769256
        }
      ],
      "Data": null
    },
    {
      "Name": "BUS",
      "ID": 1989974535,
      "Points": [
        {
          "X": 3.228323,
          "Y": -1.03433752
        },
        {
          "X": 0.796103,
          "Y": -1.05276358
        }
      ],
      "Data": null
    },
    {
      "Name": "BUS",
      "ID": 658494195,
      "Points": [
        {
          "X": 3.229838,
          "Y": -1.23433185
        },
        {
          "X": 0.7976179,
          "Y": -1.25275779
        }
      ],
      "Data": null
    },
    {
      "Name": "BUS",
      "ID": 1573418122,
      "Points": [
        {
          "X": 3.21927214,
          "Y": -1.80594492
        },
        {
          "X": 0.768626451,
          "Y": -1.82437086
        }
      ],
      "Data": null
    },
    {
      "Name": "BUS",
      "ID": 1985202159,
      "Points": [
        {
          "X": 3.22077584,
          "Y": -2.00593925
        },
        {
          "X": 0.770130157,
          "Y": -2.02436519
        }
      ],
      "Data": null
    },
    {
      "Name": "BUS",
      "ID": 1029495686,
      "Points": [
        {
          "X": 3.22227955,
          "Y": -2.20593357
        },
        {
          "X": 0.771633863,
          "Y": -2.22435951
        }
      ],
      "Data": null
    },
    {
      "Name": "BUS",
      "ID": 2126814573,
      "Points": [
        {
          "X": 3.22378325,
          "Y": -2.405928
        },
        {
          "X": 0.773137569,
          "Y": -2.42435384
        }
      ],
      "Data": null
    },
    {
      "Name": "BUS",
      "ID": 1202125150,
      "Points": [
        {
          "X": 3.226791,
          "Y": -2.80591679
        },
        {
          "X": 0.776145,
          "Y": -2.82434273
        }
      ],
      "Data": null
    },
    {
      "Name": "BUS",
      "ID": 1304146701,
      "Points": [
        {
          "X": 3.22829461,
          "Y": -3.005911
        },
        {
          "X": 0.7776487,
          "Y": -3.024337
        }
      ],
      "Data": null
    },
    {
      "Name": "BUS",
      "ID": 2143836849,
      "Points": [
        {
          "X": 3.22979832,
          "Y": -3.20590544
        },
        {
          "X": 0.7791524,
          "Y": -3.22433138
        }
      ],
      "Data": null
    },
    {
      "Name": "BUS",
      "ID": 1703978070,
      "Points": [
        {
          "X": 3.05870247,
          "Y": -4.44333172
        },
        {
          "X": 0.6817591,
          "Y": -4.44333172
        }
      ],
      "Data": null
    },
    {
      "Name": "BUS",
      "ID": 735410545,
      "Points": [
        {
          "X": 3.05870247,
          "Y": -4.64333153
        },
        {
          "X": 0.6817591,
          "Y": -4.64333153
        }
      ],
      "Data": null
    },
    {
      "Name": "BUS",
      "ID": 419012957,
      "Points": [
        {
          "X": 3.05870247,
          "Y": -4.84333134
        },
        {
          "X": 0.6817591,
          "Y": -4.84333134
        }
      ],
      "Data": null
    },
    {
      "Name": "BUS",
      "ID": 380293297,
      "Points": [
        {
          "X": 3.08040643,
          "Y": -5.75427055
        },
        {
          "X": 0.8324449,
          "Y": -5.73584461
        }
      ],
      "Data": null
    },
    {
      "Name": "BUS",
      "ID": 1053414747,
      "Points": [
        {
          "X": 3.0787673,
          "Y": -5.954264
        },
        {
          "X": 0.8308058,
          "Y": -5.935838
        }
      ],
      "Data": null
    },
    {
      "Name": "BUS",
      "ID": 1255251665,
      "Points": [
        {
          "X": 3.077128,
          "Y": -6.1542573
        },
        {
          "X": 0.8291664,
          "Y": -6.13583136
        }
      ],
      "Data": null
    },
    {
      "Name": "BUS",
      "ID": 217127868,
      "Points": [
        {
          "X": 3.07548857,
          "Y": -6.35425043
        },
        {
          "X": 0.827527046,
          "Y": -6.33582449
        }
      ],
      "Data": null
    },
    {
      "Name": "BUS",
      "ID": 90921552,
      "Points": [
        {
          "X": 3.07384944,
          "Y": -6.554244
        },
        {
          "X": 0.8258879,
          "Y": -6.535818
        }
      ],
      "Data": null
    },
    {
      "Name": "BUS",
      "ID": 1395426934,
      "Points": [
        {
          "X": 2.69572425,
          "Y": 7.104798
        },
        {
          "X": 0.0310024954,
          "Y": 7.07127953
        }
      ],
      "Data": null
    },
    {
      "Name": "BUS",
      "ID": 1781834380,
      "Points": [
        {
          "X": 2.6982398,
          "Y": 6.904814
        },
        {
          "X": 0.0335180052,
          "Y": 6.87129545
        }
      ],
      "Data": null
    },
    {
      "Name": "BUS",
      "ID": 1638567389,
      "Points": [
        {
          "X": 2.70075536,
          "Y": 6.70482969
        },
        {
          "X": 0.0360335149,
          "Y": 6.67131138
        }
      ],
      "Data": null
    },
    {
      "Name": "BUS",
      "ID": 765191330,
      "Points": [
        {
          "X": 3.21574068,
          "Y": -1.629167
        },
        {
          "X": 0.756018043,
          "Y": -1.66111112
        }
      ],
      "Data": null
    }
  ],
  "Connections": [
    {
      "Source": {
        "PinType": 4,
        "SubChipID": 1284177546,
        "PinID": 1
      },
      "Target": {
        "PinType": 3,
        "SubChipID": 1965009075,
        "PinID": 0
      },
      "WirePoints": [
        {
          "X": -2.57962966,
          "Y": 1.49999976
        },
        {
          "X": -2.040741,
          "Y": 1.56444466
        }
      ],
      "ColourThemeName": "Red"
    },
    {
      "Source": {
        "PinType": 4,
        "SubChipID": 183636641,
        "PinID": 1
      },
      "Target": {
        "PinType": 3,
        "SubChipID": 1284177546,
        "PinID": 0
      },
      "WirePoints": [
        {
          "X": -3.67962956,
          "Y": 1.49999976
        }
      ],
      "ColourThemeName": "Red"
    },
    {
      "Source": {
        "PinType": 1,
        "SubChipID": 0,
        "PinID": 264559730
      },
      "Target": {
        "PinType": 3,
        "SubChipID": 183636641,
        "PinID": 0
      },
      "WirePoints": [
        {
          "X": -9.704446,
          "Y": -0.6429633
        }
      ],
      "ColourThemeName": "Red"
    },
    {
      "Source": {
        "PinType": 1,
        "SubChipID": 0,
        "PinID": 1939383565
      },
      "Target": {
        "PinType": 3,
        "SubChipID": 630350966,
        "PinID": 0
      },
      "WirePoints": [
        {
          "X": -9.704446,
          "Y": -5.16768646
        }
      ],
      "ColourThemeName": "Red"
    },
    {
      "Source": {
        "PinType": 4,
        "SubChipID": 630350966,
        "PinID": 1
      },
      "Target": {
        "PinType": 3,
        "SubChipID": 1965009075,
        "PinID": 1
      },
      "WirePoints": [
        {
          "X": -2.040741,
          "Y": 1.32444465
        }
      ],
      "ColourThemeName": "Red"
    },
    {
      "Source": {
        "PinType": 4,
        "SubChipID": 1258460774,
        "PinID": 1
      },
      "Target": {
        "PinType": 3,
        "SubChipID": 254858260,
        "PinID": 0
      },
      "WirePoints": [
        {
          "X": -2.24444461,
          "Y": -3.43555546
        }
      ],
      "ColourThemeName": "Red"
    },
    {
      "Source": {
        "PinType": 4,
        "SubChipID": 1295711938,
        "PinID": 1
      },
      "Target": {
        "PinType": 3,
        "SubChipID": 254858260,
        "PinID": 1
      },
      "WirePoints": [
        {
          "X": -2.24444461,
          "Y": -3.67555523
        }
      ],
      "ColourThemeName": "Red"
    },
    {
      "Source": {
        "PinType": 1,
        "SubChipID": 0,
        "PinID": 1939383565
      },
      "Target": {
        "PinType": 3,
        "SubChipID": 1295711938,
        "PinID": 0
      },
      "WirePoints": [
        {
          "X": -9.704446,
          "Y": -5.16768646
        }
      ],
      "ColourThemeName": "Red"
    },
    {
      "Source": {
        "PinType": 1,
        "SubChipID": 0,
        "PinID": 264559730
      },
      "Target": {
        "PinType": 3,
        "SubChipID": 1258460774,
        "PinID": 0
      },
      "WirePoints": [
        {
          "X": -9.704446,
          "Y": -0.6429633
        }
      ],
      "ColourThemeName": "Red"
    },
    {
      "Source": {
        "PinType": 1,
        "SubChipID": 0,
        "PinID": 264559730
      },
      "Target": {
        "PinType": 3,
        "SubChipID": 1623718515,
        "PinID": 0
      },
      "WirePoints": [
        {
          "X": -9.704446,
          "Y": -0.6429633
        }
      ],
      "ColourThemeName": "Red"
    },
    {
      "Source": {
        "PinType": 4,
        "SubChipID": 1623718515,
        "PinID": 1
      },
      "Target": {
        "PinType": 3,
        "SubChipID": 412418024,
        "PinID": 0
      },
      "WirePoints": [
        {
          "X": -2.41111135,
          "Y": -2.63
        }
      ],
      "ColourThemeName": "Red"
    },
    {
      "Source": {
        "PinType": 1,
        "SubChipID": 0,
        "PinID": 1190999373
      },
      "Target": {
        "PinType": 3,
        "SubChipID": 908371600,
        "PinID": 0
      },
      "WirePoints": [
        {
          "X": -9.704446,
          "Y": -4.04750061
        }
      ],
      "ColourThemeName": "Red"
    },
    {
      "Source": {
        "PinType": 4,
        "SubChipID": 1284177546,
        "PinID": 1
      },
      "Target": {
        "PinType": 3,
        "SubChipID": 1920009106,
        "PinID": 1
      },
      "WirePoints": [
        {
          "X": -2.57962966,
          "Y": 1.49999976
        },
        {
          "X": -2.35873365,
          "Y": 1.52641642
        },
        {
          "X": -2.33333325,
          "Y": 2.05555558
        },
        {
          "X": -2.05,
          "Y": 2.13925934
        }
      ],
      "ColourThemeName": "Red"
    },
    {
      "Source": {
        "PinType": 1,
        "SubChipID": 0,
        "PinID": 1190999373
      },
      "Target": {
        "PinType": 3,
        "SubChipID": 986714729,
        "PinID": 0
      },
      "WirePoints": [
        {
          "X": -9.704446,
          "Y": -4.04750061
        }
      ],
      "ColourThemeName": "Red"
    },
    {
      "Source": {
        "PinType": 4,
        "SubChipID": 986714729,
        "PinID": 1
      },
      "Target": {
        "PinType": 3,
        "SubChipID": 1920009106,
        "PinID": 0
      },
      "WirePoints": [
        {
          "X": -2.05,
          "Y": 2.379259
        }
      ],
      "ColourThemeName": "Red"
    },
    {
      "Source": {
        "PinType": 4,
        "SubChipID": 908371600,
        "PinID": 1
      },
      "Target": {
        "PinType": 3,
        "SubChipID": 412418024,
        "PinID": 1
      },
      "WirePoints": [
        {
          "X": -2.41111135,
          "Y": -2.87
        }
      ],
      "ColourThemeName": "Red"
    },
    {
      "Source": {
        "PinType": 1,
        "SubChipID": 0,
        "PinID": 404844930
      },
      "Target": {
        "PinType": 3,
        "SubChipID": 623883142,
        "PinID": 0
      },
      "WirePoints": [
        {
          "X": -9.704446,
          "Y": 8.954997
        }
      ],
      "ColourThemeName": "Red"
    },
    {
      "Source": {
        "PinType": 1,
        "SubChipID": 0,
        "PinID": 56618256
      },
      "Target": {
        "PinType": 3,
        "SubChipID": 777434400,
        "PinID": 0
      },
      "WirePoints": [
        {
          "X": -9.704446,
          "Y": 8.49434948
        }
      ],
      "ColourThemeName": "Red"
    },
    {
      "Source": {
        "PinType": 1,
        "SubChipID": 0,
        "PinID": 520006903
      },
      "Target": {
        "PinType": 3,
        "SubChipID": 1984501988,
        "PinID": 0
      },
      "WirePoints": [
        {
          "X": -9.704446,
          "Y": 8.052128
        }
      ],
      "ColourThemeName": "Red"
    },
    {
      "Source": {
        "PinType": 1,
        "SubChipID": 0,
        "PinID": 1926299853
      },
      "Target": {
        "PinType": 3,
        "SubChipID": 588114447,
        "PinID": 0
      },
      "WirePoints": [
        {
          "X": -9.704446,
          "Y": 7.6467576
        }
      ],
      "ColourThemeName": "Red"
    },
    {
      "Source": {
        "PinType": 1,
        "SubChipID": 0,
        "PinID": 763882651
      },
      "Target": {
        "PinType": 3,
        "SubChipID": 831062888,
        "PinID": 0
      },
      "WirePoints": [
        {
          "X": -9.704446,
          "Y": 6.96499825
        }
      ],
      "ColourThemeName": "Red"
    },
    {
      "Source": {
        "PinType": 1,
        "SubChipID": 0,
        "PinID": 1873865507
      },
      "Target": {
        "PinType": 3,
        "SubChipID": 798851150,
        "PinID": 0
      },
      "WirePoints": [
        {
          "X": -9.704446,
          "Y": 4.23148155
        }
      ],
      "ColourThemeName": "Red"
    },
    {
      "Source": {
        "PinType": 1,
        "SubChipID": 0,
        "PinID": 63641427
      },
      "Target": {
        "PinType": 3,
        "SubChipID": 1589930999,
        "PinID": 0
      },
      "WirePoints": [
        {
          "X": -9.704446,
          "Y": 3.740741
        }
      ],
      "ColourThemeName": "Red"
    },
    {
      "Source": {
        "PinType": 1,
        "SubChipID": 0,
        "PinID": 1723447257
      },
      "Target": {
        "PinType": 3,
        "SubChipID": 1351381205,
        "PinID": 0
      },
      "WirePoints": [
        {
          "X": -9.704446,
          "Y": 3.29629612
        }
      ],
      "ColourThemeName": "Red"
    },
    {
      "Source": {
        "PinType": 1,
        "SubChipID": 0,
        "PinID": 1237626634
      },
      "Target": {
        "PinType": 3,
        "SubChipID": 1869986643,
        "PinID": 0
      },
      "WirePoints": [
        {
          "X": -9.704446,
          "Y": 2.787037
        }
      ],
      "ColourThemeName": "Red"
    },
    {
      "Source": {
        "PinType": 1,
        "SubChipID": 0,
        "PinID": 1896472784
      },
      "Target": {
        "PinType": 3,
        "SubChipID": 183743523,
        "PinID": 0
      },
      "WirePoints": [
        {
          "X": -9.704446,
          "Y": 2.1087966
        }
      ],
      "ColourThemeName": "Red"
    },
    {
      "Source": {
        "PinType": 1,
        "SubChipID": 0,
        "PinID": 423769338
      },
      "Target": {
        "PinType": 3,
        "SubChipID": 229749660,
        "PinID": 0
      },
      "WirePoints": [
        {
          "X": -9.704446,
          "Y": 1.60555565
        }
      ],
      "ColourThemeName": "Red"
    },
    {
      "Source": {
        "PinType": 1,
        "SubChipID": 0,
        "PinID": 890960839
      },
      "Target": {
        "PinType": 3,
        "SubChipID": 108460411,
        "PinID": 0
      },
      "WirePoints": [
        {
          "X": -9.704446,
          "Y": 1.139815
        }
      ],
      "ColourThemeName": "Red"
    },
    {
      "Source": {
        "PinType": 1,
        "SubChipID": 0,
        "PinID": 850560290
      },
      "Target": {
        "PinType": 3,
        "SubChipID": 1298230842,
        "PinID": 0
      },
      "WirePoints": [
        {
          "X": -9.704446,
          "Y": 0.684721947
        }
      ],
      "ColourThemeName": "Red"
    },
    {
      "Source": {
        "PinType": 4,
        "SubChipID": 623883142,
        "PinID": 1
      },
      "Target": {
        "PinType": 3,
        "SubChipID": 730030544,
        "PinID": 404844930
      },
      "WirePoints": [
        {
          "X": 4.52888775,
          "Y": 8.273704
        }
      ],
      "ColourThemeName": "Red"
    },
    {
      "Source": {
        "PinType": 4,
        "SubChipID": 777434400,
        "PinID": 1
      },
      "Target": {
        "PinType": 3,
        "SubChipID": 730030544,
        "PinID": 56618256
      },
      "WirePoints": [
        {
          "X": 4.52888775,
          "Y": 8.033703
        }
      ],
      "ColourThemeName": "Red"
    },
    {
      "Source": {
        "PinType": 4,
        "SubChipID": 1984501988,
        "PinID": 1
      },
      "Target": {
        "PinType": 3,
        "SubChipID": 730030544,
        "PinID": 520006903
      },
      "WirePoints": [
        {
          "X": 4.52888775,
          "Y": 7.793703
        }
      ],
      "ColourThemeName": "Red"
    },
    {
      "Source": {
        "PinType": 4,
        "SubChipID": 588114447,
        "PinID": 1
      },
      "Target": {
        "PinType": 3,
        "SubChipID": 730030544,
        "PinID": 1926299853
      },
      "WirePoints": [
        {
          "X": 4.52888775,
          "Y": 7.55370331
        }
      ],
      "ColourThemeName": "Red"
    },
    {
      "Source": {
        "PinType": 4,
        "SubChipID": 831062888,
        "PinID": 1
      },
      "Target": {
        "PinType": 3,
        "SubChipID": 730030544,
        "PinID": 763882651
      },
      "WirePoints": [
        {
          "X": 4.52888775,
          "Y": 7.31370354
        }
      ],
      "ColourThemeName": "Red"
    },
    {
      "Source": {
        "PinType": 4,
        "SubChipID": 1395426934,
        "PinID": 1
      },
      "Target": {
        "PinType": 3,
        "SubChipID": 730030544,
        "PinID": 1731228474
      },
      "WirePoints": [
        {
          "X": 4.52888775,
          "Y": 7.07370329
        }
      ],
      "ColourThemeName": "Red"
    },
    {
      "Source": {
        "PinType": 4,
        "SubChipID": 1781834380,
        "PinID": 1
      },
      "Target": {
        "PinType": 3,
        "SubChipID": 730030544,
        "PinID": 1205979252
      },
      "WirePoints": [
        {
          "X": 4.52888775,
          "Y": 6.83370352
        }
      ],
      "ColourThemeName": "Red"
    },
    {
      "Source": {
        "PinType": 4,
        "SubChipID": 1638567389,
        "PinID": 1
      },
      "Target": {
        "PinType": 3,
        "SubChipID": 730030544,
        "PinID": 1696358576
      },
      "WirePoints": [
        {
          "X": 4.52888775,
          "Y": 6.59370327
        }
      ],
      "ColourThemeName": "Red"
    },
    {
      "Source": {
        "PinType": 1,
        "SubChipID": 0,
        "PinID": 1731228474
      },
      "Target": {
        "PinType": 3,
        "SubChipID": 1395426934,
        "PinID": 0
      },
      "WirePoints": [
        {
          "X": -9.704446,
          "Y": 6.559627
        }
      ],
      "ColourThemeName": "Red"
    },
    {
      "Source": {
        "PinType": 1,
        "SubChipID": 0,
        "PinID": 1205979252
      },
      "Target": {
        "PinType": 3,
        "SubChipID": 1781834380,
        "PinID": 0
      },
      "WirePoints": [
        {
          "X": -9.704446,
          "Y": 6.080554
        }
      ],
      "ColourThemeName": "Red"
    },
    {
      "Source": {
        "PinType": 1,
        "SubChipID": 0,
        "PinID": 1696358576
      },
      "Target": {
        "PinType": 3,
        "SubChipID": 1638567389,
        "PinID": 0
      },
      "WirePoints": [
        {
          "X": -9.704446,
          "Y": 5.54620171
        }
      ],
      "ColourThemeName": "Red"
    },
    {
      "Source": {
        "PinType": 4,
        "SubChipID": 798851150,
        "PinID": 1
      },
      "Target": {
        "PinType": 3,
        "SubChipID": 730030544,
        "PinID": 1873865507
      },
      "WirePoints": [
        {
          "X": 4.52888775,
          "Y": 6.3537035
        }
      ],
      "ColourThemeName": "Red"
    },
    {
      "Source": {
        "PinType": 4,
        "SubChipID": 1589930999,
        "PinID": 1
      },
      "Target": {
        "PinType": 3,
        "SubChipID": 730030544,
        "PinID": 63641427
      },
      "WirePoints": [
        {
          "X": 4.52888775,
          "Y": 6.11370325
        }
      ],
      "ColourThemeName": "Red"
    },
    {
      "Source": {
        "PinType": 4,
        "SubChipID": 1351381205,
        "PinID": 1
      },
      "Target": {
        "PinType": 3,
        "SubChipID": 730030544,
        "PinID": 1723447257
      },
      "WirePoints": [
        {
          "X": 4.52888775,
          "Y": 5.87370348
        }
      ],
      "ColourThemeName": "Red"
    },
    {
      "Source": {
        "PinType": 4,
        "SubChipID": 1869986643,
        "PinID": 1
      },
      "Target": {
        "PinType": 3,
        "SubChipID": 730030544,
        "PinID": 1237626634
      },
      "WirePoints": [
        {
          "X": 4.52888775,
          "Y": 5.633703
        }
      ],
      "ColourThemeName": "Red"
    },
    {
      "Source": {
        "PinType": 4,
        "SubChipID": 183743523,
        "PinID": 1
      },
      "Target": {
        "PinType": 3,
        "SubChipID": 730030544,
        "PinID": 1896472784
      },
      "WirePoints": [
        {
          "X": 4.52888775,
          "Y": 5.39370346
        }
      ],
      "ColourThemeName": "Red"
    },
    {
      "Source": {
        "PinType": 4,
        "SubChipID": 229749660,
        "PinID": 1
      },
      "Target": {
        "PinType": 3,
        "SubChipID": 730030544,
        "PinID": 423769338
      },
      "WirePoints": [
        {
          "X": 4.52888775,
          "Y": 5.153703
        }
      ],
      "ColourThemeName": "Red"
    },
    {
      "Source": {
        "PinType": 4,
        "SubChipID": 108460411,
        "PinID": 1
      },
      "Target": {
        "PinType": 3,
        "SubChipID": 730030544,
        "PinID": 890960839
      },
      "WirePoints": [
        {
          "X": 4.52888775,
          "Y": 4.91370344
        }
      ],
      "ColourThemeName": "Red"
    },
    {
      "Source": {
        "PinType": 4,
        "SubChipID": 1298230842,
        "PinID": 1
      },
      "Target": {
        "PinType": 3,
        "SubChipID": 730030544,
        "PinID": 850560290
      },
      "WirePoints": [
        {
          "X": 4.52888775,
          "Y": 4.673703
        }
      ],
      "ColourThemeName": "Red"
    },
    {
      "Source": {
        "PinType": 4,
        "SubChipID": 390674741,
        "PinID": 1
      },
      "Target": {
        "PinType": 3,
        "SubChipID": 730030544,
        "PinID": 1759993952
      },
      "WirePoints": [
        {
          "X": 4.52888775,
          "Y": 3.9537034
        }
      ],
      "ColourThemeName": "Red"
    },
    {
      "Source": {
        "PinType": 4,
        "SubChipID": 272237066,
        "PinID": 1
      },
      "Target": {
        "PinType": 3,
        "SubChipID": 730030544,
        "PinID": 1507914062
      },
      "WirePoints": [
        {
          "X": 4.52888775,
          "Y": 4.193703
        }
      ],
      "ColourThemeName": "Red"
    },
    {
      "Source": {
        "PinType": 4,
        "SubChipID": 417959385,
        "PinID": 1
      },
      "Target": {
        "PinType": 3,
        "SubChipID": 730030544,
        "PinID": 264559730
      },
      "WirePoints": [
        {
          "X": 4.52888775,
          "Y": 4.43370342
        }
      ],
      "ColourThemeName": "Red"
    },
    {
      "Source": {
        "PinType": 4,
        "SubChipID": 497192895,
        "PinID": 1
      },
      "Target": {
        "PinType": 3,
        "SubChipID": 730030544,
        "PinID": 252889857
      },
      "WirePoints": [
        {
          "X": 4.52888775,
          "Y": 3.71370339
        }
      ],
      "ColourThemeName": "Red"
    },
    {
      "Source": {
        "PinType": 1,
        "SubChipID": 0,
        "PinID": 2017831886
      },
      "Target": {
        "PinType": 3,
        "SubChipID": 417959385,
        "PinID": 0
      },
      "WirePoints": [
        {
          "X": -9.704446,
          "Y": -1.36250007
        }
      ],
      "ColourThemeName": "Red"
    },
    {
      "Source": {
        "PinType": 1,
        "SubChipID": 0,
        "PinID": 1507914062
      },
      "Target": {
        "PinType": 3,
        "SubChipID": 272237066,
        "PinID": 0
      },
      "WirePoints": [
        {
          "X": -9.704446,
          "Y": -1.98842633
        }
      ],
      "ColourThemeName": "Red"
    },
    {
      "Source": {
        "PinType": 1,
        "SubChipID": 0,
        "PinID": 1759993952
      },
      "Target": {
        "PinType": 3,
        "SubChipID": 390674741,
        "PinID": 0
      },
      "WirePoints": [
        {
          "X": -9.704446,
          "Y": -2.6121304
        }
      ],
      "ColourThemeName": "Red"
    },
    {
      "Source": {
        "PinType": 1,
        "SubChipID": 0,
        "PinID": 252889857
      },
      "Target": {
        "PinType": 3,
        "SubChipID": 497192895,
        "PinID": 0
      },
      "WirePoints": [
        {
          "X": -9.704446,
          "Y": -3.55129647
        }
      ],
      "ColourThemeName": "Red"
    },
    {
      "Source": {
        "PinType": 4,
        "SubChipID": 1920009106,
        "PinID": 2
      },
      "Target": {
        "PinType": 3,
        "SubChipID": 2080974408,
        "PinID": 0
      },
      "WirePoints": [
        {
          "X": -0.95,
          "Y": 2.25925922
        }
      ],
      "ColourThemeName": "Red"
    },
    {
      "Source": {
        "PinType": 1,
        "SubChipID": 0,
        "PinID": 572411175
      },
      "Target": {
        "PinType": 3,
        "SubChipID": 479758432,
        "PinID": 0
      },
      "WirePoints": [
        {
          "X": -9.704446,
          "Y": -4.7973156
        }
      ],
      "ColourThemeName": "Red"
    },
    {
      "Source": {
        "PinType": 4,
        "SubChipID": 1965009075,
        "PinID": 2
      },
      "Target": {
        "PinType": 3,
        "SubChipID": 610634419,
        "PinID": 0
      },
      "WirePoints": [
        {
          "X": -0.9407409,
          "Y": 1.44444466
        }
      ],
      "ColourThemeName": "Red"
    },
    {
      "Source": {
        "PinType": 1,
        "SubChipID": 0,
        "PinID": 538323610
      },
      "Target": {
        "PinType": 3,
        "SubChipID": 1218779017,
        "PinID": 0
      },
      "WirePoints": [
        {
          "X": -9.704446,
          "Y": -6.04388857
        }
      ],
      "ColourThemeName": "Red"
    },
    {
      "Source": {
        "PinType": 4,
        "SubChipID": 1218779017,
        "PinID": 1
      },
      "Target": {
        "PinType": 3,
        "SubChipID": 730030544,
        "PinID": 538323610
      },
      "WirePoints": [
        {
          "X": 4.52888775,
          "Y": 2.75370336
        }
      ],
      "ColourThemeName": "Red"
    },
    {
      "Source": {
        "PinType": 4,
        "SubChipID": 610634419,
        "PinID": 1
      },
      "Target": {
        "PinType": 3,
        "SubChipID": 730030544,
        "PinID": 1939383565
      },
      "WirePoints": [
        {
          "X": 4.52888775,
          "Y": 2.99370337
        }
      ],
      "ColourThemeName": "Red"
    },
    {
      "Source": {
        "PinType": 4,
        "SubChipID": 479758432,
        "PinID": 1
      },
      "Target": {
        "PinType": 3,
        "SubChipID": 730030544,
        "PinID": 572411175
      },
      "WirePoints": [
        {
          "X": 4.52888775,
          "Y": 3.23370314
        }
      ],
      "ColourThemeName": "Red"
    },
    {
      "Source": {
        "PinType": 4,
        "SubChipID": 2080974408,
        "PinID": 1
      },
      "Target": {
        "PinType": 3,
        "SubChipID": 730030544,
        "PinID": 1190999373
      },
      "WirePoints": [
        {
          "X": 4.52888775,
          "Y": 3.47370362
        }
      ],
      "ColourThemeName": "Red"
    },
    {
      "Source": {
        "PinType": 1,
        "SubChipID": 0,
        "PinID": 850560290
      },
      "Target": {
        "PinType": 3,
        "SubChipID": 2143836849,
        "PinID": 0
      },
      "WirePoints": [
        {
          "X": -9.704446,
          "Y": 0.684721947
        }
      ],
      "ColourThemeName": "Red"
    },
    {
      "Source": {
        "PinType": 1,
        "SubChipID": 0,
        "PinID": 890960839
      },
      "Target": {
        "PinType": 3,
        "SubChipID": 1304146701,
        "PinID": 0
      },
      "WirePoints": [
        {
          "X": -9.704446,
          "Y": 1.139815
        }
      ],
      "ColourThemeName": "Red"
    },
    {
      "Source": {
        "PinType": 1,
        "SubChipID": 0,
        "PinID": 423769338
      },
      "Target": {
        "PinType": 3,
        "SubChipID": 1202125150,
        "PinID": 0
      },
      "WirePoints": [
        {
          "X": -9.704446,
          "Y": 1.60555565
        }
      ],
      "ColourThemeName": "Red"
    },
    {
      "Source": {
        "PinType": 1,
        "SubChipID": 0,
        "PinID": 1896472784
      },
      "Target": {
        "PinType": 3,
        "SubChipID": 2126814573,
        "PinID": 0
      },
      "WirePoints": [
        {
          "X": -9.704446,
          "Y": 2.1087966
        }
      ],
      "ColourThemeName": "Red"
    },
    {
      "Source": {
        "PinType": 1,
        "SubChipID": 0,
        "PinID": 1237626634
      },
      "Target": {
        "PinType": 3,
        "SubChipID": 1029495686,
        "PinID": 0
      },
      "WirePoints": [
        {
          "X": -9.704446,
          "Y": 2.787037
        }
      ],
      "ColourThemeName": "Red"
    },
    {
      "Source": {
        "PinType": 1,
        "SubChipID": 0,
        "PinID": 1723447257
      },
      "Target": {
        "PinType": 3,
        "SubChipID": 1985202159,
        "PinID": 0
      },
      "WirePoints": [
        {
          "X": -9.704446,
          "Y": 3.29629612
        }
      ],
      "ColourThemeName": "Red"
    },
    {
      "Source": {
        "PinType": 1,
        "SubChipID": 0,
        "PinID": 63641427
      },
      "Target": {
        "PinType": 3,
        "SubChipID": 1573418122,
        "PinID": 0
      },
      "WirePoints": [
        {
          "X": -9.704446,
          "Y": 3.740741
        }
      ],
      "ColourThemeName": "Red"
    },
    {
      "Source": {
        "PinType": 1,
        "SubChipID": 0,
        "PinID": 1873865507
      },
      "Target": {
        "PinType": 3,
        "SubChipID": 765191330,
        "PinID": 0
      },
      "WirePoints": [
        {
          "X": -9.704446,
          "Y": 4.23148155
        }
      ],
      "ColourThemeName": "Red"
    },
    {
      "Source": {
        "PinType": 1,
        "SubChipID": 0,
        "PinID": 1696358576
      },
      "Target": {
        "PinType": 3,
        "SubChipID": 658494195,
        "PinID": 0
      },
      "WirePoints": [
        {
          "X": -9.704446,
          "Y": 5.54620171
        }
      ],
      "ColourThemeName": "Red"
    },
    {
      "Source": {
        "PinType": 1,
        "SubChipID": 0,
        "PinID": 1205979252
      },
      "Target": {
        "PinType": 3,
        "SubChipID": 1989974535,
        "PinID": 0
      },
      "WirePoints": [
        {
          "X": -9.704446,
          "Y": 6.080554
        }
      ],
      "ColourThemeName": "Red"
    },
    {
      "Source": {
        "PinType": 1,
        "SubChipID": 0,
        "PinID": 1731228474
      },
      "Target": {
        "PinType": 3,
        "SubChipID": 1803559715,
        "PinID": 0
      },
      "WirePoints": [
        {
          "X": -9.704446,
          "Y": 6.559627
        }
      ],
      "ColourThemeName": "Red"
    },
    {
      "Source": {
        "PinType": 1,
        "SubChipID": 0,
        "PinID": 763882651
      },
      "Target": {
        "PinType": 3,
        "SubChipID": 1793110482,
        "PinID": 0
      },
      "WirePoints": [
        {
          "X": -9.704446,
          "Y": 6.96499825
        }
      ],
      "ColourThemeName": "Red"
    },
    {
      "Source": {
        "PinType": 1,
        "SubChipID": 0,
        "PinID": 1926299853
      },
      "Target": {
        "PinType": 3,
        "SubChipID": 1639987885,
        "PinID": 0
      },
      "WirePoints": [
        {
          "X": -9.704446,
          "Y": 7.6467576
        }
      ],
      "ColourThemeName": "Red"
    },
    {
      "Source": {
        "PinType": 1,
        "SubChipID": 0,
        "PinID": 520006903
      },
      "Target": {
        "PinType": 3,
        "SubChipID": 1174287401,
        "PinID": 0
      },
      "WirePoints": [
        {
          "X": -9.704446,
          "Y": 8.052128
        }
      ],
      "ColourThemeName": "Red"
    },
    {
      "Source": {
        "PinType": 1,
        "SubChipID": 0,
        "PinID": 56618256
      },
      "Target": {
        "PinType": 3,
        "SubChipID": 1023735321,
        "PinID": 0
      },
      "WirePoints": [
        {
          "X": -9.704446,
          "Y": 8.49434948
        }
      ],
      "ColourThemeName": "Red"
    },
    {
      "Source": {
        "PinType": 1,
        "SubChipID": 0,
        "PinID": 404844930
      },
      "Target": {
        "PinType": 3,
        "SubChipID": 167916013,
        "PinID": 0
      },
      "WirePoints": [
        {
          "X": -9.704446,
          "Y": 8.954997
        }
      ],
      "ColourThemeName": "Red"
    },
    {
      "Source": {
        "PinType": 4,
        "SubChipID": 167916013,
        "PinID": 1
      },
      "Target": {
        "PinType": 3,
        "SubChipID": 1203137942,
        "PinID": 404844930
      },
      "WirePoints": [
        {
          "X": 4.87897873,
          "Y": 0.212870836
        }
      ],
      "ColourThemeName": "Red"
    },
    {
      "Source": {
        "PinType": 4,
        "SubChipID": 1023735321,
        "PinID": 1
      },
      "Target": {
        "PinType": 3,
        "SubChipID": 1203137942,
        "PinID": 56618256
      },
      "WirePoints": [
        {
          "X": 4.87897873,
          "Y": -0.0271291733
        }
      ],
      "ColourThemeName": "Red"
    },
    {
      "Source": {
        "PinType": 4,
        "SubChipID": 1174287401,
        "PinID": 1
      },
      "Target": {
        "PinType": 3,
        "SubChipID": 1203137942,
        "PinID": 520006903
      },
      "WirePoints": [
        {
          "X": 4.87897873,
          "Y": -0.267129183
        }
      ],
      "ColourThemeName": "Red"
    },
    {
      "Source": {
        "PinType": 4,
        "SubChipID": 1639987885,
        "PinID": 1
      },
      "Target": {
        "PinType": 3,
        "SubChipID": 1203137942,
        "PinID": 1926299853
      },
      "WirePoints": [
        {
          "X": 4.87897873,
          "Y": -0.5071292
        }
      ],
      "ColourThemeName": "Red"
    },
    {
      "Source": {
        "PinType": 4,
        "SubChipID": 1793110482,
        "PinID": 1
      },
      "Target": {
        "PinType": 3,
        "SubChipID": 1203137942,
        "PinID": 763882651
      },
      "WirePoints": [
        {
          "X": 4.87897873,
          "Y": -0.7471292
        }
      ],
      "ColourThemeName": "Red"
    },
    {
      "Source": {
        "PinType": 4,
        "SubChipID": 1803559715,
        "PinID": 1
      },
      "Target": {
        "PinType": 3,
        "SubChipID": 1203137942,
        "PinID": 1731228474
      },
      "WirePoints": [
        {
          "X": 4.87897873,
          "Y": -0.9871291
        }
      ],
      "ColourThemeName": "Red"
    },
    {
      "Source": {
        "PinType": 4,
        "SubChipID": 1989974535,
        "PinID": 1
      },
      "Target": {
        "PinType": 3,
        "SubChipID": 1203137942,
        "PinID": 1205979252
      },
      "WirePoints": [
        {
          "X": 4.87897873,
          "Y": -1.2271291
        }
      ],
      "ColourThemeName": "Red"
    },
    {
      "Source": {
        "PinType": 4,
        "SubChipID": 658494195,
        "PinID": 1
      },
      "Target": {
        "PinType": 3,
        "SubChipID": 1203137942,
        "PinID": 1696358576
      },
      "WirePoints": [
        {
          "X": 4.87897873,
          "Y": -1.46712911
        }
      ],
      "ColourThemeName": "Red"
    },
    {
      "Source": {
        "PinType": 4,
        "SubChipID": 765191330,
        "PinID": 1
      },
      "Target": {
        "PinType": 3,
        "SubChipID": 1203137942,
        "PinID": 1873865507
      },
      "WirePoints": [
        {
          "X": 4.87897873,
          "Y": -1.70712924
        }
      ],
      "ColourThemeName": "Red"
    },
    {
      "Source": {
        "PinType": 4,
        "SubChipID": 1573418122,
        "PinID": 1
      },
      "Target": {
        "PinType": 3,
        "SubChipID": 1203137942,
        "PinID": 63641427
      },
      "WirePoints": [
        {
          "X": 4.87897873,
          "Y": -1.94712913
        }
      ],
      "ColourThemeName": "Red"
    },
    {
      "Source": {
        "PinType": 4,
        "SubChipID": 1985202159,
        "PinID": 1
      },
      "Target": {
        "PinType": 3,
        "SubChipID": 1203137942,
        "PinID": 1723447257
      },
      "WirePoints": [
        {
          "X": 4.87897873,
          "Y": -2.187129
        }
      ],
      "ColourThemeName": "Red"
    },
    {
      "Source": {
        "PinType": 4,
        "SubChipID": 1029495686,
        "PinID": 1
      },
      "Target": {
        "PinType": 3,
        "SubChipID": 1203137942,
        "PinID": 1237626634
      },
      "WirePoints": [
        {
          "X": 4.87897873,
          "Y": -2.42712927
        }
      ],
      "ColourThemeName": "Red"
    },
    {
      "Source": {
        "PinType": 4,
        "SubChipID": 2126814573,
        "PinID": 1
      },
      "Target": {
        "PinType": 3,
        "SubChipID": 1203137942,
        "PinID": 1896472784
      },
      "WirePoints": [
        {
          "X": 4.87897873,
          "Y": -2.667129
        }
      ],
      "ColourThemeName": "Red"
    },
    {
      "Source": {
        "PinType": 4,
        "SubChipID": 1202125150,
        "PinID": 1
      },
      "Target": {
        "PinType": 3,
        "SubChipID": 1203137942,
        "PinID": 423769338
      },
      "WirePoints": [
        {
          "X": 4.87897873,
          "Y": -2.907129
        }
      ],
      "ColourThemeName": "Red"
    },
    {
      "Source": {
        "PinType": 4,
        "SubChipID": 1304146701,
        "PinID": 1
      },
      "Target": {
        "PinType": 3,
        "SubChipID": 1203137942,
        "PinID": 890960839
      },
      "WirePoints": [
        {
          "X": 4.87897873,
          "Y": -3.147129
        }
      ],
      "ColourThemeName": "Red"
    },
    {
      "Source": {
        "PinType": 4,
        "SubChipID": 2143836849,
        "PinID": 1
      },
      "Target": {
        "PinType": 3,
        "SubChipID": 1203137942,
        "PinID": 850560290
      },
      "WirePoints": [
        {
          "X": 4.87897873,
          "Y": -3.38712931
        }
      ],
      "ColourThemeName": "Red"
    },
    {
      "Source": {
        "PinType": 4,
        "SubChipID": 1703978070,
        "PinID": 1
      },
      "Target": {
        "PinType": 3,
        "SubChipID": 1203137942,
        "PinID": 264559730
      },
      "WirePoints": [
        {
          "X": 4.87897873,
          "Y": -3.627129
        }
      ],
      "ColourThemeName": "Red"
    },
    {
      "Source": {
        "PinType": 4,
        "SubChipID": 735410545,
        "PinID": 1
      },
      "Target": {
        "PinType": 3,
        "SubChipID": 1203137942,
        "PinID": 1507914062
      },
      "WirePoints": [
        {
          "X": 4.87897873,
          "Y": -3.86712933
        }
      ],
      "ColourThemeName": "Red"
    },
    {
      "Source": {
        "PinType": 4,
        "SubChipID": 419012957,
        "PinID": 1
      },
      "Target": {
        "PinType": 3,
        "SubChipID": 1203137942,
        "PinID": 1759993952
      },
      "WirePoints": [
        {
          "X": 4.87897873,
          "Y": -4.107129
        }
      ],
      "ColourThemeName": "Red"
    },
    {
      "Source": {
        "PinType": 1,
        "SubChipID": 0,
        "PinID": 2017831886
      },
      "Target": {
        "PinType": 3,
        "SubChipID": 1703978070,
        "PinID": 0
      },
      "WirePoints": [
        {
          "X": -9.704446,
          "Y": -1.36250007
        }
      ],
      "ColourThemeName": "Red"
    },
    {
      "Source": {
        "PinType": 1,
        "SubChipID": 0,
        "PinID": 1507914062
      },
      "Target": {
        "PinType": 3,
        "SubChipID": 735410545,
        "PinID": 0
      },
      "WirePoints": [
        {
          "X": -9.704446,
          "Y": -1.98842633
        }
      ],
      "ColourThemeName": "Red"
    },
    {
      "Source": {
        "PinType": 1,
        "SubChipID": 0,
        "PinID": 1759993952
      },
      "Target": {
        "PinType": 3,
        "SubChipID": 419012957,
        "PinID": 0
      },
      "WirePoints": [
        {
          "X": -9.704446,
          "Y": -2.6121304
        }
      ],
      "ColourThemeName": "Red"
    },
    {
      "Source": {
        "PinType": 1,
        "SubChipID": 0,
        "PinID": 538323610
      },
      "Target": {
        "PinType": 3,
        "SubChipID": 90921552,
        "PinID": 0
      },
      "WirePoints": [
        {
          "X": -9.704446,
          "Y": -6.04388857
        }
      ],
      "ColourThemeName": "Red"
    },
    {
      "Source": {
        "PinType": 1,
        "SubChipID": 0,
        "PinID": 572411175
      },
      "Target": {
        "PinType": 3,
        "SubChipID": 1255251665,
        "PinID": 0
      },
      "WirePoints": [
        {
          "X": -9.704446,
          "Y": -4.7973156
        }
      ],
      "ColourThemeName": "Red"
    },
    {
      "Source": {
        "PinType": 4,
        "SubChipID": 254858260,
        "PinID": 2
      },
      "Target": {
        "PinType": 3,
        "SubChipID": 217127868,
        "PinID": 0
      },
      "WirePoints": [
        {
          "X": -1.1444447,
          "Y": -3.55555534
        }
      ],
      "ColourThemeName": "Red"
    },
    {
      "Source": {
        "PinType": 4,
        "SubChipID": 412418024,
        "PinID": 2
      },
      "Target": {
        "PinType": 3,
        "SubChipID": 1053414747,
        "PinID": 0
      },
      "WirePoints": [
        {
          "X": -1.31111145,
          "Y": -2.75
        }
      ],
      "ColourThemeName": "Red"
    },
    {
      "Source": {
        "PinType": 1,
        "SubChipID": 0,
        "PinID": 252889857
      },
      "Target": {
        "PinType": 3,
        "SubChipID": 380293297,
        "PinID": 0
      },
      "WirePoints": [
        {
          "X": -9.704446,
          "Y": -3.55129647
        }
      ],
      "ColourThemeName": "Red"
    },
    {
      "Source": {
        "PinType": 4,
        "SubChipID": 90921552,
        "PinID": 1
      },
      "Target": {
        "PinType": 3,
        "SubChipID": 1203137942,
        "PinID": 538323610
      },
      "WirePoints": [
        {
          "X": 4.87897873,
          "Y": -5.307129
        }
      ],
      "ColourThemeName": "Red"
    },
    {
      "Source": {
        "PinType": 4,
        "SubChipID": 217127868,
        "PinID": 1
      },
      "Target": {
        "PinType": 3,
        "SubChipID": 1203137942,
        "PinID": 1939383565
      },
      "WirePoints": [
        {
          "X": 4.87897873,
          "Y": -5.067129
        }
      ],
      "ColourThemeName": "Red"
    },
    {
      "Source": {
        "PinType": 4,
        "SubChipID": 1255251665,
        "PinID": 1
      },
      "Target": {
        "PinType": 3,
        "SubChipID": 1203137942,
        "PinID": 572411175
      },
      "WirePoints": [
        {
          "X": 4.87897873,
          "Y": -4.82712936
        }
      ],
      "ColourThemeName": "Red"
    },
    {
      "Source": {
        "PinType": 4,
        "SubChipID": 1053414747,
        "PinID": 1
      },
      "Target": {
        "PinType": 3,
        "SubChipID": 1203137942,
        "PinID": 1190999373
      },
      "WirePoints": [
        {
          "X": 4.87897873,
          "Y": -4.58712864
        }
      ],
      "ColourThemeName": "Red"
    },
    {
      "Source": {
        "PinType": 4,
        "SubChipID": 380293297,
        "PinID": 1
      },
      "Target": {
        "PinType": 3,
        "SubChipID": 1203137942,
        "PinID": 252889857
      },
      "WirePoints": [
        {
          "X": 4.87897873,
          "Y": -4.347129
        }
      ],
      "ColourThemeName": "Red"
    },
    {
      "Source": {
        "PinType": 4,
        "SubChipID": 1203137942,
        "PinID": 25007213
      },
      "Target": {
        "PinType": 2,
        "SubChipID": 0,
        "PinID": 25007213
      },
      "WirePoints": [
        {
          "X": 7.31897926,
          "Y": 0.212870836
        },
        {
          "X": 9.704446,
          "Y": 4.38036871
        }
      ],
      "ColourThemeName": "Red"
    },
    {
      "Source": {
        "PinType": 4,
        "SubChipID": 1203137942,
        "PinID": 254366502
      },
      "Target": {
        "PinType": 2,
        "SubChipID": 0,
        "PinID": 254366502
      },
      "WirePoints": [
        {
          "X": 7.31897926,
          "Y": -0.1551292
        },
        {
          "X": 9.704446,
          "Y": 3.86907363
        }
      ],
      "ColourThemeName": "Red"
    },
    {
      "Source": {
        "PinType": 4,
        "SubChipID": 1203137942,
        "PinID": 1511375295
      },
      "Target": {
        "PinType": 2,
        "SubChipID": 0,
        "PinID": 1511375295
      },
      "WirePoints": [
        {
          "X": 7.31897926,
          "Y": -0.5231292
        },
        {
          "X": 9.704446,
          "Y": 3.33657217
        }
      ],
      "ColourThemeName": "Red"
    },
    {
      "Source": {
        "PinType": 4,
        "SubChipID": 1203137942,
        "PinID": 724943605
      },
      "Target": {
        "PinType": 2,
        "SubChipID": 0,
        "PinID": 724943605
      },
      "WirePoints": [
        {
          "X": 7.31897926,
          "Y": -0.891129136
        },
        {
          "X": 9.704446,
          "Y": 2.88592339
        }
      ],
      "ColourThemeName": "Red"
    },
    {
      "Source": {
        "PinType": 4,
        "SubChipID": 1203137942,
        "PinID": 208203251
      },
      "Target": {
        "PinType": 2,
        "SubChipID": 0,
        "PinID": 208203251
      },
      "WirePoints": [
        {
          "X": 7.31897926,
          "Y": -1.25912929
        },
        {
          "X": 9.704446,
          "Y": 1.95314634
        }
      ],
      "ColourThemeName": "Red"
    },
    {
      "Source": {
        "PinType": 4,
        "SubChipID": 1203137942,
        "PinID": 568162917
      },
      "Target": {
        "PinType": 2,
        "SubChipID": 0,
        "PinID": 568162917
      },
      "WirePoints": [
        {
          "X": 7.31897926,
          "Y": -1.6271292
        },
        {
          "X": 9.704446,
          "Y": 1.4795351
        }
      ],
      "ColourThemeName": "Red"
    },
    {
      "Source": {
        "PinType": 4,
        "SubChipID": 1203137942,
        "PinID": 1883177680
      },
      "Target": {
        "PinType": 2,
        "SubChipID": 0,
        "PinID": 1883177680
      },
      "WirePoints": [
        {
          "X": 7.31897926,
          "Y": -1.99512911
        },
        {
          "X": 9.704446,
          "Y": 1.07018423
        }
      ],
      "ColourThemeName": "Red"
    },
    {
      "Source": {
        "PinType": 4,
        "SubChipID": 1203137942,
        "PinID": 3427519
      },
      "Target": {
        "PinType": 2,
        "SubChipID": 0,
        "PinID": 3427519
      },
      "WirePoints": [
        {
          "X": 7.31897926,
          "Y": -2.36312914
        },
        {
          "X": 9.704446,
          "Y": 0.5481448
        }
      ],
      "ColourThemeName": "Red"
    },
    {
      "Source": {
        "PinType": 4,
        "SubChipID": 1203137942,
        "PinID": 640609474
      },
      "Target": {
        "PinType": 2,
        "SubChipID": 0,
        "PinID": 640609474
      },
      "WirePoints": [
        {
          "X": 7.31897926,
          "Y": -2.73112941
        },
        {
          "X": 9.704446,
          "Y": -0.6858341
        }
      ],
      "ColourThemeName": "Red"
    },
    {
      "Source": {
        "PinType": 4,
        "SubChipID": 1203137942,
        "PinID": 1764891376
      },
      "Target": {
        "PinType": 2,
        "SubChipID": 0,
        "PinID": 1764891376
      },
      "WirePoints": [
        {
          "X": 7.31897926,
          "Y": -3.0991292
        },
        {
          "X": 9.704446,
          "Y": -1.18685222
        }
      ],
      "ColourThemeName": "Red"
    },
    {
      "Source": {
        "PinType": 4,
        "SubChipID": 1203137942,
        "PinID": 1354084789
      },
      "Target": {
        "PinType": 2,
        "SubChipID": 0,
        "PinID": 1354084789
      },
      "WirePoints": [
        {
          "X": 7.31897926,
          "Y": -3.46712923
        },
        {
          "X": 9.704446,
          "Y": -1.68787181
        }
      ],
      "ColourThemeName": "Red"
    },
    {
      "Source": {
        "PinType": 4,
        "SubChipID": 1203137942,
        "PinID": 2081558438
      },
      "Target": {
        "PinType": 2,
        "SubChipID": 0,
        "PinID": 2081558438
      },
      "WirePoints": [
        {
          "X": 7.31897926,
          "Y": -3.83512926
        },
        {
          "X": 9.704446,
          "Y": -2.20157433
        }
      ],
      "ColourThemeName": "Red"
    },
    {
      "Source": {
        "PinType": 4,
        "SubChipID": 1203137942,
        "PinID": 1757278177
      },
      "Target": {
        "PinType": 2,
        "SubChipID": 0,
        "PinID": 1757278177
      },
      "WirePoints": [
        {
          "X": 7.31897926,
          "Y": -4.20312929
        },
        {
          "X": 9.704446,
          "Y": -2.9968524
        }
      ],
      "ColourThemeName": "Red"
    },
    {
      "Source": {
        "PinType": 4,
        "SubChipID": 1203137942,
        "PinID": 487649070
      },
      "Target": {
        "PinType": 2,
        "SubChipID": 0,
        "PinID": 487649070
      },
      "WirePoints": [
        {
          "X": 7.31897926,
          "Y": -4.571129
        },
        {
          "X": 9.704446,
          "Y": -3.52222228
        }
      ],
      "ColourThemeName": "Red"
    },
    {
      "Source": {
        "PinType": 4,
        "SubChipID": 1203137942,
        "PinID": 1528841058
      },
      "Target": {
        "PinType": 2,
        "SubChipID": 0,
        "PinID": 1528841058
      },
      "WirePoints": [
        {
          "X": 7.31897926,
          "Y": -4.939129
        },
        {
          "X": 9.704446,
          "Y": -4.04722261
        }
      ],
      "ColourThemeName": "Red"
    },
    {
      "Source": {
        "PinType": 4,
        "SubChipID": 1203137942,
        "PinID": 731942415
      },
      "Target": {
        "PinType": 2,
        "SubChipID": 0,
        "PinID": 731942415
      },
      "WirePoints": [
        {
          "X": 7.31897926,
          "Y": -5.307129
        },
        {
          "X": 9.704446,
          "Y": -4.47481537
        }
      ],
      "ColourThemeName": "Red"
    },
    {
      "Source": {
        "PinType": 4,
        "SubChipID": 730030544,
        "PinID": 731942415
      },
      "Target": {
        "PinType": 2,
        "SubChipID": 0,
        "PinID": 731942415
      },
      "WirePoints": [
        {
          "X": 6.96888733,
          "Y": 2.75370336
        },
        {
          "X": 9.704446,
          "Y": -4.47481537
        }
      ],
      "ColourThemeName": "Red"
    },
    {
      "Source": {
        "PinType": 4,
        "SubChipID": 730030544,
        "PinID": 1528841058
      },
      "Target": {
        "PinType": 2,
        "SubChipID": 0,
        "PinID": 1528841058
      },
      "WirePoints": [
        {
          "X": 6.96888733,
          "Y": 3.12170339
        },
        {
          "X": 9.704446,
          "Y": -4.04722261
        }
      ],
      "ColourThemeName": "Red"
    },
    {
      "Source": {
        "PinType": 4,
        "SubChipID": 730030544,
        "PinID": 487649070
      },
      "Target": {
        "PinType": 2,
        "SubChipID": 0,
        "PinID": 487649070
      },
      "WirePoints": [
        {
          "X": 6.96888733,
          "Y": 3.48970342
        },
        {
          "X": 9.704446,
          "Y": -3.52222228
        }
      ],
      "ColourThemeName": "Red"
    },
    {
      "Source": {
        "PinType": 4,
        "SubChipID": 730030544,
        "PinID": 1757278177
      },
      "Target": {
        "PinType": 2,
        "SubChipID": 0,
        "PinID": 1757278177
      },
      "WirePoints": [
        {
          "X": 6.96888733,
          "Y": 3.85770321
        },
        {
          "X": 9.704446,
          "Y": -2.9968524
        }
      ],
      "ColourThemeName": "Red"
    },
    {
      "Source": {
        "PinType": 4,
        "SubChipID": 730030544,
        "PinID": 2081558438
      },
      "Target": {
        "PinType": 2,
        "SubChipID": 0,
        "PinID": 2081558438
      },
      "WirePoints": [
        {
          "X": 6.96888733,
          "Y": 4.22570324
        },
        {
          "X": 9.704446,
          "Y": -2.20157433
        }
      ],
      "ColourThemeName": "Red"
    },
    {
      "Source": {
        "PinType": 4,
        "SubChipID": 730030544,
        "PinID": 1354084789
      },
      "Target": {
        "PinType": 2,
        "SubChipID": 0,
        "PinID": 1354084789
      },
      "WirePoints": [
        {
          "X": 6.96888733,
          "Y": 4.59370327
        },
        {
          "X": 9.704446,
          "Y": -1.68787181
        }
      ],
      "ColourThemeName": "Red"
    },
    {
      "Source": {
        "PinType": 4,
        "SubChipID": 730030544,
        "PinID": 1764891376
      },
      "Target": {
        "PinType": 2,
        "SubChipID": 0,
        "PinID": 1764891376
      },
      "WirePoints": [
        {
          "X": 6.96888733,
          "Y": 4.9617033
        },
        {
          "X": 9.704446,
          "Y": -1.18685222
        }
      ],
      "ColourThemeName": "Red"
    },
    {
      "Source": {
        "PinType": 4,
        "SubChipID": 730030544,
        "PinID": 640609474
      },
      "Target": {
        "PinType": 2,
        "SubChipID": 0,
        "PinID": 640609474
      },
      "WirePoints": [
        {
          "X": 6.96888733,
          "Y": 5.32970333
        },
        {
          "X": 9.704446,
          "Y": -0.6858341
        }
      ],
      "ColourThemeName": "Red"
    },
    {
      "Source": {
        "PinType": 4,
        "SubChipID": 730030544,
        "PinID": 3427519
      },
      "Target": {
        "PinType": 2,
        "SubChipID": 0,
        "PinID": 3427519
      },
      "WirePoints": [
        {
          "X": 6.96888733,
          "Y": 5.69770336
        },
        {
          "X": 9.704446,
          "Y": 0.5481448
        }
      ],
      "ColourThemeName": "Red"
    },
    {
      "Source": {
        "PinType": 4,
        "SubChipID": 730030544,
        "PinID": 1883177680
      },
      "Target": {
        "PinType": 2,
        "SubChipID": 0,
        "PinID": 1883177680
      },
      "WirePoints": [
        {
          "X": 6.96888733,
          "Y": 6.06570339
        },
        {
          "X": 9.704446,
          "Y": 1.07018423
        }
      ],
      "ColourThemeName": "Red"
    },
    {
      "Source": {
        "PinType": 4,
        "SubChipID": 730030544,
        "PinID": 568162917
      },
      "Target": {
        "PinType": 2,
        "SubChipID": 0,
        "PinID": 568162917
      },
      "WirePoints": [
        {
          "X": 6.96888733,
          "Y": 6.43370342
        },
        {
          "X": 9.704446,
          "Y": 1.4795351
        }
      ],
      "ColourThemeName": "Red"
    },
    {
      "Source": {
        "PinType": 4,
        "SubChipID": 730030544,
        "PinID": 208203251
      },
      "Target": {
        "PinType": 2,
        "SubChipID": 0,
        "PinID": 208203251
      },
      "WirePoints": [
        {
          "X": 6.96888733,
          "Y": 6.80170345
        },
        {
          "X": 9.704446,
          "Y": 1.95314634
        }
      ],
      "ColourThemeName": "Red"
    },
    {
      "Source": {
        "PinType": 4,
        "SubChipID": 730030544,
        "PinID": 724943605
      },
      "Target": {
        "PinType": 2,
        "SubChipID": 0,
        "PinID": 724943605
      },
      "WirePoints": [
        {
          "X": 6.96888733,
          "Y": 7.16970348
        },
        {
          "X": 9.704446,
          "Y": 2.88592339
        }
      ],
      "ColourThemeName": "Red"
    },
    {
      "Source": {
        "PinType": 4,
        "SubChipID": 730030544,
        "PinID": 1511375295
      },
      "Target": {
        "PinType": 2,
        "SubChipID": 0,
        "PinID": 1511375295
      },
      "WirePoints": [
        {
          "X": 6.96888733,
          "Y": 7.53770351
        },
        {
          "X": 9.704446,
          "Y": 3.33657217
        }
      ],
      "ColourThemeName": "Red"
    },
    {
      "Source": {
        "PinType": 4,
        "SubChipID": 730030544,
        "PinID": 254366502
      },
      "Target": {
        "PinType": 2,
        "SubChipID": 0,
        "PinID": 254366502
      },
      "WirePoints": [
        {
          "X": 6.96888733,
          "Y": 7.90570354
        },
        {
          "X": 9.704446,
          "Y": 3.86907363
        }
      ],
      "ColourThemeName": "Red"
    },
    {
      "Source": {
        "PinType": 4,
        "SubChipID": 730030544,
        "PinID": 25007213
      },
      "Target": {
        "PinType": 2,
        "SubChipID": 0,
        "PinID": 25007213
      },
      "WirePoints": [
        {
          "X": 6.96888733,
          "Y": 8.273704
        },
        {
          "X": 9.704446,
          "Y": 4.38036871
        }
      ],
      "ColourThemeName": "Red"
    }
  ],
  "ChipSize": 6.05000067
}