{
  "Name": "1BYTEREG",
  "Colour": "#34498A",
  "InputPins": [
    {
      "Name": "A3",
      "ID": 983291422,
      "PositionY": 1.69444466,
      "ColourThemeName": "Red"
    },
    {
      "Name": "A2",
      "ID": 1573288620,
      "PositionY": 0.722221732,
      "ColourThemeName": "Red"
    },
    {
      "Name": "A1",
      "ID": 1984256845,
      "PositionY": -0.351851881,
      "ColourThemeName": "Red"
    },
    {
      "Name": "A0",
      "ID": 1662664643,
      "PositionY": -1.23148048,
      "ColourThemeName": "Red"
    },
    {
      "Name": "A4",
      "ID": 1896088820,
      "PositionY": 2.35185218,
      "ColourThemeName": "Red"
    },
    {
      "Name": "A5",
      "ID": 1390913659,
      "PositionY": 3.05555558,
      "ColourThemeName": "Red"
    },
    {
      "Name": "A6",
      "ID": 1488711406,
      "PositionY": 3.8611114,
      "ColourThemeName": "Red"
    },
    {
      "Name": "A7",
      "ID": 1393507710,
      "PositionY": 4.611111,
      "ColourThemeName": "Red"
    },
    {
      "Name": "WRITE",
      "ID": 361974359,
      "PositionY": -2.5,
      "ColourThemeName": "Red"
    },
    {
      "Name": "CLOCK",
      "ID": 1423771617,
      "PositionY": -3.62037039,
      "ColourThemeName": "Red"
    }
  ],
  "OutputPins": [
    {
      "Name": "OUT3",
      "ID": 572778854,
      "PositionY": 0.7499999,
      "ColourThemeName": "Red"
    },
    {
      "Name": "OUT2",
      "ID": 926721921,
      "PositionY": -0.324073732,
      "ColourThemeName": "Red"
    },
    {
      "Name": "OUT1",
      "ID": 1745952370,
      "PositionY": -1.50925934,
      "ColourThemeName": "Red"
    },
    {
      "Name": "OUT0",
      "ID": 409998146,
      "PositionY": -2.45370364,
      "ColourThemeName": "Red"
    },
    {
      "Name": "OUT4",
      "ID": 541107527,
      "PositionY": 1.79629624,
      "ColourThemeName": "Red"
    },
    {
      "Name": "OUT5",
      "ID": 245392602,
      "PositionY": 2.712963,
      "ColourThemeName": "Red"
    },
    {
      "Name": "OUT6",
      "ID": 1515195558,
      "PositionY": 3.12037063,
      "ColourThemeName": "Red"
    },
    {
      "Name": "OUT7",
      "ID": 1489572356,
      "PositionY": 4.12037,
      "ColourThemeName": "Red"
    }
  ],
  "SubChips": [
    {
      "Name": "DFLIPFLOP",
      "ID": 2099032679,
      "Points": [
        {
          "X": -1.58333349,
          "Y": 0.287037253
        }
      ],
      "Data": null
    },
    {
      "Name": "DFLIPFLOP",
      "ID": 988817532,
      "Points": [
        {
          "X": -1.61111152,
          "Y": -0.5887035
        }
      ],
      "Data": null
    },
    {
      "Name": "DFLIPFLOP",
      "ID": 636333200,
      "Points": [
        {
          "X": -1.61111152,
          "Y": -1.45370364
        }
      ],
      "Data": null
    },
    {
      "Name": "DFLIPFLOP",
      "ID": 617820003,
      "Points": [
        {
          "X": -1.62962973,
          "Y": -2.44833374
        }
      ],
      "Data": null
    },
    {
      "Name": "DFLIPFLOP",
      "ID": 1445771929,
      "Points": [
        {
          "X": -1.52777779,
          "Y": 3.78824067
        }
      ],
      "Data": null
    },
    {
      "Name": "DFLIPFLOP",
      "ID": 1919409284,
      "Points": [
        {
          "X": -1.52777779,
          "Y": 2.92324066
        }
      ],
      "Data": null
    },
    {
      "Name": "DFLIPFLOP",
      "ID": 252551500,
      "Points": [
        {
          "X": -1.52777779,
          "Y": 2.05824041
        }
      ],
      "Data": null
    },
    {
      "Name": "DFLIPFLOP",
      "ID": 1085792946,
      "Points": [
        {
          "X": -1.52777779,
          "Y": 1.18398142
        }
      ],
      "Data": null
    }
  ],
  "Connections": [
    {
      "Source": {
        "PinType": 4,
        "SubChipID": 2099032679,
        "PinID": 1053861636
      },
      "Target": {
        "PinType": 2,
        "SubChipID": 0,
        "PinID": 572778854
      },
      "WirePoints": [
        {
          "X": -0.6633335,
          "Y": 0.287037253
        },
        {
          "X": 7.837778,
          "Y": 0.7499999
        }
      ],
      "ColourThemeName": "Red"
    },
    {
      "Source": {
        "PinType": 4,
        "SubChipID": 988817532,
        "PinID": 1053861636
      },
      "Target": {
        "PinType": 2,
        "SubChipID": 0,
        "PinID": 926721921
      },
      "WirePoints": [
        {
          "X": -0.6911115,
          "Y": -0.5887035
        },
        {
          "X": 7.837778,
          "Y": -0.324073732
        }
      ],
      "ColourThemeName": "Red"
    },
    {
      "Source": {
        "PinType": 4,
        "SubChipID": 636333200,
        "PinID": 1053861636
      },
      "Target": {
        "PinType": 2,
        "SubChipID": 0,
        "PinID": 1745952370
      },
      "WirePoints": [
        {
          "X": -0.6911115,
          "Y": -1.45370364
        },
        {
          "X": 7.837778,
          "Y": -1.50925934
        }
      ],
      "ColourThemeName": "Red"
    },
    {
      "Source": {
        "PinType": 4,
        "SubChipID": 617820003,
        "PinID": 1053861636
      },
      "Target": {
        "PinType": 2,
        "SubChipID": 0,
        "PinID": 409998146
      },
      "WirePoints": [
        {
          "X": -0.7096297,
          "Y": -2.44833374
        },
        {
          "X": 7.837778,
          "Y": -2.45370364
        }
      ],
      "ColourThemeName": "Red"
    },
    {
      "Source": {
        "PinType": 1,
        "SubChipID": 0,
        "PinID": 983291422
      },
      "Target": {
        "PinType": 3,
        "SubChipID": 2099032679,
        "PinID": 474010672
      },
      "WirePoints": [
        {
          "X": -7.837778,
          "Y": 1.69444466
        },
        {
          "X": -2.50333357,
          "Y": 0.527037263
        }
      ],
      "ColourThemeName": "Red"
    },
    {
      "Source": {
        "PinType": 1,
        "SubChipID": 0,
        "PinID": 1573288620
      },
      "Target": {
        "PinType": 3,
        "SubChipID": 988817532,
        "PinID": 474010672
      },
      "WirePoints": [
        {
          "X": -7.837778,
          "Y": 0.722221732
        },
        {
          "X": -2.53111148,
          "Y": -0.3487035
        }
      ],
      "ColourThemeName": "Red"
    },
    {
      "Source": {
        "PinType": 1,
        "SubChipID": 0,
        "PinID": 1984256845
      },
      "Target": {
        "PinType": 3,
        "SubChipID": 636333200,
        "PinID": 474010672
      },
      "WirePoints": [
        {
          "X": -7.837778,
          "Y": -0.351851881
        },
        {
          "X": -2.53111148,
          "Y": -1.21370363
        }
      ],
      "ColourThemeName": "Red"
    },
    {
      "Source": {
        "PinType": 1,
        "SubChipID": 0,
        "PinID": 1662664643
      },
      "Target": {
        "PinType": 3,
        "SubChipID": 617820003,
        "PinID": 474010672
      },
      "WirePoints": [
        {
          "X": -7.837778,
          "Y": -1.23148048
        },
        {
          "X": -2.54962969,
          "Y": -2.20833373
        }
      ],
      "ColourThemeName": "Red"
    },
    {
      "Source": {
        "PinType": 1,
        "SubChipID": 0,
        "PinID": 1896088820
      },
      "Target": {
        "PinType": 3,
        "SubChipID": 1085792946,
        "PinID": 474010672
      },
      "WirePoints": [
        {
          "X": -7.837778,
          "Y": 2.35185218
        },
        {
          "X": -2.44777775,
          "Y": 1.42398143
        }
      ],
      "ColourThemeName": "Red"
    },
    {
      "Source": {
        "PinType": 1,
        "SubChipID": 0,
        "PinID": 1393507710
      },
      "Target": {
        "PinType": 3,
        "SubChipID": 1445771929,
        "PinID": 474010672
      },
      "WirePoints": [
        {
          "X": -7.837778,
          "Y": 4.611111
        },
        {
          "X": -2.44777775,
          "Y": 4.02824068
        }
      ],
      "ColourThemeName": "Red"
    },
    {
      "Source": {
        "PinType": 1,
        "SubChipID": 0,
        "PinID": 1488711406
      },
      "Target": {
        "PinType": 3,
        "SubChipID": 1919409284,
        "PinID": 474010672
      },
      "WirePoints": [
        {
          "X": -7.837778,
          "Y": 3.8611114
        },
        {
          "X": -2.44777775,
          "Y": 3.16324067
        }
      ],
      "ColourThemeName": "Red"
    },
    {
      "Source": {
        "PinType": 1,
        "SubChipID": 0,
        "PinID": 1390913659
      },
      "Target": {
        "PinType": 3,
        "SubChipID": 252551500,
        "PinID": 474010672
      },
      "WirePoints": [
        {
          "X": -7.837778,
          "Y": 3.05555558
        },
        {
          "X": -2.44777775,
          "Y": 2.29824042
        }
      ],
      "ColourThemeName": "Red"
    },
    {
      "Source": {
        "PinType": 1,
        "SubChipID": 0,
        "PinID": 1423771617
      },
      "Target": {
        "PinType": 3,
        "SubChipID": 617820003,
        "PinID": 173951400
      },
      "WirePoints": [
        {
          "X": -7.837778,
          "Y": -3.62037039
        },
        {
          "X": -2.54962969,
          "Y": -2.68833375
        }
      ],
      "ColourThemeName": "Red"
    },
    {
      "Source": {
        "PinType": 1,
        "SubChipID": 0,
        "PinID": 1423771617
      },
      "Target": {
        "PinType": 3,
        "SubChipID": 1445771929,
        "PinID": 173951400
      },
      "WirePoints": [
        {
          "X": -7.837778,
          "Y": -3.62037039
        },
        {
          "X": -3.67852354,
          "Y": -2.889278
        },
        {
          "X": -3.53703737,
          "Y": 3.740741
        },
        {
          "X": -2.44777775,
          "Y": 3.54824066
        }
      ],
      "ColourThemeName": "Red"
    },
    {
      "Source": {
        "PinType": 1,
        "SubChipID": 0,
        "PinID": 1423771617
      },
      "Target": {
        "PinType": 3,
        "SubChipID": 1919409284,
        "PinID": 173951400
      },
      "WirePoints": [
        {
          "X": -7.837778,
          "Y": -3.62037039
        },
        {
          "X": -3.67852354,
          "Y": -2.889278
        },
        {
          "X": -3.55760312,
          "Y": 2.777031
        },
        {
          "X": -2.44777775,
          "Y": 2.68324065
        }
      ],
      "ColourThemeName": "Red"
    },
    {
      "Source": {
        "PinType": 1,
        "SubChipID": 0,
        "PinID": 1423771617
      },
      "Target": {
        "PinType": 3,
        "SubChipID": 252551500,
        "PinID": 173951400
      },
      "WirePoints": [
        {
          "X": -7.837778,
          "Y": -3.62037039
        },
        {
          "X": -3.67852354,
          "Y": -2.889278
        },
        {
          "X": -3.57536173,
          "Y": 1.94486666
        },
        {
          "X": -2.44777775,
          "Y": 1.8182404
        }
      ],
      "ColourThemeName": "Red"
    },
    {
      "Source": {
        "PinType": 1,
        "SubChipID": 0,
        "PinID": 1423771617
      },
      "Target": {
        "PinType": 3,
        "SubChipID": 1085792946,
        "PinID": 173951400
      },
      "WirePoints": [
        {
          "X": -7.837778,
          "Y": -3.62037039
        },
        {
          "X": -3.67852354,
          "Y": -2.889278
        },
        {
          "X": -3.5959065,
          "Y": 0.982145548
        },
        {
          "X": -2.44777775,
          "Y": 0.9439814
        }
      ],
      "ColourThemeName": "Red"
    },
    {
      "Source": {
        "PinType": 1,
        "SubChipID": 0,
        "PinID": 1423771617
      },
      "Target": {
        "PinType": 3,
        "SubChipID": 2099032679,
        "PinID": 173951400
      },
      "WirePoints": [
        {
          "X": -7.837778,
          "Y": -3.62037039
        },
        {
          "X": -3.67852354,
          "Y": -2.889278
        },
        {
          "X": -3.61192536,
          "Y": 0.231498718
        },
        {
          "X": -2.50333357,
          "Y": 0.0470372438
        }
      ],
      "ColourThemeName": "Red"
    },
    {
      "Source": {
        "PinType": 1,
        "SubChipID": 0,
        "PinID": 1423771617
      },
      "Target": {
        "PinType": 3,
        "SubChipID": 988817532,
        "PinID": 173951400
      },
      "WirePoints": [
        {
          "X": -7.837778,
          "Y": -3.62037039
        },
        {
          "X": -3.67852354,
          "Y": -2.889278
        },
        {
          "X": -3.63305831,
          "Y": -0.758790731
        },
        {
          "X": -2.53111148,
          "Y": -0.8287035
        }
      ],
      "ColourThemeName": "Red"
    },
    {
      "Source": {
        "PinType": 1,
        "SubChipID": 0,
        "PinID": 1423771617
      },
      "Target": {
        "PinType": 3,
        "SubChipID": 636333200,
        "PinID": 173951400
      },
      "WirePoints": [
        {
          "X": -7.837778,
          "Y": -3.62037039
        },
        {
          "X": -3.67852354,
          "Y": -2.889278
        },
        {
          "X": -3.652809,
          "Y": -1.68429542
        },
        {
          "X": -2.53111148,
          "Y": -1.69370365
        }
      ],
      "ColourThemeName": "Red"
    },
    {
      "Source": {
        "PinType": 1,
        "SubChipID": 0,
        "PinID": 361974359
      },
      "Target": {
        "PinType": 3,
        "SubChipID": 617820003,
        "PinID": 1796555041
      },
      "WirePoints": [
        {
          "X": -7.837778,
          "Y": -2.5
        },
        {
          "X": -2.54962969,
          "Y": -2.44833374
        }
      ],
      "ColourThemeName": "Red"
    },
    {
      "Source": {
        "PinType": 1,
        "SubChipID": 0,
        "PinID": 361974359
      },
      "Target": {
        "PinType": 3,
        "SubChipID": 1445771929,
        "PinID": 1796555041
      },
      "WirePoints": [
        {
          "X": -7.837778,
          "Y": -2.5
        },
        {
          "X": -4.01816,
          "Y": -2.46268153
        },
        {
          "X": -3.842593,
          "Y": 3.95370364
        },
        {
          "X": -2.44777775,
          "Y": 3.78824067
        }
      ],
      "ColourThemeName": "Red"
    },
    {
      "Source": {
        "PinType": 1,
        "SubChipID": 0,
        "PinID": 361974359
      },
      "Target": {
        "PinType": 3,
        "SubChipID": 1919409284,
        "PinID": 1796555041
      },
      "WirePoints": [
        {
          "X": -7.837778,
          "Y": -2.5
        },
        {
          "X": -4.01816,
          "Y": -2.46268153
        },
        {
          "X": -3.867937,
          "Y": 3.027458
        },
        {
          "X": -2.44777775,
          "Y": 2.92324066
        }
      ],
      "ColourThemeName": "Red"
    },
    {
      "Source": {
        "PinType": 1,
        "SubChipID": 0,
        "PinID": 361974359
      },
      "Target": {
        "PinType": 3,
        "SubChipID": 252551500,
        "PinID": 1796555041
      },
      "WirePoints": [
        {
          "X": -7.837778,
          "Y": -2.5
        },
        {
          "X": -4.01816,
          "Y": -2.46268153
        },
        {
          "X": -3.89075661,
          "Y": 2.193483
        },
        {
          "X": -2.44777775,
          "Y": 2.05824041
        }
      ],
      "ColourThemeName": "Red"
    },
    {
      "Source": {
        "PinType": 1,
        "SubChipID": 0,
        "PinID": 361974359
      },
      "Target": {
        "PinType": 3,
        "SubChipID": 1085792946,
        "PinID": 1796555041
      },
      "WirePoints": [
        {
          "X": -7.837778,
          "Y": -2.5
        },
        {
          "X": -4.01816,
          "Y": -2.46268153
        },
        {
          "X": -3.91558075,
          "Y": 1.28624725
        },
        {
          "X": -2.44777775,
          "Y": 1.18398142
        }
      ],
      "ColourThemeName": "Red"
    },
    {
      "Source": {
        "PinType": 1,
        "SubChipID": 0,
        "PinID": 361974359
      },
      "Target": {
        "PinType": 3,
        "SubChipID": 2099032679,
        "PinID": 1796555041
      },
      "WirePoints": [
        {
          "X": -7.837778,
          "Y": -2.5
        },
        {
          "X": -4.01816,
          "Y": -2.46268153
        },
        {
          "X": -3.93791461,
          "Y": 0.470016718
        },
        {
          "X": -2.50333357,
          "Y": 0.287037253
        }
      ],
      "ColourThemeName": "Red"
    },
    {
      "Source": {
        "PinType": 1,
        "SubChipID": 0,
        "PinID": 361974359
      },
      "Target": {
        "PinType": 3,
        "SubChipID": 988817532,
        "PinID": 1796555041
      },
      "WirePoints": [
        {
          "X": -7.837778,
          "Y": -2.5
        },
        {
          "X": -4.01816,
          "Y": -2.46268153
        },
        {
          "X": -3.962971,
          "Y": -0.445711136
        },
        {
          "X": -2.53111148,
          "Y": -0.5887035
        }
      ],
      "ColourThemeName": "Red"
    },
    {
      "Source": {
        "PinType": 1,
        "SubChipID": 0,
        "PinID": 361974359
      },
      "Target": {
        "PinType": 3,
        "SubChipID": 636333200,
        "PinID": 1796555041
      },
      "WirePoints": [
        {
          "X": -7.837778,
          "Y": -2.5
        },
        {
          "X": -4.01816,
          "Y": -2.46268153
        },
        {
          "X": -3.986262,
          "Y": -1.29692566
        },
        {
          "X": -2.53111148,
          "Y": -1.45370364
        }
      ],
      "ColourThemeName": "Red"
    },
    {
      "Source": {
        "PinType": 4,
        "SubChipID": 1445771929,
        "PinID": 1053861636
      },
      "Target": {
        "PinType": 2,
        "SubChipID": 0,
        "PinID": 1489572356
      },
      "WirePoints": [
        {
          "X": -0.6077778,
          "Y": 3.78824067
        },
        {
          "X": 7.837778,
          "Y": 4.12037
        }
      ],
      "ColourThemeName": "Red"
    },
    {
      "Source": {
        "PinType": 4,
        "SubChipID": 1919409284,
        "PinID": 1053861636
      },
      "Target": {
        "PinType": 2,
        "SubChipID": 0,
        "PinID": 1515195558
      },
      "WirePoints": [
        {
          "X": -0.6077778,
          "Y": 2.92324066
        },
        {
          "X": 7.837778,
          "Y": 3.12037063
        }
      ],
      "ColourThemeName": "Red"
    },
    {
      "Source": {
        "PinType": 4,
        "SubChipID": 252551500,
        "PinID": 1053861636
      },
      "Target": {
        "PinType": 2,
        "SubChipID": 0,
        "PinID": 245392602
      },
      "WirePoints": [
        {
          "X": -0.6077778,
          "Y": 2.05824041
        },
        {
          "X": 7.837778,
          "Y": 2.712963
        }
      ],
      "ColourThemeName": "Red"
    },
    {
      "Source": {
        "PinType": 4,
        "SubChipID": 1085792946,
        "PinID": 1053861636
      },
      "Target": {
        "PinType": 2,
        "SubChipID": 0,
        "PinID": 541107527
      },
      "WirePoints": [
        {
          "X": -0.6077778,
          "Y": 1.18398142
        },
        {
          "X": 3.17592645,
          "Y": 1.65740728
        },
        {
          "X": 7.837778,
          "Y": 1.79629624
        }
      ],
      "ColourThemeName": "Red"
    }
  ]
}