{
  "Name": "256ByteRam",
  "Colour": "#355829",
  "InputPins": [
    {
      "Name": "D7",
      "ID": 1873865507,
      "PositionY": 4.59259272,
      "ColourThemeName": "Red"
    },
    {
      "Name": "D6",
      "ID": 63641427,
      "PositionY": 4.25926,
      "ColourThemeName": "Red"
    },
    {
      "Name": "D5",
      "ID": 1723447257,
      "PositionY": 3.88888836,
      "ColourThemeName": "Red"
    },
    {
      "Name": "D4",
      "ID": 1237626634,
      "PositionY": 3.56481457,
      "ColourThemeName": "Red"
    },
    {
      "Name": "D3",
      "ID": 1896472784,
      "PositionY": 3.25,
      "ColourThemeName": "Red"
    },
    {
      "Name": "D2",
      "ID": 423769338,
      "PositionY": 2.90740681,
      "ColourThemeName": "Red"
    },
    {
      "Name": "D1",
      "ID": 890960839,
      "PositionY": 2.51851869,
      "ColourThemeName": "Red"
    },
    {
      "Name": "D0",
      "ID": 850560290,
      "PositionY": 2.07407427,
      "ColourThemeName": "Red"
    },
    {
      "Name": "Read",
      "ID": 252889857,
      "PositionY": -2.25,
      "ColourThemeName": "Red"
    },
    {
      "Name": "Write",
      "ID": 572411175,
      "PositionY": -3.24074054,
      "ColourThemeName": "Red"
    },
    {
      "Name": "WriteEn",
      "ID": 1939383565,
      "PositionY": -3.58333373,
      "ColourThemeName": "Red"
    },
    {
      "Name": "ReadEn",
      "ID": 1190999373,
      "PositionY": -2.67592549,
      "ColourThemeName": "Red"
    },
    {
      "Name": "Address0",
      "ID": 1084275126,
      "PositionY": -1.44444454,
      "ColourThemeName": "Red"
    },
    {
      "Name": "Address1",
      "ID": 1592085272,
      "PositionY": -1.07407391,
      "ColourThemeName": "Red"
    },
    {
      "Name": "Address2",
      "ID": 1859087153,
      "PositionY": -0.6851846,
      "ColourThemeName": "Red"
    },
    {
      "Name": "Address3",
      "ID": 198971381,
      "PositionY": -0.305556059,
      "ColourThemeName": "Red"
    },
    {
      "Name": "Address4",
      "ID": 783111336,
      "PositionY": 0.24074018,
      "ColourThemeName": "Red"
    },
    {
      "Name": "clk",
      "ID": 1343567190,
      "PositionY": -4.203704,
      "ColourThemeName": "Red"
    },
    {
      "Name": "Address5",
      "ID": 1134212144,
      "PositionY": 0.6759256,
      "ColourThemeName": "Red"
    },
    {
      "Name": "Address6",
      "ID": 1538806756,
      "PositionY": 1.10185146,
      "ColourThemeName": "Red"
    },
    {
      "Name": "Address7",
      "ID": 1845372567,
      "PositionY": 1.47222221,
      "ColourThemeName": "Red"
    }
  ],
  "OutputPins": [
    {
      "Name": "Pin",
      "ID": 640609474,
      "PositionY": 3.67592573,
      "ColourThemeName": "Red"
    },
    {
      "Name": "Pin",
      "ID": 1764891376,
      "PositionY": 3.12962961,
      "ColourThemeName": "Red"
    },
    {
      "Name": "Pin",
      "ID": 1354084789,
      "PositionY": 2.58333325,
      "ColourThemeName": "Red"
    },
    {
      "Name": "Pin",
      "ID": 2081558438,
      "PositionY": 2.00925946,
      "ColourThemeName": "Red"
    },
    {
      "Name": "Pin",
      "ID": 1757278177,
      "PositionY": 1.259259,
      "ColourThemeName": "Red"
    },
    {
      "Name": "Pin",
      "ID": 487649070,
      "PositionY": 0.703703761,
      "ColourThemeName": "Red"
    },
    {
      "Name": "Pin",
      "ID": 1528841058,
      "PositionY": 0.0277775526,
      "ColourThemeName": "Red"
    },
    {
      "Name": "Pin",
      "ID": 731942415,
      "PositionY": -0.6111112,
      "ColourThemeName": "Red"
    }
  ],
  "SubChips": [
    {
      "Name": "AND",
      "ID": 1965009075,
      "Points": [
        {
          "X": -1.4907409,
          "Y": 1.44444466
        }
      ],
      "Data": null
    },
    {
      "Name": "NOT",
      "ID": 1284177546,
      "Points": [
        {
          "X": -3.12962961,
          "Y": 1.49999976
        }
      ],
      "Data": null
    },
    {
      "Name": "BUS",
      "ID": 630350966,
      "Points": [
        {
          "X": -4.18518543,
          "Y": 1.26111138
        },
        {
          "X": -4.65740776,
          "Y": 1.26111138
        }
      ],
      "Data": null
    },
    {
      "Name": "AND",
      "ID": 254858260,
      "Points": [
        {
          "X": -1.69444466,
          "Y": -3.55555534
        }
      ],
      "Data": null
    },
    {
      "Name": "BUS",
      "ID": 1295711938,
      "Points": [
        {
          "X": -2.68243384,
          "Y": -3.65534329
        },
        {
          "X": -3.10835981,
          "Y": -3.62756562
        }
      ],
      "Data": null
    },
    {
      "Name": "AND",
      "ID": 412418024,
      "Points": [
        {
          "X": -1.8611114,
          "Y": -2.75
        }
      ],
      "Data": null
    },
    {
      "Name": "BUS",
      "ID": 908371600,
      "Points": [
        {
          "X": -2.75518084,
          "Y": -2.81287956
        },
        {
          "X": -3.208885,
          "Y": -2.83139825
        }
      ],
      "Data": null
    },
    {
      "Name": "AND",
      "ID": 1920009106,
      "Points": [
        {
          "X": -1.5,
          "Y": 2.25925922
        }
      ],
      "Data": null
    },
    {
      "Name": "BUS",
      "ID": 986714729,
      "Points": [
        {
          "X": -2.388889,
          "Y": 2.46481466
        },
        {
          "X": -2.94444466,
          "Y": 2.46481466
        }
      ],
      "Data": null
    },
    {
      "Name": "BUS",
      "ID": 3715947,
      "Points": [
        {
          "X": 1.3858242,
          "Y": 0.153676331
        },
        {
          "X": 0.339528084,
          "Y": 0.162935615
        }
      ],
      "Data": null
    },
    {
      "Name": "BUS",
      "ID": 1283625516,
      "Points": [
        {
          "X": 1.38405442,
          "Y": -0.04631582
        },
        {
          "X": 0.337758183,
          "Y": -0.0370565355
        }
      ],
      "Data": null
    },
    {
      "Name": "BUS",
      "ID": 1402718934,
      "Points": [
        {
          "X": 1.38228464,
          "Y": -0.246308
        },
        {
          "X": 0.335988283,
          "Y": -0.237048715
        }
      ],
      "Data": null
    },
    {
      "Name": "BUS",
      "ID": 1370995243,
      "Points": [
        {
          "X": 1.38051462,
          "Y": -0.446300149
        },
        {
          "X": 0.3342185,
          "Y": -0.437040865
        }
      ],
      "Data": null
    },
    {
      "Name": "BUS",
      "ID": 126045691,
      "Points": [
        {
          "X": 1.37874484,
          "Y": -0.6462923
        },
        {
          "X": 0.3324486,
          "Y": -0.637033045
        }
      ],
      "Data": null
    },
    {
      "Name": "BUS",
      "ID": 560913183,
      "Points": [
        {
          "X": 1.376975,
          "Y": -0.8462845
        },
        {
          "X": 0.330678821,
          "Y": -0.837025166
        }
      ],
      "Data": null
    },
    {
      "Name": "BUS",
      "ID": 941254090,
      "Points": [
        {
          "X": 1.37520528,
          "Y": -1.04627669
        },
        {
          "X": 0.32890892,
          "Y": -1.03701735
        }
      ],
      "Data": null
    },
    {
      "Name": "BUS",
      "ID": 1265419616,
      "Points": [
        {
          "X": 1.37343526,
          "Y": -1.24626875
        },
        {
          "X": 0.327139139,
          "Y": -1.23700953
        }
      ],
      "Data": null
    },
    {
      "Name": "BUS",
      "ID": 792616463,
      "Points": [
        {
          "X": 1.85517955,
          "Y": 4.496271
        },
        {
          "X": 0.7625867,
          "Y": 4.487012
        }
      ],
      "Data": null
    },
    {
      "Name": "BUS",
      "ID": 826387274,
      "Points": [
        {
          "X": 1.85687423,
          "Y": 4.296278
        },
        {
          "X": 0.7642815,
          "Y": 4.28701925
        }
      ],
      "Data": null
    },
    {
      "Name": "BUS",
      "ID": 110755210,
      "Points": [
        {
          "X": 1.85856915,
          "Y": 4.09628534
        },
        {
          "X": 0.7659763,
          "Y": 4.0870266
        }
      ],
      "Data": null
    },
    {
      "Name": "BUS",
      "ID": 1978331404,
      "Points": [
        {
          "X": 1.86026382,
          "Y": 3.89629245
        },
        {
          "X": 0.7676711,
          "Y": 3.88703346
        }
      ],
      "Data": null
    },
    {
      "Name": "BUS",
      "ID": 711599235,
      "Points": [
        {
          "X": 1.86195874,
          "Y": 3.69629979
        },
        {
          "X": 0.7693659,
          "Y": 3.68704081
        }
      ],
      "Data": null
    },
    {
      "Name": "BUS",
      "ID": 310553380,
      "Points": [
        {
          "X": 1.86365366,
          "Y": 3.496307
        },
        {
          "X": 0.7710607,
          "Y": 3.487048
        }
      ],
      "Data": null
    },
    {
      "Name": "BUS",
      "ID": 1856460508,
      "Points": [
        {
          "X": 1.86534834,
          "Y": 3.296314
        },
        {
          "X": 0.7727555,
          "Y": 3.287055
        }
      ],
      "Data": null
    },
    {
      "Name": "BUS",
      "ID": 1588651311,
      "Points": [
        {
          "X": 1.86704326,
          "Y": 3.096321
        },
        {
          "X": 0.7744503,
          "Y": 3.08706236
        }
      ],
      "Data": null
    },
    {
      "Name": "BUS",
      "ID": 1229486325,
      "Points": [
        {
          "X": 2.046296,
          "Y": 1.94074106
        },
        {
          "X": 0.703703642,
          "Y": 1.94074106
        }
      ],
      "Data": null
    },
    {
      "Name": "BUS",
      "ID": 1112561367,
      "Points": [
        {
          "X": 2.046296,
          "Y": 1.740741
        },
        {
          "X": 0.703703642,
          "Y": 1.740741
        }
      ],
      "Data": null
    },
    {
      "Name": "BUS",
      "ID": 484297488,
      "Points": [
        {
          "X": 2.046296,
          "Y": 1.540741
        },
        {
          "X": 0.703703642,
          "Y": 1.540741
        }
      ],
      "Data": null
    },
    {
      "Name": "BUS",
      "ID": 519632412,
      "Points": [
        {
          "X": 2.046296,
          "Y": 1.340741
        },
        {
          "X": 0.703703642,
          "Y": 1.340741
        }
      ],
      "Data": null
    },
    {
      "Name": "BUS",
      "ID": 1285102100,
      "Points": [
        {
          "X": 2.046296,
          "Y": 1.140741
        },
        {
          "X": 0.703703642,
          "Y": 1.140741
        }
      ],
      "Data": null
    },
    {
      "Name": "BUS",
      "ID": 604658272,
      "Points": [
        {
          "X": 2.046296,
          "Y": 0.940741
        },
        {
          "X": 0.703703642,
          "Y": 0.940741
        }
      ],
      "Data": null
    },
    {
      "Name": "BUS",
      "ID": 1363816275,
      "Points": [
        {
          "X": 2.046296,
          "Y": 0.740741
        },
        {
          "X": 0.703703642,
          "Y": 0.740741
        }
      ],
      "Data": null
    },
    {
      "Name": "BUS",
      "ID": 732430430,
      "Points": [
        {
          "X": 2.037037,
          "Y": 0.3333336
        },
        {
          "X": 0.6944444,
          "Y": 0.3333336
        }
      ],
      "Data": null
    },
    {
      "Name": "BUS",
      "ID": 538111186,
      "Points": [
        {
          "X": 2.08333349,
          "Y": 0.537037253
        },
        {
          "X": 0.6666671,
          "Y": 0.5555558
        }
      ],
      "Data": null
    },
    {
      "Name": "BUS",
      "ID": 2025118640,
      "Points": [
        {
          "X": 1.66264,
          "Y": -2.46482825
        },
        {
          "X": 0.283010125,
          "Y": -2.47408748
        }
      ],
      "Data": null
    },
    {
      "Name": "BUS",
      "ID": 203111059,
      "Points": [
        {
          "X": 1.66398227,
          "Y": -2.66482377
        },
        {
          "X": 0.284352422,
          "Y": -2.674083
        }
      ],
      "Data": null
    },
    {
      "Name": "BUS",
      "ID": 352594428,
      "Points": [
        {
          "X": 1.66532445,
          "Y": -2.86481929
        },
        {
          "X": 0.2856946,
          "Y": -2.87407851
        }
      ],
      "Data": null
    },
    {
      "Name": "BUS",
      "ID": 153454701,
      "Points": [
        {
          "X": 1.668009,
          "Y": -3.26481032
        },
        {
          "X": 0.2883792,
          "Y": -3.27406955
        }
      ],
      "Data": null
    },
    {
      "Name": "BUS",
      "ID": 1676159619,
      "Points": [
        {
          "X": 1.66935122,
          "Y": -3.46480584
        },
        {
          "X": 0.28972137,
          "Y": -3.474065
        }
      ],
      "Data": null
    },
    {
      "Name": "BUS",
      "ID": 602651067,
      "Points": [
        {
          "X": 1.67203569,
          "Y": -3.86479688
        },
        {
          "X": 0.292405844,
          "Y": -3.874056
        }
      ],
      "Data": null
    },
    {
      "Name": "BUS",
      "ID": 494106738,
      "Points": [
        {
          "X": 1.67592585,
          "Y": -2.29629636
        },
        {
          "X": 0.3055551,
          "Y": -2.29629636
        }
      ],
      "Data": null
    },
    {
      "Name": "BUS",
      "ID": 1648336646,
      "Points": [
        {
          "X": 1.685185,
          "Y": -3.05555558
        },
        {
          "X": 0.259259582,
          "Y": -3.05555558
        }
      ],
      "Data": null
    },
    {
      "Name": "BUS",
      "ID": 1920275719,
      "Points": [
        {
          "X": 1.66666675,
          "Y": -2.12037039
        },
        {
          "X": 0.296296,
          "Y": -2.101852
        }
      ],
      "Data": null
    },
    {
      "Name": "BUS",
      "ID": 375092344,
      "Points": [
        {
          "X": 2.08333349,
          "Y": 2.12037039
        },
        {
          "X": 0.703703642,
          "Y": 2.12962985
        }
      ],
      "Data": null
    },
    {
      "Name": "BUS",
      "ID": 461398574,
      "Points": [
        {
          "X": 1.65740764,
          "Y": -3.68518543
        },
        {
          "X": 0.314815283,
          "Y": -3.68518543
        }
      ],
      "Data": null
    },
    {
      "Name": "BUS",
      "ID": 1525710346,
      "Points": [
        {
          "X": 2.02777767,
          "Y": 2.30555534
        },
        {
          "X": 0.703703642,
          "Y": 2.33333349
        }
      ],
      "Data": null
    },
    {
      "Name": "BUS",
      "ID": 1937124906,
      "Points": [
        {
          "X": 1.72222257,
          "Y": -1.91666663
        },
        {
          "X": 0.314815283,
          "Y": -1.925926
        }
      ],
      "Data": null
    },
    {
      "Name": "128ByteRam",
      "ID": 1946271824,
      "Points": [
        {
          "X": 3.49074078,
          "Y": 2.30555582
        }
      ],
      "Data": null
    },
    {
      "Name": "BUS",
      "ID": 984061312,
      "Points": [
        {
          "X": 2.00000024,
          "Y": 2.490741
        },
        {
          "X": 0.6481478,
          "Y": 2.490741
        }
      ],
      "Data": null
    },
    {
      "Name": "BUS",
      "ID": 1246446350,
      "Points": [
        {
          "X": 1.66666675,
          "Y": -1.69444442
        },
        {
          "X": 0.3240745,
          "Y": -1.70370364
        }
      ],
      "Data": null
    },
    {
      "Name": "128ByteRam",
      "ID": 371457713,
      "Points": [
        {
          "X": 5.925927,
          "Y": -1.41666675
        }
      ],
      "Data": null
    },
    {
      "Name": "BUS",
      "ID": 1577596840,
      "Points": [
        {
          "X": -4.101852,
          "Y": 1.63888872
        },
        {
          "X": -4.65740776,
          "Y": 1.63888872
        }
      ],
      "Data": null
    },
    {
      "Name": "BUS",
      "ID": 147414801,
      "Points": [
        {
          "X": -2.675926,
          "Y": -3.52777767
        },
        {
          "X": -3.12962961,
          "Y": -3.4537034
        }
      ],
      "Data": null
    }
  ],
  "Connections": [
    {
      "Source": {
        "PinType": 4,
        "SubChipID": 1284177546,
        "PinID": 1
      },
      "Target": {
        "PinType": 3,
        "SubChipID": 1965009075,
        "PinID": 0
      },
      "WirePoints": [
        {
          "X": -2.57962966,
          "Y": 1.49999976
        },
        {
          "X": -2.040741,
          "Y": 1.56444466
        }
      ],
      "ColourThemeName": "Red"
    },
    {
      "Source": {
        "PinType": 1,
        "SubChipID": 0,
        "PinID": 1939383565
      },
      "Target": {
        "PinType": 3,
        "SubChipID": 630350966,
        "PinID": 0
      },
      "WirePoints": [
        {
          "X": -7.837778,
          "Y": -3.58333373
        }
      ],
      "ColourThemeName": "Red"
    },
    {
      "Source": {
        "PinType": 4,
        "SubChipID": 630350966,
        "PinID": 1
      },
      "Target": {
        "PinType": 3,
        "SubChipID": 1965009075,
        "PinID": 1
      },
      "WirePoints": [
        {
          "X": -2.040741,
          "Y": 1.32444465
        }
      ],
      "ColourThemeName": "Red"
    },
    {
      "Source": {
        "PinType": 4,
        "SubChipID": 1295711938,
        "PinID": 1
      },
      "Target": {
        "PinType": 3,
        "SubChipID": 254858260,
        "PinID": 1
      },
      "WirePoints": [
        {
          "X": -2.24444461,
          "Y": -3.67555523
        }
      ],
      "ColourThemeName": "Red"
    },
    {
      "Source": {
        "PinType": 1,
        "SubChipID": 0,
        "PinID": 1939383565
      },
      "Target": {
        "PinType": 3,
        "SubChipID": 1295711938,
        "PinID": 0
      },
      "WirePoints": [
        {
          "X": -7.837778,
          "Y": -3.58333373
        }
      ],
      "ColourThemeName": "Red"
    },
    {
      "Source": {
        "PinType": 1,
        "SubChipID": 0,
        "PinID": 1190999373
      },
      "Target": {
        "PinType": 3,
        "SubChipID": 908371600,
        "PinID": 0
      },
      "WirePoints": [
        {
          "X": -7.837778,
          "Y": -2.67592549
        }
      ],
      "ColourThemeName": "Red"
    },
    {
      "Source": {
        "PinType": 4,
        "SubChipID": 1284177546,
        "PinID": 1
      },
      "Target": {
        "PinType": 3,
        "SubChipID": 1920009106,
        "PinID": 1
      },
      "WirePoints": [
        {
          "X": -2.57962966,
          "Y": 1.49999976
        },
        {
          "X": -2.35873365,
          "Y": 1.52641642
        },
        {
          "X": -2.33333325,
          "Y": 2.05555558
        },
        {
          "X": -2.05,
          "Y": 2.13925934
        }
      ],
      "ColourThemeName": "Red"
    },
    {
      "Source": {
        "PinType": 1,
        "SubChipID": 0,
        "PinID": 1190999373
      },
      "Target": {
        "PinType": 3,
        "SubChipID": 986714729,
        "PinID": 0
      },
      "WirePoints": [
        {
          "X": -7.837778,
          "Y": -2.67592549
        }
      ],
      "ColourThemeName": "Red"
    },
    {
      "Source": {
        "PinType": 4,
        "SubChipID": 986714729,
        "PinID": 1
      },
      "Target": {
        "PinType": 3,
        "SubChipID": 1920009106,
        "PinID": 0
      },
      "WirePoints": [
        {
          "X": -2.05,
          "Y": 2.379259
        }
      ],
      "ColourThemeName": "Red"
    },
    {
      "Source": {
        "PinType": 4,
        "SubChipID": 908371600,
        "PinID": 1
      },
      "Target": {
        "PinType": 3,
        "SubChipID": 412418024,
        "PinID": 1
      },
      "WirePoints": [
        {
          "X": -2.41111135,
          "Y": -2.87
        }
      ],
      "ColourThemeName": "Red"
    },
    {
      "Source": {
        "PinType": 1,
        "SubChipID": 0,
        "PinID": 1873865507
      },
      "Target": {
        "PinType": 3,
        "SubChipID": 3715947,
        "PinID": 0
      },
      "WirePoints": [
        {
          "X": -7.837778,
          "Y": 4.59259272
        }
      ],
      "ColourThemeName": "Red"
    },
    {
      "Source": {
        "PinType": 1,
        "SubChipID": 0,
        "PinID": 63641427
      },
      "Target": {
        "PinType": 3,
        "SubChipID": 1283625516,
        "PinID": 0
      },
      "WirePoints": [
        {
          "X": -7.837778,
          "Y": 4.25926
        }
      ],
      "ColourThemeName": "Red"
    },
    {
      "Source": {
        "PinType": 1,
        "SubChipID": 0,
        "PinID": 1723447257
      },
      "Target": {
        "PinType": 3,
        "SubChipID": 1402718934,
        "PinID": 0
      },
      "WirePoints": [
        {
          "X": -7.837778,
          "Y": 3.88888836
        }
      ],
      "ColourThemeName": "Red"
    },
    {
      "Source": {
        "PinType": 1,
        "SubChipID": 0,
        "PinID": 1237626634
      },
      "Target": {
        "PinType": 3,
        "SubChipID": 1370995243,
        "PinID": 0
      },
      "WirePoints": [
        {
          "X": -7.837778,
          "Y": 3.56481457
        }
      ],
      "ColourThemeName": "Red"
    },
    {
      "Source": {
        "PinType": 1,
        "SubChipID": 0,
        "PinID": 1896472784
      },
      "Target": {
        "PinType": 3,
        "SubChipID": 126045691,
        "PinID": 0
      },
      "WirePoints": [
        {
          "X": -7.837778,
          "Y": 3.25
        }
      ],
      "ColourThemeName": "Red"
    },
    {
      "Source": {
        "PinType": 1,
        "SubChipID": 0,
        "PinID": 423769338
      },
      "Target": {
        "PinType": 3,
        "SubChipID": 560913183,
        "PinID": 0
      },
      "WirePoints": [
        {
          "X": -7.837778,
          "Y": 2.90740681
        }
      ],
      "ColourThemeName": "Red"
    },
    {
      "Source": {
        "PinType": 1,
        "SubChipID": 0,
        "PinID": 890960839
      },
      "Target": {
        "PinType": 3,
        "SubChipID": 941254090,
        "PinID": 0
      },
      "WirePoints": [
        {
          "X": -7.837778,
          "Y": 2.51851869
        }
      ],
      "ColourThemeName": "Red"
    },
    {
      "Source": {
        "PinType": 1,
        "SubChipID": 0,
        "PinID": 850560290
      },
      "Target": {
        "PinType": 3,
        "SubChipID": 1265419616,
        "PinID": 0
      },
      "WirePoints": [
        {
          "X": -7.837778,
          "Y": 2.07407427
        }
      ],
      "ColourThemeName": "Red"
    },
    {
      "Source": {
        "PinType": 1,
        "SubChipID": 0,
        "PinID": 1873865507
      },
      "Target": {
        "PinType": 3,
        "SubChipID": 792616463,
        "PinID": 0
      },
      "WirePoints": [
        {
          "X": -7.837778,
          "Y": 4.59259272
        }
      ],
      "ColourThemeName": "Red"
    },
    {
      "Source": {
        "PinType": 1,
        "SubChipID": 0,
        "PinID": 63641427
      },
      "Target": {
        "PinType": 3,
        "SubChipID": 826387274,
        "PinID": 0
      },
      "WirePoints": [
        {
          "X": -7.837778,
          "Y": 4.25926
        }
      ],
      "ColourThemeName": "Red"
    },
    {
      "Source": {
        "PinType": 1,
        "SubChipID": 0,
        "PinID": 1723447257
      },
      "Target": {
        "PinType": 3,
        "SubChipID": 110755210,
        "PinID": 0
      },
      "WirePoints": [
        {
          "X": -7.837778,
          "Y": 3.88888836
        }
      ],
      "ColourThemeName": "Red"
    },
    {
      "Source": {
        "PinType": 1,
        "SubChipID": 0,
        "PinID": 1237626634
      },
      "Target": {
        "PinType": 3,
        "SubChipID": 1978331404,
        "PinID": 0
      },
      "WirePoints": [
        {
          "X": -7.837778,
          "Y": 3.56481457
        }
      ],
      "ColourThemeName": "Red"
    },
    {
      "Source": {
        "PinType": 1,
        "SubChipID": 0,
        "PinID": 1896472784
      },
      "Target": {
        "PinType": 3,
        "SubChipID": 711599235,
        "PinID": 0
      },
      "WirePoints": [
        {
          "X": -7.837778,
          "Y": 3.25
        }
      ],
      "ColourThemeName": "Red"
    },
    {
      "Source": {
        "PinType": 1,
        "SubChipID": 0,
        "PinID": 423769338
      },
      "Target": {
        "PinType": 3,
        "SubChipID": 310553380,
        "PinID": 0
      },
      "WirePoints": [
        {
          "X": -7.837778,
          "Y": 2.90740681
        }
      ],
      "ColourThemeName": "Red"
    },
    {
      "Source": {
        "PinType": 1,
        "SubChipID": 0,
        "PinID": 890960839
      },
      "Target": {
        "PinType": 3,
        "SubChipID": 1856460508,
        "PinID": 0
      },
      "WirePoints": [
        {
          "X": -7.837778,
          "Y": 2.51851869
        }
      ],
      "ColourThemeName": "Red"
    },
    {
      "Source": {
        "PinType": 1,
        "SubChipID": 0,
        "PinID": 850560290
      },
      "Target": {
        "PinType": 3,
        "SubChipID": 1588651311,
        "PinID": 0
      },
      "WirePoints": [
        {
          "X": -7.837778,
          "Y": 2.07407427
        }
      ],
      "ColourThemeName": "Red"
    },
    {
      "Source": {
        "PinType": 1,
        "SubChipID": 0,
        "PinID": 198971381
      },
      "Target": {
        "PinType": 3,
        "SubChipID": 1229486325,
        "PinID": 0
      },
      "WirePoints": [
        {
          "X": -7.837778,
          "Y": -0.305556059
        }
      ],
      "ColourThemeName": "Red"
    },
    {
      "Source": {
        "PinType": 1,
        "SubChipID": 0,
        "PinID": 1859087153
      },
      "Target": {
        "PinType": 3,
        "SubChipID": 1112561367,
        "PinID": 0
      },
      "WirePoints": [
        {
          "X": -7.837778,
          "Y": -0.6851846
        }
      ],
      "ColourThemeName": "Red"
    },
    {
      "Source": {
        "PinType": 1,
        "SubChipID": 0,
        "PinID": 1592085272
      },
      "Target": {
        "PinType": 3,
        "SubChipID": 484297488,
        "PinID": 0
      },
      "WirePoints": [
        {
          "X": -7.837778,
          "Y": -1.07407391
        }
      ],
      "ColourThemeName": "Red"
    },
    {
      "Source": {
        "PinType": 1,
        "SubChipID": 0,
        "PinID": 1084275126
      },
      "Target": {
        "PinType": 3,
        "SubChipID": 519632412,
        "PinID": 0
      },
      "WirePoints": [
        {
          "X": -7.837778,
          "Y": -1.44444454
        }
      ],
      "ColourThemeName": "Red"
    },
    {
      "Source": {
        "PinType": 1,
        "SubChipID": 0,
        "PinID": 1343567190
      },
      "Target": {
        "PinType": 3,
        "SubChipID": 732430430,
        "PinID": 0
      },
      "WirePoints": [
        {
          "X": -7.837778,
          "Y": -4.203704
        }
      ],
      "ColourThemeName": "Red"
    },
    {
      "Source": {
        "PinType": 4,
        "SubChipID": 1965009075,
        "PinID": 2
      },
      "Target": {
        "PinType": 3,
        "SubChipID": 538111186,
        "PinID": 0
      },
      "WirePoints": [
        {
          "X": -0.9407409,
          "Y": 1.44444466
        }
      ],
      "ColourThemeName": "Red"
    },
    {
      "Source": {
        "PinType": 1,
        "SubChipID": 0,
        "PinID": 572411175
      },
      "Target": {
        "PinType": 3,
        "SubChipID": 1363816275,
        "PinID": 0
      },
      "WirePoints": [
        {
          "X": -7.837778,
          "Y": -3.24074054
        }
      ],
      "ColourThemeName": "Red"
    },
    {
      "Source": {
        "PinType": 1,
        "SubChipID": 0,
        "PinID": 252889857
      },
      "Target": {
        "PinType": 3,
        "SubChipID": 1285102100,
        "PinID": 0
      },
      "WirePoints": [
        {
          "X": -7.837778,
          "Y": -2.25
        }
      ],
      "ColourThemeName": "Red"
    },
    {
      "Source": {
        "PinType": 4,
        "SubChipID": 1920009106,
        "PinID": 2
      },
      "Target": {
        "PinType": 3,
        "SubChipID": 604658272,
        "PinID": 0
      },
      "WirePoints": [
        {
          "X": -0.95,
          "Y": 2.25925922
        }
      ],
      "ColourThemeName": "Red"
    },
    {
      "Source": {
        "PinType": 1,
        "SubChipID": 0,
        "PinID": 1343567190
      },
      "Target": {
        "PinType": 3,
        "SubChipID": 602651067,
        "PinID": 0
      },
      "WirePoints": [
        {
          "X": -7.837778,
          "Y": -4.203704
        }
      ],
      "ColourThemeName": "Red"
    },
    {
      "Source": {
        "PinType": 1,
        "SubChipID": 0,
        "PinID": 572411175
      },
      "Target": {
        "PinType": 3,
        "SubChipID": 1676159619,
        "PinID": 0
      },
      "WirePoints": [
        {
          "X": -7.837778,
          "Y": -3.24074054
        }
      ],
      "ColourThemeName": "Red"
    },
    {
      "Source": {
        "PinType": 4,
        "SubChipID": 412418024,
        "PinID": 2
      },
      "Target": {
        "PinType": 3,
        "SubChipID": 153454701,
        "PinID": 0
      },
      "WirePoints": [
        {
          "X": -1.31111145,
          "Y": -2.75
        }
      ],
      "ColourThemeName": "Red"
    },
    {
      "Source": {
        "PinType": 1,
        "SubChipID": 0,
        "PinID": 1084275126
      },
      "Target": {
        "PinType": 3,
        "SubChipID": 352594428,
        "PinID": 0
      },
      "WirePoints": [
        {
          "X": -7.837778,
          "Y": -1.44444454
        }
      ],
      "ColourThemeName": "Red"
    },
    {
      "Source": {
        "PinType": 1,
        "SubChipID": 0,
        "PinID": 1592085272
      },
      "Target": {
        "PinType": 3,
        "SubChipID": 203111059,
        "PinID": 0
      },
      "WirePoints": [
        {
          "X": -7.837778,
          "Y": -1.07407391
        }
      ],
      "ColourThemeName": "Red"
    },
    {
      "Source": {
        "PinType": 1,
        "SubChipID": 0,
        "PinID": 1859087153
      },
      "Target": {
        "PinType": 3,
        "SubChipID": 2025118640,
        "PinID": 0
      },
      "WirePoints": [
        {
          "X": -7.837778,
          "Y": -0.6851846
        }
      ],
      "ColourThemeName": "Red"
    },
    {
      "Source": {
        "PinType": 1,
        "SubChipID": 0,
        "PinID": 198971381
      },
      "Target": {
        "PinType": 3,
        "SubChipID": 494106738,
        "PinID": 0
      },
      "WirePoints": [
        {
          "X": -7.837778,
          "Y": -0.305556059
        }
      ],
      "ColourThemeName": "Red"
    },
    {
      "Source": {
        "PinType": 1,
        "SubChipID": 0,
        "PinID": 252889857
      },
      "Target": {
        "PinType": 3,
        "SubChipID": 1648336646,
        "PinID": 0
      },
      "WirePoints": [
        {
          "X": -7.837778,
          "Y": -2.25
        }
      ],
      "ColourThemeName": "Red"
    },
    {
      "Source": {
        "PinType": 1,
        "SubChipID": 0,
        "PinID": 783111336
      },
      "Target": {
        "PinType": 3,
        "SubChipID": 375092344,
        "PinID": 0
      },
      "WirePoints": [
        {
          "X": -7.837778,
          "Y": 0.24074018
        }
      ],
      "ColourThemeName": "Red"
    },
    {
      "Source": {
        "PinType": 1,
        "SubChipID": 0,
        "PinID": 783111336
      },
      "Target": {
        "PinType": 3,
        "SubChipID": 1920275719,
        "PinID": 0
      },
      "WirePoints": [
        {
          "X": -7.837778,
          "Y": 0.24074018
        }
      ],
      "ColourThemeName": "Red"
    },
    {
      "Source": {
        "PinType": 4,
        "SubChipID": 254858260,
        "PinID": 2
      },
      "Target": {
        "PinType": 3,
        "SubChipID": 461398574,
        "PinID": 0
      },
      "WirePoints": [
        {
          "X": -1.1444447,
          "Y": -3.55555534
        }
      ],
      "ColourThemeName": "Red"
    },
    {
      "Source": {
        "PinType": 1,
        "SubChipID": 0,
        "PinID": 1134212144
      },
      "Target": {
        "PinType": 3,
        "SubChipID": 1525710346,
        "PinID": 0
      },
      "WirePoints": [
        {
          "X": -7.837778,
          "Y": 0.6759256
        }
      ],
      "ColourThemeName": "Red"
    },
    {
      "Source": {
        "PinType": 1,
        "SubChipID": 0,
        "PinID": 1134212144
      },
      "Target": {
        "PinType": 3,
        "SubChipID": 1937124906,
        "PinID": 0
      },
      "WirePoints": [
        {
          "X": -7.837778,
          "Y": 0.6759256
        }
      ],
      "ColourThemeName": "Red"
    },
    {
      "Source": {
        "PinType": 4,
        "SubChipID": 1946271824,
        "PinID": 640609474
      },
      "Target": {
        "PinType": 2,
        "SubChipID": 0,
        "PinID": 640609474
      },
      "WirePoints": [
        {
          "X": 4.48574066,
          "Y": 4.585556
        },
        {
          "X": 7.837778,
          "Y": 3.67592573
        }
      ],
      "ColourThemeName": "Red"
    },
    {
      "Source": {
        "PinType": 4,
        "SubChipID": 1946271824,
        "PinID": 1764891376
      },
      "Target": {
        "PinType": 2,
        "SubChipID": 0,
        "PinID": 1764891376
      },
      "WirePoints": [
        {
          "X": 4.48574066,
          "Y": 3.93412733
        },
        {
          "X": 7.837778,
          "Y": 3.12962961
        }
      ],
      "ColourThemeName": "Red"
    },
    {
      "Source": {
        "PinType": 4,
        "SubChipID": 1946271824,
        "PinID": 1354084789
      },
      "Target": {
        "PinType": 2,
        "SubChipID": 0,
        "PinID": 1354084789
      },
      "WirePoints": [
        {
          "X": 4.48574066,
          "Y": 3.28269863
        },
        {
          "X": 7.837778,
          "Y": 2.58333325
        }
      ],
      "ColourThemeName": "Red"
    },
    {
      "Source": {
        "PinType": 4,
        "SubChipID": 1946271824,
        "PinID": 2081558438
      },
      "Target": {
        "PinType": 2,
        "SubChipID": 0,
        "PinID": 2081558438
      },
      "WirePoints": [
        {
          "X": 4.48574066,
          "Y": 2.63127017
        },
        {
          "X": 7.837778,
          "Y": 2.00925946
        }
      ],
      "ColourThemeName": "Red"
    },
    {
      "Source": {
        "PinType": 4,
        "SubChipID": 1946271824,
        "PinID": 1757278177
      },
      "Target": {
        "PinType": 2,
        "SubChipID": 0,
        "PinID": 1757278177
      },
      "WirePoints": [
        {
          "X": 4.48574066,
          "Y": 1.97984147
        },
        {
          "X": 7.837778,
          "Y": 1.259259
        }
      ],
      "ColourThemeName": "Red"
    },
    {
      "Source": {
        "PinType": 4,
        "SubChipID": 1946271824,
        "PinID": 487649070
      },
      "Target": {
        "PinType": 2,
        "SubChipID": 0,
        "PinID": 487649070
      },
      "WirePoints": [
        {
          "X": 4.48574066,
          "Y": 1.32841289
        },
        {
          "X": 7.837778,
          "Y": 0.703703761
        }
      ],
      "ColourThemeName": "Red"
    },
    {
      "Source": {
        "PinType": 4,
        "SubChipID": 1946271824,
        "PinID": 1528841058
      },
      "Target": {
        "PinType": 2,
        "SubChipID": 0,
        "PinID": 1528841058
      },
      "WirePoints": [
        {
          "X": 4.48574066,
          "Y": 0.6769844
        },
        {
          "X": 7.837778,
          "Y": 0.0277775526
        }
      ],
      "ColourThemeName": "Red"
    },
    {
      "Source": {
        "PinType": 4,
        "SubChipID": 1946271824,
        "PinID": 731942415
      },
      "Target": {
        "PinType": 2,
        "SubChipID": 0,
        "PinID": 731942415
      },
      "WirePoints": [
        {
          "X": 4.48574066,
          "Y": 0.02555585
        },
        {
          "X": 7.837778,
          "Y": -0.6111112
        }
      ],
      "ColourThemeName": "Red"
    },
    {
      "Source": {
        "PinType": 4,
        "SubChipID": 371457713,
        "PinID": 640609474
      },
      "Target": {
        "PinType": 2,
        "SubChipID": 0,
        "PinID": 640609474
      },
      "WirePoints": [
        {
          "X": 6.920927,
          "Y": 0.8633332
        },
        {
          "X": 7.837778,
          "Y": 3.67592573
        }
      ],
      "ColourThemeName": "Red"
    },
    {
      "Source": {
        "PinType": 4,
        "SubChipID": 371457713,
        "PinID": 1764891376
      },
      "Target": {
        "PinType": 2,
        "SubChipID": 0,
        "PinID": 1764891376
      },
      "WirePoints": [
        {
          "X": 6.920927,
          "Y": 0.211904645
        },
        {
          "X": 7.837778,
          "Y": 3.12962961
        }
      ],
      "ColourThemeName": "Red"
    },
    {
      "Source": {
        "PinType": 4,
        "SubChipID": 371457713,
        "PinID": 1354084789
      },
      "Target": {
        "PinType": 2,
        "SubChipID": 0,
        "PinID": 1354084789
      },
      "WirePoints": [
        {
          "X": 6.920927,
          "Y": -0.439523935
        },
        {
          "X": 7.837778,
          "Y": 2.58333325
        }
      ],
      "ColourThemeName": "Red"
    },
    {
      "Source": {
        "PinType": 4,
        "SubChipID": 371457713,
        "PinID": 2081558438
      },
      "Target": {
        "PinType": 2,
        "SubChipID": 0,
        "PinID": 2081558438
      },
      "WirePoints": [
        {
          "X": 6.920927,
          "Y": -1.09095252
        },
        {
          "X": 7.837778,
          "Y": 2.00925946
        }
      ],
      "ColourThemeName": "Red"
    },
    {
      "Source": {
        "PinType": 4,
        "SubChipID": 371457713,
        "PinID": 1757278177
      },
      "Target": {
        "PinType": 2,
        "SubChipID": 0,
        "PinID": 1757278177
      },
      "WirePoints": [
        {
          "X": 6.920927,
          "Y": -1.7423811
        },
        {
          "X": 7.837778,
          "Y": 1.259259
        }
      ],
      "ColourThemeName": "Red"
    },
    {
      "Source": {
        "PinType": 4,
        "SubChipID": 371457713,
        "PinID": 487649070
      },
      "Target": {
        "PinType": 2,
        "SubChipID": 0,
        "PinID": 487649070
      },
      "WirePoints": [
        {
          "X": 6.920927,
          "Y": -2.3938098
        },
        {
          "X": 7.837778,
          "Y": 0.703703761
        }
      ],
      "ColourThemeName": "Red"
    },
    {
      "Source": {
        "PinType": 4,
        "SubChipID": 371457713,
        "PinID": 1528841058
      },
      "Target": {
        "PinType": 2,
        "SubChipID": 0,
        "PinID": 1528841058
      },
      "WirePoints": [
        {
          "X": 6.920927,
          "Y": -3.045238
        },
        {
          "X": 7.837778,
          "Y": 0.0277775526
        }
      ],
      "ColourThemeName": "Red"
    },
    {
      "Source": {
        "PinType": 4,
        "SubChipID": 371457713,
        "PinID": 731942415
      },
      "Target": {
        "PinType": 2,
        "SubChipID": 0,
        "PinID": 731942415
      },
      "WirePoints": [
        {
          "X": 6.920927,
          "Y": -3.69666672
        },
        {
          "X": 7.726246,
          "Y": -0.589927435
        },
        {
          "X": 7.837778,
          "Y": -0.6111112
        }
      ],
      "ColourThemeName": "Red"
    },
    {
      "Source": {
        "PinType": 4,
        "SubChipID": 792616463,
        "PinID": 1
      },
      "Target": {
        "PinType": 3,
        "SubChipID": 1946271824,
        "PinID": 1873865507
      },
      "WirePoints": [
        {
          "X": 2.495741,
          "Y": 4.585556
        }
      ],
      "ColourThemeName": "Red"
    },
    {
      "Source": {
        "PinType": 4,
        "SubChipID": 826387274,
        "PinID": 1
      },
      "Target": {
        "PinType": 3,
        "SubChipID": 1946271824,
        "PinID": 63641427
      },
      "WirePoints": [
        {
          "X": 2.495741,
          "Y": 4.345556
        }
      ],
      "ColourThemeName": "Red"
    },
    {
      "Source": {
        "PinType": 4,
        "SubChipID": 110755210,
        "PinID": 1
      },
      "Target": {
        "PinType": 3,
        "SubChipID": 1946271824,
        "PinID": 1723447257
      },
      "WirePoints": [
        {
          "X": 2.495741,
          "Y": 4.10555553
        }
      ],
      "ColourThemeName": "Red"
    },
    {
      "Source": {
        "PinType": 4,
        "SubChipID": 1978331404,
        "PinID": 1
      },
      "Target": {
        "PinType": 3,
        "SubChipID": 1946271824,
        "PinID": 1237626634
      },
      "WirePoints": [
        {
          "X": 2.495741,
          "Y": 3.86555576
        }
      ],
      "ColourThemeName": "Red"
    },
    {
      "Source": {
        "PinType": 4,
        "SubChipID": 711599235,
        "PinID": 1
      },
      "Target": {
        "PinType": 3,
        "SubChipID": 1946271824,
        "PinID": 1896472784
      },
      "WirePoints": [
        {
          "X": 2.495741,
          "Y": 3.62555575
        }
      ],
      "ColourThemeName": "Red"
    },
    {
      "Source": {
        "PinType": 4,
        "SubChipID": 310553380,
        "PinID": 1
      },
      "Target": {
        "PinType": 3,
        "SubChipID": 1946271824,
        "PinID": 423769338
      },
      "WirePoints": [
        {
          "X": 2.495741,
          "Y": 3.38555574
        }
      ],
      "ColourThemeName": "Red"
    },
    {
      "Source": {
        "PinType": 4,
        "SubChipID": 1856460508,
        "PinID": 1
      },
      "Target": {
        "PinType": 3,
        "SubChipID": 1946271824,
        "PinID": 890960839
      },
      "WirePoints": [
        {
          "X": 2.495741,
          "Y": 3.145556
        }
      ],
      "ColourThemeName": "Red"
    },
    {
      "Source": {
        "PinType": 4,
        "SubChipID": 1588651311,
        "PinID": 1
      },
      "Target": {
        "PinType": 3,
        "SubChipID": 1946271824,
        "PinID": 850560290
      },
      "WirePoints": [
        {
          "X": 2.495741,
          "Y": 2.90555573
        }
      ],
      "ColourThemeName": "Red"
    },
    {
      "Source": {
        "PinType": 4,
        "SubChipID": 3715947,
        "PinID": 1
      },
      "Target": {
        "PinType": 3,
        "SubChipID": 371457713,
        "PinID": 1873865507
      },
      "WirePoints": [
        {
          "X": 4.93092728,
          "Y": 0.8633332
        }
      ],
      "ColourThemeName": "Red"
    },
    {
      "Source": {
        "PinType": 4,
        "SubChipID": 1283625516,
        "PinID": 1
      },
      "Target": {
        "PinType": 3,
        "SubChipID": 371457713,
        "PinID": 63641427
      },
      "WirePoints": [
        {
          "X": 4.93092728,
          "Y": 0.6233332
        }
      ],
      "ColourThemeName": "Red"
    },
    {
      "Source": {
        "PinType": 4,
        "SubChipID": 1402718934,
        "PinID": 1
      },
      "Target": {
        "PinType": 3,
        "SubChipID": 371457713,
        "PinID": 1723447257
      },
      "WirePoints": [
        {
          "X": 4.93092728,
          "Y": 0.3833332
        }
      ],
      "ColourThemeName": "Red"
    },
    {
      "Source": {
        "PinType": 4,
        "SubChipID": 1370995243,
        "PinID": 1
      },
      "Target": {
        "PinType": 3,
        "SubChipID": 371457713,
        "PinID": 1237626634
      },
      "WirePoints": [
        {
          "X": 4.93092728,
          "Y": 0.143333316
        }
      ],
      "ColourThemeName": "Red"
    },
    {
      "Source": {
        "PinType": 4,
        "SubChipID": 126045691,
        "PinID": 1
      },
      "Target": {
        "PinType": 3,
        "SubChipID": 371457713,
        "PinID": 1896472784
      },
      "WirePoints": [
        {
          "X": 4.93092728,
          "Y": -0.09666681
        }
      ],
      "ColourThemeName": "Red"
    },
    {
      "Source": {
        "PinType": 4,
        "SubChipID": 560913183,
        "PinID": 1
      },
      "Target": {
        "PinType": 3,
        "SubChipID": 371457713,
        "PinID": 423769338
      },
      "WirePoints": [
        {
          "X": 4.93092728,
          "Y": -0.336666822
        }
      ],
      "ColourThemeName": "Red"
    },
    {
      "Source": {
        "PinType": 4,
        "SubChipID": 941254090,
        "PinID": 1
      },
      "Target": {
        "PinType": 3,
        "SubChipID": 371457713,
        "PinID": 890960839
      },
      "WirePoints": [
        {
          "X": 4.93092728,
          "Y": -0.5766667
        }
      ],
      "ColourThemeName": "Red"
    },
    {
      "Source": {
        "PinType": 4,
        "SubChipID": 1265419616,
        "PinID": 1
      },
      "Target": {
        "PinType": 3,
        "SubChipID": 371457713,
        "PinID": 850560290
      },
      "WirePoints": [
        {
          "X": 4.93092728,
          "Y": -0.8166667
        }
      ],
      "ColourThemeName": "Red"
    },
    {
      "Source": {
        "PinType": 4,
        "SubChipID": 519632412,
        "PinID": 1
      },
      "Target": {
        "PinType": 3,
        "SubChipID": 1946271824,
        "PinID": 1084275126
      },
      "WirePoints": [
        {
          "X": 2.495741,
          "Y": 1.2255559
        }
      ],
      "ColourThemeName": "Red"
    },
    {
      "Source": {
        "PinType": 4,
        "SubChipID": 484297488,
        "PinID": 1
      },
      "Target": {
        "PinType": 3,
        "SubChipID": 1946271824,
        "PinID": 1592085272
      },
      "WirePoints": [
        {
          "X": 2.495741,
          "Y": 1.46555579
        }
      ],
      "ColourThemeName": "Red"
    },
    {
      "Source": {
        "PinType": 4,
        "SubChipID": 1112561367,
        "PinID": 1
      },
      "Target": {
        "PinType": 3,
        "SubChipID": 1946271824,
        "PinID": 1859087153
      },
      "WirePoints": [
        {
          "X": 2.495741,
          "Y": 1.70555592
        }
      ],
      "ColourThemeName": "Red"
    },
    {
      "Source": {
        "PinType": 4,
        "SubChipID": 1229486325,
        "PinID": 1
      },
      "Target": {
        "PinType": 3,
        "SubChipID": 1946271824,
        "PinID": 198971381
      },
      "WirePoints": [
        {
          "X": 2.495741,
          "Y": 1.94555581
        }
      ],
      "ColourThemeName": "Red"
    },
    {
      "Source": {
        "PinType": 4,
        "SubChipID": 375092344,
        "PinID": 1
      },
      "Target": {
        "PinType": 3,
        "SubChipID": 1946271824,
        "PinID": 783111336
      },
      "WirePoints": [
        {
          "X": 2.495741,
          "Y": 2.1855557
        }
      ],
      "ColourThemeName": "Red"
    },
    {
      "Source": {
        "PinType": 4,
        "SubChipID": 1525710346,
        "PinID": 1
      },
      "Target": {
        "PinType": 3,
        "SubChipID": 1946271824,
        "PinID": 1134212144
      },
      "WirePoints": [
        {
          "X": 2.495741,
          "Y": 2.42555571
        }
      ],
      "ColourThemeName": "Red"
    },
    {
      "Source": {
        "PinType": 4,
        "SubChipID": 984061312,
        "PinID": 1
      },
      "Target": {
        "PinType": 3,
        "SubChipID": 1946271824,
        "PinID": 1538806756
      },
      "WirePoints": [
        {
          "X": 2.495741,
          "Y": 2.66555572
        }
      ],
      "ColourThemeName": "Red"
    },
    {
      "Source": {
        "PinType": 1,
        "SubChipID": 0,
        "PinID": 1538806756
      },
      "Target": {
        "PinType": 3,
        "SubChipID": 984061312,
        "PinID": 0
      },
      "WirePoints": [
        {
          "X": -7.837778,
          "Y": 1.10185146
        }
      ],
      "ColourThemeName": "Red"
    },
    {
      "Source": {
        "PinType": 1,
        "SubChipID": 0,
        "PinID": 1538806756
      },
      "Target": {
        "PinType": 3,
        "SubChipID": 1246446350,
        "PinID": 0
      },
      "WirePoints": [
        {
          "X": -7.837778,
          "Y": 1.10185146
        }
      ],
      "ColourThemeName": "Red"
    },
    {
      "Source": {
        "PinType": 4,
        "SubChipID": 1246446350,
        "PinID": 1
      },
      "Target": {
        "PinType": 3,
        "SubChipID": 371457713,
        "PinID": 1538806756
      },
      "WirePoints": [
        {
          "X": 4.93092728,
          "Y": -1.05666673
        }
      ],
      "ColourThemeName": "Red"
    },
    {
      "Source": {
        "PinType": 4,
        "SubChipID": 1937124906,
        "PinID": 1
      },
      "Target": {
        "PinType": 3,
        "SubChipID": 371457713,
        "PinID": 1134212144
      },
      "WirePoints": [
        {
          "X": 4.93092728,
          "Y": -1.29666686
        }
      ],
      "ColourThemeName": "Red"
    },
    {
      "Source": {
        "PinType": 4,
        "SubChipID": 1920275719,
        "PinID": 1
      },
      "Target": {
        "PinType": 3,
        "SubChipID": 371457713,
        "PinID": 783111336
      },
      "WirePoints": [
        {
          "X": 4.93092728,
          "Y": -1.53666687
        }
      ],
      "ColourThemeName": "Red"
    },
    {
      "Source": {
        "PinType": 4,
        "SubChipID": 494106738,
        "PinID": 1
      },
      "Target": {
        "PinType": 3,
        "SubChipID": 371457713,
        "PinID": 198971381
      },
      "WirePoints": [
        {
          "X": 4.93092728,
          "Y": -1.77666676
        }
      ],
      "ColourThemeName": "Red"
    },
    {
      "Source": {
        "PinType": 4,
        "SubChipID": 2025118640,
        "PinID": 1
      },
      "Target": {
        "PinType": 3,
        "SubChipID": 371457713,
        "PinID": 1859087153
      },
      "WirePoints": [
        {
          "X": 4.93092728,
          "Y": -2.01666665
        }
      ],
      "ColourThemeName": "Red"
    },
    {
      "Source": {
        "PinType": 4,
        "SubChipID": 203111059,
        "PinID": 1
      },
      "Target": {
        "PinType": 3,
        "SubChipID": 371457713,
        "PinID": 1592085272
      },
      "WirePoints": [
        {
          "X": 4.93092728,
          "Y": -2.25666666
        }
      ],
      "ColourThemeName": "Red"
    },
    {
      "Source": {
        "PinType": 4,
        "SubChipID": 352594428,
        "PinID": 1
      },
      "Target": {
        "PinType": 3,
        "SubChipID": 371457713,
        "PinID": 1084275126
      },
      "WirePoints": [
        {
          "X": 4.93092728,
          "Y": -2.49666667
        }
      ],
      "ColourThemeName": "Red"
    },
    {
      "Source": {
        "PinType": 4,
        "SubChipID": 1285102100,
        "PinID": 1
      },
      "Target": {
        "PinType": 3,
        "SubChipID": 1946271824,
        "PinID": 252889857
      },
      "WirePoints": [
        {
          "X": 2.495741,
          "Y": 0.985555649
        }
      ],
      "ColourThemeName": "Red"
    },
    {
      "Source": {
        "PinType": 4,
        "SubChipID": 1363816275,
        "PinID": 1
      },
      "Target": {
        "PinType": 3,
        "SubChipID": 1946271824,
        "PinID": 572411175
      },
      "WirePoints": [
        {
          "X": 2.495741,
          "Y": 0.505555868
        }
      ],
      "ColourThemeName": "Red"
    },
    {
      "Source": {
        "PinType": 4,
        "SubChipID": 732430430,
        "PinID": 1
      },
      "Target": {
        "PinType": 3,
        "SubChipID": 1946271824,
        "PinID": 1343567190
      },
      "WirePoints": [
        {
          "X": 2.495741,
          "Y": 0.02555585
        }
      ],
      "ColourThemeName": "Red"
    },
    {
      "Source": {
        "PinType": 4,
        "SubChipID": 1648336646,
        "PinID": 1
      },
      "Target": {
        "PinType": 3,
        "SubChipID": 371457713,
        "PinID": 252889857
      },
      "WirePoints": [
        {
          "X": 4.93092728,
          "Y": -2.736667
        }
      ],
      "ColourThemeName": "Red"
    },
    {
      "Source": {
        "PinType": 4,
        "SubChipID": 1676159619,
        "PinID": 1
      },
      "Target": {
        "PinType": 3,
        "SubChipID": 371457713,
        "PinID": 572411175
      },
      "WirePoints": [
        {
          "X": 4.93092728,
          "Y": -3.2166667
        }
      ],
      "ColourThemeName": "Red"
    },
    {
      "Source": {
        "PinType": 4,
        "SubChipID": 602651067,
        "PinID": 1
      },
      "Target": {
        "PinType": 3,
        "SubChipID": 371457713,
        "PinID": 1343567190
      },
      "WirePoints": [
        {
          "X": 4.93092728,
          "Y": -3.69666672
        }
      ],
      "ColourThemeName": "Red"
    },
    {
      "Source": {
        "PinType": 1,
        "SubChipID": 0,
        "PinID": 1845372567
      },
      "Target": {
        "PinType": 3,
        "SubChipID": 1577596840,
        "PinID": 0
      },
      "WirePoints": [
        {
          "X": -7.837778,
          "Y": 1.47222221
        }
      ],
      "ColourThemeName": "Red"
    },
    {
      "Source": {
        "PinType": 4,
        "SubChipID": 1577596840,
        "PinID": 1
      },
      "Target": {
        "PinType": 3,
        "SubChipID": 1284177546,
        "PinID": 0
      },
      "WirePoints": [
        {
          "X": -3.67962956,
          "Y": 1.49999976
        }
      ],
      "ColourThemeName": "Red"
    },
    {
      "Source": {
        "PinType": 4,
        "SubChipID": 604658272,
        "PinID": 1
      },
      "Target": {
        "PinType": 3,
        "SubChipID": 1946271824,
        "PinID": 1190999373
      },
      "WirePoints": [
        {
          "X": 2.495741,
          "Y": 0.745555758
        }
      ],
      "ColourThemeName": "Red"
    },
    {
      "Source": {
        "PinType": 4,
        "SubChipID": 538111186,
        "PinID": 1
      },
      "Target": {
        "PinType": 3,
        "SubChipID": 1946271824,
        "PinID": 1939383565
      },
      "WirePoints": [
        {
          "X": 2.495741,
          "Y": 0.265555859
        }
      ],
      "ColourThemeName": "Red"
    },
    {
      "Source": {
        "PinType": 4,
        "SubChipID": 147414801,
        "PinID": 1
      },
      "Target": {
        "PinType": 3,
        "SubChipID": 412418024,
        "PinID": 0
      },
      "WirePoints": [
        {
          "X": -3.00042081,
          "Y": -3.47479868
        },
        {
          "X": -2.98148179,
          "Y": -2.648148
        },
        {
          "X": -2.41111135,
          "Y": -2.63
        }
      ],
      "ColourThemeName": "Red"
    },
    {
      "Source": {
        "PinType": 1,
        "SubChipID": 0,
        "PinID": 1845372567
      },
      "Target": {
        "PinType": 3,
        "SubChipID": 147414801,
        "PinID": 0
      },
      "WirePoints": [
        {
          "X": -7.837778,
          "Y": 1.47222221
        }
      ],
      "ColourThemeName": "Red"
    },
    {
      "Source": {
        "PinType": 4,
        "SubChipID": 147414801,
        "PinID": 1
      },
      "Target": {
        "PinType": 3,
        "SubChipID": 254858260,
        "PinID": 0
      },
      "WirePoints": [
        {
          "X": -2.24444461,
          "Y": -3.43555546
        }
      ],
      "ColourThemeName": "Red"
    },
    {
      "Source": {
        "PinType": 4,
        "SubChipID": 153454701,
        "PinID": 1
      },
      "Target": {
        "PinType": 3,
        "SubChipID": 371457713,
        "PinID": 1190999373
      },
      "WirePoints": [
        {
          "X": 4.93092728,
          "Y": -2.976667
        }
      ],
      "ColourThemeName": "Red"
    },
    {
      "Source": {
        "PinType": 4,
        "SubChipID": 461398574,
        "PinID": 1
      },
      "Target": {
        "PinType": 3,
        "SubChipID": 371457713,
        "PinID": 1939383565
      },
      "WirePoints": [
        {
          "X": 4.93092728,
          "Y": -3.45666671
        }
      ],
      "ColourThemeName": "Red"
    }
  ],
  "ChipSize": 0.0
}