{
  "Name": "2bitmux",
  "Colour": "#E11EB8",
  "InputPins": [
    {
      "Name": "Pin",
      "ID": 1787589255,
      "PositionY": 2.85185146,
      "ColourThemeName": "Red"
    },
    {
      "Name": "Pin",
      "ID": 324875823,
      "PositionY": 2.3888886,
      "ColourThemeName": "Red"
    },
    {
      "Name": "Pin",
      "ID": 877310282,
      "PositionY": 1.3055557,
      "ColourThemeName": "Red"
    },
    {
      "Name": "Pin",
      "ID": 23933134,
      "PositionY": 0.777778,
      "ColourThemeName": "Red"
    },
    {
      "Name": "Pin",
      "ID": 562888594,
      "PositionY": -0.759259164,
      "ColourThemeName": "Red"
    }
  ],
  "OutputPins": [
    {
      "Name": "Pin",
      "ID": 1658553871,
      "PositionY": 2.62037039,
      "ColourThemeName": "Red"
    },
    {
      "Name": "Pin",
      "ID": 742042009,
      "PositionY": 1.68518543,
      "ColourThemeName": "Red"
    }
  ],
  "SubChips": [
    {
      "Name": "1bitmux",
      "ID": 157702488,
      "Points": [
        {
          "X": -3.87037039,
          "Y": 2.3213892
        }
      ],
      "Data": null
    },
    {
      "Name": "1bitmux",
      "ID": 1536228996,
      "Points": [
        {
          "X": -3.87037039,
          "Y": 1.45638907
        }
      ],
      "Data": null
    }
  ],
  "Connections": [
    {
      "Source": {
        "PinType": 1,
        "SubChipID": 0,
        "PinID": 562888594
      },
      "Target": {
        "PinType": 3,
        "SubChipID": 157702488,
        "PinID": 1040857246
      },
      "WirePoints": [
        {
          "X": -7.837778,
          "Y": -0.759259164
        },
        {
          "X": -5.055556,
          "Y": -0.6296295
        },
        {
          "X": -4.97222233,
          "Y": 2.11111116
        },
        {
          "X": -4.64537048,
          "Y": 2.08138919
        }
      ],
      "ColourThemeName": "Red"
    },
    {
      "Source": {
        "PinType": 1,
        "SubChipID": 0,
        "PinID": 562888594
      },
      "Target": {
        "PinType": 3,
        "SubChipID": 1536228996,
        "PinID": 1040857246
      },
      "WirePoints": [
        {
          "X": -7.837778,
          "Y": -0.759259164
        },
        {
          "X": -5.055556,
          "Y": -0.6296295
        },
        {
          "X": -5.00316238,
          "Y": 1.09353328
        },
        {
          "X": -4.64537048,
          "Y": 1.21638906
        }
      ],
      "ColourThemeName": "Red"
    },
    {
      "Source": {
        "PinType": 1,
        "SubChipID": 0,
        "PinID": 23933134
      },
      "Target": {
        "PinType": 3,
        "SubChipID": 1536228996,
        "PinID": 1404056732
      },
      "WirePoints": [
        {
          "X": -7.837778,
          "Y": 0.777778
        },
        {
          "X": -4.64537048,
          "Y": 1.45638907
        }
      ],
      "ColourThemeName": "Red"
    },
    {
      "Source": {
        "PinType": 1,
        "SubChipID": 0,
        "PinID": 877310282
      },
      "Target": {
        "PinType": 3,
        "SubChipID": 157702488,
        "PinID": 1404056732
      },
      "WirePoints": [
        {
          "X": -7.837778,
          "Y": 1.3055557
        },
        {
          "X": -4.64537048,
          "Y": 2.3213892
        }
      ],
      "ColourThemeName": "Red"
    },
    {
      "Source": {
        "PinType": 1,
        "SubChipID": 0,
        "PinID": 1787589255
      },
      "Target": {
        "PinType": 3,
        "SubChipID": 157702488,
        "PinID": 1627468108
      },
      "WirePoints": [
        {
          "X": -7.837778,
          "Y": 2.85185146
        },
        {
          "X": -4.64537048,
          "Y": 2.56138921
        }
      ],
      "ColourThemeName": "Red"
    },
    {
      "Source": {
        "PinType": 1,
        "SubChipID": 0,
        "PinID": 324875823
      },
      "Target": {
        "PinType": 3,
        "SubChipID": 1536228996,
        "PinID": 1627468108
      },
      "WirePoints": [
        {
          "X": -7.837778,
          "Y": 2.3888886
        },
        {
          "X": -4.64537048,
          "Y": 1.69638908
        }
      ],
      "ColourThemeName": "Red"
    },
    {
      "Source": {
        "PinType": 4,
        "SubChipID": 157702488,
        "PinID": 1706267175
      },
      "Target": {
        "PinType": 2,
        "SubChipID": 0,
        "PinID": 1658553871
      },
      "WirePoints": [
        {
          "X": -3.09537029,
          "Y": 2.3213892
        },
        {
          "X": 7.837778,
          "Y": 2.62037039
        }
      ],
      "ColourThemeName": "Red"
    },
    {
      "Source": {
        "PinType": 4,
        "SubChipID": 1536228996,
        "PinID": 1706267175
      },
      "Target": {
        "PinType": 2,
        "SubChipID": 0,
        "PinID": 742042009
      },
      "WirePoints": [
        {
          "X": -3.09537029,
          "Y": 1.45638907
        },
        {
          "X": 7.837778,
          "Y": 1.68518543
        }
      ],
      "ColourThemeName": "Red"
    }
  ],
  "ChipSize": 12.1999912
}