{
  "Name": "2ByteRam",
  "Colour": "#355829",
  "InputPins": [
    {
      "Name": "Pin",
      "ID": 1873865507,
      "PositionY": 4.23148155,
      "ColourThemeName": "Red"
    },
    {
      "Name": "Pin",
      "ID": 63641427,
      "PositionY": 3.740741,
      "ColourThemeName": "Red"
    },
    {
      "Name": "Pin",
      "ID": 1723447257,
      "PositionY": 3.29629612,
      "ColourThemeName": "Red"
    },
    {
      "Name": "Pin",
      "ID": 1237626634,
      "PositionY": 2.787037,
      "ColourThemeName": "Red"
    },
    {
      "Name": "Pin",
      "ID": 1896472784,
      "PositionY": 2.268519,
      "ColourThemeName": "Red"
    },
    {
      "Name": "Pin",
      "ID": 423769338,
      "PositionY": 1.86111093,
      "ColourThemeName": "Red"
    },
    {
      "Name": "Pin",
      "ID": 890960839,
      "PositionY": 1.41666651,
      "ColourThemeName": "Red"
    },
    {
      "Name": "Pin",
      "ID": 850560290,
      "PositionY": 0.9722221,
      "ColourThemeName": "Red"
    },
    {
      "Name": "Addess0",
      "ID": 264559730,
      "PositionY": 0.120370388,
      "ColourThemeName": "Red"
    },
    {
      "Name": "Read",
      "ID": 252889857,
      "PositionY": -0.9577778,
      "ColourThemeName": "Red"
    },
    {
      "Name": "Write",
      "ID": 572411175,
      "PositionY": -2.09259272,
      "ColourThemeName": "Red"
    },
    {
      "Name": "Clk",
      "ID": 538323610,
      "PositionY": -3.453704,
      "ColourThemeName": "Red"
    },
    {
      "Name": "writeEn",
      "ID": 1514641872,
      "PositionY": -2.61111116,
      "ColourThemeName": "Red"
    },
    {
      "Name": "ReadEn",
      "ID": 363581110,
      "PositionY": -1.45370364,
      "ColourThemeName": "Red"
    }
  ],
  "OutputPins": [
    {
      "Name": "Pin",
      "ID": 640609474,
      "PositionY": 3.67592573,
      "ColourThemeName": "Red"
    },
    {
      "Name": "Pin",
      "ID": 1764891376,
      "PositionY": 3.12962961,
      "ColourThemeName": "Red"
    },
    {
      "Name": "Pin",
      "ID": 1354084789,
      "PositionY": 2.58333325,
      "ColourThemeName": "Red"
    },
    {
      "Name": "Pin",
      "ID": 2081558438,
      "PositionY": 2.00925946,
      "ColourThemeName": "Red"
    },
    {
      "Name": "Pin",
      "ID": 1757278177,
      "PositionY": 1.259259,
      "ColourThemeName": "Red"
    },
    {
      "Name": "Pin",
      "ID": 487649070,
      "PositionY": 0.703703761,
      "ColourThemeName": "Red"
    },
    {
      "Name": "Pin",
      "ID": 1528841058,
      "PositionY": 0.0277775526,
      "ColourThemeName": "Red"
    },
    {
      "Name": "Pin",
      "ID": 731942415,
      "PositionY": -0.6111112,
      "ColourThemeName": "Red"
    }
  ],
  "SubChips": [
    {
      "Name": "1BYTEREG",
      "ID": 1307546825,
      "Points": [
        {
          "X": -3.4166677,
          "Y": 3.166666
        }
      ],
      "Data": null
    },
    {
      "Name": "1BYTEREG",
      "ID": 1615665325,
      "Points": [
        {
          "X": -3.68518519,
          "Y": -0.8518516
        }
      ],
      "Data": null
    },
    {
      "Name": "8bitTriBuffer",
      "ID": 346941577,
      "Points": [
        {
          "X": 4.842592,
          "Y": 3.22222185
        }
      ],
      "Data": null
    },
    {
      "Name": "AND",
      "ID": 782408095,
      "Points": [
        {
          "X": 1.73148167,
          "Y": 1.62036967
        }
      ],
      "Data": null
    },
    {
      "Name": "NOT",
      "ID": 1677085545,
      "Points": [
        {
          "X": 0.527778268,
          "Y": 1.46296144
        }
      ],
      "Data": null
    },
    {
      "Name": "8bitTriBuffer",
      "ID": 1649557853,
      "Points": [
        {
          "X": 4.39814758,
          "Y": -1.04629624
        }
      ],
      "Data": null
    },
    {
      "Name": "AND",
      "ID": 1847153191,
      "Points": [
        {
          "X": 1.08333325,
          "Y": -2.44444442
        }
      ],
      "Data": null
    },
    {
      "Name": "NOT",
      "ID": 1911246126,
      "Points": [
        {
          "X": -6.4259243,
          "Y": 2.222222
        }
      ],
      "Data": null
    },
    {
      "Name": "BUS",
      "ID": 1108070247,
      "Points": [
        {
          "X": -4.916667,
          "Y": 4.188889
        },
        {
          "X": -5.712963,
          "Y": 4.188889
        }
      ],
      "Data": null
    },
    {
      "Name": "BUS",
      "ID": 1484986826,
      "Points": [
        {
          "X": -4.916667,
          "Y": 3.98888874
        },
        {
          "X": -5.712963,
          "Y": 3.98888874
        }
      ],
      "Data": null
    },
    {
      "Name": "BUS",
      "ID": 1874551304,
      "Points": [
        {
          "X": -4.916667,
          "Y": 3.788889
        },
        {
          "X": -5.712963,
          "Y": 3.788889
        }
      ],
      "Data": null
    },
    {
      "Name": "BUS",
      "ID": 1567619526,
      "Points": [
        {
          "X": -4.916667,
          "Y": 3.588889
        },
        {
          "X": -5.712963,
          "Y": 3.588889
        }
      ],
      "Data": null
    },
    {
      "Name": "BUS",
      "ID": 1519248567,
      "Points": [
        {
          "X": -4.916667,
          "Y": 3.38888884
        },
        {
          "X": -5.712963,
          "Y": 3.38888884
        }
      ],
      "Data": null
    },
    {
      "Name": "BUS",
      "ID": 1535196642,
      "Points": [
        {
          "X": -4.916667,
          "Y": 3.18888879
        },
        {
          "X": -5.712963,
          "Y": 3.18888879
        }
      ],
      "Data": null
    },
    {
      "Name": "BUS",
      "ID": 2059452010,
      "Points": [
        {
          "X": -4.916667,
          "Y": 2.98888874
        },
        {
          "X": -5.712963,
          "Y": 2.98888874
        }
      ],
      "Data": null
    },
    {
      "Name": "BUS",
      "ID": 1420454703,
      "Points": [
        {
          "X": -4.916667,
          "Y": 2.788889
        },
        {
          "X": -5.712963,
          "Y": 2.788889
        }
      ],
      "Data": null
    },
    {
      "Name": "BUS",
      "ID": 155327384,
      "Points": [
        {
          "X": -4.86413145,
          "Y": 0.023966372
        },
        {
          "X": -5.391909,
          "Y": 0.0147070885
        }
      ],
      "Data": null
    },
    {
      "Name": "BUS",
      "ID": 1934120777,
      "Points": [
        {
          "X": -4.860623,
          "Y": -0.17600286
        },
        {
          "X": -5.38840055,
          "Y": -0.185262144
        }
      ],
      "Data": null
    },
    {
      "Name": "BUS",
      "ID": 1976770180,
      "Points": [
        {
          "X": -4.857115,
          "Y": -0.375972062
        },
        {
          "X": -5.38489246,
          "Y": -0.385231346
        }
      ],
      "Data": null
    },
    {
      "Name": "BUS",
      "ID": 893207712,
      "Points": [
        {
          "X": -4.8536067,
          "Y": -0.5759413
        },
        {
          "X": -5.38138437,
          "Y": -0.5852006
        }
      ],
      "Data": null
    },
    {
      "Name": "BUS",
      "ID": 1216699714,
      "Points": [
        {
          "X": -4.850098,
          "Y": -0.7759105
        },
        {
          "X": -5.377876,
          "Y": -0.7851698
        }
      ],
      "Data": null
    },
    {
      "Name": "BUS",
      "ID": 1006013312,
      "Points": [
        {
          "X": -4.84659,
          "Y": -0.9758798
        },
        {
          "X": -5.37436771,
          "Y": -0.985139
        }
      ],
      "Data": null
    },
    {
      "Name": "BUS",
      "ID": 1015589946,
      "Points": [
        {
          "X": -4.843082,
          "Y": -1.175849
        },
        {
          "X": -5.37085962,
          "Y": -1.18510818
        }
      ],
      "Data": null
    },
    {
      "Name": "BUS",
      "ID": 2132826985,
      "Points": [
        {
          "X": -4.83957338,
          "Y": -1.37581825
        },
        {
          "X": -5.367351,
          "Y": -1.38507748
        }
      ],
      "Data": null
    },
    {
      "Name": "BUS",
      "ID": 1568928670,
      "Points": [
        {
          "X": 1.13402748,
          "Y": -0.235202134
        },
        {
          "X": -0.199305654,
          "Y": -0.244461417
        }
      ],
      "Data": null
    },
    {
      "Name": "BUS",
      "ID": 538139190,
      "Points": [
        {
          "X": 1.13541639,
          "Y": -0.435197324
        },
        {
          "X": -0.197916865,
          "Y": -0.4444566
        }
      ],
      "Data": null
    },
    {
      "Name": "BUS",
      "ID": 1261857874,
      "Points": [
        {
          "X": 1.13680518,
          "Y": -0.6351925
        },
        {
          "X": -0.196527958,
          "Y": -0.644451737
        }
      ],
      "Data": null
    },
    {
      "Name": "BUS",
      "ID": 843650492,
      "Points": [
        {
          "X": 1.13819408,
          "Y": -0.8351877
        },
        {
          "X": -0.19513905,
          "Y": -0.844446957
        }
      ],
      "Data": null
    },
    {
      "Name": "BUS",
      "ID": 1480920335,
      "Points": [
        {
          "X": 1.13958287,
          "Y": -1.03518283
        },
        {
          "X": -0.193750262,
          "Y": -1.04444218
        }
      ],
      "Data": null
    },
    {
      "Name": "BUS",
      "ID": 517497296,
      "Points": [
        {
          "X": 1.14097178,
          "Y": -1.235178
        },
        {
          "X": -0.192361355,
          "Y": -1.24443734
        }
      ],
      "Data": null
    },
    {
      "Name": "BUS",
      "ID": 1166257607,
      "Points": [
        {
          "X": 1.14236057,
          "Y": -1.43517315
        },
        {
          "X": -0.190972567,
          "Y": -1.4444325
        }
      ],
      "Data": null
    },
    {
      "Name": "BUS",
      "ID": 1364161715,
      "Points": [
        {
          "X": 1.14374948,
          "Y": -1.63516831
        },
        {
          "X": -0.189583659,
          "Y": -1.64442766
        }
      ],
      "Data": null
    },
    {
      "Name": "BUS",
      "ID": 1841580787,
      "Points": [
        {
          "X": 1.6018517,
          "Y": 3.94074082
        },
        {
          "X": 0.527778149,
          "Y": 3.94074082
        }
      ],
      "Data": null
    },
    {
      "Name": "BUS",
      "ID": 1283086725,
      "Points": [
        {
          "X": 1.6018517,
          "Y": 3.74074078
        },
        {
          "X": 0.527778149,
          "Y": 3.74074078
        }
      ],
      "Data": null
    },
    {
      "Name": "BUS",
      "ID": 74249555,
      "Points": [
        {
          "X": 1.6018517,
          "Y": 3.54074073
        },
        {
          "X": 0.527778149,
          "Y": 3.54074073
        }
      ],
      "Data": null
    },
    {
      "Name": "BUS",
      "ID": 2099313095,
      "Points": [
        {
          "X": 1.6018517,
          "Y": 3.34074068
        },
        {
          "X": 0.527778149,
          "Y": 3.34074068
        }
      ],
      "Data": null
    },
    {
      "Name": "BUS",
      "ID": 746518228,
      "Points": [
        {
          "X": 1.6018517,
          "Y": 3.14074087
        },
        {
          "X": 0.527778149,
          "Y": 3.14074087
        }
      ],
      "Data": null
    },
    {
      "Name": "BUS",
      "ID": 583779277,
      "Points": [
        {
          "X": 1.6018517,
          "Y": 2.94074082
        },
        {
          "X": 0.527778149,
          "Y": 2.94074082
        }
      ],
      "Data": null
    },
    {
      "Name": "BUS",
      "ID": 1280466418,
      "Points": [
        {
          "X": 1.6018517,
          "Y": 2.74074078
        },
        {
          "X": 0.527778149,
          "Y": 2.74074078
        }
      ],
      "Data": null
    },
    {
      "Name": "BUS",
      "ID": 1309658353,
      "Points": [
        {
          "X": 1.6018517,
          "Y": 2.54074073
        },
        {
          "X": 0.527778149,
          "Y": 2.54074073
        }
      ],
      "Data": null
    },
    {
      "Name": "BUS",
      "ID": 900251467,
      "Points": [
        {
          "X": 0.302734226,
          "Y": -2.55349612
        },
        {
          "X": 0.01569733,
          "Y": -2.57201457
        }
      ],
      "Data": null
    },
    {
      "Name": "BUS",
      "ID": 1230316136,
      "Points": [
        {
          "X": -0.3240739,
          "Y": 1.5907408
        },
        {
          "X": -0.6296296,
          "Y": 1.5907408
        }
      ],
      "Data": null
    },
    {
      "Name": "BUS",
      "ID": 1380122188,
      "Points": [
        {
          "X": -0.3240739,
          "Y": 1.39074075
        },
        {
          "X": -0.6296296,
          "Y": 1.39074075
        }
      ],
      "Data": null
    },
    {
      "Name": "BUS",
      "ID": 690064794,
      "Points": [
        {
          "X": 0.324074447,
          "Y": -2.398148
        },
        {
          "X": 0.03703752,
          "Y": -2.398148
        }
      ],
      "Data": null
    },
    {
      "Name": "BUS",
      "ID": 1881441345,
      "Points": [
        {
          "X": -6.55919,
          "Y": -1.68710291
        },
        {
          "X": -7.0684495,
          "Y": -1.7056216
        }
      ],
      "Data": null
    },
    {
      "Name": "BUS",
      "ID": 536555735,
      "Points": [
        {
          "X": -6.551922,
          "Y": -1.88697088
        },
        {
          "X": -7.06118155,
          "Y": -1.90548956
        }
      ],
      "Data": null
    },
    {
      "Name": "BUS",
      "ID": 410797211,
      "Points": [
        {
          "X": -7.108481,
          "Y": 2.31292844
        },
        {
          "X": -7.460333,
          "Y": 2.32218742
        }
      ],
      "Data": null
    },
    {
      "Name": "BUS",
      "ID": 1367052604,
      "Points": [
        {
          "X": -7.11374235,
          "Y": 2.11299777
        },
        {
          "X": -7.46559429,
          "Y": 2.12225676
        }
      ],
      "Data": null
    },
    {
      "Name": "3And",
      "ID": 1379947409,
      "Points": [
        {
          "X": -5.148148,
          "Y": 2.25000024
        }
      ],
      "Data": null
    },
    {
      "Name": "3And",
      "ID": 1192004859,
      "Points": [
        {
          "X": -5.481482,
          "Y": -1.83333337
        }
      ],
      "Data": null
    },
    {
      "Name": "BUS",
      "ID": 464983192,
      "Points": [
        {
          "X": -6.425926,
          "Y": -2.175926
        },
        {
          "X": -6.916667,
          "Y": -2.18518519
        }
      ],
      "Data": null
    },
    {
      "Name": "BUS",
      "ID": 657231328,
      "Points": [
        {
          "X": -6.277778,
          "Y": 1.78703725
        },
        {
          "X": -6.722223,
          "Y": 1.76851869
        }
      ],
      "Data": null
    },
    {
      "Name": "AND",
      "ID": 353047940,
      "Points": [
        {
          "X": 2.52777743,
          "Y": -2.66666651
        }
      ],
      "Data": null
    },
    {
      "Name": "AND",
      "ID": 1194816075,
      "Points": [
        {
          "X": 3.12962985,
          "Y": 1.46296322
        }
      ],
      "Data": null
    },
    {
      "Name": "BUS",
      "ID": 896392022,
      "Points": [
        {
          "X": 1.544542,
          "Y": 1.0907253
        },
        {
          "X": 2.07232,
          "Y": 1.09998488
        }
      ],
      "Data": null
    },
    {
      "Name": "BUS",
      "ID": 1197623945,
      "Points": [
        {
          "X": 1.07407367,
          "Y": -2.99074054
        },
        {
          "X": 1.537037,
          "Y": -2.95370364
        }
      ],
      "Data": null
    }
  ],
  "Connections": [
    {
      "Source": {
        "PinType": 4,
        "SubChipID": 1677085545,
        "PinID": 1
      },
      "Target": {
        "PinType": 3,
        "SubChipID": 782408095,
        "PinID": 1
      },
      "WirePoints": [
        {
          "X": 1.07777834,
          "Y": 1.46296144
        },
        {
          "X": 1.1814816,
          "Y": 1.50036967
        }
      ],
      "ColourThemeName": "Red"
    },
    {
      "Source": {
        "PinType": 4,
        "SubChipID": 346941577,
        "PinID": 1812607063
      },
      "Target": {
        "PinType": 2,
        "SubChipID": 0,
        "PinID": 640609474
      },
      "WirePoints": [
        {
          "X": 6.06259155,
          "Y": 4.182222
        },
        {
          "X": 14.8415089,
          "Y": 3.67592573
        }
      ],
      "ColourThemeName": "Red"
    },
    {
      "Source": {
        "PinType": 4,
        "SubChipID": 346941577,
        "PinID": 183204016
      },
      "Target": {
        "PinType": 2,
        "SubChipID": 0,
        "PinID": 1764891376
      },
      "WirePoints": [
        {
          "X": 6.06259155,
          "Y": 3.907936
        },
        {
          "X": 14.8415089,
          "Y": 3.12962961
        }
      ],
      "ColourThemeName": "Red"
    },
    {
      "Source": {
        "PinType": 4,
        "SubChipID": 346941577,
        "PinID": 726274173
      },
      "Target": {
        "PinType": 2,
        "SubChipID": 0,
        "PinID": 1354084789
      },
      "WirePoints": [
        {
          "X": 6.06259155,
          "Y": 3.63365054
        },
        {
          "X": 14.8415089,
          "Y": 2.58333325
        }
      ],
      "ColourThemeName": "Red"
    },
    {
      "Source": {
        "PinType": 4,
        "SubChipID": 346941577,
        "PinID": 1072647730
      },
      "Target": {
        "PinType": 2,
        "SubChipID": 0,
        "PinID": 2081558438
      },
      "WirePoints": [
        {
          "X": 6.06259155,
          "Y": 3.35936475
        },
        {
          "X": 14.8415089,
          "Y": 2.00925946
        }
      ],
      "ColourThemeName": "Red"
    },
    {
      "Source": {
        "PinType": 4,
        "SubChipID": 346941577,
        "PinID": 1678414875
      },
      "Target": {
        "PinType": 2,
        "SubChipID": 0,
        "PinID": 1757278177
      },
      "WirePoints": [
        {
          "X": 6.06259155,
          "Y": 3.085079
        },
        {
          "X": 14.8415089,
          "Y": 1.259259
        }
      ],
      "ColourThemeName": "Red"
    },
    {
      "Source": {
        "PinType": 4,
        "SubChipID": 346941577,
        "PinID": 208918573
      },
      "Target": {
        "PinType": 2,
        "SubChipID": 0,
        "PinID": 487649070
      },
      "WirePoints": [
        {
          "X": 6.06259155,
          "Y": 2.81079316
        },
        {
          "X": 14.8415089,
          "Y": 0.703703761
        }
      ],
      "ColourThemeName": "Red"
    },
    {
      "Source": {
        "PinType": 4,
        "SubChipID": 346941577,
        "PinID": 2011963578
      },
      "Target": {
        "PinType": 2,
        "SubChipID": 0,
        "PinID": 1528841058
      },
      "WirePoints": [
        {
          "X": 6.06259155,
          "Y": 2.53650761
        },
        {
          "X": 14.8415089,
          "Y": 0.0277775526
        }
      ],
      "ColourThemeName": "Red"
    },
    {
      "Source": {
        "PinType": 4,
        "SubChipID": 346941577,
        "PinID": 177888055
      },
      "Target": {
        "PinType": 2,
        "SubChipID": 0,
        "PinID": 731942415
      },
      "WirePoints": [
        {
          "X": 6.06259155,
          "Y": 2.26222181
        },
        {
          "X": 14.8415089,
          "Y": -0.6111112
        }
      ],
      "ColourThemeName": "Red"
    },
    {
      "Source": {
        "PinType": 4,
        "SubChipID": 1649557853,
        "PinID": 1812607063
      },
      "Target": {
        "PinType": 2,
        "SubChipID": 0,
        "PinID": 640609474
      },
      "WirePoints": [
        {
          "X": 5.618148,
          "Y": -0.08629614
        },
        {
          "X": 14.8415089,
          "Y": 3.67592573
        }
      ],
      "ColourThemeName": "Red"
    },
    {
      "Source": {
        "PinType": 4,
        "SubChipID": 1649557853,
        "PinID": 183204016
      },
      "Target": {
        "PinType": 2,
        "SubChipID": 0,
        "PinID": 1764891376
      },
      "WirePoints": [
        {
          "X": 5.618148,
          "Y": -0.360581875
        },
        {
          "X": 14.8415089,
          "Y": 3.12962961
        }
      ],
      "ColourThemeName": "Red"
    },
    {
      "Source": {
        "PinType": 4,
        "SubChipID": 1649557853,
        "PinID": 726274173
      },
      "Target": {
        "PinType": 2,
        "SubChipID": 0,
        "PinID": 1354084789
      },
      "WirePoints": [
        {
          "X": 5.618148,
          "Y": -0.634867668
        },
        {
          "X": 14.8415089,
          "Y": 2.58333325
        }
      ],
      "ColourThemeName": "Red"
    },
    {
      "Source": {
        "PinType": 4,
        "SubChipID": 1649557853,
        "PinID": 208918573
      },
      "Target": {
        "PinType": 2,
        "SubChipID": 0,
        "PinID": 487649070
      },
      "WirePoints": [
        {
          "X": 5.618148,
          "Y": -1.45772493
        },
        {
          "X": 14.8415089,
          "Y": 0.703703761
        }
      ],
      "ColourThemeName": "Red"
    },
    {
      "Source": {
        "PinType": 4,
        "SubChipID": 1649557853,
        "PinID": 2011963578
      },
      "Target": {
        "PinType": 2,
        "SubChipID": 0,
        "PinID": 1528841058
      },
      "WirePoints": [
        {
          "X": 5.618148,
          "Y": -1.7320106
        },
        {
          "X": 14.8415089,
          "Y": 0.0277775526
        }
      ],
      "ColourThemeName": "Red"
    },
    {
      "Source": {
        "PinType": 4,
        "SubChipID": 1649557853,
        "PinID": 177888055
      },
      "Target": {
        "PinType": 2,
        "SubChipID": 0,
        "PinID": 731942415
      },
      "WirePoints": [
        {
          "X": 5.618148,
          "Y": -2.0062964
        },
        {
          "X": 14.8415089,
          "Y": -0.6111112
        }
      ],
      "ColourThemeName": "Red"
    },
    {
      "Source": {
        "PinType": 1,
        "SubChipID": 0,
        "PinID": 1873865507
      },
      "Target": {
        "PinType": 3,
        "SubChipID": 1108070247,
        "PinID": 0
      },
      "WirePoints": [
        {
          "X": -14.8415089,
          "Y": 4.23148155
        }
      ],
      "ColourThemeName": "Red"
    },
    {
      "Source": {
        "PinType": 1,
        "SubChipID": 0,
        "PinID": 63641427
      },
      "Target": {
        "PinType": 3,
        "SubChipID": 1484986826,
        "PinID": 0
      },
      "WirePoints": [
        {
          "X": -14.8415089,
          "Y": 3.740741
        }
      ],
      "ColourThemeName": "Red"
    },
    {
      "Source": {
        "PinType": 1,
        "SubChipID": 0,
        "PinID": 63641427
      },
      "Target": {
        "PinType": 3,
        "SubChipID": 1484986826,
        "PinID": 0
      },
      "WirePoints": [
        {
          "X": -14.8415089,
          "Y": 3.740741
        }
      ],
      "ColourThemeName": "Red"
    },
    {
      "Source": {
        "PinType": 1,
        "SubChipID": 0,
        "PinID": 1723447257
      },
      "Target": {
        "PinType": 3,
        "SubChipID": 1874551304,
        "PinID": 0
      },
      "WirePoints": [
        {
          "X": -14.8415089,
          "Y": 3.29629612
        }
      ],
      "ColourThemeName": "Red"
    },
    {
      "Source": {
        "PinType": 1,
        "SubChipID": 0,
        "PinID": 1237626634
      },
      "Target": {
        "PinType": 3,
        "SubChipID": 1567619526,
        "PinID": 0
      },
      "WirePoints": [
        {
          "X": -14.8415089,
          "Y": 2.787037
        }
      ],
      "ColourThemeName": "Red"
    },
    {
      "Source": {
        "PinType": 1,
        "SubChipID": 0,
        "PinID": 1896472784
      },
      "Target": {
        "PinType": 3,
        "SubChipID": 1519248567,
        "PinID": 0
      },
      "WirePoints": [
        {
          "X": -14.8415089,
          "Y": 2.268519
        }
      ],
      "ColourThemeName": "Red"
    },
    {
      "Source": {
        "PinType": 1,
        "SubChipID": 0,
        "PinID": 423769338
      },
      "Target": {
        "PinType": 3,
        "SubChipID": 1535196642,
        "PinID": 0
      },
      "WirePoints": [
        {
          "X": -14.8415089,
          "Y": 1.86111093
        }
      ],
      "ColourThemeName": "Red"
    },
    {
      "Source": {
        "PinType": 1,
        "SubChipID": 0,
        "PinID": 890960839
      },
      "Target": {
        "PinType": 3,
        "SubChipID": 2059452010,
        "PinID": 0
      },
      "WirePoints": [
        {
          "X": -14.8415089,
          "Y": 1.41666651
        }
      ],
      "ColourThemeName": "Red"
    },
    {
      "Source": {
        "PinType": 1,
        "SubChipID": 0,
        "PinID": 850560290
      },
      "Target": {
        "PinType": 3,
        "SubChipID": 1420454703,
        "PinID": 0
      },
      "WirePoints": [
        {
          "X": -14.8415089,
          "Y": 0.9722221
        }
      ],
      "ColourThemeName": "Red"
    },
    {
      "Source": {
        "PinType": 4,
        "SubChipID": 1108070247,
        "PinID": 1
      },
      "Target": {
        "PinType": 3,
        "SubChipID": 1307546825,
        "PinID": 1393507710
      },
      "WirePoints": [
        {
          "X": -4.266668,
          "Y": 4.246666
        }
      ],
      "ColourThemeName": "Red"
    },
    {
      "Source": {
        "PinType": 4,
        "SubChipID": 1484986826,
        "PinID": 1
      },
      "Target": {
        "PinType": 3,
        "SubChipID": 1307546825,
        "PinID": 1488711406
      },
      "WirePoints": [
        {
          "X": -4.266668,
          "Y": 4.006666
        }
      ],
      "ColourThemeName": "Red"
    },
    {
      "Source": {
        "PinType": 4,
        "SubChipID": 1874551304,
        "PinID": 1
      },
      "Target": {
        "PinType": 3,
        "SubChipID": 1307546825,
        "PinID": 1390913659
      },
      "WirePoints": [
        {
          "X": -4.266668,
          "Y": 3.76666617
        }
      ],
      "ColourThemeName": "Red"
    },
    {
      "Source": {
        "PinType": 4,
        "SubChipID": 1567619526,
        "PinID": 1
      },
      "Target": {
        "PinType": 3,
        "SubChipID": 1307546825,
        "PinID": 1896088820
      },
      "WirePoints": [
        {
          "X": -4.266668,
          "Y": 3.52666616
        }
      ],
      "ColourThemeName": "Red"
    },
    {
      "Source": {
        "PinType": 4,
        "SubChipID": 1519248567,
        "PinID": 1
      },
      "Target": {
        "PinType": 3,
        "SubChipID": 1307546825,
        "PinID": 983291422
      },
      "WirePoints": [
        {
          "X": -4.266668,
          "Y": 3.28666615
        }
      ],
      "ColourThemeName": "Red"
    },
    {
      "Source": {
        "PinType": 4,
        "SubChipID": 1535196642,
        "PinID": 1
      },
      "Target": {
        "PinType": 3,
        "SubChipID": 1307546825,
        "PinID": 1573288620
      },
      "WirePoints": [
        {
          "X": -4.266668,
          "Y": 3.046666
        }
      ],
      "ColourThemeName": "Red"
    },
    {
      "Source": {
        "PinType": 4,
        "SubChipID": 2059452010,
        "PinID": 1
      },
      "Target": {
        "PinType": 3,
        "SubChipID": 1307546825,
        "PinID": 1984256845
      },
      "WirePoints": [
        {
          "X": -4.266668,
          "Y": 2.806666
        }
      ],
      "ColourThemeName": "Red"
    },
    {
      "Source": {
        "PinType": 4,
        "SubChipID": 1420454703,
        "PinID": 1
      },
      "Target": {
        "PinType": 3,
        "SubChipID": 1307546825,
        "PinID": 1662664643
      },
      "WirePoints": [
        {
          "X": -4.266668,
          "Y": 2.566666
        }
      ],
      "ColourThemeName": "Red"
    },
    {
      "Source": {
        "PinType": 1,
        "SubChipID": 0,
        "PinID": 1873865507
      },
      "Target": {
        "PinType": 3,
        "SubChipID": 155327384,
        "PinID": 0
      },
      "WirePoints": [
        {
          "X": -14.8415089,
          "Y": 4.23148155
        }
      ],
      "ColourThemeName": "Red"
    },
    {
      "Source": {
        "PinType": 1,
        "SubChipID": 0,
        "PinID": 63641427
      },
      "Target": {
        "PinType": 3,
        "SubChipID": 1934120777,
        "PinID": 0
      },
      "WirePoints": [
        {
          "X": -14.8415089,
          "Y": 3.740741
        }
      ],
      "ColourThemeName": "Red"
    },
    {
      "Source": {
        "PinType": 1,
        "SubChipID": 0,
        "PinID": 1723447257
      },
      "Target": {
        "PinType": 3,
        "SubChipID": 1976770180,
        "PinID": 0
      },
      "WirePoints": [
        {
          "X": -14.8415089,
          "Y": 3.29629612
        }
      ],
      "ColourThemeName": "Red"
    },
    {
      "Source": {
        "PinType": 1,
        "SubChipID": 0,
        "PinID": 1237626634
      },
      "Target": {
        "PinType": 3,
        "SubChipID": 893207712,
        "PinID": 0
      },
      "WirePoints": [
        {
          "X": -14.8415089,
          "Y": 2.787037
        }
      ],
      "ColourThemeName": "Red"
    },
    {
      "Source": {
        "PinType": 1,
        "SubChipID": 0,
        "PinID": 1896472784
      },
      "Target": {
        "PinType": 3,
        "SubChipID": 1216699714,
        "PinID": 0
      },
      "WirePoints": [
        {
          "X": -14.8415089,
          "Y": 2.268519
        }
      ],
      "ColourThemeName": "Red"
    },
    {
      "Source": {
        "PinType": 1,
        "SubChipID": 0,
        "PinID": 423769338
      },
      "Target": {
        "PinType": 3,
        "SubChipID": 1006013312,
        "PinID": 0
      },
      "WirePoints": [
        {
          "X": -14.8415089,
          "Y": 1.86111093
        }
      ],
      "ColourThemeName": "Red"
    },
    {
      "Source": {
        "PinType": 1,
        "SubChipID": 0,
        "PinID": 890960839
      },
      "Target": {
        "PinType": 3,
        "SubChipID": 1015589946,
        "PinID": 0
      },
      "WirePoints": [
        {
          "X": -14.8415089,
          "Y": 1.41666651
        }
      ],
      "ColourThemeName": "Red"
    },
    {
      "Source": {
        "PinType": 1,
        "SubChipID": 0,
        "PinID": 850560290
      },
      "Target": {
        "PinType": 3,
        "SubChipID": 2132826985,
        "PinID": 0
      },
      "WirePoints": [
        {
          "X": -14.8415089,
          "Y": 0.9722221
        }
      ],
      "ColourThemeName": "Red"
    },
    {
      "Source": {
        "PinType": 4,
        "SubChipID": 155327384,
        "PinID": 1
      },
      "Target": {
        "PinType": 3,
        "SubChipID": 1615665325,
        "PinID": 1393507710
      },
      "WirePoints": [
        {
          "X": -4.53518534,
          "Y": 0.22814858
        }
      ],
      "ColourThemeName": "Red"
    },
    {
      "Source": {
        "PinType": 4,
        "SubChipID": 1934120777,
        "PinID": 1
      },
      "Target": {
        "PinType": 3,
        "SubChipID": 1615665325,
        "PinID": 1488711406
      },
      "WirePoints": [
        {
          "X": -4.53518534,
          "Y": -0.01185143
        }
      ],
      "ColourThemeName": "Red"
    },
    {
      "Source": {
        "PinType": 4,
        "SubChipID": 1976770180,
        "PinID": 1
      },
      "Target": {
        "PinType": 3,
        "SubChipID": 1615665325,
        "PinID": 1390913659
      },
      "WirePoints": [
        {
          "X": -4.53518534,
          "Y": -0.2518515
        }
      ],
      "ColourThemeName": "Red"
    },
    {
      "Source": {
        "PinType": 4,
        "SubChipID": 893207712,
        "PinID": 1
      },
      "Target": {
        "PinType": 3,
        "SubChipID": 1615665325,
        "PinID": 1896088820
      },
      "WirePoints": [
        {
          "X": -4.53518534,
          "Y": -0.491851538
        }
      ],
      "ColourThemeName": "Red"
    },
    {
      "Source": {
        "PinType": 4,
        "SubChipID": 1216699714,
        "PinID": 1
      },
      "Target": {
        "PinType": 3,
        "SubChipID": 1615665325,
        "PinID": 983291422
      },
      "WirePoints": [
        {
          "X": -4.53518534,
          "Y": -0.7318516
        }
      ],
      "ColourThemeName": "Red"
    },
    {
      "Source": {
        "PinType": 4,
        "SubChipID": 1006013312,
        "PinID": 1
      },
      "Target": {
        "PinType": 3,
        "SubChipID": 1615665325,
        "PinID": 1573288620
      },
      "WirePoints": [
        {
          "X": -4.53518534,
          "Y": -0.971851647
        }
      ],
      "ColourThemeName": "Red"
    },
    {
      "Source": {
        "PinType": 4,
        "SubChipID": 1015589946,
        "PinID": 1
      },
      "Target": {
        "PinType": 3,
        "SubChipID": 1615665325,
        "PinID": 1984256845
      },
      "WirePoints": [
        {
          "X": -4.53518534,
          "Y": -1.21185172
        }
      ],
      "ColourThemeName": "Red"
    },
    {
      "Source": {
        "PinType": 4,
        "SubChipID": 2132826985,
        "PinID": 1
      },
      "Target": {
        "PinType": 3,
        "SubChipID": 1615665325,
        "PinID": 1662664643
      },
      "WirePoints": [
        {
          "X": -4.53518534,
          "Y": -1.45185173
        }
      ],
      "ColourThemeName": "Red"
    },
    {
      "Source": {
        "PinType": 4,
        "SubChipID": 1568928670,
        "PinID": 1
      },
      "Target": {
        "PinType": 3,
        "SubChipID": 1649557853,
        "PinID": 1167210761
      },
      "WirePoints": [
        {
          "X": 3.17814755,
          "Y": -0.08629614
        }
      ],
      "ColourThemeName": "Red"
    },
    {
      "Source": {
        "PinType": 4,
        "SubChipID": 538139190,
        "PinID": 1
      },
      "Target": {
        "PinType": 3,
        "SubChipID": 1649557853,
        "PinID": 388698386
      },
      "WirePoints": [
        {
          "X": 3.17814755,
          "Y": -0.326296151
        }
      ],
      "ColourThemeName": "Red"
    },
    {
      "Source": {
        "PinType": 4,
        "SubChipID": 1261857874,
        "PinID": 1
      },
      "Target": {
        "PinType": 3,
        "SubChipID": 1649557853,
        "PinID": 795323117
      },
      "WirePoints": [
        {
          "X": 3.17814755,
          "Y": -0.5662962
        }
      ],
      "ColourThemeName": "Red"
    },
    {
      "Source": {
        "PinType": 4,
        "SubChipID": 843650492,
        "PinID": 1
      },
      "Target": {
        "PinType": 3,
        "SubChipID": 1649557853,
        "PinID": 1679676230
      },
      "WirePoints": [
        {
          "X": 3.17814755,
          "Y": -0.8062962
        }
      ],
      "ColourThemeName": "Red"
    },
    {
      "Source": {
        "PinType": 4,
        "SubChipID": 1480920335,
        "PinID": 1
      },
      "Target": {
        "PinType": 3,
        "SubChipID": 1649557853,
        "PinID": 1697856459
      },
      "WirePoints": [
        {
          "X": 3.17814755,
          "Y": -1.04629624
        }
      ],
      "ColourThemeName": "Red"
    },
    {
      "Source": {
        "PinType": 4,
        "SubChipID": 517497296,
        "PinID": 1
      },
      "Target": {
        "PinType": 3,
        "SubChipID": 1649557853,
        "PinID": 871832413
      },
      "WirePoints": [
        {
          "X": 3.17814755,
          "Y": -1.28629625
        }
      ],
      "ColourThemeName": "Red"
    },
    {
      "Source": {
        "PinType": 4,
        "SubChipID": 1166257607,
        "PinID": 1
      },
      "Target": {
        "PinType": 3,
        "SubChipID": 1649557853,
        "PinID": 20768943
      },
      "WirePoints": [
        {
          "X": 3.17814755,
          "Y": -1.52629626
        }
      ],
      "ColourThemeName": "Red"
    },
    {
      "Source": {
        "PinType": 4,
        "SubChipID": 1364161715,
        "PinID": 1
      },
      "Target": {
        "PinType": 3,
        "SubChipID": 1649557853,
        "PinID": 783676801
      },
      "WirePoints": [
        {
          "X": 3.17814755,
          "Y": -1.76629639
        }
      ],
      "ColourThemeName": "Red"
    },
    {
      "Source": {
        "PinType": 4,
        "SubChipID": 1615665325,
        "PinID": 1489572356
      },
      "Target": {
        "PinType": 3,
        "SubChipID": 1568928670,
        "PinID": 0
      },
      "WirePoints": [
        {
          "X": -2.835185,
          "Y": 0.22814858
        }
      ],
      "ColourThemeName": "Red"
    },
    {
      "Source": {
        "PinType": 4,
        "SubChipID": 1615665325,
        "PinID": 1515195558
      },
      "Target": {
        "PinType": 3,
        "SubChipID": 538139190,
        "PinID": 0
      },
      "WirePoints": [
        {
          "X": -2.835185,
          "Y": -0.08042294
        }
      ],
      "ColourThemeName": "Red"
    },
    {
      "Source": {
        "PinType": 4,
        "SubChipID": 1615665325,
        "PinID": 541107527
      },
      "Target": {
        "PinType": 3,
        "SubChipID": 843650492,
        "PinID": 0
      },
      "WirePoints": [
        {
          "X": -2.835185,
          "Y": -0.697565854
        }
      ],
      "ColourThemeName": "Red"
    },
    {
      "Source": {
        "PinType": 4,
        "SubChipID": 1615665325,
        "PinID": 245392602
      },
      "Target": {
        "PinType": 3,
        "SubChipID": 1261857874,
        "PinID": 0
      },
      "WirePoints": [
        {
          "X": -2.835185,
          "Y": -0.3889944
        }
      ],
      "ColourThemeName": "Red"
    },
    {
      "Source": {
        "PinType": 4,
        "SubChipID": 1615665325,
        "PinID": 572778854
      },
      "Target": {
        "PinType": 3,
        "SubChipID": 1480920335,
        "PinID": 0
      },
      "WirePoints": [
        {
          "X": -2.835185,
          "Y": -1.00613737
        }
      ],
      "ColourThemeName": "Red"
    },
    {
      "Source": {
        "PinType": 4,
        "SubChipID": 1615665325,
        "PinID": 926721921
      },
      "Target": {
        "PinType": 3,
        "SubChipID": 517497296,
        "PinID": 0
      },
      "WirePoints": [
        {
          "X": -2.835185,
          "Y": -1.31470883
        }
      ],
      "ColourThemeName": "Red"
    },
    {
      "Source": {
        "PinType": 4,
        "SubChipID": 1615665325,
        "PinID": 1745952370
      },
      "Target": {
        "PinType": 3,
        "SubChipID": 1166257607,
        "PinID": 0
      },
      "WirePoints": [
        {
          "X": -2.835185,
          "Y": -1.62328029
        }
      ],
      "ColourThemeName": "Red"
    },
    {
      "Source": {
        "PinType": 4,
        "SubChipID": 1615665325,
        "PinID": 409998146
      },
      "Target": {
        "PinType": 3,
        "SubChipID": 1364161715,
        "PinID": 0
      },
      "WirePoints": [
        {
          "X": -2.835185,
          "Y": -1.93185174
        }
      ],
      "ColourThemeName": "Red"
    },
    {
      "Source": {
        "PinType": 4,
        "SubChipID": 1307546825,
        "PinID": 1489572356
      },
      "Target": {
        "PinType": 3,
        "SubChipID": 1841580787,
        "PinID": 0
      },
      "WirePoints": [
        {
          "X": -2.56666756,
          "Y": 4.246666
        }
      ],
      "ColourThemeName": "Red"
    },
    {
      "Source": {
        "PinType": 4,
        "SubChipID": 1307546825,
        "PinID": 1515195558
      },
      "Target": {
        "PinType": 3,
        "SubChipID": 1283086725,
        "PinID": 0
      },
      "WirePoints": [
        {
          "X": -2.56666756,
          "Y": 3.93809462
        }
      ],
      "ColourThemeName": "Red"
    },
    {
      "Source": {
        "PinType": 4,
        "SubChipID": 1307546825,
        "PinID": 245392602
      },
      "Target": {
        "PinType": 3,
        "SubChipID": 74249555,
        "PinID": 0
      },
      "WirePoints": [
        {
          "X": -2.56666756,
          "Y": 3.62952328
        }
      ],
      "ColourThemeName": "Red"
    },
    {
      "Source": {
        "PinType": 4,
        "SubChipID": 1307546825,
        "PinID": 541107527
      },
      "Target": {
        "PinType": 3,
        "SubChipID": 2099313095,
        "PinID": 0
      },
      "WirePoints": [
        {
          "X": -2.56666756,
          "Y": 3.3209517
        }
      ],
      "ColourThemeName": "Red"
    },
    {
      "Source": {
        "PinType": 4,
        "SubChipID": 1307546825,
        "PinID": 572778854
      },
      "Target": {
        "PinType": 3,
        "SubChipID": 746518228,
        "PinID": 0
      },
      "WirePoints": [
        {
          "X": -2.56666756,
          "Y": 3.01238012
        }
      ],
      "ColourThemeName": "Red"
    },
    {
      "Source": {
        "PinType": 4,
        "SubChipID": 1307546825,
        "PinID": 926721921
      },
      "Target": {
        "PinType": 3,
        "SubChipID": 583779277,
        "PinID": 0
      },
      "WirePoints": [
        {
          "X": -2.56666756,
          "Y": 2.70380878
        }
      ],
      "ColourThemeName": "Red"
    },
    {
      "Source": {
        "PinType": 4,
        "SubChipID": 1307546825,
        "PinID": 1745952370
      },
      "Target": {
        "PinType": 3,
        "SubChipID": 1280466418,
        "PinID": 0
      },
      "WirePoints": [
        {
          "X": -2.56666756,
          "Y": 2.39523745
        }
      ],
      "ColourThemeName": "Red"
    },
    {
      "Source": {
        "PinType": 4,
        "SubChipID": 1307546825,
        "PinID": 409998146
      },
      "Target": {
        "PinType": 3,
        "SubChipID": 1309658353,
        "PinID": 0
      },
      "WirePoints": [
        {
          "X": -2.56666756,
          "Y": 2.08666587
        }
      ],
      "ColourThemeName": "Red"
    },
    {
      "Source": {
        "PinType": 4,
        "SubChipID": 1309658353,
        "PinID": 1
      },
      "Target": {
        "PinType": 3,
        "SubChipID": 346941577,
        "PinID": 783676801
      },
      "WirePoints": [
        {
          "X": 3.62259173,
          "Y": 2.50222182
        }
      ],
      "ColourThemeName": "Red"
    },
    {
      "Source": {
        "PinType": 4,
        "SubChipID": 1280466418,
        "PinID": 1
      },
      "Target": {
        "PinType": 3,
        "SubChipID": 346941577,
        "PinID": 20768943
      },
      "WirePoints": [
        {
          "X": 3.62259173,
          "Y": 2.74222183
        }
      ],
      "ColourThemeName": "Red"
    },
    {
      "Source": {
        "PinType": 4,
        "SubChipID": 583779277,
        "PinID": 1
      },
      "Target": {
        "PinType": 3,
        "SubChipID": 346941577,
        "PinID": 871832413
      },
      "WirePoints": [
        {
          "X": 3.62259173,
          "Y": 2.98222184
        }
      ],
      "ColourThemeName": "Red"
    },
    {
      "Source": {
        "PinType": 4,
        "SubChipID": 746518228,
        "PinID": 1
      },
      "Target": {
        "PinType": 3,
        "SubChipID": 346941577,
        "PinID": 1697856459
      },
      "WirePoints": [
        {
          "X": 3.62259173,
          "Y": 3.22222185
        }
      ],
      "ColourThemeName": "Red"
    },
    {
      "Source": {
        "PinType": 4,
        "SubChipID": 2099313095,
        "PinID": 1
      },
      "Target": {
        "PinType": 3,
        "SubChipID": 346941577,
        "PinID": 1679676230
      },
      "WirePoints": [
        {
          "X": 3.62259173,
          "Y": 3.46222186
        }
      ],
      "ColourThemeName": "Red"
    },
    {
      "Source": {
        "PinType": 4,
        "SubChipID": 74249555,
        "PinID": 1
      },
      "Target": {
        "PinType": 3,
        "SubChipID": 346941577,
        "PinID": 795323117
      },
      "WirePoints": [
        {
          "X": 3.62259173,
          "Y": 3.70222187
        }
      ],
      "ColourThemeName": "Red"
    },
    {
      "Source": {
        "PinType": 4,
        "SubChipID": 1283086725,
        "PinID": 1
      },
      "Target": {
        "PinType": 3,
        "SubChipID": 346941577,
        "PinID": 388698386
      },
      "WirePoints": [
        {
          "X": 3.62259173,
          "Y": 3.94222188
        }
      ],
      "ColourThemeName": "Red"
    },
    {
      "Source": {
        "PinType": 4,
        "SubChipID": 1841580787,
        "PinID": 1
      },
      "Target": {
        "PinType": 3,
        "SubChipID": 346941577,
        "PinID": 1167210761
      },
      "WirePoints": [
        {
          "X": 3.62259173,
          "Y": 4.182222
        }
      ],
      "ColourThemeName": "Red"
    },
    {
      "Source": {
        "PinType": 1,
        "SubChipID": 0,
        "PinID": 264559730
      },
      "Target": {
        "PinType": 3,
        "SubChipID": 900251467,
        "PinID": 0
      },
      "WirePoints": [
        {
          "X": -14.8415089,
          "Y": 0.120370388
        }
      ],
      "ColourThemeName": "Red"
    },
    {
      "Source": {
        "PinType": 1,
        "SubChipID": 0,
        "PinID": 264559730
      },
      "Target": {
        "PinType": 3,
        "SubChipID": 1380122188,
        "PinID": 0
      },
      "WirePoints": [
        {
          "X": -14.8415089,
          "Y": 0.120370388
        }
      ],
      "ColourThemeName": "Red"
    },
    {
      "Source": {
        "PinType": 1,
        "SubChipID": 0,
        "PinID": 252889857
      },
      "Target": {
        "PinType": 3,
        "SubChipID": 1230316136,
        "PinID": 0
      },
      "WirePoints": [
        {
          "X": -14.8415089,
          "Y": -0.9577778
        }
      ],
      "ColourThemeName": "Red"
    },
    {
      "Source": {
        "PinType": 4,
        "SubChipID": 1230316136,
        "PinID": 1
      },
      "Target": {
        "PinType": 3,
        "SubChipID": 782408095,
        "PinID": 0
      },
      "WirePoints": [
        {
          "X": 1.1814816,
          "Y": 1.74036968
        }
      ],
      "ColourThemeName": "Red"
    },
    {
      "Source": {
        "PinType": 4,
        "SubChipID": 1380122188,
        "PinID": 1
      },
      "Target": {
        "PinType": 3,
        "SubChipID": 1677085545,
        "PinID": 0
      },
      "WirePoints": [
        {
          "X": -0.0222217441,
          "Y": 1.46296144
        }
      ],
      "ColourThemeName": "Red"
    },
    {
      "Source": {
        "PinType": 4,
        "SubChipID": 690064794,
        "PinID": 1
      },
      "Target": {
        "PinType": 3,
        "SubChipID": 1847153191,
        "PinID": 0
      },
      "WirePoints": [
        {
          "X": 0.533333242,
          "Y": -2.32444453
        }
      ],
      "ColourThemeName": "Red"
    },
    {
      "Source": {
        "PinType": 1,
        "SubChipID": 0,
        "PinID": 252889857
      },
      "Target": {
        "PinType": 3,
        "SubChipID": 690064794,
        "PinID": 0
      },
      "WirePoints": [
        {
          "X": -14.8415089,
          "Y": -0.9577778
        }
      ],
      "ColourThemeName": "Red"
    },
    {
      "Source": {
        "PinType": 1,
        "SubChipID": 0,
        "PinID": 572411175
      },
      "Target": {
        "PinType": 3,
        "SubChipID": 536555735,
        "PinID": 0
      },
      "WirePoints": [
        {
          "X": -14.8415089,
          "Y": -2.09259272
        }
      ],
      "ColourThemeName": "Red"
    },
    {
      "Source": {
        "PinType": 1,
        "SubChipID": 0,
        "PinID": 572411175
      },
      "Target": {
        "PinType": 3,
        "SubChipID": 410797211,
        "PinID": 0
      },
      "WirePoints": [
        {
          "X": -14.8415089,
          "Y": -2.09259272
        }
      ],
      "ColourThemeName": "Red"
    },
    {
      "Source": {
        "PinType": 1,
        "SubChipID": 0,
        "PinID": 264559730
      },
      "Target": {
        "PinType": 3,
        "SubChipID": 1367052604,
        "PinID": 0
      },
      "WirePoints": [
        {
          "X": -14.8415089,
          "Y": 0.120370388
        }
      ],
      "ColourThemeName": "Red"
    },
    {
      "Source": {
        "PinType": 1,
        "SubChipID": 0,
        "PinID": 264559730
      },
      "Target": {
        "PinType": 3,
        "SubChipID": 1881441345,
        "PinID": 0
      },
      "WirePoints": [
        {
          "X": -14.8415089,
          "Y": 0.120370388
        }
      ],
      "ColourThemeName": "Red"
    },
    {
      "Source": {
        "PinType": 1,
        "SubChipID": 0,
        "PinID": 538323610
      },
      "Target": {
        "PinType": 3,
        "SubChipID": 1307546825,
        "PinID": 1423771617
      },
      "WirePoints": [
        {
          "X": -14.8415089,
          "Y": -3.453704
        },
        {
          "X": -4.73148155,
          "Y": -2.72222233
        },
        {
          "X": -4.61111164,
          "Y": 1.82407379
        },
        {
          "X": -4.266668,
          "Y": 2.08666587
        }
      ],
      "ColourThemeName": "Red"
    },
    {
      "Source": {
        "PinType": 1,
        "SubChipID": 0,
        "PinID": 538323610
      },
      "Target": {
        "PinType": 3,
        "SubChipID": 1615665325,
        "PinID": 1423771617
      },
      "WirePoints": [
        {
          "X": -14.8415089,
          "Y": -3.453704
        },
        {
          "X": -4.73148155,
          "Y": -2.72222233
        },
        {
          "X": -4.71161842,
          "Y": -1.97201276
        },
        {
          "X": -4.53518534,
          "Y": -1.93185174
        }
      ],
      "ColourThemeName": "Red"
    },
    {
      "Source": {
        "PinType": 4,
        "SubChipID": 1367052604,
        "PinID": 1
      },
      "Target": {
        "PinType": 3,
        "SubChipID": 1911246126,
        "PinID": 0
      },
      "WirePoints": [
        {
          "X": -6.97592449,
          "Y": 2.222222
        }
      ],
      "ColourThemeName": "Red"
    },
    {
      "Source": {
        "PinType": 4,
        "SubChipID": 900251467,
        "PinID": 1
      },
      "Target": {
        "PinType": 3,
        "SubChipID": 1847153191,
        "PinID": 1
      },
      "WirePoints": [
        {
          "X": 0.533333242,
          "Y": -2.5644443
        }
      ],
      "ColourThemeName": "Red"
    },
    {
      "Source": {
        "PinType": 4,
        "SubChipID": 1379947409,
        "PinID": 766247272
      },
      "Target": {
        "PinType": 3,
        "SubChipID": 1307546825,
        "PinID": 361974359
      },
      "WirePoints": [
        {
          "X": -4.503148,
          "Y": 2.25000024
        },
        {
          "X": -4.266668,
          "Y": 2.32666588
        }
      ],
      "ColourThemeName": "Red"
    },
    {
      "Source": {
        "PinType": 4,
        "SubChipID": 1911246126,
        "PinID": 1
      },
      "Target": {
        "PinType": 3,
        "SubChipID": 1379947409,
        "PinID": 1562949834
      },
      "WirePoints": [
        {
          "X": -5.875924,
          "Y": 2.222222
        },
        {
          "X": -5.793148,
          "Y": 2.25000024
        }
      ],
      "ColourThemeName": "Red"
    },
    {
      "Source": {
        "PinType": 4,
        "SubChipID": 410797211,
        "PinID": 1
      },
      "Target": {
        "PinType": 3,
        "SubChipID": 1379947409,
        "PinID": 501863087
      },
      "WirePoints": [
        {
          "X": -5.793148,
          "Y": 2.49000025
        }
      ],
      "ColourThemeName": "Red"
    },
    {
      "Source": {
        "PinType": 4,
        "SubChipID": 1192004859,
        "PinID": 766247272
      },
      "Target": {
        "PinType": 3,
        "SubChipID": 1615665325,
        "PinID": 361974359
      },
      "WirePoints": [
        {
          "X": -4.836482,
          "Y": -1.83333337
        },
        {
          "X": -4.53518534,
          "Y": -1.69185174
        }
      ],
      "ColourThemeName": "Red"
    },
    {
      "Source": {
        "PinType": 4,
        "SubChipID": 1881441345,
        "PinID": 1
      },
      "Target": {
        "PinType": 3,
        "SubChipID": 1192004859,
        "PinID": 501863087
      },
      "WirePoints": [
        {
          "X": -6.126482,
          "Y": -1.59333336
        }
      ],
      "ColourThemeName": "Red"
    },
    {
      "Source": {
        "PinType": 4,
        "SubChipID": 536555735,
        "PinID": 1
      },
      "Target": {
        "PinType": 3,
        "SubChipID": 1192004859,
        "PinID": 1562949834
      },
      "WirePoints": [
        {
          "X": -6.126482,
          "Y": -1.83333337
        }
      ],
      "ColourThemeName": "Red"
    },
    {
      "Source": {
        "PinType": 1,
        "SubChipID": 0,
        "PinID": 1514641872
      },
      "Target": {
        "PinType": 3,
        "SubChipID": 464983192,
        "PinID": 0
      },
      "WirePoints": [
        {
          "X": -14.8415089,
          "Y": -2.61111116
        }
      ],
      "ColourThemeName": "Red"
    },
    {
      "Source": {
        "PinType": 4,
        "SubChipID": 464983192,
        "PinID": 1
      },
      "Target": {
        "PinType": 3,
        "SubChipID": 1192004859,
        "PinID": 142079291
      },
      "WirePoints": [
        {
          "X": -6.126482,
          "Y": -2.07333326
        }
      ],
      "ColourThemeName": "Red"
    },
    {
      "Source": {
        "PinType": 4,
        "SubChipID": 657231328,
        "PinID": 1
      },
      "Target": {
        "PinType": 3,
        "SubChipID": 1379947409,
        "PinID": 142079291
      },
      "WirePoints": [
        {
          "X": -5.793148,
          "Y": 2.01000023
        }
      ],
      "ColourThemeName": "Red"
    },
    {
      "Source": {
        "PinType": 1,
        "SubChipID": 0,
        "PinID": 1514641872
      },
      "Target": {
        "PinType": 3,
        "SubChipID": 657231328,
        "PinID": 0
      },
      "WirePoints": [
        {
          "X": -14.8415089,
          "Y": -2.61111116
        }
      ],
      "ColourThemeName": "Red"
    },
    {
      "Source": {
        "PinType": 4,
        "SubChipID": 1847153191,
        "PinID": 2
      },
      "Target": {
        "PinType": 3,
        "SubChipID": 353047940,
        "PinID": 0
      },
      "WirePoints": [
        {
          "X": 1.63333321,
          "Y": -2.44444442
        },
        {
          "X": 1.97777748,
          "Y": -2.54666662
        }
      ],
      "ColourThemeName": "Red"
    },
    {
      "Source": {
        "PinType": 4,
        "SubChipID": 353047940,
        "PinID": 2
      },
      "Target": {
        "PinType": 3,
        "SubChipID": 1649557853,
        "PinID": 2134331820
      },
      "WirePoints": [
        {
          "X": 3.07777739,
          "Y": -2.66666651
        },
        {
          "X": 3.48148155,
          "Y": -2.70370364
        },
        {
          "X": 3.47222233,
          "Y": -2.37962961
        },
        {
          "X": 2.79629612,
          "Y": -2.15740728
        },
        {
          "X": 3.17814755,
          "Y": -2.0062964
        }
      ],
      "ColourThemeName": "Red"
    },
    {
      "Source": {
        "PinType": 4,
        "SubChipID": 1194816075,
        "PinID": 2
      },
      "Target": {
        "PinType": 3,
        "SubChipID": 346941577,
        "PinID": 2134331820
      },
      "WirePoints": [
        {
          "X": 3.6796298,
          "Y": 1.46296322
        },
        {
          "X": 4.36111164,
          "Y": 1.44444466
        },
        {
          "X": 4.259259,
          "Y": 1.80555582
        },
        {
          "X": 3.26851869,
          "Y": 1.92592621
        },
        {
          "X": 3.361111,
          "Y": 2.30555534
        },
        {
          "X": 3.62259173,
          "Y": 2.26222181
        }
      ],
      "ColourThemeName": "Red"
    },
    {
      "Source": {
        "PinType": 4,
        "SubChipID": 782408095,
        "PinID": 2
      },
      "Target": {
        "PinType": 3,
        "SubChipID": 1194816075,
        "PinID": 0
      },
      "WirePoints": [
        {
          "X": 2.28148174,
          "Y": 1.62036967
        },
        {
          "X": 2.57963,
          "Y": 1.58296323
        }
      ],
      "ColourThemeName": "Red"
    },
    {
      "Source": {
        "PinType": 1,
        "SubChipID": 0,
        "PinID": 363581110
      },
      "Target": {
        "PinType": 3,
        "SubChipID": 1197623945,
        "PinID": 0
      },
      "WirePoints": [
        {
          "X": -14.8415089,
          "Y": -1.45370364
        }
      ],
      "ColourThemeName": "Red"
    },
    {
      "Source": {
        "PinType": 4,
        "SubChipID": 1197623945,
        "PinID": 1
      },
      "Target": {
        "PinType": 3,
        "SubChipID": 353047940,
        "PinID": 1
      },
      "WirePoints": [
        {
          "X": 1.97777748,
          "Y": -2.78666639
        }
      ],
      "ColourThemeName": "Red"
    },
    {
      "Source": {
        "PinType": 1,
        "SubChipID": 0,
        "PinID": 363581110
      },
      "Target": {
        "PinType": 3,
        "SubChipID": 896392022,
        "PinID": 0
      },
      "WirePoints": [
        {
          "X": -14.8415089,
          "Y": -1.45370364
        }
      ],
      "ColourThemeName": "Red"
    },
    {
      "Source": {
        "PinType": 4,
        "SubChipID": 896392022,
        "PinID": 1
      },
      "Target": {
        "PinType": 3,
        "SubChipID": 1194816075,
        "PinID": 1
      },
      "WirePoints": [
        {
          "X": 2.57963,
          "Y": 1.34296322
        }
      ],
      "ColourThemeName": "Red"
    },
    {
      "Source": {
        "PinType": 4,
        "SubChipID": 1649557853,
        "PinID": 1072647730
      },
      "Target": {
        "PinType": 2,
        "SubChipID": 0,
        "PinID": 2081558438
      },
      "WirePoints": [
        {
          "X": 5.618148,
          "Y": -0.909153342
        },
        {
          "X": 14.8415089,
          "Y": 2.00925946
        }
      ],
      "ColourThemeName": "Red"
    },
    {
      "Source": {
        "PinType": 4,
        "SubChipID": 1649557853,
        "PinID": 1678414875
      },
      "Target": {
        "PinType": 2,
        "SubChipID": 0,
        "PinID": 1757278177
      },
      "WirePoints": [
        {
          "X": 5.618148,
          "Y": -1.18343914
        },
        {
          "X": 14.8415089,
          "Y": 1.259259
        }
      ],
      "ColourThemeName": "Red"
    }
  ],
  "ChipSize": 9.199999
}