{
  "Name": "32ByteRam",
  "Colour": "#355829",
  "InputPins": [
    {
      "Name": "Pin",
      "ID": 1873865507,
      "PositionY": 4.59259272,
      "ColourThemeName": "Red"
    },
    {
      "Name": "Pin",
      "ID": 63641427,
      "PositionY": 4.268519,
      "ColourThemeName": "Red"
    },
    {
      "Name": "Pin",
      "ID": 1723447257,
      "PositionY": 3.85185122,
      "ColourThemeName": "Red"
    },
    {
      "Name": "Pin",
      "ID": 1237626634,
      "PositionY": 3.546296,
      "ColourThemeName": "Red"
    },
    {
      "Name": "Pin",
      "ID": 1896472784,
      "PositionY": 3.22222257,
      "ColourThemeName": "Red"
    },
    {
      "Name": "Pin",
      "ID": 423769338,
      "PositionY": 2.87037063,
      "ColourThemeName": "Red"
    },
    {
      "Name": "Pin",
      "ID": 890960839,
      "PositionY": 2.50925922,
      "ColourThemeName": "Red"
    },
    {
      "Name": "Pin",
      "ID": 850560290,
      "PositionY": 1.9907409,
      "ColourThemeName": "Red"
    },
    {
      "Name": "Read",
      "ID": 252889857,
      "PositionY": -1.88888884,
      "ColourThemeName": "Red"
    },
    {
      "Name": "Write",
      "ID": 572411175,
      "PositionY": -3.1018517,
      "ColourThemeName": "Red"
    },
    {
      "Name": "WriteEn",
      "ID": 1939383565,
      "PositionY": -3.481482,
      "ColourThemeName": "Red"
    },
    {
      "Name": "ReadEn",
      "ID": 1190999373,
      "PositionY": -2.38888884,
      "ColourThemeName": "Red"
    },
    {
      "Name": "Address0",
      "ID": 1084275126,
      "PositionY": -0.462962985,
      "ColourThemeName": "Red"
    },
    {
      "Name": "Address1",
      "ID": 1592085272,
      "PositionY": 0.009259582,
      "ColourThemeName": "Red"
    },
    {
      "Name": "Address2",
      "ID": 1859087153,
      "PositionY": 0.425926447,
      "ColourThemeName": "Red"
    },
    {
      "Name": "Address3",
      "ID": 198971381,
      "PositionY": 0.833333135,
      "ColourThemeName": "Red"
    },
    {
      "Name": "Address4",
      "ID": 783111336,
      "PositionY": 1.259259,
      "ColourThemeName": "Red"
    },
    {
      "Name": "clk",
      "ID": 1343567190,
      "PositionY": -4.111111,
      "ColourThemeName": "Red"
    }
  ],
  "OutputPins": [
    {
      "Name": "Pin",
      "ID": 640609474,
      "PositionY": 3.67592573,
      "ColourThemeName": "Red"
    },
    {
      "Name": "Pin",
      "ID": 1764891376,
      "PositionY": 3.12962961,
      "ColourThemeName": "Red"
    },
    {
      "Name": "Pin",
      "ID": 1354084789,
      "PositionY": 2.58333325,
      "ColourThemeName": "Red"
    },
    {
      "Name": "Pin",
      "ID": 2081558438,
      "PositionY": 2.00925946,
      "ColourThemeName": "Red"
    },
    {
      "Name": "Pin",
      "ID": 1757278177,
      "PositionY": 1.259259,
      "ColourThemeName": "Red"
    },
    {
      "Name": "Pin",
      "ID": 487649070,
      "PositionY": 0.703703761,
      "ColourThemeName": "Red"
    },
    {
      "Name": "Pin",
      "ID": 1528841058,
      "PositionY": 0.0277775526,
      "ColourThemeName": "Red"
    },
    {
      "Name": "Pin",
      "ID": 731942415,
      "PositionY": -0.6111112,
      "ColourThemeName": "Red"
    }
  ],
  "SubChips": [
    {
      "Name": "AND",
      "ID": 1965009075,
      "Points": [
        {
          "X": -1.4907409,
          "Y": 1.44444466
        }
      ],
      "Data": null
    },
    {
      "Name": "NOT",
      "ID": 1284177546,
      "Points": [
        {
          "X": -3.12962961,
          "Y": 1.49999976
        }
      ],
      "Data": null
    },
    {
      "Name": "BUS",
      "ID": 630350966,
      "Points": [
        {
          "X": -4.18518543,
          "Y": 1.26111138
        },
        {
          "X": -4.65740776,
          "Y": 1.26111138
        }
      ],
      "Data": null
    },
    {
      "Name": "AND",
      "ID": 254858260,
      "Points": [
        {
          "X": -1.69444466,
          "Y": -3.55555534
        }
      ],
      "Data": null
    },
    {
      "Name": "BUS",
      "ID": 1295711938,
      "Points": [
        {
          "X": -2.68243384,
          "Y": -3.65534329
        },
        {
          "X": -3.10835981,
          "Y": -3.62756562
        }
      ],
      "Data": null
    },
    {
      "Name": "AND",
      "ID": 412418024,
      "Points": [
        {
          "X": -1.8611114,
          "Y": -2.75
        }
      ],
      "Data": null
    },
    {
      "Name": "BUS",
      "ID": 908371600,
      "Points": [
        {
          "X": -2.75518084,
          "Y": -2.81287956
        },
        {
          "X": -3.208885,
          "Y": -2.83139825
        }
      ],
      "Data": null
    },
    {
      "Name": "AND",
      "ID": 1920009106,
      "Points": [
        {
          "X": -1.5,
          "Y": 2.25925922
        }
      ],
      "Data": null
    },
    {
      "Name": "BUS",
      "ID": 986714729,
      "Points": [
        {
          "X": -2.388889,
          "Y": 2.46481466
        },
        {
          "X": -2.94444466,
          "Y": 2.46481466
        }
      ],
      "Data": null
    },
    {
      "Name": "BUS",
      "ID": 3715947,
      "Points": [
        {
          "X": 1.3858242,
          "Y": 0.153676331
        },
        {
          "X": 0.339528084,
          "Y": 0.162935615
        }
      ],
      "Data": null
    },
    {
      "Name": "BUS",
      "ID": 1283625516,
      "Points": [
        {
          "X": 1.38405442,
          "Y": -0.04631582
        },
        {
          "X": 0.337758183,
          "Y": -0.0370565355
        }
      ],
      "Data": null
    },
    {
      "Name": "BUS",
      "ID": 1402718934,
      "Points": [
        {
          "X": 1.38228464,
          "Y": -0.246308
        },
        {
          "X": 0.335988283,
          "Y": -0.237048715
        }
      ],
      "Data": null
    },
    {
      "Name": "BUS",
      "ID": 1370995243,
      "Points": [
        {
          "X": 1.38051462,
          "Y": -0.446300149
        },
        {
          "X": 0.3342185,
          "Y": -0.437040865
        }
      ],
      "Data": null
    },
    {
      "Name": "BUS",
      "ID": 126045691,
      "Points": [
        {
          "X": 1.37874484,
          "Y": -0.6462923
        },
        {
          "X": 0.3324486,
          "Y": -0.637033045
        }
      ],
      "Data": null
    },
    {
      "Name": "BUS",
      "ID": 560913183,
      "Points": [
        {
          "X": 1.376975,
          "Y": -0.8462845
        },
        {
          "X": 0.330678821,
          "Y": -0.837025166
        }
      ],
      "Data": null
    },
    {
      "Name": "BUS",
      "ID": 941254090,
      "Points": [
        {
          "X": 1.37520528,
          "Y": -1.04627669
        },
        {
          "X": 0.32890892,
          "Y": -1.03701735
        }
      ],
      "Data": null
    },
    {
      "Name": "BUS",
      "ID": 1265419616,
      "Points": [
        {
          "X": 1.37343526,
          "Y": -1.24626875
        },
        {
          "X": 0.327139139,
          "Y": -1.23700953
        }
      ],
      "Data": null
    },
    {
      "Name": "16ByteRam",
      "ID": 1282488127,
      "Points": [
        {
          "X": 3.56481457,
          "Y": 2.30694461
        }
      ],
      "Data": null
    },
    {
      "Name": "16ByteRam",
      "ID": 1665379761,
      "Points": [
        {
          "X": 3.59259319,
          "Y": -1.89027786
        }
      ],
      "Data": null
    },
    {
      "Name": "BUS",
      "ID": 792616463,
      "Points": [
        {
          "X": 1.85517955,
          "Y": 4.496271
        },
        {
          "X": 0.7625867,
          "Y": 4.487012
        }
      ],
      "Data": null
    },
    {
      "Name": "BUS",
      "ID": 826387274,
      "Points": [
        {
          "X": 1.85687423,
          "Y": 4.296278
        },
        {
          "X": 0.7642815,
          "Y": 4.28701925
        }
      ],
      "Data": null
    },
    {
      "Name": "BUS",
      "ID": 110755210,
      "Points": [
        {
          "X": 1.85856915,
          "Y": 4.09628534
        },
        {
          "X": 0.7659763,
          "Y": 4.0870266
        }
      ],
      "Data": null
    },
    {
      "Name": "BUS",
      "ID": 1978331404,
      "Points": [
        {
          "X": 1.86026382,
          "Y": 3.89629245
        },
        {
          "X": 0.7676711,
          "Y": 3.88703346
        }
      ],
      "Data": null
    },
    {
      "Name": "BUS",
      "ID": 711599235,
      "Points": [
        {
          "X": 1.86195874,
          "Y": 3.69629979
        },
        {
          "X": 0.7693659,
          "Y": 3.68704081
        }
      ],
      "Data": null
    },
    {
      "Name": "BUS",
      "ID": 310553380,
      "Points": [
        {
          "X": 1.86365366,
          "Y": 3.496307
        },
        {
          "X": 0.7710607,
          "Y": 3.487048
        }
      ],
      "Data": null
    },
    {
      "Name": "BUS",
      "ID": 1856460508,
      "Points": [
        {
          "X": 1.86534834,
          "Y": 3.296314
        },
        {
          "X": 0.7727555,
          "Y": 3.287055
        }
      ],
      "Data": null
    },
    {
      "Name": "BUS",
      "ID": 1588651311,
      "Points": [
        {
          "X": 1.86704326,
          "Y": 3.096321
        },
        {
          "X": 0.7744503,
          "Y": 3.08706236
        }
      ],
      "Data": null
    },
    {
      "Name": "BUS",
      "ID": 1229486325,
      "Points": [
        {
          "X": 2.046296,
          "Y": 1.94074106
        },
        {
          "X": 0.7037036,
          "Y": 1.94074106
        }
      ],
      "Data": null
    },
    {
      "Name": "BUS",
      "ID": 1112561367,
      "Points": [
        {
          "X": 2.046296,
          "Y": 1.740741
        },
        {
          "X": 0.7037036,
          "Y": 1.740741
        }
      ],
      "Data": null
    },
    {
      "Name": "BUS",
      "ID": 484297488,
      "Points": [
        {
          "X": 2.046296,
          "Y": 1.540741
        },
        {
          "X": 0.7037036,
          "Y": 1.540741
        }
      ],
      "Data": null
    },
    {
      "Name": "BUS",
      "ID": 519632412,
      "Points": [
        {
          "X": 2.046296,
          "Y": 1.340741
        },
        {
          "X": 0.7037036,
          "Y": 1.340741
        }
      ],
      "Data": null
    },
    {
      "Name": "BUS",
      "ID": 1285102100,
      "Points": [
        {
          "X": 2.046296,
          "Y": 1.140741
        },
        {
          "X": 0.7037036,
          "Y": 1.140741
        }
      ],
      "Data": null
    },
    {
      "Name": "BUS",
      "ID": 604658272,
      "Points": [
        {
          "X": 2.046296,
          "Y": 0.940741
        },
        {
          "X": 0.7037036,
          "Y": 0.940741
        }
      ],
      "Data": null
    },
    {
      "Name": "BUS",
      "ID": 1363816275,
      "Points": [
        {
          "X": 2.046296,
          "Y": 0.740741
        },
        {
          "X": 0.7037036,
          "Y": 0.740741
        }
      ],
      "Data": null
    },
    {
      "Name": "BUS",
      "ID": 732430430,
      "Points": [
        {
          "X": 2.037037,
          "Y": 0.3333336
        },
        {
          "X": 0.6944445,
          "Y": 0.3333336
        }
      ],
      "Data": null
    },
    {
      "Name": "BUS",
      "ID": 175876261,
      "Points": [
        {
          "X": -2.648148,
          "Y": -3.398148
        },
        {
          "X": -3.15740752,
          "Y": -3.37037039
        }
      ],
      "Data": null
    },
    {
      "Name": "BUS",
      "ID": 363278138,
      "Points": [
        {
          "X": -4.07407427,
          "Y": 1.48148119
        },
        {
          "X": -4.67592573,
          "Y": 1.46296322
        }
      ],
      "Data": null
    },
    {
      "Name": "BUS",
      "ID": 538111186,
      "Points": [
        {
          "X": 2.08333349,
          "Y": 0.537037253
        },
        {
          "X": 0.6666671,
          "Y": 0.5555558
        }
      ],
      "Data": null
    },
    {
      "Name": "BUS",
      "ID": 2025118640,
      "Points": [
        {
          "X": 1.66264,
          "Y": -2.46482825
        },
        {
          "X": 0.283010155,
          "Y": -2.47408748
        }
      ],
      "Data": null
    },
    {
      "Name": "BUS",
      "ID": 203111059,
      "Points": [
        {
          "X": 1.66398227,
          "Y": -2.66482377
        },
        {
          "X": 0.2843524,
          "Y": -2.674083
        }
      ],
      "Data": null
    },
    {
      "Name": "BUS",
      "ID": 352594428,
      "Points": [
        {
          "X": 1.66532445,
          "Y": -2.86481929
        },
        {
          "X": 0.285694659,
          "Y": -2.87407851
        }
      ],
      "Data": null
    },
    {
      "Name": "BUS",
      "ID": 218905099,
      "Points": [
        {
          "X": 1.66666675,
          "Y": -3.06481481
        },
        {
          "X": 0.2870369,
          "Y": -3.074074
        }
      ],
      "Data": null
    },
    {
      "Name": "BUS",
      "ID": 153454701,
      "Points": [
        {
          "X": 1.668009,
          "Y": -3.26481032
        },
        {
          "X": 0.288379133,
          "Y": -3.27406955
        }
      ],
      "Data": null
    },
    {
      "Name": "BUS",
      "ID": 1676159619,
      "Points": [
        {
          "X": 1.66935122,
          "Y": -3.46480584
        },
        {
          "X": 0.2897214,
          "Y": -3.474065
        }
      ],
      "Data": null
    },
    {
      "Name": "BUS",
      "ID": 270521821,
      "Points": [
        {
          "X": 1.67069352,
          "Y": -3.66480136
        },
        {
          "X": 0.291063637,
          "Y": -3.67406058
        }
      ],
      "Data": null
    },
    {
      "Name": "BUS",
      "ID": 602651067,
      "Points": [
        {
          "X": 1.67203569,
          "Y": -3.86479688
        },
        {
          "X": 0.292405874,
          "Y": -3.874056
        }
      ],
      "Data": null
    },
    {
      "Name": "BUS",
      "ID": 494106738,
      "Points": [
        {
          "X": 1.67592585,
          "Y": -2.29629636
        },
        {
          "X": 0.305555135,
          "Y": -2.29629636
        }
      ],
      "Data": null
    }
  ],
  "Connections": [
    {
      "Source": {
        "PinType": 4,
        "SubChipID": 1284177546,
        "PinID": 1
      },
      "Target": {
        "PinType": 3,
        "SubChipID": 1965009075,
        "PinID": 0
      },
      "WirePoints": [
        {
          "X": -2.57962966,
          "Y": 1.49999976
        },
        {
          "X": -2.040741,
          "Y": 1.56444466
        }
      ],
      "ColourThemeName": "Red"
    },
    {
      "Source": {
        "PinType": 1,
        "SubChipID": 0,
        "PinID": 1939383565
      },
      "Target": {
        "PinType": 3,
        "SubChipID": 630350966,
        "PinID": 0
      },
      "WirePoints": [
        {
          "X": -7.837778,
          "Y": -3.481482
        }
      ],
      "ColourThemeName": "Red"
    },
    {
      "Source": {
        "PinType": 4,
        "SubChipID": 630350966,
        "PinID": 1
      },
      "Target": {
        "PinType": 3,
        "SubChipID": 1965009075,
        "PinID": 1
      },
      "WirePoints": [
        {
          "X": -2.040741,
          "Y": 1.32444465
        }
      ],
      "ColourThemeName": "Red"
    },
    {
      "Source": {
        "PinType": 4,
        "SubChipID": 1295711938,
        "PinID": 1
      },
      "Target": {
        "PinType": 3,
        "SubChipID": 254858260,
        "PinID": 1
      },
      "WirePoints": [
        {
          "X": -2.24444461,
          "Y": -3.67555523
        }
      ],
      "ColourThemeName": "Red"
    },
    {
      "Source": {
        "PinType": 1,
        "SubChipID": 0,
        "PinID": 1939383565
      },
      "Target": {
        "PinType": 3,
        "SubChipID": 1295711938,
        "PinID": 0
      },
      "WirePoints": [
        {
          "X": -7.837778,
          "Y": -3.481482
        }
      ],
      "ColourThemeName": "Red"
    },
    {
      "Source": {
        "PinType": 1,
        "SubChipID": 0,
        "PinID": 1190999373
      },
      "Target": {
        "PinType": 3,
        "SubChipID": 908371600,
        "PinID": 0
      },
      "WirePoints": [
        {
          "X": -7.837778,
          "Y": -2.38888884
        }
      ],
      "ColourThemeName": "Red"
    },
    {
      "Source": {
        "PinType": 4,
        "SubChipID": 1284177546,
        "PinID": 1
      },
      "Target": {
        "PinType": 3,
        "SubChipID": 1920009106,
        "PinID": 1
      },
      "WirePoints": [
        {
          "X": -2.57962966,
          "Y": 1.49999976
        },
        {
          "X": -2.35873365,
          "Y": 1.52641642
        },
        {
          "X": -2.33333325,
          "Y": 2.05555558
        },
        {
          "X": -2.05,
          "Y": 2.13925934
        }
      ],
      "ColourThemeName": "Red"
    },
    {
      "Source": {
        "PinType": 1,
        "SubChipID": 0,
        "PinID": 1190999373
      },
      "Target": {
        "PinType": 3,
        "SubChipID": 986714729,
        "PinID": 0
      },
      "WirePoints": [
        {
          "X": -7.837778,
          "Y": -2.38888884
        }
      ],
      "ColourThemeName": "Red"
    },
    {
      "Source": {
        "PinType": 4,
        "SubChipID": 986714729,
        "PinID": 1
      },
      "Target": {
        "PinType": 3,
        "SubChipID": 1920009106,
        "PinID": 0
      },
      "WirePoints": [
        {
          "X": -2.05,
          "Y": 2.379259
        }
      ],
      "ColourThemeName": "Red"
    },
    {
      "Source": {
        "PinType": 4,
        "SubChipID": 908371600,
        "PinID": 1
      },
      "Target": {
        "PinType": 3,
        "SubChipID": 412418024,
        "PinID": 1
      },
      "WirePoints": [
        {
          "X": -2.41111135,
          "Y": -2.87
        }
      ],
      "ColourThemeName": "Red"
    },
    {
      "Source": {
        "PinType": 1,
        "SubChipID": 0,
        "PinID": 1873865507
      },
      "Target": {
        "PinType": 3,
        "SubChipID": 3715947,
        "PinID": 0
      },
      "WirePoints": [
        {
          "X": -7.837778,
          "Y": 4.59259272
        }
      ],
      "ColourThemeName": "Red"
    },
    {
      "Source": {
        "PinType": 1,
        "SubChipID": 0,
        "PinID": 63641427
      },
      "Target": {
        "PinType": 3,
        "SubChipID": 1283625516,
        "PinID": 0
      },
      "WirePoints": [
        {
          "X": -7.837778,
          "Y": 4.268519
        }
      ],
      "ColourThemeName": "Red"
    },
    {
      "Source": {
        "PinType": 1,
        "SubChipID": 0,
        "PinID": 1723447257
      },
      "Target": {
        "PinType": 3,
        "SubChipID": 1402718934,
        "PinID": 0
      },
      "WirePoints": [
        {
          "X": -7.837778,
          "Y": 3.85185122
        }
      ],
      "ColourThemeName": "Red"
    },
    {
      "Source": {
        "PinType": 1,
        "SubChipID": 0,
        "PinID": 1237626634
      },
      "Target": {
        "PinType": 3,
        "SubChipID": 1370995243,
        "PinID": 0
      },
      "WirePoints": [
        {
          "X": -7.837778,
          "Y": 3.546296
        }
      ],
      "ColourThemeName": "Red"
    },
    {
      "Source": {
        "PinType": 1,
        "SubChipID": 0,
        "PinID": 1896472784
      },
      "Target": {
        "PinType": 3,
        "SubChipID": 126045691,
        "PinID": 0
      },
      "WirePoints": [
        {
          "X": -7.837778,
          "Y": 3.22222257
        }
      ],
      "ColourThemeName": "Red"
    },
    {
      "Source": {
        "PinType": 1,
        "SubChipID": 0,
        "PinID": 423769338
      },
      "Target": {
        "PinType": 3,
        "SubChipID": 560913183,
        "PinID": 0
      },
      "WirePoints": [
        {
          "X": -7.837778,
          "Y": 2.87037063
        }
      ],
      "ColourThemeName": "Red"
    },
    {
      "Source": {
        "PinType": 1,
        "SubChipID": 0,
        "PinID": 890960839
      },
      "Target": {
        "PinType": 3,
        "SubChipID": 941254090,
        "PinID": 0
      },
      "WirePoints": [
        {
          "X": -7.837778,
          "Y": 2.50925922
        }
      ],
      "ColourThemeName": "Red"
    },
    {
      "Source": {
        "PinType": 1,
        "SubChipID": 0,
        "PinID": 850560290
      },
      "Target": {
        "PinType": 3,
        "SubChipID": 1265419616,
        "PinID": 0
      },
      "WirePoints": [
        {
          "X": -7.837778,
          "Y": 1.9907409
        }
      ],
      "ColourThemeName": "Red"
    },
    {
      "Source": {
        "PinType": 4,
        "SubChipID": 1282488127,
        "PinID": 640609474
      },
      "Target": {
        "PinType": 2,
        "SubChipID": 0,
        "PinID": 640609474
      },
      "WirePoints": [
        {
          "X": 4.48481464,
          "Y": 4.22694445
        },
        {
          "X": 7.837778,
          "Y": 3.67592573
        }
      ],
      "ColourThemeName": "Red"
    },
    {
      "Source": {
        "PinType": 4,
        "SubChipID": 1282488127,
        "PinID": 1764891376
      },
      "Target": {
        "PinType": 2,
        "SubChipID": 0,
        "PinID": 1764891376
      },
      "WirePoints": [
        {
          "X": 4.48481464,
          "Y": 3.678373
        },
        {
          "X": 7.837778,
          "Y": 3.12962961
        }
      ],
      "ColourThemeName": "Red"
    },
    {
      "Source": {
        "PinType": 4,
        "SubChipID": 1282488127,
        "PinID": 1354084789
      },
      "Target": {
        "PinType": 2,
        "SubChipID": 0,
        "PinID": 1354084789
      },
      "WirePoints": [
        {
          "X": 4.48481464,
          "Y": 3.12980175
        },
        {
          "X": 7.837778,
          "Y": 2.58333325
        }
      ],
      "ColourThemeName": "Red"
    },
    {
      "Source": {
        "PinType": 4,
        "SubChipID": 1282488127,
        "PinID": 2081558438
      },
      "Target": {
        "PinType": 2,
        "SubChipID": 0,
        "PinID": 2081558438
      },
      "WirePoints": [
        {
          "X": 4.48481464,
          "Y": 2.5812304
        },
        {
          "X": 7.837778,
          "Y": 2.00925946
        }
      ],
      "ColourThemeName": "Red"
    },
    {
      "Source": {
        "PinType": 4,
        "SubChipID": 1282488127,
        "PinID": 1757278177
      },
      "Target": {
        "PinType": 2,
        "SubChipID": 0,
        "PinID": 1757278177
      },
      "WirePoints": [
        {
          "X": 4.48481464,
          "Y": 2.03265882
        },
        {
          "X": 7.837778,
          "Y": 1.259259
        }
      ],
      "ColourThemeName": "Red"
    },
    {
      "Source": {
        "PinType": 4,
        "SubChipID": 1282488127,
        "PinID": 487649070
      },
      "Target": {
        "PinType": 2,
        "SubChipID": 0,
        "PinID": 487649070
      },
      "WirePoints": [
        {
          "X": 4.48481464,
          "Y": 1.48408747
        },
        {
          "X": 7.837778,
          "Y": 0.703703761
        }
      ],
      "ColourThemeName": "Red"
    },
    {
      "Source": {
        "PinType": 4,
        "SubChipID": 1282488127,
        "PinID": 1528841058
      },
      "Target": {
        "PinType": 2,
        "SubChipID": 0,
        "PinID": 1528841058
      },
      "WirePoints": [
        {
          "X": 4.48481464,
          "Y": 0.935516
        },
        {
          "X": 7.837778,
          "Y": 0.0277775526
        }
      ],
      "ColourThemeName": "Red"
    },
    {
      "Source": {
        "PinType": 4,
        "SubChipID": 1282488127,
        "PinID": 731942415
      },
      "Target": {
        "PinType": 2,
        "SubChipID": 0,
        "PinID": 731942415
      },
      "WirePoints": [
        {
          "X": 4.48481464,
          "Y": 0.386944652
        },
        {
          "X": 7.837778,
          "Y": -0.6111112
        }
      ],
      "ColourThemeName": "Red"
    },
    {
      "Source": {
        "PinType": 4,
        "SubChipID": 1665379761,
        "PinID": 640609474
      },
      "Target": {
        "PinType": 2,
        "SubChipID": 0,
        "PinID": 640609474
      },
      "WirePoints": [
        {
          "X": 4.51259327,
          "Y": 0.0297220945
        },
        {
          "X": 7.837778,
          "Y": 3.67592573
        }
      ],
      "ColourThemeName": "Red"
    },
    {
      "Source": {
        "PinType": 4,
        "SubChipID": 1665379761,
        "PinID": 1764891376
      },
      "Target": {
        "PinType": 2,
        "SubChipID": 0,
        "PinID": 1764891376
      },
      "WirePoints": [
        {
          "X": 4.51259327,
          "Y": -0.5188494
        },
        {
          "X": 7.837778,
          "Y": 3.12962961
        }
      ],
      "ColourThemeName": "Red"
    },
    {
      "Source": {
        "PinType": 4,
        "SubChipID": 1665379761,
        "PinID": 1354084789
      },
      "Target": {
        "PinType": 2,
        "SubChipID": 0,
        "PinID": 1354084789
      },
      "WirePoints": [
        {
          "X": 4.51259327,
          "Y": -1.06742072
        },
        {
          "X": 7.837778,
          "Y": 2.58333325
        }
      ],
      "ColourThemeName": "Red"
    },
    {
      "Source": {
        "PinType": 4,
        "SubChipID": 1665379761,
        "PinID": 2081558438
      },
      "Target": {
        "PinType": 2,
        "SubChipID": 0,
        "PinID": 2081558438
      },
      "WirePoints": [
        {
          "X": 4.51259327,
          "Y": -1.61599219
        },
        {
          "X": 7.837778,
          "Y": 2.00925946
        }
      ],
      "ColourThemeName": "Red"
    },
    {
      "Source": {
        "PinType": 4,
        "SubChipID": 1665379761,
        "PinID": 1757278177
      },
      "Target": {
        "PinType": 2,
        "SubChipID": 0,
        "PinID": 1757278177
      },
      "WirePoints": [
        {
          "X": 4.51259327,
          "Y": -2.16456366
        },
        {
          "X": 7.837778,
          "Y": 1.259259
        }
      ],
      "ColourThemeName": "Red"
    },
    {
      "Source": {
        "PinType": 4,
        "SubChipID": 1665379761,
        "PinID": 487649070
      },
      "Target": {
        "PinType": 2,
        "SubChipID": 0,
        "PinID": 487649070
      },
      "WirePoints": [
        {
          "X": 4.51259327,
          "Y": -2.713135
        },
        {
          "X": 7.837778,
          "Y": 0.703703761
        }
      ],
      "ColourThemeName": "Red"
    },
    {
      "Source": {
        "PinType": 4,
        "SubChipID": 1665379761,
        "PinID": 1528841058
      },
      "Target": {
        "PinType": 2,
        "SubChipID": 0,
        "PinID": 1528841058
      },
      "WirePoints": [
        {
          "X": 4.51259327,
          "Y": -3.26170635
        },
        {
          "X": 7.837778,
          "Y": 0.0277775526
        }
      ],
      "ColourThemeName": "Red"
    },
    {
      "Source": {
        "PinType": 4,
        "SubChipID": 1665379761,
        "PinID": 731942415
      },
      "Target": {
        "PinType": 2,
        "SubChipID": 0,
        "PinID": 731942415
      },
      "WirePoints": [
        {
          "X": 4.51259327,
          "Y": -3.810278
        },
        {
          "X": 7.837778,
          "Y": -0.6111112
        }
      ],
      "ColourThemeName": "Red"
    },
    {
      "Source": {
        "PinType": 1,
        "SubChipID": 0,
        "PinID": 1873865507
      },
      "Target": {
        "PinType": 3,
        "SubChipID": 792616463,
        "PinID": 0
      },
      "WirePoints": [
        {
          "X": -7.837778,
          "Y": 4.59259272
        }
      ],
      "ColourThemeName": "Red"
    },
    {
      "Source": {
        "PinType": 1,
        "SubChipID": 0,
        "PinID": 63641427
      },
      "Target": {
        "PinType": 3,
        "SubChipID": 826387274,
        "PinID": 0
      },
      "WirePoints": [
        {
          "X": -7.837778,
          "Y": 4.268519
        }
      ],
      "ColourThemeName": "Red"
    },
    {
      "Source": {
        "PinType": 1,
        "SubChipID": 0,
        "PinID": 1723447257
      },
      "Target": {
        "PinType": 3,
        "SubChipID": 110755210,
        "PinID": 0
      },
      "WirePoints": [
        {
          "X": -7.837778,
          "Y": 3.85185122
        }
      ],
      "ColourThemeName": "Red"
    },
    {
      "Source": {
        "PinType": 1,
        "SubChipID": 0,
        "PinID": 1237626634
      },
      "Target": {
        "PinType": 3,
        "SubChipID": 1978331404,
        "PinID": 0
      },
      "WirePoints": [
        {
          "X": -7.837778,
          "Y": 3.546296
        }
      ],
      "ColourThemeName": "Red"
    },
    {
      "Source": {
        "PinType": 1,
        "SubChipID": 0,
        "PinID": 1896472784
      },
      "Target": {
        "PinType": 3,
        "SubChipID": 711599235,
        "PinID": 0
      },
      "WirePoints": [
        {
          "X": -7.837778,
          "Y": 3.22222257
        }
      ],
      "ColourThemeName": "Red"
    },
    {
      "Source": {
        "PinType": 1,
        "SubChipID": 0,
        "PinID": 423769338
      },
      "Target": {
        "PinType": 3,
        "SubChipID": 310553380,
        "PinID": 0
      },
      "WirePoints": [
        {
          "X": -7.837778,
          "Y": 2.87037063
        }
      ],
      "ColourThemeName": "Red"
    },
    {
      "Source": {
        "PinType": 1,
        "SubChipID": 0,
        "PinID": 890960839
      },
      "Target": {
        "PinType": 3,
        "SubChipID": 1856460508,
        "PinID": 0
      },
      "WirePoints": [
        {
          "X": -7.837778,
          "Y": 2.50925922
        }
      ],
      "ColourThemeName": "Red"
    },
    {
      "Source": {
        "PinType": 1,
        "SubChipID": 0,
        "PinID": 850560290
      },
      "Target": {
        "PinType": 3,
        "SubChipID": 1588651311,
        "PinID": 0
      },
      "WirePoints": [
        {
          "X": -7.837778,
          "Y": 1.9907409
        }
      ],
      "ColourThemeName": "Red"
    },
    {
      "Source": {
        "PinType": 4,
        "SubChipID": 792616463,
        "PinID": 1
      },
      "Target": {
        "PinType": 3,
        "SubChipID": 1282488127,
        "PinID": 1873865507
      },
      "WirePoints": [
        {
          "X": 2.64481449,
          "Y": 4.22694445
        }
      ],
      "ColourThemeName": "Red"
    },
    {
      "Source": {
        "PinType": 4,
        "SubChipID": 826387274,
        "PinID": 1
      },
      "Target": {
        "PinType": 3,
        "SubChipID": 1282488127,
        "PinID": 63641427
      },
      "WirePoints": [
        {
          "X": 2.64481449,
          "Y": 3.98694468
        }
      ],
      "ColourThemeName": "Red"
    },
    {
      "Source": {
        "PinType": 4,
        "SubChipID": 110755210,
        "PinID": 1
      },
      "Target": {
        "PinType": 3,
        "SubChipID": 1282488127,
        "PinID": 1723447257
      },
      "WirePoints": [
        {
          "X": 2.64481449,
          "Y": 3.74694443
        }
      ],
      "ColourThemeName": "Red"
    },
    {
      "Source": {
        "PinType": 4,
        "SubChipID": 1978331404,
        "PinID": 1
      },
      "Target": {
        "PinType": 3,
        "SubChipID": 1282488127,
        "PinID": 1237626634
      },
      "WirePoints": [
        {
          "X": 2.64481449,
          "Y": 3.50694466
        }
      ],
      "ColourThemeName": "Red"
    },
    {
      "Source": {
        "PinType": 4,
        "SubChipID": 711599235,
        "PinID": 1
      },
      "Target": {
        "PinType": 3,
        "SubChipID": 1282488127,
        "PinID": 1896472784
      },
      "WirePoints": [
        {
          "X": 2.64481449,
          "Y": 3.26694465
        }
      ],
      "ColourThemeName": "Red"
    },
    {
      "Source": {
        "PinType": 4,
        "SubChipID": 310553380,
        "PinID": 1
      },
      "Target": {
        "PinType": 3,
        "SubChipID": 1282488127,
        "PinID": 423769338
      },
      "WirePoints": [
        {
          "X": 2.64481449,
          "Y": 3.02694464
        }
      ],
      "ColourThemeName": "Red"
    },
    {
      "Source": {
        "PinType": 4,
        "SubChipID": 1856460508,
        "PinID": 1
      },
      "Target": {
        "PinType": 3,
        "SubChipID": 1282488127,
        "PinID": 890960839
      },
      "WirePoints": [
        {
          "X": 2.64481449,
          "Y": 2.78694463
        }
      ],
      "ColourThemeName": "Red"
    },
    {
      "Source": {
        "PinType": 4,
        "SubChipID": 1588651311,
        "PinID": 1
      },
      "Target": {
        "PinType": 3,
        "SubChipID": 1282488127,
        "PinID": 850560290
      },
      "WirePoints": [
        {
          "X": 2.64481449,
          "Y": 2.54694462
        }
      ],
      "ColourThemeName": "Red"
    },
    {
      "Source": {
        "PinType": 4,
        "SubChipID": 1229486325,
        "PinID": 1
      },
      "Target": {
        "PinType": 3,
        "SubChipID": 1282488127,
        "PinID": 2064233659
      },
      "WirePoints": [
        {
          "X": 2.64481449,
          "Y": 2.30694461
        }
      ],
      "ColourThemeName": "Red"
    },
    {
      "Source": {
        "PinType": 4,
        "SubChipID": 1112561367,
        "PinID": 1
      },
      "Target": {
        "PinType": 3,
        "SubChipID": 1282488127,
        "PinID": 1162376658
      },
      "WirePoints": [
        {
          "X": 2.64481449,
          "Y": 2.0669446
        }
      ],
      "ColourThemeName": "Red"
    },
    {
      "Source": {
        "PinType": 4,
        "SubChipID": 484297488,
        "PinID": 1
      },
      "Target": {
        "PinType": 3,
        "SubChipID": 1282488127,
        "PinID": 264559730
      },
      "WirePoints": [
        {
          "X": 2.64481449,
          "Y": 1.82694459
        }
      ],
      "ColourThemeName": "Red"
    },
    {
      "Source": {
        "PinType": 1,
        "SubChipID": 0,
        "PinID": 198971381
      },
      "Target": {
        "PinType": 3,
        "SubChipID": 1229486325,
        "PinID": 0
      },
      "WirePoints": [
        {
          "X": -7.837778,
          "Y": 0.833333135
        }
      ],
      "ColourThemeName": "Red"
    },
    {
      "Source": {
        "PinType": 1,
        "SubChipID": 0,
        "PinID": 1859087153
      },
      "Target": {
        "PinType": 3,
        "SubChipID": 1112561367,
        "PinID": 0
      },
      "WirePoints": [
        {
          "X": -7.837778,
          "Y": 0.425926447
        }
      ],
      "ColourThemeName": "Red"
    },
    {
      "Source": {
        "PinType": 1,
        "SubChipID": 0,
        "PinID": 1592085272
      },
      "Target": {
        "PinType": 3,
        "SubChipID": 484297488,
        "PinID": 0
      },
      "WirePoints": [
        {
          "X": -7.837778,
          "Y": 0.009259582
        }
      ],
      "ColourThemeName": "Red"
    },
    {
      "Source": {
        "PinType": 1,
        "SubChipID": 0,
        "PinID": 1084275126
      },
      "Target": {
        "PinType": 3,
        "SubChipID": 519632412,
        "PinID": 0
      },
      "WirePoints": [
        {
          "X": -7.837778,
          "Y": -0.462962985
        }
      ],
      "ColourThemeName": "Red"
    },
    {
      "Source": {
        "PinType": 4,
        "SubChipID": 519632412,
        "PinID": 1
      },
      "Target": {
        "PinType": 3,
        "SubChipID": 1282488127,
        "PinID": 1759993952
      },
      "WirePoints": [
        {
          "X": 2.64481449,
          "Y": 1.58694458
        }
      ],
      "ColourThemeName": "Red"
    },
    {
      "Source": {
        "PinType": 1,
        "SubChipID": 0,
        "PinID": 1343567190
      },
      "Target": {
        "PinType": 3,
        "SubChipID": 732430430,
        "PinID": 0
      },
      "WirePoints": [
        {
          "X": -7.837778,
          "Y": -4.111111
        }
      ],
      "ColourThemeName": "Red"
    },
    {
      "Source": {
        "PinType": 4,
        "SubChipID": 363278138,
        "PinID": 1
      },
      "Target": {
        "PinType": 3,
        "SubChipID": 1284177546,
        "PinID": 0
      },
      "WirePoints": [
        {
          "X": -3.67962956,
          "Y": 1.49999976
        }
      ],
      "ColourThemeName": "Red"
    },
    {
      "Source": {
        "PinType": 4,
        "SubChipID": 732430430,
        "PinID": 1
      },
      "Target": {
        "PinType": 3,
        "SubChipID": 1282488127,
        "PinID": 538323610
      },
      "WirePoints": [
        {
          "X": 2.64481449,
          "Y": 0.386944652
        }
      ],
      "ColourThemeName": "Red"
    },
    {
      "Source": {
        "PinType": 4,
        "SubChipID": 538111186,
        "PinID": 1
      },
      "Target": {
        "PinType": 3,
        "SubChipID": 1282488127,
        "PinID": 1939383565
      },
      "WirePoints": [
        {
          "X": 2.64481449,
          "Y": 0.626944661
        }
      ],
      "ColourThemeName": "Red"
    },
    {
      "Source": {
        "PinType": 4,
        "SubChipID": 1363816275,
        "PinID": 1
      },
      "Target": {
        "PinType": 3,
        "SubChipID": 1282488127,
        "PinID": 572411175
      },
      "WirePoints": [
        {
          "X": 2.64481449,
          "Y": 0.8669447
        }
      ],
      "ColourThemeName": "Red"
    },
    {
      "Source": {
        "PinType": 4,
        "SubChipID": 604658272,
        "PinID": 1
      },
      "Target": {
        "PinType": 3,
        "SubChipID": 1282488127,
        "PinID": 1190999373
      },
      "WirePoints": [
        {
          "X": 2.64481449,
          "Y": 1.10694468
        }
      ],
      "ColourThemeName": "Red"
    },
    {
      "Source": {
        "PinType": 4,
        "SubChipID": 1285102100,
        "PinID": 1
      },
      "Target": {
        "PinType": 3,
        "SubChipID": 1282488127,
        "PinID": 252889857
      },
      "WirePoints": [
        {
          "X": 2.64481449,
          "Y": 1.34694457
        }
      ],
      "ColourThemeName": "Red"
    },
    {
      "Source": {
        "PinType": 4,
        "SubChipID": 1965009075,
        "PinID": 2
      },
      "Target": {
        "PinType": 3,
        "SubChipID": 538111186,
        "PinID": 0
      },
      "WirePoints": [
        {
          "X": -0.9407409,
          "Y": 1.44444466
        }
      ],
      "ColourThemeName": "Red"
    },
    {
      "Source": {
        "PinType": 1,
        "SubChipID": 0,
        "PinID": 572411175
      },
      "Target": {
        "PinType": 3,
        "SubChipID": 1363816275,
        "PinID": 0
      },
      "WirePoints": [
        {
          "X": -7.837778,
          "Y": -3.1018517
        }
      ],
      "ColourThemeName": "Red"
    },
    {
      "Source": {
        "PinType": 1,
        "SubChipID": 0,
        "PinID": 252889857
      },
      "Target": {
        "PinType": 3,
        "SubChipID": 1285102100,
        "PinID": 0
      },
      "WirePoints": [
        {
          "X": -7.837778,
          "Y": -1.88888884
        }
      ],
      "ColourThemeName": "Red"
    },
    {
      "Source": {
        "PinType": 4,
        "SubChipID": 1920009106,
        "PinID": 2
      },
      "Target": {
        "PinType": 3,
        "SubChipID": 604658272,
        "PinID": 0
      },
      "WirePoints": [
        {
          "X": -0.95,
          "Y": 2.25925922
        }
      ],
      "ColourThemeName": "Red"
    },
    {
      "Source": {
        "PinType": 1,
        "SubChipID": 0,
        "PinID": 1343567190
      },
      "Target": {
        "PinType": 3,
        "SubChipID": 602651067,
        "PinID": 0
      },
      "WirePoints": [
        {
          "X": -7.837778,
          "Y": -4.111111
        }
      ],
      "ColourThemeName": "Red"
    },
    {
      "Source": {
        "PinType": 4,
        "SubChipID": 254858260,
        "PinID": 2
      },
      "Target": {
        "PinType": 3,
        "SubChipID": 270521821,
        "PinID": 0
      },
      "WirePoints": [
        {
          "X": -1.1444447,
          "Y": -3.55555534
        }
      ],
      "ColourThemeName": "Red"
    },
    {
      "Source": {
        "PinType": 1,
        "SubChipID": 0,
        "PinID": 572411175
      },
      "Target": {
        "PinType": 3,
        "SubChipID": 1676159619,
        "PinID": 0
      },
      "WirePoints": [
        {
          "X": -7.837778,
          "Y": -3.1018517
        }
      ],
      "ColourThemeName": "Red"
    },
    {
      "Source": {
        "PinType": 4,
        "SubChipID": 412418024,
        "PinID": 2
      },
      "Target": {
        "PinType": 3,
        "SubChipID": 153454701,
        "PinID": 0
      },
      "WirePoints": [
        {
          "X": -1.31111145,
          "Y": -2.75
        }
      ],
      "ColourThemeName": "Red"
    },
    {
      "Source": {
        "PinType": 1,
        "SubChipID": 0,
        "PinID": 252889857
      },
      "Target": {
        "PinType": 3,
        "SubChipID": 218905099,
        "PinID": 0
      },
      "WirePoints": [
        {
          "X": -7.837778,
          "Y": -1.88888884
        }
      ],
      "ColourThemeName": "Red"
    },
    {
      "Source": {
        "PinType": 1,
        "SubChipID": 0,
        "PinID": 1084275126
      },
      "Target": {
        "PinType": 3,
        "SubChipID": 352594428,
        "PinID": 0
      },
      "WirePoints": [
        {
          "X": -7.837778,
          "Y": -0.462962985
        }
      ],
      "ColourThemeName": "Red"
    },
    {
      "Source": {
        "PinType": 1,
        "SubChipID": 0,
        "PinID": 1592085272
      },
      "Target": {
        "PinType": 3,
        "SubChipID": 203111059,
        "PinID": 0
      },
      "WirePoints": [
        {
          "X": -7.837778,
          "Y": 0.009259582
        }
      ],
      "ColourThemeName": "Red"
    },
    {
      "Source": {
        "PinType": 1,
        "SubChipID": 0,
        "PinID": 1859087153
      },
      "Target": {
        "PinType": 3,
        "SubChipID": 2025118640,
        "PinID": 0
      },
      "WirePoints": [
        {
          "X": -7.837778,
          "Y": 0.425926447
        }
      ],
      "ColourThemeName": "Red"
    },
    {
      "Source": {
        "PinType": 1,
        "SubChipID": 0,
        "PinID": 198971381
      },
      "Target": {
        "PinType": 3,
        "SubChipID": 494106738,
        "PinID": 0
      },
      "WirePoints": [
        {
          "X": -7.837778,
          "Y": 0.833333135
        }
      ],
      "ColourThemeName": "Red"
    },
    {
      "Source": {
        "PinType": 4,
        "SubChipID": 3715947,
        "PinID": 1
      },
      "Target": {
        "PinType": 3,
        "SubChipID": 1665379761,
        "PinID": 1873865507
      },
      "WirePoints": [
        {
          "X": 2.672593,
          "Y": 0.0297220945
        }
      ],
      "ColourThemeName": "Red"
    },
    {
      "Source": {
        "PinType": 4,
        "SubChipID": 1283625516,
        "PinID": 1
      },
      "Target": {
        "PinType": 3,
        "SubChipID": 1665379761,
        "PinID": 63641427
      },
      "WirePoints": [
        {
          "X": 2.672593,
          "Y": -0.210277915
        }
      ],
      "ColourThemeName": "Red"
    },
    {
      "Source": {
        "PinType": 4,
        "SubChipID": 1402718934,
        "PinID": 1
      },
      "Target": {
        "PinType": 3,
        "SubChipID": 1665379761,
        "PinID": 1723447257
      },
      "WirePoints": [
        {
          "X": 2.672593,
          "Y": -0.450277925
        }
      ],
      "ColourThemeName": "Red"
    },
    {
      "Source": {
        "PinType": 4,
        "SubChipID": 1370995243,
        "PinID": 1
      },
      "Target": {
        "PinType": 3,
        "SubChipID": 1665379761,
        "PinID": 1237626634
      },
      "WirePoints": [
        {
          "X": 2.672593,
          "Y": -0.690277934
        }
      ],
      "ColourThemeName": "Red"
    },
    {
      "Source": {
        "PinType": 4,
        "SubChipID": 126045691,
        "PinID": 1
      },
      "Target": {
        "PinType": 3,
        "SubChipID": 1665379761,
        "PinID": 1896472784
      },
      "WirePoints": [
        {
          "X": 2.672593,
          "Y": -0.9302779
        }
      ],
      "ColourThemeName": "Red"
    },
    {
      "Source": {
        "PinType": 4,
        "SubChipID": 560913183,
        "PinID": 1
      },
      "Target": {
        "PinType": 3,
        "SubChipID": 1665379761,
        "PinID": 423769338
      },
      "WirePoints": [
        {
          "X": 2.672593,
          "Y": -1.17027783
        }
      ],
      "ColourThemeName": "Red"
    },
    {
      "Source": {
        "PinType": 4,
        "SubChipID": 941254090,
        "PinID": 1
      },
      "Target": {
        "PinType": 3,
        "SubChipID": 1665379761,
        "PinID": 890960839
      },
      "WirePoints": [
        {
          "X": 2.672593,
          "Y": -1.41027784
        }
      ],
      "ColourThemeName": "Red"
    },
    {
      "Source": {
        "PinType": 4,
        "SubChipID": 1265419616,
        "PinID": 1
      },
      "Target": {
        "PinType": 3,
        "SubChipID": 1665379761,
        "PinID": 850560290
      },
      "WirePoints": [
        {
          "X": 2.672593,
          "Y": -1.65027785
        }
      ],
      "ColourThemeName": "Red"
    },
    {
      "Source": {
        "PinType": 4,
        "SubChipID": 494106738,
        "PinID": 1
      },
      "Target": {
        "PinType": 3,
        "SubChipID": 1665379761,
        "PinID": 2064233659
      },
      "WirePoints": [
        {
          "X": 2.672593,
          "Y": -1.89027786
        }
      ],
      "ColourThemeName": "Red"
    },
    {
      "Source": {
        "PinType": 4,
        "SubChipID": 2025118640,
        "PinID": 1
      },
      "Target": {
        "PinType": 3,
        "SubChipID": 1665379761,
        "PinID": 1162376658
      },
      "WirePoints": [
        {
          "X": 2.672593,
          "Y": -2.13027787
        }
      ],
      "ColourThemeName": "Red"
    },
    {
      "Source": {
        "PinType": 4,
        "SubChipID": 203111059,
        "PinID": 1
      },
      "Target": {
        "PinType": 3,
        "SubChipID": 1665379761,
        "PinID": 264559730
      },
      "WirePoints": [
        {
          "X": 2.672593,
          "Y": -2.370278
        }
      ],
      "ColourThemeName": "Red"
    },
    {
      "Source": {
        "PinType": 4,
        "SubChipID": 352594428,
        "PinID": 1
      },
      "Target": {
        "PinType": 3,
        "SubChipID": 1665379761,
        "PinID": 1759993952
      },
      "WirePoints": [
        {
          "X": 2.672593,
          "Y": -2.610278
        }
      ],
      "ColourThemeName": "Red"
    },
    {
      "Source": {
        "PinType": 4,
        "SubChipID": 218905099,
        "PinID": 1
      },
      "Target": {
        "PinType": 3,
        "SubChipID": 1665379761,
        "PinID": 252889857
      },
      "WirePoints": [
        {
          "X": 2.672593,
          "Y": -2.850278
        }
      ],
      "ColourThemeName": "Red"
    },
    {
      "Source": {
        "PinType": 4,
        "SubChipID": 1676159619,
        "PinID": 1
      },
      "Target": {
        "PinType": 3,
        "SubChipID": 1665379761,
        "PinID": 572411175
      },
      "WirePoints": [
        {
          "X": 2.672593,
          "Y": -3.330278
        }
      ],
      "ColourThemeName": "Red"
    },
    {
      "Source": {
        "PinType": 4,
        "SubChipID": 602651067,
        "PinID": 1
      },
      "Target": {
        "PinType": 3,
        "SubChipID": 1665379761,
        "PinID": 538323610
      },
      "WirePoints": [
        {
          "X": 2.672593,
          "Y": -3.810278
        }
      ],
      "ColourThemeName": "Red"
    },
    {
      "Source": {
        "PinType": 1,
        "SubChipID": 0,
        "PinID": 783111336
      },
      "Target": {
        "PinType": 3,
        "SubChipID": 363278138,
        "PinID": 0
      },
      "WirePoints": [
        {
          "X": -7.837778,
          "Y": 1.259259
        }
      ],
      "ColourThemeName": "Red"
    },
    {
      "Source": {
        "PinType": 1,
        "SubChipID": 0,
        "PinID": 783111336
      },
      "Target": {
        "PinType": 3,
        "SubChipID": 175876261,
        "PinID": 0
      },
      "WirePoints": [
        {
          "X": -7.837778,
          "Y": 1.259259
        }
      ],
      "ColourThemeName": "Red"
    },
    {
      "Source": {
        "PinType": 4,
        "SubChipID": 175876261,
        "PinID": 1
      },
      "Target": {
        "PinType": 3,
        "SubChipID": 412418024,
        "PinID": 0
      },
      "WirePoints": [
        {
          "X": -3.00197744,
          "Y": -3.37884831
        },
        {
          "X": -3.027778,
          "Y": -2.62037039
        },
        {
          "X": -2.41111135,
          "Y": -2.63
        }
      ],
      "ColourThemeName": "Red"
    },
    {
      "Source": {
        "PinType": 4,
        "SubChipID": 175876261,
        "PinID": 1
      },
      "Target": {
        "PinType": 3,
        "SubChipID": 254858260,
        "PinID": 0
      },
      "WirePoints": [
        {
          "X": -2.24444461,
          "Y": -3.43555546
        }
      ],
      "ColourThemeName": "Red"
    },
    {
      "Source": {
        "PinType": 4,
        "SubChipID": 270521821,
        "PinID": 1
      },
      "Target": {
        "PinType": 3,
        "SubChipID": 1665379761,
        "PinID": 1939383565
      },
      "WirePoints": [
        {
          "X": 2.672593,
          "Y": -3.57027769
        }
      ],
      "ColourThemeName": "Red"
    },
    {
      "Source": {
        "PinType": 4,
        "SubChipID": 153454701,
        "PinID": 1
      },
      "Target": {
        "PinType": 3,
        "SubChipID": 1665379761,
        "PinID": 1190999373
      },
      "WirePoints": [
        {
          "X": 2.672593,
          "Y": -3.09027767
        }
      ],
      "ColourThemeName": "Red"
    }
  ]
}