{
  "Name": "3And",
  "Colour": "#335354",
  "InputPins": [
    {
      "Name": "Pin",
      "ID": 501863087,
      "PositionY": 1.40740752,
      "ColourThemeName": "Red"
    },
    {
      "Name": "Pin",
      "ID": 1562949834,
      "PositionY": 0.824074149,
      "ColourThemeName": "Red"
    },
    {
      "Name": "Pin",
      "ID": 142079291,
      "PositionY": 0.138888955,
      "ColourThemeName": "Red"
    }
  ],
  "OutputPins": [
    {
      "Name": "Pin",
      "ID": 766247272,
      "PositionY": 1.85185194,
      "ColourThemeName": "Red"
    }
  ],
  "SubChips": [
    {
      "Name": "AND",
      "ID": 1061248516,
      "Points": [
        {
          "X": -6.19444466,
          "Y": 1.11574054
        }
      ],
      "Data": null
    },
    {
      "Name": "AND",
      "ID": 2081266464,
      "Points": [
        {
          "X": -4.462963,
          "Y": 0.8981478
        }
      ],
      "Data": null
    }
  ],
  "Connections": [
    {
      "Source": {
        "PinType": 1,
        "SubChipID": 0,
        "PinID": 501863087
      },
      "Target": {
        "PinType": 3,
        "SubChipID": 1061248516,
        "PinID": 0
      },
      "WirePoints": [
        {
          "X": -7.837778,
          "Y": 1.40740752
        },
        {
          "X": -6.744445,
          "Y": 1.23574054
        }
      ],
      "ColourThemeName": "Red"
    },
    {
      "Source": {
        "PinType": 1,
        "SubChipID": 0,
        "PinID": 1562949834
      },
      "Target": {
        "PinType": 3,
        "SubChipID": 1061248516,
        "PinID": 1
      },
      "WirePoints": [
        {
          "X": -7.837778,
          "Y": 0.824074149
        },
        {
          "X": -6.744445,
          "Y": 0.995740533
        }
      ],
      "ColourThemeName": "Red"
    },
    {
      "Source": {
        "PinType": 1,
        "SubChipID": 0,
        "PinID": 142079291
      },
      "Target": {
        "PinType": 3,
        "SubChipID": 2081266464,
        "PinID": 1
      },
      "WirePoints": [
        {
          "X": -7.837778,
          "Y": 0.138888955
        },
        {
          "X": -5.01296329,
          "Y": 0.7781478
        }
      ],
      "ColourThemeName": "Red"
    },
    {
      "Source": {
        "PinType": 4,
        "SubChipID": 1061248516,
        "PinID": 2
      },
      "Target": {
        "PinType": 3,
        "SubChipID": 2081266464,
        "PinID": 0
      },
      "WirePoints": [
        {
          "X": -5.64444447,
          "Y": 1.11574054
        },
        {
          "X": -5.01296329,
          "Y": 1.01814783
        }
      ],
      "ColourThemeName": "Red"
    },
    {
      "Source": {
        "PinType": 4,
        "SubChipID": 2081266464,
        "PinID": 2
      },
      "Target": {
        "PinType": 2,
        "SubChipID": 0,
        "PinID": 766247272
      },
      "WirePoints": [
        {
          "X": -3.91296315,
          "Y": 0.8981478
        },
        {
          "X": 7.837778,
          "Y": 1.85185194
        }
      ],
      "ColourThemeName": "Red"
    }
  ]
}