{
  "Name": "4ByteRam",
  "Colour": "#355829",
  "InputPins": [
    {
      "Name": "Pin",
      "ID": 1873865507,
      "PositionY": 4.23148155,
      "ColourThemeName": "Red"
    },
    {
      "Name": "Pin",
      "ID": 63641427,
      "PositionY": 3.740741,
      "ColourThemeName": "Red"
    },
    {
      "Name": "Pin",
      "ID": 1723447257,
      "PositionY": 3.29629612,
      "ColourThemeName": "Red"
    },
    {
      "Name": "Pin",
      "ID": 1237626634,
      "PositionY": 2.787037,
      "ColourThemeName": "Red"
    },
    {
      "Name": "Pin",
      "ID": 1896472784,
      "PositionY": 2.268519,
      "ColourThemeName": "Red"
    },
    {
      "Name": "Pin",
      "ID": 423769338,
      "PositionY": 1.86111093,
      "ColourThemeName": "Red"
    },
    {
      "Name": "Pin",
      "ID": 890960839,
      "PositionY": 1.41666651,
      "ColourThemeName": "Red"
    },
    {
      "Name": "Pin",
      "ID": 850560290,
      "PositionY": 0.9722221,
      "ColourThemeName": "Red"
    },
    {
      "Name": "Addess1",
      "ID": 264559730,
      "PositionY": 0.175926089,
      "ColourThemeName": "Red"
    },
    {
      "Name": "Read",
      "ID": 252889857,
      "PositionY": -1.148148,
      "ColourThemeName": "Red"
    },
    {
      "Name": "Write",
      "ID": 572411175,
      "PositionY": -2.54629612,
      "ColourThemeName": "Red"
    },
    {
      "Name": "Clk",
      "ID": 538323610,
      "PositionY": -3.61111116,
      "ColourThemeName": "Red"
    },
    {
      "Name": "Address0",
      "ID": 1759993952,
      "PositionY": -0.361111164,
      "ColourThemeName": "Red"
    },
    {
      "Name": "WriteEn",
      "ID": 1939383565,
      "PositionY": -2.916667,
      "ColourThemeName": "Red"
    },
    {
      "Name": "ReadEn",
      "ID": 1190999373,
      "PositionY": -1.76851845,
      "ColourThemeName": "Red"
    }
  ],
  "OutputPins": [
    {
      "Name": "Pin",
      "ID": 640609474,
      "PositionY": 3.67592573,
      "ColourThemeName": "Red"
    },
    {
      "Name": "Pin",
      "ID": 1764891376,
      "PositionY": 3.12962961,
      "ColourThemeName": "Red"
    },
    {
      "Name": "Pin",
      "ID": 1354084789,
      "PositionY": 2.58333325,
      "ColourThemeName": "Red"
    },
    {
      "Name": "Pin",
      "ID": 2081558438,
      "PositionY": 2.00925946,
      "ColourThemeName": "Red"
    },
    {
      "Name": "Pin",
      "ID": 1757278177,
      "PositionY": 1.259259,
      "ColourThemeName": "Red"
    },
    {
      "Name": "Pin",
      "ID": 487649070,
      "PositionY": 0.703703761,
      "ColourThemeName": "Red"
    },
    {
      "Name": "Pin",
      "ID": 1528841058,
      "PositionY": 0.0277775526,
      "ColourThemeName": "Red"
    },
    {
      "Name": "Pin",
      "ID": 731942415,
      "PositionY": -0.6111112,
      "ColourThemeName": "Red"
    }
  ],
  "SubChips": [
    {
      "Name": "2ByteRam",
      "ID": 1786378792,
      "Points": [
        {
          "X": 2.083335,
          "Y": -2.48472118
        }
      ],
      "Data": null
    },
    {
      "Name": "2ByteRam",
      "ID": 1056876458,
      "Points": [
        {
          "X": 2.101851,
          "Y": 2.68518639
        }
      ],
      "Data": null
    },
    {
      "Name": "BUS",
      "ID": 348390330,
      "Points": [
        {
          "X": 0.7274113,
          "Y": -1.15940762
        },
        {
          "X": -0.10592258,
          "Y": -1.17792583
        }
      ],
      "Data": null
    },
    {
      "Name": "BUS",
      "ID": 1512832943,
      "Points": [
        {
          "X": 0.7318546,
          "Y": -1.35935819
        },
        {
          "X": -0.101479292,
          "Y": -1.3778764
        }
      ],
      "Data": null
    },
    {
      "Name": "BUS",
      "ID": 1166042448,
      "Points": [
        {
          "X": 0.736297846,
          "Y": -1.55930877
        },
        {
          "X": -0.09703606,
          "Y": -1.577827
        }
      ],
      "Data": null
    },
    {
      "Name": "BUS",
      "ID": 701999507,
      "Points": [
        {
          "X": 0.740741134,
          "Y": -1.75925946
        },
        {
          "X": -0.0925927758,
          "Y": -1.77777767
        }
      ],
      "Data": null
    },
    {
      "Name": "BUS",
      "ID": 1198719389,
      "Points": [
        {
          "X": 0.7451844,
          "Y": -1.95921016
        },
        {
          "X": -0.08814949,
          "Y": -1.97772837
        }
      ],
      "Data": null
    },
    {
      "Name": "BUS",
      "ID": 1073164084,
      "Points": [
        {
          "X": 0.74962765,
          "Y": -2.15916061
        },
        {
          "X": -0.08370626,
          "Y": -2.177679
        }
      ],
      "Data": null
    },
    {
      "Name": "BUS",
      "ID": 1537617188,
      "Points": [
        {
          "X": 0.754070938,
          "Y": -2.35911131
        },
        {
          "X": -0.07926297,
          "Y": -2.37762952
        }
      ],
      "Data": null
    },
    {
      "Name": "BUS",
      "ID": 358925917,
      "Points": [
        {
          "X": 0.826117635,
          "Y": 4.10737
        },
        {
          "X": -0.0720306039,
          "Y": 4.098111
        }
      ],
      "Data": null
    },
    {
      "Name": "BUS",
      "ID": 95061757,
      "Points": [
        {
          "X": 0.8281793,
          "Y": 3.90738058
        },
        {
          "X": -0.069969,
          "Y": 3.89812183
        }
      ],
      "Data": null
    },
    {
      "Name": "BUS",
      "ID": 1532618592,
      "Points": [
        {
          "X": 0.8302409,
          "Y": 3.70739126
        },
        {
          "X": -0.06790733,
          "Y": 3.69813251
        }
      ],
      "Data": null
    },
    {
      "Name": "BUS",
      "ID": 1180312320,
      "Points": [
        {
          "X": 0.8323026,
          "Y": 3.507402
        },
        {
          "X": -0.06584573,
          "Y": 3.4981432
        }
      ],
      "Data": null
    },
    {
      "Name": "BUS",
      "ID": 1559434525,
      "Points": [
        {
          "X": 0.8343642,
          "Y": 3.30741262
        },
        {
          "X": -0.06378406,
          "Y": 3.29815388
        }
      ],
      "Data": null
    },
    {
      "Name": "BUS",
      "ID": 1619812019,
      "Points": [
        {
          "X": 0.836425841,
          "Y": 3.10742331
        },
        {
          "X": -0.0617224574,
          "Y": 3.09816456
        }
      ],
      "Data": null
    },
    {
      "Name": "BUS",
      "ID": 30709370,
      "Points": [
        {
          "X": 0.838487446,
          "Y": 2.907434
        },
        {
          "X": -0.0596607924,
          "Y": 2.89817524
        }
      ],
      "Data": null
    },
    {
      "Name": "BUS",
      "ID": 5644602,
      "Points": [
        {
          "X": 0.8405491,
          "Y": 2.70744443
        },
        {
          "X": -0.0575991869,
          "Y": 2.69818568
        }
      ],
      "Data": null
    },
    {
      "Name": "BUS",
      "ID": 1619917327,
      "Points": [
        {
          "X": 0.722221851,
          "Y": -2.57407427
        },
        {
          "X": -0.04629612,
          "Y": -2.59259248
        }
      ],
      "Data": null
    },
    {
      "Name": "BUS",
      "ID": 357768425,
      "Points": [
        {
          "X": 0.642178535,
          "Y": 2.05736279
        },
        {
          "X": 0.0218080282,
          "Y": 2.04810381
        }
      ],
      "Data": null
    },
    {
      "Name": "BUS",
      "ID": 1219295038,
      "Points": [
        {
          "X": 0.6451632,
          "Y": 1.857385
        },
        {
          "X": 0.0247926712,
          "Y": 1.848126
        }
      ],
      "Data": null
    },
    {
      "Name": "BUS",
      "ID": 1131454672,
      "Points": [
        {
          "X": 0.6481478,
          "Y": 1.65740728
        },
        {
          "X": 0.0277773738,
          "Y": 1.6481483
        }
      ],
      "Data": null
    },
    {
      "Name": "BUS",
      "ID": 1182782569,
      "Points": [
        {
          "X": 0.6541171,
          "Y": 1.25745177
        },
        {
          "X": 0.03374666,
          "Y": 1.24819279
        }
      ],
      "Data": null
    },
    {
      "Name": "BUS",
      "ID": 616638442,
      "Points": [
        {
          "X": 0.6296296,
          "Y": -3.01666665
        },
        {
          "X": -0.07407403,
          "Y": -3.01666665
        }
      ],
      "Data": null
    },
    {
      "Name": "BUS",
      "ID": 298857324,
      "Points": [
        {
          "X": 0.6296296,
          "Y": -3.2166667
        },
        {
          "X": -0.07407403,
          "Y": -3.2166667
        }
      ],
      "Data": null
    },
    {
      "Name": "BUS",
      "ID": 1549274832,
      "Points": [
        {
          "X": 0.6296296,
          "Y": -3.41666675
        },
        {
          "X": -0.07407403,
          "Y": -3.41666675
        }
      ],
      "Data": null
    },
    {
      "Name": "BUS",
      "ID": 324916659,
      "Points": [
        {
          "X": 0.6296296,
          "Y": -3.61666679
        },
        {
          "X": -0.07407403,
          "Y": -3.61666679
        }
      ],
      "Data": null
    },
    {
      "Name": "BUS",
      "ID": 1917317584,
      "Points": [
        {
          "X": 0.6296296,
          "Y": -3.81666684
        },
        {
          "X": -0.07407403,
          "Y": -3.81666684
        }
      ],
      "Data": null
    },
    {
      "Name": "AND",
      "ID": 1965009075,
      "Points": [
        {
          "X": -1.4907409,
          "Y": 1.44444466
        }
      ],
      "Data": null
    },
    {
      "Name": "NOT",
      "ID": 1284177546,
      "Points": [
        {
          "X": -3.12962961,
          "Y": 1.49999976
        }
      ],
      "Data": null
    },
    {
      "Name": "BUS",
      "ID": 810362820,
      "Points": [
        {
          "X": 0.6666671,
          "Y": 1.46296322
        },
        {
          "X": 0.0,
          "Y": 1.46296322
        }
      ],
      "Data": null
    },
    {
      "Name": "BUS",
      "ID": 183636641,
      "Points": [
        {
          "X": -4.18518543,
          "Y": 1.46111143
        },
        {
          "X": -4.65740776,
          "Y": 1.46111143
        }
      ],
      "Data": null
    },
    {
      "Name": "BUS",
      "ID": 630350966,
      "Points": [
        {
          "X": -4.18518543,
          "Y": 1.26111138
        },
        {
          "X": -4.65740776,
          "Y": 1.26111138
        }
      ],
      "Data": null
    },
    {
      "Name": "AND",
      "ID": 254858260,
      "Points": [
        {
          "X": -1.69444466,
          "Y": -3.55555534
        }
      ],
      "Data": null
    },
    {
      "Name": "BUS",
      "ID": 1258460774,
      "Points": [
        {
          "X": -2.669418,
          "Y": -3.45576739
        },
        {
          "X": -3.095344,
          "Y": -3.42798972
        }
      ],
      "Data": null
    },
    {
      "Name": "BUS",
      "ID": 1295711938,
      "Points": [
        {
          "X": -2.68243384,
          "Y": -3.65534329
        },
        {
          "X": -3.10835981,
          "Y": -3.62756562
        }
      ],
      "Data": null
    },
    {
      "Name": "AND",
      "ID": 412418024,
      "Points": [
        {
          "X": -1.8611114,
          "Y": -2.75
        }
      ],
      "Data": null
    },
    {
      "Name": "BUS",
      "ID": 1623718515,
      "Points": [
        {
          "X": -2.76333761,
          "Y": -2.61304617
        },
        {
          "X": -3.21704173,
          "Y": -2.63156486
        }
      ],
      "Data": null
    },
    {
      "Name": "BUS",
      "ID": 908371600,
      "Points": [
        {
          "X": -2.75518084,
          "Y": -2.81287956
        },
        {
          "X": -3.208885,
          "Y": -2.83139825
        }
      ],
      "Data": null
    },
    {
      "Name": "AND",
      "ID": 1920009106,
      "Points": [
        {
          "X": -1.5,
          "Y": 2.25925922
        }
      ],
      "Data": null
    },
    {
      "Name": "BUS",
      "ID": 986714729,
      "Points": [
        {
          "X": -2.388889,
          "Y": 2.46481466
        },
        {
          "X": -2.94444466,
          "Y": 2.46481466
        }
      ],
      "Data": null
    }
  ],
  "Connections": [
    {
      "Source": {
        "PinType": 4,
        "SubChipID": 1786378792,
        "PinID": 640609474
      },
      "Target": {
        "PinType": 2,
        "SubChipID": 0,
        "PinID": 640609474
      },
      "WirePoints": [
        {
          "X": 2.93333483,
          "Y": -0.9247211
        },
        {
          "X": 7.837778,
          "Y": 3.67592573
        }
      ],
      "ColourThemeName": "Red"
    },
    {
      "Source": {
        "PinType": 4,
        "SubChipID": 1786378792,
        "PinID": 1764891376
      },
      "Target": {
        "PinType": 2,
        "SubChipID": 0,
        "PinID": 1764891376
      },
      "WirePoints": [
        {
          "X": 2.93333483,
          "Y": -1.37043548
        },
        {
          "X": 7.837778,
          "Y": 3.12962961
        }
      ],
      "ColourThemeName": "Red"
    },
    {
      "Source": {
        "PinType": 4,
        "SubChipID": 1786378792,
        "PinID": 1354084789
      },
      "Target": {
        "PinType": 2,
        "SubChipID": 0,
        "PinID": 1354084789
      },
      "WirePoints": [
        {
          "X": 2.93333483,
          "Y": -1.81614971
        },
        {
          "X": 7.837778,
          "Y": 2.58333325
        }
      ],
      "ColourThemeName": "Red"
    },
    {
      "Source": {
        "PinType": 4,
        "SubChipID": 1786378792,
        "PinID": 2081558438
      },
      "Target": {
        "PinType": 2,
        "SubChipID": 0,
        "PinID": 2081558438
      },
      "WirePoints": [
        {
          "X": 2.93333483,
          "Y": -2.261864
        },
        {
          "X": 7.837778,
          "Y": 2.00925946
        }
      ],
      "ColourThemeName": "Red"
    },
    {
      "Source": {
        "PinType": 4,
        "SubChipID": 1786378792,
        "PinID": 1757278177
      },
      "Target": {
        "PinType": 2,
        "SubChipID": 0,
        "PinID": 1757278177
      },
      "WirePoints": [
        {
          "X": 2.93333483,
          "Y": -2.70757842
        },
        {
          "X": 7.837778,
          "Y": 1.259259
        }
      ],
      "ColourThemeName": "Red"
    },
    {
      "Source": {
        "PinType": 4,
        "SubChipID": 1786378792,
        "PinID": 487649070
      },
      "Target": {
        "PinType": 2,
        "SubChipID": 0,
        "PinID": 487649070
      },
      "WirePoints": [
        {
          "X": 2.93333483,
          "Y": -3.15329266
        },
        {
          "X": 7.837778,
          "Y": 0.703703761
        }
      ],
      "ColourThemeName": "Red"
    },
    {
      "Source": {
        "PinType": 4,
        "SubChipID": 1786378792,
        "PinID": 1528841058
      },
      "Target": {
        "PinType": 2,
        "SubChipID": 0,
        "PinID": 1528841058
      },
      "WirePoints": [
        {
          "X": 2.93333483,
          "Y": -3.59900713
        },
        {
          "X": 7.837778,
          "Y": 0.0277775526
        }
      ],
      "ColourThemeName": "Red"
    },
    {
      "Source": {
        "PinType": 4,
        "SubChipID": 1786378792,
        "PinID": 731942415
      },
      "Target": {
        "PinType": 2,
        "SubChipID": 0,
        "PinID": 731942415
      },
      "WirePoints": [
        {
          "X": 2.93333483,
          "Y": -4.044721
        },
        {
          "X": 7.837778,
          "Y": -0.6111112
        }
      ],
      "ColourThemeName": "Red"
    },
    {
      "Source": {
        "PinType": 4,
        "SubChipID": 1056876458,
        "PinID": 640609474
      },
      "Target": {
        "PinType": 2,
        "SubChipID": 0,
        "PinID": 640609474
      },
      "WirePoints": [
        {
          "X": 2.951851,
          "Y": 4.24518633
        },
        {
          "X": 7.837778,
          "Y": 3.67592573
        }
      ],
      "ColourThemeName": "Red"
    },
    {
      "Source": {
        "PinType": 4,
        "SubChipID": 1056876458,
        "PinID": 1764891376
      },
      "Target": {
        "PinType": 2,
        "SubChipID": 0,
        "PinID": 1764891376
      },
      "WirePoints": [
        {
          "X": 2.951851,
          "Y": 3.799472
        },
        {
          "X": 7.837778,
          "Y": 3.12962961
        }
      ],
      "ColourThemeName": "Red"
    },
    {
      "Source": {
        "PinType": 4,
        "SubChipID": 1056876458,
        "PinID": 1354084789
      },
      "Target": {
        "PinType": 2,
        "SubChipID": 0,
        "PinID": 1354084789
      },
      "WirePoints": [
        {
          "X": 2.951851,
          "Y": 3.35375786
        },
        {
          "X": 7.837778,
          "Y": 2.58333325
        }
      ],
      "ColourThemeName": "Red"
    },
    {
      "Source": {
        "PinType": 4,
        "SubChipID": 1056876458,
        "PinID": 2081558438
      },
      "Target": {
        "PinType": 2,
        "SubChipID": 0,
        "PinID": 2081558438
      },
      "WirePoints": [
        {
          "X": 2.951851,
          "Y": 2.90804362
        },
        {
          "X": 7.837778,
          "Y": 2.00925946
        }
      ],
      "ColourThemeName": "Red"
    },
    {
      "Source": {
        "PinType": 4,
        "SubChipID": 1056876458,
        "PinID": 1757278177
      },
      "Target": {
        "PinType": 2,
        "SubChipID": 0,
        "PinID": 1757278177
      },
      "WirePoints": [
        {
          "X": 2.951851,
          "Y": 2.46232915
        },
        {
          "X": 7.837778,
          "Y": 1.259259
        }
      ],
      "ColourThemeName": "Red"
    },
    {
      "Source": {
        "PinType": 4,
        "SubChipID": 1056876458,
        "PinID": 487649070
      },
      "Target": {
        "PinType": 2,
        "SubChipID": 0,
        "PinID": 487649070
      },
      "WirePoints": [
        {
          "X": 2.951851,
          "Y": 2.016615
        },
        {
          "X": 7.74279928,
          "Y": 0.642768145
        },
        {
          "X": 7.837778,
          "Y": 0.703703761
        }
      ],
      "ColourThemeName": "Red"
    },
    {
      "Source": {
        "PinType": 4,
        "SubChipID": 1056876458,
        "PinID": 1528841058
      },
      "Target": {
        "PinType": 2,
        "SubChipID": 0,
        "PinID": 1528841058
      },
      "WirePoints": [
        {
          "X": 2.951851,
          "Y": 1.57090056
        },
        {
          "X": 7.837778,
          "Y": 0.0277775526
        }
      ],
      "ColourThemeName": "Red"
    },
    {
      "Source": {
        "PinType": 4,
        "SubChipID": 1056876458,
        "PinID": 731942415
      },
      "Target": {
        "PinType": 2,
        "SubChipID": 0,
        "PinID": 731942415
      },
      "WirePoints": [
        {
          "X": 2.951851,
          "Y": 1.12518632
        },
        {
          "X": 7.837778,
          "Y": -0.6111112
        }
      ],
      "ColourThemeName": "Red"
    },
    {
      "Source": {
        "PinType": 1,
        "SubChipID": 0,
        "PinID": 1873865507
      },
      "Target": {
        "PinType": 3,
        "SubChipID": 358925917,
        "PinID": 0
      },
      "WirePoints": [
        {
          "X": -7.837778,
          "Y": 4.23148155
        }
      ],
      "ColourThemeName": "Red"
    },
    {
      "Source": {
        "PinType": 1,
        "SubChipID": 0,
        "PinID": 63641427
      },
      "Target": {
        "PinType": 3,
        "SubChipID": 95061757,
        "PinID": 0
      },
      "WirePoints": [
        {
          "X": -7.837778,
          "Y": 3.740741
        }
      ],
      "ColourThemeName": "Red"
    },
    {
      "Source": {
        "PinType": 1,
        "SubChipID": 0,
        "PinID": 1723447257
      },
      "Target": {
        "PinType": 3,
        "SubChipID": 1532618592,
        "PinID": 0
      },
      "WirePoints": [
        {
          "X": -7.837778,
          "Y": 3.29629612
        }
      ],
      "ColourThemeName": "Red"
    },
    {
      "Source": {
        "PinType": 1,
        "SubChipID": 0,
        "PinID": 1237626634
      },
      "Target": {
        "PinType": 3,
        "SubChipID": 1180312320,
        "PinID": 0
      },
      "WirePoints": [
        {
          "X": -7.837778,
          "Y": 2.787037
        }
      ],
      "ColourThemeName": "Red"
    },
    {
      "Source": {
        "PinType": 1,
        "SubChipID": 0,
        "PinID": 1896472784
      },
      "Target": {
        "PinType": 3,
        "SubChipID": 1559434525,
        "PinID": 0
      },
      "WirePoints": [
        {
          "X": -7.837778,
          "Y": 2.268519
        }
      ],
      "ColourThemeName": "Red"
    },
    {
      "Source": {
        "PinType": 1,
        "SubChipID": 0,
        "PinID": 423769338
      },
      "Target": {
        "PinType": 3,
        "SubChipID": 1619812019,
        "PinID": 0
      },
      "WirePoints": [
        {
          "X": -7.837778,
          "Y": 1.86111093
        }
      ],
      "ColourThemeName": "Red"
    },
    {
      "Source": {
        "PinType": 1,
        "SubChipID": 0,
        "PinID": 890960839
      },
      "Target": {
        "PinType": 3,
        "SubChipID": 30709370,
        "PinID": 0
      },
      "WirePoints": [
        {
          "X": -7.837778,
          "Y": 1.41666651
        }
      ],
      "ColourThemeName": "Red"
    },
    {
      "Source": {
        "PinType": 1,
        "SubChipID": 0,
        "PinID": 850560290
      },
      "Target": {
        "PinType": 3,
        "SubChipID": 5644602,
        "PinID": 0
      },
      "WirePoints": [
        {
          "X": -7.837778,
          "Y": 0.9722221
        }
      ],
      "ColourThemeName": "Red"
    },
    {
      "Source": {
        "PinType": 4,
        "SubChipID": 358925917,
        "PinID": 1
      },
      "Target": {
        "PinType": 3,
        "SubChipID": 1056876458,
        "PinID": 1873865507
      },
      "WirePoints": [
        {
          "X": 1.251851,
          "Y": 4.24518633
        }
      ],
      "ColourThemeName": "Red"
    },
    {
      "Source": {
        "PinType": 4,
        "SubChipID": 95061757,
        "PinID": 1
      },
      "Target": {
        "PinType": 3,
        "SubChipID": 1056876458,
        "PinID": 63641427
      },
      "WirePoints": [
        {
          "X": 1.251851,
          "Y": 4.00518656
        }
      ],
      "ColourThemeName": "Red"
    },
    {
      "Source": {
        "PinType": 4,
        "SubChipID": 1532618592,
        "PinID": 1
      },
      "Target": {
        "PinType": 3,
        "SubChipID": 1056876458,
        "PinID": 1723447257
      },
      "WirePoints": [
        {
          "X": 1.251851,
          "Y": 3.76518631
        }
      ],
      "ColourThemeName": "Red"
    },
    {
      "Source": {
        "PinType": 4,
        "SubChipID": 1180312320,
        "PinID": 1
      },
      "Target": {
        "PinType": 3,
        "SubChipID": 1056876458,
        "PinID": 1237626634
      },
      "WirePoints": [
        {
          "X": 1.251851,
          "Y": 3.52518654
        }
      ],
      "ColourThemeName": "Red"
    },
    {
      "Source": {
        "PinType": 4,
        "SubChipID": 1559434525,
        "PinID": 1
      },
      "Target": {
        "PinType": 3,
        "SubChipID": 1056876458,
        "PinID": 1896472784
      },
      "WirePoints": [
        {
          "X": 1.251851,
          "Y": 3.28518629
        }
      ],
      "ColourThemeName": "Red"
    },
    {
      "Source": {
        "PinType": 4,
        "SubChipID": 1619812019,
        "PinID": 1
      },
      "Target": {
        "PinType": 3,
        "SubChipID": 1056876458,
        "PinID": 423769338
      },
      "WirePoints": [
        {
          "X": 1.251851,
          "Y": 3.04518628
        }
      ],
      "ColourThemeName": "Red"
    },
    {
      "Source": {
        "PinType": 4,
        "SubChipID": 30709370,
        "PinID": 1
      },
      "Target": {
        "PinType": 3,
        "SubChipID": 1056876458,
        "PinID": 890960839
      },
      "WirePoints": [
        {
          "X": 1.251851,
          "Y": 2.80518627
        }
      ],
      "ColourThemeName": "Red"
    },
    {
      "Source": {
        "PinType": 4,
        "SubChipID": 5644602,
        "PinID": 1
      },
      "Target": {
        "PinType": 3,
        "SubChipID": 1056876458,
        "PinID": 850560290
      },
      "WirePoints": [
        {
          "X": 1.251851,
          "Y": 2.56518626
        }
      ],
      "ColourThemeName": "Red"
    },
    {
      "Source": {
        "PinType": 1,
        "SubChipID": 0,
        "PinID": 1873865507
      },
      "Target": {
        "PinType": 3,
        "SubChipID": 348390330,
        "PinID": 0
      },
      "WirePoints": [
        {
          "X": -7.837778,
          "Y": 4.23148155
        }
      ],
      "ColourThemeName": "Red"
    },
    {
      "Source": {
        "PinType": 1,
        "SubChipID": 0,
        "PinID": 63641427
      },
      "Target": {
        "PinType": 3,
        "SubChipID": 1512832943,
        "PinID": 0
      },
      "WirePoints": [
        {
          "X": -7.837778,
          "Y": 3.740741
        }
      ],
      "ColourThemeName": "Red"
    },
    {
      "Source": {
        "PinType": 1,
        "SubChipID": 0,
        "PinID": 1723447257
      },
      "Target": {
        "PinType": 3,
        "SubChipID": 1166042448,
        "PinID": 0
      },
      "WirePoints": [
        {
          "X": -7.837778,
          "Y": 3.29629612
        }
      ],
      "ColourThemeName": "Red"
    },
    {
      "Source": {
        "PinType": 1,
        "SubChipID": 0,
        "PinID": 1237626634
      },
      "Target": {
        "PinType": 3,
        "SubChipID": 701999507,
        "PinID": 0
      },
      "WirePoints": [
        {
          "X": -7.837778,
          "Y": 2.787037
        }
      ],
      "ColourThemeName": "Red"
    },
    {
      "Source": {
        "PinType": 1,
        "SubChipID": 0,
        "PinID": 1896472784
      },
      "Target": {
        "PinType": 3,
        "SubChipID": 1198719389,
        "PinID": 0
      },
      "WirePoints": [
        {
          "X": -7.837778,
          "Y": 2.268519
        }
      ],
      "ColourThemeName": "Red"
    },
    {
      "Source": {
        "PinType": 1,
        "SubChipID": 0,
        "PinID": 423769338
      },
      "Target": {
        "PinType": 3,
        "SubChipID": 1073164084,
        "PinID": 0
      },
      "WirePoints": [
        {
          "X": -7.837778,
          "Y": 1.86111093
        }
      ],
      "ColourThemeName": "Red"
    },
    {
      "Source": {
        "PinType": 1,
        "SubChipID": 0,
        "PinID": 890960839
      },
      "Target": {
        "PinType": 3,
        "SubChipID": 1537617188,
        "PinID": 0
      },
      "WirePoints": [
        {
          "X": -7.837778,
          "Y": 1.41666651
        }
      ],
      "ColourThemeName": "Red"
    },
    {
      "Source": {
        "PinType": 1,
        "SubChipID": 0,
        "PinID": 850560290
      },
      "Target": {
        "PinType": 3,
        "SubChipID": 1619917327,
        "PinID": 0
      },
      "WirePoints": [
        {
          "X": -7.837778,
          "Y": 0.9722221
        }
      ],
      "ColourThemeName": "Red"
    },
    {
      "Source": {
        "PinType": 4,
        "SubChipID": 348390330,
        "PinID": 1
      },
      "Target": {
        "PinType": 3,
        "SubChipID": 1786378792,
        "PinID": 1873865507
      },
      "WirePoints": [
        {
          "X": 1.2333349,
          "Y": -0.9247211
        }
      ],
      "ColourThemeName": "Red"
    },
    {
      "Source": {
        "PinType": 4,
        "SubChipID": 1512832943,
        "PinID": 1
      },
      "Target": {
        "PinType": 3,
        "SubChipID": 1786378792,
        "PinID": 63641427
      },
      "WirePoints": [
        {
          "X": 1.2333349,
          "Y": -1.16472113
        }
      ],
      "ColourThemeName": "Red"
    },
    {
      "Source": {
        "PinType": 4,
        "SubChipID": 1166042448,
        "PinID": 1
      },
      "Target": {
        "PinType": 3,
        "SubChipID": 1786378792,
        "PinID": 1723447257
      },
      "WirePoints": [
        {
          "X": 1.2333349,
          "Y": -1.40472114
        }
      ],
      "ColourThemeName": "Red"
    },
    {
      "Source": {
        "PinType": 4,
        "SubChipID": 701999507,
        "PinID": 1
      },
      "Target": {
        "PinType": 3,
        "SubChipID": 1786378792,
        "PinID": 1237626634
      },
      "WirePoints": [
        {
          "X": 1.2333349,
          "Y": -1.64472115
        }
      ],
      "ColourThemeName": "Red"
    },
    {
      "Source": {
        "PinType": 4,
        "SubChipID": 1198719389,
        "PinID": 1
      },
      "Target": {
        "PinType": 3,
        "SubChipID": 1786378792,
        "PinID": 1896472784
      },
      "WirePoints": [
        {
          "X": 1.2333349,
          "Y": -1.88472128
        }
      ],
      "ColourThemeName": "Red"
    },
    {
      "Source": {
        "PinType": 4,
        "SubChipID": 1073164084,
        "PinID": 1
      },
      "Target": {
        "PinType": 3,
        "SubChipID": 1786378792,
        "PinID": 423769338
      },
      "WirePoints": [
        {
          "X": 1.2333349,
          "Y": -2.12472129
        }
      ],
      "ColourThemeName": "Red"
    },
    {
      "Source": {
        "PinType": 4,
        "SubChipID": 1537617188,
        "PinID": 1
      },
      "Target": {
        "PinType": 3,
        "SubChipID": 1786378792,
        "PinID": 890960839
      },
      "WirePoints": [
        {
          "X": 1.2333349,
          "Y": -2.3647213
        }
      ],
      "ColourThemeName": "Red"
    },
    {
      "Source": {
        "PinType": 4,
        "SubChipID": 1619917327,
        "PinID": 1
      },
      "Target": {
        "PinType": 3,
        "SubChipID": 1786378792,
        "PinID": 850560290
      },
      "WirePoints": [
        {
          "X": 1.2333349,
          "Y": -2.60472131
        }
      ],
      "ColourThemeName": "Red"
    },
    {
      "Source": {
        "PinType": 4,
        "SubChipID": 357768425,
        "PinID": 1
      },
      "Target": {
        "PinType": 3,
        "SubChipID": 1056876458,
        "PinID": 264559730
      },
      "WirePoints": [
        {
          "X": 1.251851,
          "Y": 2.32518625
        }
      ],
      "ColourThemeName": "Red"
    },
    {
      "Source": {
        "PinType": 4,
        "SubChipID": 1219295038,
        "PinID": 1
      },
      "Target": {
        "PinType": 3,
        "SubChipID": 1056876458,
        "PinID": 252889857
      },
      "WirePoints": [
        {
          "X": 1.251851,
          "Y": 2.08518624
        }
      ],
      "ColourThemeName": "Red"
    },
    {
      "Source": {
        "PinType": 4,
        "SubChipID": 1131454672,
        "PinID": 1
      },
      "Target": {
        "PinType": 3,
        "SubChipID": 1056876458,
        "PinID": 572411175
      },
      "WirePoints": [
        {
          "X": 1.251851,
          "Y": 1.60518634
        }
      ],
      "ColourThemeName": "Red"
    },
    {
      "Source": {
        "PinType": 4,
        "SubChipID": 1182782569,
        "PinID": 1
      },
      "Target": {
        "PinType": 3,
        "SubChipID": 1056876458,
        "PinID": 538323610
      },
      "WirePoints": [
        {
          "X": 1.251851,
          "Y": 1.12518632
        }
      ],
      "ColourThemeName": "Red"
    },
    {
      "Source": {
        "PinType": 1,
        "SubChipID": 0,
        "PinID": 538323610
      },
      "Target": {
        "PinType": 3,
        "SubChipID": 1182782569,
        "PinID": 0
      },
      "WirePoints": [
        {
          "X": -7.837778,
          "Y": -3.61111116
        }
      ],
      "ColourThemeName": "Red"
    },
    {
      "Source": {
        "PinType": 1,
        "SubChipID": 0,
        "PinID": 572411175
      },
      "Target": {
        "PinType": 3,
        "SubChipID": 1131454672,
        "PinID": 0
      },
      "WirePoints": [
        {
          "X": -7.837778,
          "Y": -2.54629612
        }
      ],
      "ColourThemeName": "Red"
    },
    {
      "Source": {
        "PinType": 1,
        "SubChipID": 0,
        "PinID": 252889857
      },
      "Target": {
        "PinType": 3,
        "SubChipID": 1219295038,
        "PinID": 0
      },
      "WirePoints": [
        {
          "X": -7.837778,
          "Y": -1.148148
        }
      ],
      "ColourThemeName": "Red"
    },
    {
      "Source": {
        "PinType": 1,
        "SubChipID": 0,
        "PinID": 1759993952
      },
      "Target": {
        "PinType": 3,
        "SubChipID": 357768425,
        "PinID": 0
      },
      "WirePoints": [
        {
          "X": -7.837778,
          "Y": -0.361111164
        }
      ],
      "ColourThemeName": "Red"
    },
    {
      "Source": {
        "PinType": 1,
        "SubChipID": 0,
        "PinID": 538323610
      },
      "Target": {
        "PinType": 3,
        "SubChipID": 1917317584,
        "PinID": 0
      },
      "WirePoints": [
        {
          "X": -7.837778,
          "Y": -3.61111116
        }
      ],
      "ColourThemeName": "Red"
    },
    {
      "Source": {
        "PinType": 4,
        "SubChipID": 1917317584,
        "PinID": 1
      },
      "Target": {
        "PinType": 3,
        "SubChipID": 1786378792,
        "PinID": 538323610
      },
      "WirePoints": [
        {
          "X": 1.2333349,
          "Y": -4.044721
        }
      ],
      "ColourThemeName": "Red"
    },
    {
      "Source": {
        "PinType": 1,
        "SubChipID": 0,
        "PinID": 572411175
      },
      "Target": {
        "PinType": 3,
        "SubChipID": 1549274832,
        "PinID": 0
      },
      "WirePoints": [
        {
          "X": -7.837778,
          "Y": -2.54629612
        }
      ],
      "ColourThemeName": "Red"
    },
    {
      "Source": {
        "PinType": 1,
        "SubChipID": 0,
        "PinID": 252889857
      },
      "Target": {
        "PinType": 3,
        "SubChipID": 298857324,
        "PinID": 0
      },
      "WirePoints": [
        {
          "X": -7.837778,
          "Y": -1.148148
        }
      ],
      "ColourThemeName": "Red"
    },
    {
      "Source": {
        "PinType": 4,
        "SubChipID": 298857324,
        "PinID": 1
      },
      "Target": {
        "PinType": 3,
        "SubChipID": 1786378792,
        "PinID": 252889857
      },
      "WirePoints": [
        {
          "X": 1.2333349,
          "Y": -3.08472133
        }
      ],
      "ColourThemeName": "Red"
    },
    {
      "Source": {
        "PinType": 4,
        "SubChipID": 1549274832,
        "PinID": 1
      },
      "Target": {
        "PinType": 3,
        "SubChipID": 1786378792,
        "PinID": 572411175
      },
      "WirePoints": [
        {
          "X": 1.2333349,
          "Y": -3.564721
        }
      ],
      "ColourThemeName": "Red"
    },
    {
      "Source": {
        "PinType": 1,
        "SubChipID": 0,
        "PinID": 1759993952
      },
      "Target": {
        "PinType": 3,
        "SubChipID": 616638442,
        "PinID": 0
      },
      "WirePoints": [
        {
          "X": -7.837778,
          "Y": -0.361111164
        }
      ],
      "ColourThemeName": "Red"
    },
    {
      "Source": {
        "PinType": 4,
        "SubChipID": 616638442,
        "PinID": 1
      },
      "Target": {
        "PinType": 3,
        "SubChipID": 1786378792,
        "PinID": 264559730
      },
      "WirePoints": [
        {
          "X": 1.2333349,
          "Y": -2.84472132
        }
      ],
      "ColourThemeName": "Red"
    },
    {
      "Source": {
        "PinType": 4,
        "SubChipID": 1284177546,
        "PinID": 1
      },
      "Target": {
        "PinType": 3,
        "SubChipID": 1965009075,
        "PinID": 0
      },
      "WirePoints": [
        {
          "X": -2.57962966,
          "Y": 1.49999976
        },
        {
          "X": -2.040741,
          "Y": 1.56444466
        }
      ],
      "ColourThemeName": "Red"
    },
    {
      "Source": {
        "PinType": 4,
        "SubChipID": 810362820,
        "PinID": 1
      },
      "Target": {
        "PinType": 3,
        "SubChipID": 1056876458,
        "PinID": 1514641872
      },
      "WirePoints": [
        {
          "X": 1.251851,
          "Y": 1.36518633
        }
      ],
      "ColourThemeName": "Red"
    },
    {
      "Source": {
        "PinType": 4,
        "SubChipID": 1965009075,
        "PinID": 2
      },
      "Target": {
        "PinType": 3,
        "SubChipID": 810362820,
        "PinID": 0
      },
      "WirePoints": [
        {
          "X": -0.9407409,
          "Y": 1.44444466
        }
      ],
      "ColourThemeName": "Red"
    },
    {
      "Source": {
        "PinType": 4,
        "SubChipID": 183636641,
        "PinID": 1
      },
      "Target": {
        "PinType": 3,
        "SubChipID": 1284177546,
        "PinID": 0
      },
      "WirePoints": [
        {
          "X": -3.67962956,
          "Y": 1.49999976
        }
      ],
      "ColourThemeName": "Red"
    },
    {
      "Source": {
        "PinType": 1,
        "SubChipID": 0,
        "PinID": 264559730
      },
      "Target": {
        "PinType": 3,
        "SubChipID": 183636641,
        "PinID": 0
      },
      "WirePoints": [
        {
          "X": -7.837778,
          "Y": 0.175926089
        }
      ],
      "ColourThemeName": "Red"
    },
    {
      "Source": {
        "PinType": 1,
        "SubChipID": 0,
        "PinID": 1939383565
      },
      "Target": {
        "PinType": 3,
        "SubChipID": 630350966,
        "PinID": 0
      },
      "WirePoints": [
        {
          "X": -7.837778,
          "Y": -2.916667
        }
      ],
      "ColourThemeName": "Red"
    },
    {
      "Source": {
        "PinType": 4,
        "SubChipID": 630350966,
        "PinID": 1
      },
      "Target": {
        "PinType": 3,
        "SubChipID": 1965009075,
        "PinID": 1
      },
      "WirePoints": [
        {
          "X": -2.040741,
          "Y": 1.32444465
        }
      ],
      "ColourThemeName": "Red"
    },
    {
      "Source": {
        "PinType": 4,
        "SubChipID": 254858260,
        "PinID": 2
      },
      "Target": {
        "PinType": 3,
        "SubChipID": 324916659,
        "PinID": 0
      },
      "WirePoints": [
        {
          "X": -1.1444447,
          "Y": -3.55555534
        }
      ],
      "ColourThemeName": "Red"
    },
    {
      "Source": {
        "PinType": 4,
        "SubChipID": 324916659,
        "PinID": 1
      },
      "Target": {
        "PinType": 3,
        "SubChipID": 1786378792,
        "PinID": 1514641872
      },
      "WirePoints": [
        {
          "X": 1.2333349,
          "Y": -3.80472136
        }
      ],
      "ColourThemeName": "Red"
    },
    {
      "Source": {
        "PinType": 4,
        "SubChipID": 1258460774,
        "PinID": 1
      },
      "Target": {
        "PinType": 3,
        "SubChipID": 254858260,
        "PinID": 0
      },
      "WirePoints": [
        {
          "X": -2.24444461,
          "Y": -3.43555546
        }
      ],
      "ColourThemeName": "Red"
    },
    {
      "Source": {
        "PinType": 4,
        "SubChipID": 1295711938,
        "PinID": 1
      },
      "Target": {
        "PinType": 3,
        "SubChipID": 254858260,
        "PinID": 1
      },
      "WirePoints": [
        {
          "X": -2.24444461,
          "Y": -3.67555523
        }
      ],
      "ColourThemeName": "Red"
    },
    {
      "Source": {
        "PinType": 1,
        "SubChipID": 0,
        "PinID": 1939383565
      },
      "Target": {
        "PinType": 3,
        "SubChipID": 1295711938,
        "PinID": 0
      },
      "WirePoints": [
        {
          "X": -7.837778,
          "Y": -2.916667
        }
      ],
      "ColourThemeName": "Red"
    },
    {
      "Source": {
        "PinType": 1,
        "SubChipID": 0,
        "PinID": 264559730
      },
      "Target": {
        "PinType": 3,
        "SubChipID": 1258460774,
        "PinID": 0
      },
      "WirePoints": [
        {
          "X": -7.837778,
          "Y": 0.175926089
        }
      ],
      "ColourThemeName": "Red"
    },
    {
      "Source": {
        "PinType": 1,
        "SubChipID": 0,
        "PinID": 264559730
      },
      "Target": {
        "PinType": 3,
        "SubChipID": 1623718515,
        "PinID": 0
      },
      "WirePoints": [
        {
          "X": -7.837778,
          "Y": 0.175926089
        }
      ],
      "ColourThemeName": "Red"
    },
    {
      "Source": {
        "PinType": 4,
        "SubChipID": 1623718515,
        "PinID": 1
      },
      "Target": {
        "PinType": 3,
        "SubChipID": 412418024,
        "PinID": 0
      },
      "WirePoints": [
        {
          "X": -2.41111135,
          "Y": -2.63
        }
      ],
      "ColourThemeName": "Red"
    },
    {
      "Source": {
        "PinType": 1,
        "SubChipID": 0,
        "PinID": 1190999373
      },
      "Target": {
        "PinType": 3,
        "SubChipID": 908371600,
        "PinID": 0
      },
      "WirePoints": [
        {
          "X": -7.837778,
          "Y": -1.76851845
        }
      ],
      "ColourThemeName": "Red"
    },
    {
      "Source": {
        "PinType": 4,
        "SubChipID": 412418024,
        "PinID": 2
      },
      "Target": {
        "PinType": 3,
        "SubChipID": 1786378792,
        "PinID": 363581110
      },
      "WirePoints": [
        {
          "X": -1.31111145,
          "Y": -2.75
        },
        {
          "X": 0.8333334,
          "Y": -2.7962966
        },
        {
          "X": 0.87963,
          "Y": -3.18518519
        },
        {
          "X": 1.2333349,
          "Y": -3.32472134
        }
      ],
      "ColourThemeName": "Red"
    },
    {
      "Source": {
        "PinType": 4,
        "SubChipID": 1284177546,
        "PinID": 1
      },
      "Target": {
        "PinType": 3,
        "SubChipID": 1920009106,
        "PinID": 1
      },
      "WirePoints": [
        {
          "X": -2.57962966,
          "Y": 1.49999976
        },
        {
          "X": -2.35873365,
          "Y": 1.52641642
        },
        {
          "X": -2.33333325,
          "Y": 2.05555558
        },
        {
          "X": -2.05,
          "Y": 2.13925934
        }
      ],
      "ColourThemeName": "Red"
    },
    {
      "Source": {
        "PinType": 1,
        "SubChipID": 0,
        "PinID": 1190999373
      },
      "Target": {
        "PinType": 3,
        "SubChipID": 986714729,
        "PinID": 0
      },
      "WirePoints": [
        {
          "X": -7.837778,
          "Y": -1.76851845
        }
      ],
      "ColourThemeName": "Red"
    },
    {
      "Source": {
        "PinType": 4,
        "SubChipID": 986714729,
        "PinID": 1
      },
      "Target": {
        "PinType": 3,
        "SubChipID": 1920009106,
        "PinID": 0
      },
      "WirePoints": [
        {
          "X": -2.05,
          "Y": 2.379259
        }
      ],
      "ColourThemeName": "Red"
    },
    {
      "Source": {
        "PinType": 4,
        "SubChipID": 1920009106,
        "PinID": 2
      },
      "Target": {
        "PinType": 3,
        "SubChipID": 1056876458,
        "PinID": 363581110
      },
      "WirePoints": [
        {
          "X": -0.95,
          "Y": 2.25925922
        },
        {
          "X": 0.962963164,
          "Y": 2.24074078
        },
        {
          "X": 0.953704059,
          "Y": 1.86111093
        },
        {
          "X": 1.251851,
          "Y": 1.84518623
        }
      ],
      "ColourThemeName": "Red"
    },
    {
      "Source": {
        "PinType": 4,
        "SubChipID": 908371600,
        "PinID": 1
      },
      "Target": {
        "PinType": 3,
        "SubChipID": 412418024,
        "PinID": 1
      },
      "WirePoints": [
        {
          "X": -2.41111135,
          "Y": -2.87
        }
      ],
      "ColourThemeName": "Red"
    }
  ],
  "ChipSize": 0.0
}