{
  "Name": "4OR",
  "Colour": "#1D3B59",
  "InputPins": [
    {
      "Name": "Pin",
      "ID": 1756088921,
      "PositionY": 1.44444466,
      "ColourThemeName": "Red"
    },
    {
      "Name": "Pin",
      "ID": 2113422628,
      "PositionY": 0.824074149,
      "ColourThemeName": "Red"
    },
    {
      "Name": "Pin",
      "ID": 1708376006,
      "PositionY": 0.240740776,
      "ColourThemeName": "Red"
    },
    {
      "Name": "Pin",
      "ID": 267655980,
      "PositionY": -0.388889,
      "ColourThemeName": "Red"
    }
  ],
  "OutputPins": [
    {
      "Name": "Pin",
      "ID": 1438217329,
      "PositionY": 2.25000024,
      "ColourThemeName": "Red"
    }
  ],
  "SubChips": [
    {
      "Name": "OR",
      "ID": 1894382968,
      "Points": [
        {
          "X": -6.14814854,
          "Y": 1.43750024
        }
      ],
      "Data": null
    },
    {
      "Name": "OR",
      "ID": 1956459926,
      "Points": [
        {
          "X": -6.14814854,
          "Y": 0.8125002
        }
      ],
      "Data": null
    },
    {
      "Name": "OR",
      "ID": 168439923,
      "Points": [
        {
          "X": -4.296297,
          "Y": 1.34490752
        }
      ],
      "Data": null
    }
  ],
  "Connections": [
    {
      "Source": {
        "PinType": 1,
        "SubChipID": 0,
        "PinID": 1756088921
      },
      "Target": {
        "PinType": 3,
        "SubChipID": 1894382968,
        "PinID": 1672340165
      },
      "WirePoints": [
        {
          "X": -7.837778,
          "Y": 1.44444466
        },
        {
          "X": -6.59814835,
          "Y": 1.55750024
        }
      ],
      "ColourThemeName": "Red"
    },
    {
      "Source": {
        "PinType": 1,
        "SubChipID": 0,
        "PinID": 2113422628
      },
      "Target": {
        "PinType": 3,
        "SubChipID": 1894382968,
        "PinID": 498880847
      },
      "WirePoints": [
        {
          "X": -7.837778,
          "Y": 0.824074149
        },
        {
          "X": -6.59814835,
          "Y": 1.31750023
        }
      ],
      "ColourThemeName": "Red"
    },
    {
      "Source": {
        "PinType": 1,
        "SubChipID": 0,
        "PinID": 1708376006
      },
      "Target": {
        "PinType": 3,
        "SubChipID": 1956459926,
        "PinID": 1672340165
      },
      "WirePoints": [
        {
          "X": -7.837778,
          "Y": 0.240740776
        },
        {
          "X": -6.59814835,
          "Y": 0.9325002
        }
      ],
      "ColourThemeName": "Red"
    },
    {
      "Source": {
        "PinType": 1,
        "SubChipID": 0,
        "PinID": 267655980
      },
      "Target": {
        "PinType": 3,
        "SubChipID": 1956459926,
        "PinID": 498880847
      },
      "WirePoints": [
        {
          "X": -7.837778,
          "Y": -0.388889
        },
        {
          "X": -6.59814835,
          "Y": 0.6925002
        }
      ],
      "ColourThemeName": "Red"
    },
    {
      "Source": {
        "PinType": 4,
        "SubChipID": 1894382968,
        "PinID": 1118056934
      },
      "Target": {
        "PinType": 3,
        "SubChipID": 168439923,
        "PinID": 1672340165
      },
      "WirePoints": [
        {
          "X": -5.69814873,
          "Y": 1.43750024
        },
        {
          "X": -4.746297,
          "Y": 1.46490753
        }
      ],
      "ColourThemeName": "Red"
    },
    {
      "Source": {
        "PinType": 4,
        "SubChipID": 1956459926,
        "PinID": 1118056934
      },
      "Target": {
        "PinType": 3,
        "SubChipID": 168439923,
        "PinID": 498880847
      },
      "WirePoints": [
        {
          "X": -5.69814873,
          "Y": 0.8125002
        },
        {
          "X": -4.746297,
          "Y": 1.22490752
        }
      ],
      "ColourThemeName": "Red"
    },
    {
      "Source": {
        "PinType": 4,
        "SubChipID": 168439923,
        "PinID": 1118056934
      },
      "Target": {
        "PinType": 2,
        "SubChipID": 0,
        "PinID": 1438217329
      },
      "WirePoints": [
        {
          "X": -3.846297,
          "Y": 1.34490752
        },
        {
          "X": 7.837778,
          "Y": 2.25000024
        }
      ],
      "ColourThemeName": "Red"
    }
  ],
  "ChipSize": 8.6
}