{
  "Name": "7SEGMENT",
  "Colour": "#227944",
  "InputPins": [
    {
      "Name": "A3",
      "ID": 1104209347,
      "PositionY": 3.45370436,
      "ColourThemeName": "Red"
    },
    {
      "Name": "A2",
      "ID": 1318877902,
      "PositionY": 1.25925958,
      "ColourThemeName": "Red"
    },
    {
      "Name": "A1",
      "ID": 307893486,
      "PositionY": -0.5185184,
      "ColourThemeName": "Red"
    },
    {
      "Name": "A0",
      "ID": 291446586,
      "PositionY": -2.56481433,
      "ColourThemeName": "Red"
    },
    {
      "Name": "NEG",
      "ID": 1629576822,
      "PositionY": 4.453704,
      "ColourThemeName": "Red"
    }
  ],
  "OutputPins": [
    {
      "Name": "a",
      "ID": 652538035,
      "PositionY": 2.67592621,
      "ColourThemeName": "Red"
    },
    {
      "Name": "b",
      "ID": 1554067506,
      "PositionY": 1.79629624,
      "ColourThemeName": "Red"
    },
    {
      "Name": "c",
      "ID": 1216563480,
      "PositionY": 1.02777779,
      "ColourThemeName": "Red"
    },
    {
      "Name": "d",
      "ID": 1148597193,
      "PositionY": 0.2870369,
      "ColourThemeName": "Red"
    },
    {
      "Name": "e",
      "ID": 1675493900,
      "PositionY": -0.5092594,
      "ColourThemeName": "Red"
    },
    {
      "Name": "f",
      "ID": 1474252946,
      "PositionY": -1.314815,
      "ColourThemeName": "Red"
    },
    {
      "Name": "g",
      "ID": 825317074,
      "PositionY": -1.95370376,
      "ColourThemeName": "Red"
    },
    {
      "Name": "NEG",
      "ID": 1022076425,
      "PositionY": 3.518519,
      "ColourThemeName": "Red"
    }
  ],
  "SubChips": [
    {
      "Name": "NOT",
      "ID": 1210659888,
      "Points": [
        {
          "X": -6.88888931,
          "Y": 3.110277
        }
      ],
      "Data": null
    },
    {
      "Name": "NOT",
      "ID": 2115775527,
      "Points": [
        {
          "X": -6.685185,
          "Y": 0.6386112
        }
      ],
      "Data": null
    },
    {
      "Name": "NOT",
      "ID": 648410452,
      "Points": [
        {
          "X": -6.731481,
          "Y": -1.36083317
        }
      ],
      "Data": null
    },
    {
      "Name": "NOT",
      "ID": 1546879554,
      "Points": [
        {
          "X": -6.83333254,
          "Y": -3.21212935
        }
      ],
      "Data": null
    },
    {
      "Name": "OR",
      "ID": 2074032470,
      "Points": [
        {
          "X": 0.194444686,
          "Y": 3.67592573
        }
      ],
      "Data": null
    },
    {
      "Name": "NOT",
      "ID": 1465170813,
      "Points": [
        {
          "X": 1.30555677,
          "Y": 3.68518567
        }
      ],
      "Data": null
    },
    {
      "Name": "AND",
      "ID": 132857035,
      "Points": [
        {
          "X": -2.22222161,
          "Y": 3.40972137
        }
      ],
      "Data": null
    },
    {
      "Name": "AND",
      "ID": 615115362,
      "Points": [
        {
          "X": -2.23148131,
          "Y": 2.86805677
        }
      ],
      "Data": null
    },
    {
      "Name": "AND",
      "ID": 2068670135,
      "Points": [
        {
          "X": -0.953703463,
          "Y": 3.30787015
        }
      ],
      "Data": null
    },
    {
      "Name": "AND",
      "ID": 1305287185,
      "Points": [
        {
          "X": -2.19444513,
          "Y": 4.50462866
        }
      ],
      "Data": null
    },
    {
      "Name": "AND",
      "ID": 91075260,
      "Points": [
        {
          "X": -2.19444513,
          "Y": 3.95370364
        }
      ],
      "Data": null
    },
    {
      "Name": "AND",
      "ID": 2030460319,
      "Points": [
        {
          "X": -0.9907412,
          "Y": 3.88425851
        }
      ],
      "Data": null
    },
    {
      "Name": "AND",
      "ID": 585949871,
      "Points": [
        {
          "X": -2.212963,
          "Y": 2.21064854
        }
      ],
      "Data": null
    },
    {
      "Name": "AND",
      "ID": 74986955,
      "Points": [
        {
          "X": -2.25,
          "Y": 1.67823958
        }
      ],
      "Data": null
    },
    {
      "Name": "OR",
      "ID": 1009357804,
      "Points": [
        {
          "X": -0.9074074,
          "Y": 1.92592609
        }
      ],
      "Data": null
    },
    {
      "Name": "AND",
      "ID": 1547973245,
      "Points": [
        {
          "X": 0.185186088,
          "Y": 2.12962937
        }
      ],
      "Data": null
    },
    {
      "Name": "NOT",
      "ID": 1854732476,
      "Points": [
        {
          "X": 1.51851892,
          "Y": 2.12037039
        }
      ],
      "Data": null
    },
    {
      "Name": "AND",
      "ID": 104027184,
      "Points": [
        {
          "X": -0.240741342,
          "Y": 1.03703773
        }
      ],
      "Data": null
    },
    {
      "Name": "NOT",
      "ID": 330609750,
      "Points": [
        {
          "X": 1.0555563,
          "Y": 1.08333409
        }
      ],
      "Data": null
    },
    {
      "Name": "AND",
      "ID": 1417475477,
      "Points": [
        {
          "X": -0.2870368,
          "Y": 0.2870369
        }
      ],
      "Data": null
    },
    {
      "Name": "AND",
      "ID": 784786892,
      "Points": [
        {
          "X": -0.2962966,
          "Y": -0.240741014
        }
      ],
      "Data": null
    },
    {
      "Name": "AND",
      "ID": 924912462,
      "Points": [
        {
          "X": -1.92592776,
          "Y": -0.8078701
        }
      ],
      "Data": null
    },
    {
      "Name": "AND",
      "ID": 1331994007,
      "Points": [
        {
          "X": -0.277778834,
          "Y": -0.8865741
        }
      ],
      "Data": null
    },
    {
      "Name": "OR",
      "ID": 1520251221,
      "Points": [
        {
          "X": 0.87962997,
          "Y": 0.10879606
        }
      ],
      "Data": null
    },
    {
      "Name": "OR",
      "ID": 1021012680,
      "Points": [
        {
          "X": 1.96296275,
          "Y": -0.136574328
        }
      ],
      "Data": null
    },
    {
      "Name": "NOT",
      "ID": 1398805907,
      "Points": [
        {
          "X": 3.111111,
          "Y": -0.129629612
        }
      ],
      "Data": null
    },
    {
      "Name": "OR",
      "ID": 641899295,
      "Points": [
        {
          "X": 0.8240733,
          "Y": -1.62037051
        }
      ],
      "Data": null
    },
    {
      "Name": "AND",
      "ID": 1935580730,
      "Points": [
        {
          "X": -0.379629642,
          "Y": -1.68518484
        }
      ],
      "Data": null
    },
    {
      "Name": "OR",
      "ID": 492710474,
      "Points": [
        {
          "X": 0.564814866,
          "Y": -2.73148131
        }
      ],
      "Data": null
    },
    {
      "Name": "AND",
      "ID": 485324323,
      "Points": [
        {
          "X": -0.5925932,
          "Y": -2.48379612
        }
      ],
      "Data": null
    },
    {
      "Name": "AND",
      "ID": 1595453965,
      "Points": [
        {
          "X": -0.5648147,
          "Y": -3.11805487
        }
      ],
      "Data": null
    },
    {
      "Name": "OR",
      "ID": 755531496,
      "Points": [
        {
          "X": 1.55555522,
          "Y": -2.472222
        }
      ],
      "Data": null
    },
    {
      "Name": "NOT",
      "ID": 1122484254,
      "Points": [
        {
          "X": 2.74999952,
          "Y": -2.44444466
        }
      ],
      "Data": null
    },
    {
      "Name": "AND",
      "ID": 139893027,
      "Points": [
        {
          "X": 2.09259367,
          "Y": -3.19444442
        }
      ],
      "Data": null
    },
    {
      "Name": "OR",
      "ID": 582989757,
      "Points": [
        {
          "X": 3.46296287,
          "Y": -3.342593
        }
      ],
      "Data": null
    },
    {
      "Name": "NOT",
      "ID": 386141404,
      "Points": [
        {
          "X": 4.777778,
          "Y": -3.3518517
        }
      ],
      "Data": null
    },
    {
      "Name": "AND",
      "ID": 1756943993,
      "Points": [
        {
          "X": 0.9537034,
          "Y": -3.87731433
        }
      ],
      "Data": null
    }
  ],
  "Connections": [
    {
      "Source": {
        "PinType": 1,
        "SubChipID": 0,
        "PinID": 1104209347
      },
      "Target": {
        "PinType": 3,
        "SubChipID": 1210659888,
        "PinID": 0
      },
      "WirePoints": [
        {
          "X": -7.837778,
          "Y": 3.45370436
        },
        {
          "X": -7.953704,
          "Y": 3.101852
        },
        {
          "X": -7.4388895,
          "Y": 3.110277
        }
      ],
      "ColourThemeName": "Red"
    },
    {
      "Source": {
        "PinType": 1,
        "SubChipID": 0,
        "PinID": 1318877902
      },
      "Target": {
        "PinType": 3,
        "SubChipID": 2115775527,
        "PinID": 0
      },
      "WirePoints": [
        {
          "X": -7.837778,
          "Y": 1.25925958
        },
        {
          "X": -7.7962966,
          "Y": 0.7314813
        },
        {
          "X": -7.235185,
          "Y": 0.6386112
        }
      ],
      "ColourThemeName": "Red"
    },
    {
      "Source": {
        "PinType": 1,
        "SubChipID": 0,
        "PinID": 307893486
      },
      "Target": {
        "PinType": 3,
        "SubChipID": 648410452,
        "PinID": 0
      },
      "WirePoints": [
        {
          "X": -7.837778,
          "Y": -0.5185184
        },
        {
          "X": -7.861111,
          "Y": -1.37037039
        },
        {
          "X": -7.28148127,
          "Y": -1.36083317
        }
      ],
      "ColourThemeName": "Red"
    },
    {
      "Source": {
        "PinType": 1,
        "SubChipID": 0,
        "PinID": 291446586
      },
      "Target": {
        "PinType": 3,
        "SubChipID": 1546879554,
        "PinID": 0
      },
      "WirePoints": [
        {
          "X": -7.837778,
          "Y": -2.56481433
        },
        {
          "X": -7.805556,
          "Y": -3.26851845
        },
        {
          "X": -7.38333273,
          "Y": -3.21212935
        }
      ],
      "ColourThemeName": "Red"
    },
    {
      "Source": {
        "PinType": 4,
        "SubChipID": 2074032470,
        "PinID": 1118056934
      },
      "Target": {
        "PinType": 3,
        "SubChipID": 1465170813,
        "PinID": 0
      },
      "WirePoints": [
        {
          "X": 0.6444447,
          "Y": 3.67592573
        },
        {
          "X": 0.755556762,
          "Y": 3.68518567
        }
      ],
      "ColourThemeName": "Red"
    },
    {
      "Source": {
        "PinType": 4,
        "SubChipID": 132857035,
        "PinID": 2
      },
      "Target": {
        "PinType": 3,
        "SubChipID": 2068670135,
        "PinID": 0
      },
      "WirePoints": [
        {
          "X": -1.67222166,
          "Y": 3.40972137
        },
        {
          "X": -1.50370347,
          "Y": 3.42787
        }
      ],
      "ColourThemeName": "Red"
    },
    {
      "Source": {
        "PinType": 4,
        "SubChipID": 615115362,
        "PinID": 2
      },
      "Target": {
        "PinType": 3,
        "SubChipID": 2068670135,
        "PinID": 1
      },
      "WirePoints": [
        {
          "X": -1.68148136,
          "Y": 2.86805677
        },
        {
          "X": -1.50370347,
          "Y": 3.18787026
        }
      ],
      "ColourThemeName": "Red"
    },
    {
      "Source": {
        "PinType": 4,
        "SubChipID": 2068670135,
        "PinID": 2
      },
      "Target": {
        "PinType": 3,
        "SubChipID": 2074032470,
        "PinID": 498880847
      },
      "WirePoints": [
        {
          "X": -0.403703451,
          "Y": 3.30787015
        },
        {
          "X": -0.2555553,
          "Y": 3.55592585
        }
      ],
      "ColourThemeName": "Red"
    },
    {
      "Source": {
        "PinType": 4,
        "SubChipID": 1210659888,
        "PinID": 1
      },
      "Target": {
        "PinType": 3,
        "SubChipID": 132857035,
        "PinID": 0
      },
      "WirePoints": [
        {
          "X": -6.338889,
          "Y": 3.110277
        },
        {
          "X": -2.77222157,
          "Y": 3.52972126
        }
      ],
      "ColourThemeName": "Red"
    },
    {
      "Source": {
        "PinType": 4,
        "SubChipID": 2115775527,
        "PinID": 1
      },
      "Target": {
        "PinType": 3,
        "SubChipID": 132857035,
        "PinID": 1
      },
      "WirePoints": [
        {
          "X": -6.135185,
          "Y": 0.6386112
        },
        {
          "X": -2.77222157,
          "Y": 3.28972149
        }
      ],
      "ColourThemeName": "Red"
    },
    {
      "Source": {
        "PinType": 4,
        "SubChipID": 648410452,
        "PinID": 1
      },
      "Target": {
        "PinType": 3,
        "SubChipID": 615115362,
        "PinID": 0
      },
      "WirePoints": [
        {
          "X": -6.181481,
          "Y": -1.36083317
        },
        {
          "X": -2.78148127,
          "Y": 2.98805666
        }
      ],
      "ColourThemeName": "Red"
    },
    {
      "Source": {
        "PinType": 1,
        "SubChipID": 0,
        "PinID": 291446586
      },
      "Target": {
        "PinType": 3,
        "SubChipID": 615115362,
        "PinID": 1
      },
      "WirePoints": [
        {
          "X": -7.837778,
          "Y": -2.56481433
        },
        {
          "X": -2.78148127,
          "Y": 2.748057
        }
      ],
      "ColourThemeName": "Red"
    },
    {
      "Source": {
        "PinType": 4,
        "SubChipID": 2030460319,
        "PinID": 2
      },
      "Target": {
        "PinType": 3,
        "SubChipID": 2074032470,
        "PinID": 1672340165
      },
      "WirePoints": [
        {
          "X": -0.440741181,
          "Y": 3.88425851
        },
        {
          "X": -0.2555553,
          "Y": 3.79592562
        }
      ],
      "ColourThemeName": "Red"
    },
    {
      "Source": {
        "PinType": 4,
        "SubChipID": 91075260,
        "PinID": 2
      },
      "Target": {
        "PinType": 3,
        "SubChipID": 2030460319,
        "PinID": 1
      },
      "WirePoints": [
        {
          "X": -1.64444518,
          "Y": 3.95370364
        },
        {
          "X": -1.54074121,
          "Y": 3.76425862
        }
      ],
      "ColourThemeName": "Red"
    },
    {
      "Source": {
        "PinType": 4,
        "SubChipID": 1305287185,
        "PinID": 2
      },
      "Target": {
        "PinType": 3,
        "SubChipID": 2030460319,
        "PinID": 0
      },
      "WirePoints": [
        {
          "X": -1.64444518,
          "Y": 4.50462866
        },
        {
          "X": -1.54074121,
          "Y": 4.00425863
        }
      ],
      "ColourThemeName": "Red"
    },
    {
      "Source": {
        "PinType": 4,
        "SubChipID": 1210659888,
        "PinID": 1
      },
      "Target": {
        "PinType": 3,
        "SubChipID": 1305287185,
        "PinID": 0
      },
      "WirePoints": [
        {
          "X": -6.338889,
          "Y": 3.110277
        },
        {
          "X": -2.744445,
          "Y": 4.62462854
        }
      ],
      "ColourThemeName": "Red"
    },
    {
      "Source": {
        "PinType": 1,
        "SubChipID": 0,
        "PinID": 1318877902
      },
      "Target": {
        "PinType": 3,
        "SubChipID": 1305287185,
        "PinID": 1
      },
      "WirePoints": [
        {
          "X": -7.837778,
          "Y": 1.25925958
        },
        {
          "X": -2.744445,
          "Y": 4.384629
        }
      ],
      "ColourThemeName": "Red"
    },
    {
      "Source": {
        "PinType": 4,
        "SubChipID": 1546879554,
        "PinID": 1
      },
      "Target": {
        "PinType": 3,
        "SubChipID": 91075260,
        "PinID": 1
      },
      "WirePoints": [
        {
          "X": -6.28333235,
          "Y": -3.21212935
        },
        {
          "X": -2.744445,
          "Y": 3.83370376
        }
      ],
      "ColourThemeName": "Red"
    },
    {
      "Source": {
        "PinType": 4,
        "SubChipID": 648410452,
        "PinID": 1
      },
      "Target": {
        "PinType": 3,
        "SubChipID": 91075260,
        "PinID": 0
      },
      "WirePoints": [
        {
          "X": -6.181481,
          "Y": -1.36083317
        },
        {
          "X": -2.744445,
          "Y": 4.073704
        }
      ],
      "ColourThemeName": "Red"
    },
    {
      "Source": {
        "PinType": 4,
        "SubChipID": 585949871,
        "PinID": 2
      },
      "Target": {
        "PinType": 3,
        "SubChipID": 1009357804,
        "PinID": 1672340165
      },
      "WirePoints": [
        {
          "X": -1.66296315,
          "Y": 2.21064854
        },
        {
          "X": -1.35740733,
          "Y": 2.045926
        }
      ],
      "ColourThemeName": "Red"
    },
    {
      "Source": {
        "PinType": 4,
        "SubChipID": 74986955,
        "PinID": 2
      },
      "Target": {
        "PinType": 3,
        "SubChipID": 1009357804,
        "PinID": 498880847
      },
      "WirePoints": [
        {
          "X": -1.7,
          "Y": 1.67823958
        },
        {
          "X": -1.35740733,
          "Y": 1.80592608
        }
      ],
      "ColourThemeName": "Red"
    },
    {
      "Source": {
        "PinType": 4,
        "SubChipID": 648410452,
        "PinID": 1
      },
      "Target": {
        "PinType": 3,
        "SubChipID": 585949871,
        "PinID": 0
      },
      "WirePoints": [
        {
          "X": -6.181481,
          "Y": -1.36083317
        },
        {
          "X": -2.762963,
          "Y": 2.33064842
        }
      ],
      "ColourThemeName": "Red"
    },
    {
      "Source": {
        "PinType": 1,
        "SubChipID": 0,
        "PinID": 291446586
      },
      "Target": {
        "PinType": 3,
        "SubChipID": 585949871,
        "PinID": 1
      },
      "WirePoints": [
        {
          "X": -7.837778,
          "Y": -2.56481433
        },
        {
          "X": -2.762963,
          "Y": 2.09064865
        }
      ],
      "ColourThemeName": "Red"
    },
    {
      "Source": {
        "PinType": 1,
        "SubChipID": 0,
        "PinID": 307893486
      },
      "Target": {
        "PinType": 3,
        "SubChipID": 74986955,
        "PinID": 0
      },
      "WirePoints": [
        {
          "X": -7.837778,
          "Y": -0.5185184
        },
        {
          "X": -2.8,
          "Y": 1.79823959
        }
      ],
      "ColourThemeName": "Red"
    },
    {
      "Source": {
        "PinType": 4,
        "SubChipID": 1546879554,
        "PinID": 1
      },
      "Target": {
        "PinType": 3,
        "SubChipID": 74986955,
        "PinID": 1
      },
      "WirePoints": [
        {
          "X": -6.28333235,
          "Y": -3.21212935
        },
        {
          "X": -2.8,
          "Y": 1.55823958
        }
      ],
      "ColourThemeName": "Red"
    },
    {
      "Source": {
        "PinType": 4,
        "SubChipID": 1009357804,
        "PinID": 1118056934
      },
      "Target": {
        "PinType": 3,
        "SubChipID": 1547973245,
        "PinID": 1
      },
      "WirePoints": [
        {
          "X": -0.457407415,
          "Y": 1.92592609
        },
        {
          "X": -0.364813924,
          "Y": 2.00962949
        }
      ],
      "ColourThemeName": "Red"
    },
    {
      "Source": {
        "PinType": 1,
        "SubChipID": 0,
        "PinID": 1318877902
      },
      "Target": {
        "PinType": 3,
        "SubChipID": 1547973245,
        "PinID": 0
      },
      "WirePoints": [
        {
          "X": -7.837778,
          "Y": 1.25925958
        },
        {
          "X": -0.364813924,
          "Y": 2.24962926
        }
      ],
      "ColourThemeName": "Red"
    },
    {
      "Source": {
        "PinType": 4,
        "SubChipID": 1547973245,
        "PinID": 2
      },
      "Target": {
        "PinType": 3,
        "SubChipID": 1854732476,
        "PinID": 0
      },
      "WirePoints": [
        {
          "X": 0.7351861,
          "Y": 2.12962937
        },
        {
          "X": 0.9685189,
          "Y": 2.12037039
        }
      ],
      "ColourThemeName": "Red"
    },
    {
      "Source": {
        "PinType": 4,
        "SubChipID": 132857035,
        "PinID": 2
      },
      "Target": {
        "PinType": 3,
        "SubChipID": 104027184,
        "PinID": 0
      },
      "WirePoints": [
        {
          "X": -1.67222166,
          "Y": 3.40972137
        },
        {
          "X": -0.7907413,
          "Y": 1.15703773
        }
      ],
      "ColourThemeName": "Red"
    },
    {
      "Source": {
        "PinType": 4,
        "SubChipID": 74986955,
        "PinID": 2
      },
      "Target": {
        "PinType": 3,
        "SubChipID": 104027184,
        "PinID": 1
      },
      "WirePoints": [
        {
          "X": -1.7,
          "Y": 1.67823958
        },
        {
          "X": -0.7907413,
          "Y": 0.9170377
        }
      ],
      "ColourThemeName": "Red"
    },
    {
      "Source": {
        "PinType": 4,
        "SubChipID": 104027184,
        "PinID": 2
      },
      "Target": {
        "PinType": 3,
        "SubChipID": 330609750,
        "PinID": 0
      },
      "WirePoints": [
        {
          "X": 0.30925867,
          "Y": 1.03703773
        },
        {
          "X": 0.5055563,
          "Y": 1.08333409
        }
      ],
      "ColourThemeName": "Red"
    },
    {
      "Source": {
        "PinType": 4,
        "SubChipID": 132857035,
        "PinID": 2
      },
      "Target": {
        "PinType": 3,
        "SubChipID": 1417475477,
        "PinID": 0
      },
      "WirePoints": [
        {
          "X": -1.67222166,
          "Y": 3.40972137
        },
        {
          "X": -0.992114246,
          "Y": 1.37667644
        },
        {
          "X": -1.87962961,
          "Y": -0.0833332539
        },
        {
          "X": -0.837036848,
          "Y": 0.4070369
        }
      ],
      "ColourThemeName": "Red"
    },
    {
      "Source": {
        "PinType": 4,
        "SubChipID": 585949871,
        "PinID": 2
      },
      "Target": {
        "PinType": 3,
        "SubChipID": 1417475477,
        "PinID": 1
      },
      "WirePoints": [
        {
          "X": -1.66296315,
          "Y": 2.21064854
        },
        {
          "X": -1.54482353,
          "Y": 1.90781558
        },
        {
          "X": -1.574074,
          "Y": -0.60185194
        },
        {
          "X": -0.837036848,
          "Y": 0.167036891
        }
      ],
      "ColourThemeName": "Red"
    },
    {
      "Source": {
        "PinType": 1,
        "SubChipID": 0,
        "PinID": 1318877902
      },
      "Target": {
        "PinType": 3,
        "SubChipID": 784786892,
        "PinID": 0
      },
      "WirePoints": [
        {
          "X": -7.837778,
          "Y": 1.25925958
        },
        {
          "X": -0.8462966,
          "Y": -0.120741017
        }
      ],
      "ColourThemeName": "Red"
    },
    {
      "Source": {
        "PinType": 4,
        "SubChipID": 91075260,
        "PinID": 2
      },
      "Target": {
        "PinType": 3,
        "SubChipID": 784786892,
        "PinID": 1
      },
      "WirePoints": [
        {
          "X": -1.64444518,
          "Y": 3.95370364
        },
        {
          "X": -1.48948991,
          "Y": 3.959629
        },
        {
          "X": -1.027778,
          "Y": -1.49074078
        },
        {
          "X": -0.8462966,
          "Y": -0.360741019
        }
      ],
      "ColourThemeName": "Red"
    },
    {
      "Source": {
        "PinType": 1,
        "SubChipID": 0,
        "PinID": 307893486
      },
      "Target": {
        "PinType": 3,
        "SubChipID": 924912462,
        "PinID": 0
      },
      "WirePoints": [
        {
          "X": -7.837778,
          "Y": -0.5185184
        },
        {
          "X": -2.47592783,
          "Y": -0.6878701
        }
      ],
      "ColourThemeName": "Red"
    },
    {
      "Source": {
        "PinType": 1,
        "SubChipID": 0,
        "PinID": 291446586
      },
      "Target": {
        "PinType": 3,
        "SubChipID": 924912462,
        "PinID": 1
      },
      "WirePoints": [
        {
          "X": -7.837778,
          "Y": -2.56481433
        },
        {
          "X": -2.47592783,
          "Y": -0.9278701
        }
      ],
      "ColourThemeName": "Red"
    },
    {
      "Source": {
        "PinType": 4,
        "SubChipID": 924912462,
        "PinID": 2
      },
      "Target": {
        "PinType": 3,
        "SubChipID": 1331994007,
        "PinID": 0
      },
      "WirePoints": [
        {
          "X": -1.37592769,
          "Y": -0.8078701
        },
        {
          "X": -0.8277788,
          "Y": -0.7665741
        }
      ],
      "ColourThemeName": "Red"
    },
    {
      "Source": {
        "PinType": 4,
        "SubChipID": 1417475477,
        "PinID": 2
      },
      "Target": {
        "PinType": 3,
        "SubChipID": 1520251221,
        "PinID": 1672340165
      },
      "WirePoints": [
        {
          "X": 0.2629632,
          "Y": 0.2870369
        },
        {
          "X": 0.429629982,
          "Y": 0.228796065
        }
      ],
      "ColourThemeName": "Red"
    },
    {
      "Source": {
        "PinType": 4,
        "SubChipID": 784786892,
        "PinID": 2
      },
      "Target": {
        "PinType": 3,
        "SubChipID": 1520251221,
        "PinID": 498880847
      },
      "WirePoints": [
        {
          "X": 0.253703415,
          "Y": -0.240741014
        },
        {
          "X": 0.429629982,
          "Y": -0.0112039372
        }
      ],
      "ColourThemeName": "Red"
    },
    {
      "Source": {
        "PinType": 4,
        "SubChipID": 1331994007,
        "PinID": 2
      },
      "Target": {
        "PinType": 3,
        "SubChipID": 1021012680,
        "PinID": 498880847
      },
      "WirePoints": [
        {
          "X": 0.272221178,
          "Y": -0.8865741
        },
        {
          "X": 1.51296282,
          "Y": -0.256574333
        }
      ],
      "ColourThemeName": "Red"
    },
    {
      "Source": {
        "PinType": 4,
        "SubChipID": 1520251221,
        "PinID": 1118056934
      },
      "Target": {
        "PinType": 3,
        "SubChipID": 1021012680,
        "PinID": 1672340165
      },
      "WirePoints": [
        {
          "X": 1.3296299,
          "Y": 0.10879606
        },
        {
          "X": 1.51296282,
          "Y": -0.01657433
        }
      ],
      "ColourThemeName": "Red"
    },
    {
      "Source": {
        "PinType": 4,
        "SubChipID": 1021012680,
        "PinID": 1118056934
      },
      "Target": {
        "PinType": 3,
        "SubChipID": 1398805907,
        "PinID": 0
      },
      "WirePoints": [
        {
          "X": 2.41296268,
          "Y": -0.136574328
        },
        {
          "X": 2.561111,
          "Y": -0.129629612
        }
      ],
      "ColourThemeName": "Red"
    },
    {
      "Source": {
        "PinType": 1,
        "SubChipID": 0,
        "PinID": 1318877902
      },
      "Target": {
        "PinType": 3,
        "SubChipID": 1331994007,
        "PinID": 1
      },
      "WirePoints": [
        {
          "X": -7.837778,
          "Y": 1.25925958
        },
        {
          "X": -0.8277788,
          "Y": -1.006574
        }
      ],
      "ColourThemeName": "Red"
    },
    {
      "Source": {
        "PinType": 4,
        "SubChipID": 2115775527,
        "PinID": 1
      },
      "Target": {
        "PinType": 3,
        "SubChipID": 1935580730,
        "PinID": 0
      },
      "WirePoints": [
        {
          "X": -6.135185,
          "Y": 0.6386112
        },
        {
          "X": -0.9296297,
          "Y": -1.56518483
        }
      ],
      "ColourThemeName": "Red"
    },
    {
      "Source": {
        "PinType": 4,
        "SubChipID": 1546879554,
        "PinID": 1
      },
      "Target": {
        "PinType": 3,
        "SubChipID": 1935580730,
        "PinID": 1
      },
      "WirePoints": [
        {
          "X": -6.28333235,
          "Y": -3.21212935
        },
        {
          "X": -0.9296297,
          "Y": -1.80518484
        }
      ],
      "ColourThemeName": "Red"
    },
    {
      "Source": {
        "PinType": 4,
        "SubChipID": 1935580730,
        "PinID": 2
      },
      "Target": {
        "PinType": 3,
        "SubChipID": 641899295,
        "PinID": 498880847
      },
      "WirePoints": [
        {
          "X": 0.17037037,
          "Y": -1.68518484
        },
        {
          "X": 0.374073327,
          "Y": -1.74037051
        }
      ],
      "ColourThemeName": "Red"
    },
    {
      "Source": {
        "PinType": 4,
        "SubChipID": 74986955,
        "PinID": 2
      },
      "Target": {
        "PinType": 3,
        "SubChipID": 641899295,
        "PinID": 1672340165
      },
      "WirePoints": [
        {
          "X": -1.7,
          "Y": 1.67823958
        },
        {
          "X": -0.824074268,
          "Y": -1.86111116
        },
        {
          "X": 0.374073327,
          "Y": -1.5003705
        }
      ],
      "ColourThemeName": "Red"
    },
    {
      "Source": {
        "PinType": 1,
        "SubChipID": 0,
        "PinID": 291446586
      },
      "Target": {
        "PinType": 3,
        "SubChipID": 1595453965,
        "PinID": 1
      },
      "WirePoints": [
        {
          "X": -7.837778,
          "Y": -2.56481433
        },
        {
          "X": -1.11481476,
          "Y": -3.23805475
        }
      ],
      "ColourThemeName": "Red"
    },
    {
      "Source": {
        "PinType": 1,
        "SubChipID": 0,
        "PinID": 307893486
      },
      "Target": {
        "PinType": 3,
        "SubChipID": 485324323,
        "PinID": 1
      },
      "WirePoints": [
        {
          "X": -7.837778,
          "Y": -0.5185184
        },
        {
          "X": -1.14259315,
          "Y": -2.603796
        }
      ],
      "ColourThemeName": "Red"
    },
    {
      "Source": {
        "PinType": 4,
        "SubChipID": 132857035,
        "PinID": 2
      },
      "Target": {
        "PinType": 3,
        "SubChipID": 1595453965,
        "PinID": 0
      },
      "WirePoints": [
        {
          "X": -1.67222166,
          "Y": 3.40972137
        },
        {
          "X": -1.62037063,
          "Y": -3.15740728
        },
        {
          "X": -1.11481476,
          "Y": -2.998055
        }
      ],
      "ColourThemeName": "Red"
    },
    {
      "Source": {
        "PinType": 4,
        "SubChipID": 132857035,
        "PinID": 2
      },
      "Target": {
        "PinType": 3,
        "SubChipID": 485324323,
        "PinID": 0
      },
      "WirePoints": [
        {
          "X": -1.67222166,
          "Y": 3.40972137
        },
        {
          "X": -1.62490356,
          "Y": -2.58329487
        },
        {
          "X": -1.14259315,
          "Y": -2.36379623
        }
      ],
      "ColourThemeName": "Red"
    },
    {
      "Source": {
        "PinType": 4,
        "SubChipID": 485324323,
        "PinID": 2
      },
      "Target": {
        "PinType": 3,
        "SubChipID": 492710474,
        "PinID": 1672340165
      },
      "WirePoints": [
        {
          "X": -0.04259318,
          "Y": -2.48379612
        },
        {
          "X": 0.114814878,
          "Y": -2.61148143
        }
      ],
      "ColourThemeName": "Red"
    },
    {
      "Source": {
        "PinType": 4,
        "SubChipID": 1595453965,
        "PinID": 2
      },
      "Target": {
        "PinType": 3,
        "SubChipID": 492710474,
        "PinID": 498880847
      },
      "WirePoints": [
        {
          "X": -0.0148146749,
          "Y": -3.11805487
        },
        {
          "X": 0.114814878,
          "Y": -2.8514812
        }
      ],
      "ColourThemeName": "Red"
    },
    {
      "Source": {
        "PinType": 4,
        "SubChipID": 492710474,
        "PinID": 1118056934
      },
      "Target": {
        "PinType": 3,
        "SubChipID": 755531496,
        "PinID": 498880847
      },
      "WirePoints": [
        {
          "X": 1.01481485,
          "Y": -2.73148131
        },
        {
          "X": 1.1055553,
          "Y": -2.592222
        }
      ],
      "ColourThemeName": "Red"
    },
    {
      "Source": {
        "PinType": 4,
        "SubChipID": 924912462,
        "PinID": 2
      },
      "Target": {
        "PinType": 3,
        "SubChipID": 755531496,
        "PinID": 1672340165
      },
      "WirePoints": [
        {
          "X": -1.37592769,
          "Y": -0.8078701
        },
        {
          "X": 1.1055553,
          "Y": -2.3522222
        }
      ],
      "ColourThemeName": "Red"
    },
    {
      "Source": {
        "PinType": 4,
        "SubChipID": 755531496,
        "PinID": 1118056934
      },
      "Target": {
        "PinType": 3,
        "SubChipID": 1122484254,
        "PinID": 0
      },
      "WirePoints": [
        {
          "X": 2.00555515,
          "Y": -2.472222
        },
        {
          "X": 2.19999957,
          "Y": -2.44444466
        }
      ],
      "ColourThemeName": "Red"
    },
    {
      "Source": {
        "PinType": 4,
        "SubChipID": 132857035,
        "PinID": 2
      },
      "Target": {
        "PinType": 3,
        "SubChipID": 139893027,
        "PinID": 0
      },
      "WirePoints": [
        {
          "X": -1.67222166,
          "Y": 3.40972137
        },
        {
          "X": -1.62248886,
          "Y": -2.88912487
        },
        {
          "X": -1.60185182,
          "Y": -3.68518543
        },
        {
          "X": 1.54259372,
          "Y": -3.07444453
        }
      ],
      "ColourThemeName": "Red"
    },
    {
      "Source": {
        "PinType": 4,
        "SubChipID": 648410452,
        "PinID": 1
      },
      "Target": {
        "PinType": 3,
        "SubChipID": 139893027,
        "PinID": 1
      },
      "WirePoints": [
        {
          "X": -6.181481,
          "Y": -1.36083317
        },
        {
          "X": 1.54259372,
          "Y": -3.3144443
        }
      ],
      "ColourThemeName": "Red"
    },
    {
      "Source": {
        "PinType": 4,
        "SubChipID": 139893027,
        "PinID": 2
      },
      "Target": {
        "PinType": 3,
        "SubChipID": 582989757,
        "PinID": 1672340165
      },
      "WirePoints": [
        {
          "X": 2.64259362,
          "Y": -3.19444442
        },
        {
          "X": 3.01296282,
          "Y": -3.222593
        }
      ],
      "ColourThemeName": "Red"
    },
    {
      "Source": {
        "PinType": 4,
        "SubChipID": 582989757,
        "PinID": 1118056934
      },
      "Target": {
        "PinType": 3,
        "SubChipID": 386141404,
        "PinID": 0
      },
      "WirePoints": [
        {
          "X": 3.912963,
          "Y": -3.342593
        },
        {
          "X": 4.227778,
          "Y": -3.3518517
        }
      ],
      "ColourThemeName": "Red"
    },
    {
      "Source": {
        "PinType": 4,
        "SubChipID": 1756943993,
        "PinID": 2
      },
      "Target": {
        "PinType": 3,
        "SubChipID": 582989757,
        "PinID": 498880847
      },
      "WirePoints": [
        {
          "X": 1.50370336,
          "Y": -3.87731433
        },
        {
          "X": 1.71296334,
          "Y": -3.84259248
        },
        {
          "X": 3.01296282,
          "Y": -3.46259284
        }
      ],
      "ColourThemeName": "Red"
    },
    {
      "Source": {
        "PinType": 4,
        "SubChipID": 924912462,
        "PinID": 2
      },
      "Target": {
        "PinType": 3,
        "SubChipID": 1756943993,
        "PinID": 0
      },
      "WirePoints": [
        {
          "X": -1.37592769,
          "Y": -0.8078701
        },
        {
          "X": -0.8655405,
          "Y": -1.12550974
        },
        {
          "X": -0.2685187,
          "Y": -3.69444418
        },
        {
          "X": 0.4037034,
          "Y": -3.75731444
        }
      ],
      "ColourThemeName": "Red"
    },
    {
      "Source": {
        "PinType": 1,
        "SubChipID": 0,
        "PinID": 1318877902
      },
      "Target": {
        "PinType": 3,
        "SubChipID": 1756943993,
        "PinID": 1
      },
      "WirePoints": [
        {
          "X": -7.837778,
          "Y": 1.25925958
        },
        {
          "X": 0.4037034,
          "Y": -3.99731421
        }
      ],
      "ColourThemeName": "Red"
    },
    {
      "Source": {
        "PinType": 4,
        "SubChipID": 1465170813,
        "PinID": 1
      },
      "Target": {
        "PinType": 2,
        "SubChipID": 0,
        "PinID": 652538035
      },
      "WirePoints": [
        {
          "X": 1.85555673,
          "Y": 3.68518567
        },
        {
          "X": 4.258458,
          "Y": 3.79526567
        },
        {
          "X": 7.837778,
          "Y": 2.67592621
        }
      ],
      "ColourThemeName": "Red"
    },
    {
      "Source": {
        "PinType": 4,
        "SubChipID": 1854732476,
        "PinID": 1
      },
      "Target": {
        "PinType": 2,
        "SubChipID": 0,
        "PinID": 1554067506
      },
      "WirePoints": [
        {
          "X": 2.06851888,
          "Y": 2.12037039
        },
        {
          "X": 4.39451027,
          "Y": 1.918549
        },
        {
          "X": 7.837778,
          "Y": 1.79629624
        }
      ],
      "ColourThemeName": "Red"
    },
    {
      "Source": {
        "PinType": 4,
        "SubChipID": 330609750,
        "PinID": 1
      },
      "Target": {
        "PinType": 2,
        "SubChipID": 0,
        "PinID": 1216563480
      },
      "WirePoints": [
        {
          "X": 1.60555625,
          "Y": 1.08333409
        },
        {
          "X": 7.837778,
          "Y": 1.02777779
        }
      ],
      "ColourThemeName": "Red"
    },
    {
      "Source": {
        "PinType": 4,
        "SubChipID": 1398805907,
        "PinID": 1
      },
      "Target": {
        "PinType": 2,
        "SubChipID": 0,
        "PinID": 1148597193
      },
      "WirePoints": [
        {
          "X": 3.66111088,
          "Y": -0.129629612
        },
        {
          "X": 7.837778,
          "Y": 0.2870369
        }
      ],
      "ColourThemeName": "Red"
    },
    {
      "Source": {
        "PinType": 4,
        "SubChipID": 641899295,
        "PinID": 1118056934
      },
      "Target": {
        "PinType": 2,
        "SubChipID": 0,
        "PinID": 1675493900
      },
      "WirePoints": [
        {
          "X": 1.27407336,
          "Y": -1.62037051
        },
        {
          "X": 4.085129,
          "Y": -1.13067484
        },
        {
          "X": 7.837778,
          "Y": -0.5092594
        }
      ],
      "ColourThemeName": "Red"
    },
    {
      "Source": {
        "PinType": 4,
        "SubChipID": 1122484254,
        "PinID": 1
      },
      "Target": {
        "PinType": 2,
        "SubChipID": 0,
        "PinID": 1474252946
      },
      "WirePoints": [
        {
          "X": 3.29999948,
          "Y": -2.44444466
        },
        {
          "X": 4.45513153,
          "Y": -2.39346147
        },
        {
          "X": 7.837778,
          "Y": -1.314815
        }
      ],
      "ColourThemeName": "Red"
    },
    {
      "Source": {
        "PinType": 4,
        "SubChipID": 386141404,
        "PinID": 1
      },
      "Target": {
        "PinType": 2,
        "SubChipID": 0,
        "PinID": 825317074
      },
      "WirePoints": [
        {
          "X": 5.32777834,
          "Y": -3.3518517
        },
        {
          "X": 7.837778,
          "Y": -1.95370376
        }
      ],
      "ColourThemeName": "Red"
    },
    {
      "Source": {
        "PinType": 1,
        "SubChipID": 0,
        "PinID": 1629576822
      },
      "Target": {
        "PinType": 2,
        "SubChipID": 0,
        "PinID": 1022076425
      },
      "WirePoints": [
        {
          "X": -7.837778,
          "Y": 4.453704
        },
        {
          "X": 7.837778,
          "Y": 3.518519
        }
      ],
      "ColourThemeName": "Red"
    }
  ]
}