{
  "Name": "8bitTriBuffer",
  "Colour": "#6D698A",
  "InputPins": [
    {
      "Name": "Pin",
      "ID": 2134331820,
      "PositionY": -3.111111,
      "ColourThemeName": "Red"
    },
    {
      "Name": "Pin",
      "ID": 783676801,
      "PositionY": -1.56481481,
      "ColourThemeName": "Red"
    },
    {
      "Name": "Pin",
      "ID": 20768943,
      "PositionY": -0.99999994,
      "ColourThemeName": "Red"
    },
    {
      "Name": "Pin",
      "ID": 871832413,
      "PositionY": -0.259259343,
      "ColourThemeName": "Red"
    },
    {
      "Name": "Pin",
      "ID": 1697856459,
      "PositionY": 0.5648148,
      "ColourThemeName": "Red"
    },
    {
      "Name": "Pin",
      "ID": 1679676230,
      "PositionY": 1.34259284,
      "ColourThemeName": "Red"
    },
    {
      "Name": "Pin",
      "ID": 795323117,
      "PositionY": 2.00925946,
      "ColourThemeName": "Red"
    },
    {
      "Name": "Pin",
      "ID": 388698386,
      "PositionY": 2.601852,
      "ColourThemeName": "Red"
    },
    {
      "Name": "Pin",
      "ID": 1167210761,
      "PositionY": 3.32407427,
      "ColourThemeName": "Red"
    }
  ],
  "OutputPins": [
    {
      "Name": "Pin",
      "ID": 1812607063,
      "PositionY": 2.84259272,
      "ColourThemeName": "Red"
    },
    {
      "Name": "Pin",
      "ID": 183204016,
      "PositionY": 2.13888884,
      "ColourThemeName": "Red"
    },
    {
      "Name": "Pin",
      "ID": 726274173,
      "PositionY": 1.62037015,
      "ColourThemeName": "Red"
    },
    {
      "Name": "Pin",
      "ID": 1072647730,
      "PositionY": 1.05555534,
      "ColourThemeName": "Red"
    },
    {
      "Name": "Pin",
      "ID": 1678414875,
      "PositionY": 0.305555463,
      "ColourThemeName": "Red"
    },
    {
      "Name": "Pin",
      "ID": 208918573,
      "PositionY": -0.296296179,
      "ColourThemeName": "Red"
    },
    {
      "Name": "Pin",
      "ID": 2011963578,
      "PositionY": -0.990740657,
      "ColourThemeName": "Red"
    },
    {
      "Name": "Pin",
      "ID": 177888055,
      "PositionY": -1.69444442,
      "ColourThemeName": "Red"
    }
  ],
  "SubChips": [
    {
      "Name": "TRI-STATE BUFFER",
      "ID": 387253550,
      "Points": [
        {
          "X": -0.620370448,
          "Y": 2.30398178
        }
      ],
      "Data": null
    },
    {
      "Name": "TRI-STATE BUFFER",
      "ID": 460426177,
      "Points": [
        {
          "X": -0.620370448,
          "Y": 1.56898165
        }
      ],
      "Data": null
    },
    {
      "Name": "TRI-STATE BUFFER",
      "ID": 606984864,
      "Points": [
        {
          "X": -0.620370448,
          "Y": 0.8339816
        }
      ],
      "Data": null
    },
    {
      "Name": "TRI-STATE BUFFER",
      "ID": 1135555411,
      "Points": [
        {
          "X": -0.620370448,
          "Y": 0.09898144
        }
      ],
      "Data": null
    },
    {
      "Name": "TRI-STATE BUFFER",
      "ID": 1086240807,
      "Points": [
        {
          "X": -0.620370448,
          "Y": -0.6360187
        }
      ],
      "Data": null
    },
    {
      "Name": "TRI-STATE BUFFER",
      "ID": 2016847615,
      "Points": [
        {
          "X": -0.620370448,
          "Y": -1.37101889
        }
      ],
      "Data": null
    },
    {
      "Name": "TRI-STATE BUFFER",
      "ID": 1910420801,
      "Points": [
        {
          "X": -0.620370448,
          "Y": -2.106019
        }
      ],
      "Data": null
    },
    {
      "Name": "TRI-STATE BUFFER",
      "ID": 2106485130,
      "Points": [
        {
          "X": -0.620370448,
          "Y": -2.84101915
        }
      ],
      "Data": null
    }
  ],
  "Connections": [
    {
      "Source": {
        "PinType": 1,
        "SubChipID": 0,
        "PinID": 2134331820
      },
      "Target": {
        "PinType": 3,
        "SubChipID": 387253550,
        "PinID": 0
      },
      "WirePoints": [
        {
          "X": -7.837778,
          "Y": -3.111111
        },
        {
          "X": -2.17592621,
          "Y": -3.12962961
        },
        {
          "X": -2.25000024,
          "Y": 2.53703713
        },
        {
          "X": -1.54037046,
          "Y": 2.47898173
        }
      ],
      "ColourThemeName": "Red"
    },
    {
      "Source": {
        "PinType": 1,
        "SubChipID": 0,
        "PinID": 2134331820
      },
      "Target": {
        "PinType": 3,
        "SubChipID": 460426177,
        "PinID": 0
      },
      "WirePoints": [
        {
          "X": -7.837778,
          "Y": -3.111111
        },
        {
          "X": -2.17592621,
          "Y": -3.12962961
        },
        {
          "X": -2.23947024,
          "Y": 1.73149824
        },
        {
          "X": -1.54037046,
          "Y": 1.7439816
        }
      ],
      "ColourThemeName": "Red"
    },
    {
      "Source": {
        "PinType": 1,
        "SubChipID": 0,
        "PinID": 2134331820
      },
      "Target": {
        "PinType": 3,
        "SubChipID": 606984864,
        "PinID": 0
      },
      "WirePoints": [
        {
          "X": -7.837778,
          "Y": -3.111111
        },
        {
          "X": -2.17592621,
          "Y": -3.12962961
        },
        {
          "X": -2.23038626,
          "Y": 1.03656721
        },
        {
          "X": -1.54037046,
          "Y": 1.00898159
        }
      ],
      "ColourThemeName": "Red"
    },
    {
      "Source": {
        "PinType": 1,
        "SubChipID": 0,
        "PinID": 2134331820
      },
      "Target": {
        "PinType": 3,
        "SubChipID": 1135555411,
        "PinID": 0
      },
      "WirePoints": [
        {
          "X": -7.837778,
          "Y": -3.111111
        },
        {
          "X": -2.17592621,
          "Y": -3.12962961
        },
        {
          "X": -2.21998835,
          "Y": 0.241132736
        },
        {
          "X": -1.54037046,
          "Y": 0.273981452
        }
      ],
      "ColourThemeName": "Red"
    },
    {
      "Source": {
        "PinType": 1,
        "SubChipID": 0,
        "PinID": 2134331820
      },
      "Target": {
        "PinType": 3,
        "SubChipID": 1086240807,
        "PinID": 0
      },
      "WirePoints": [
        {
          "X": -7.837778,
          "Y": -3.111111
        },
        {
          "X": -2.17592621,
          "Y": -3.12962961
        },
        {
          "X": -2.2106576,
          "Y": -0.472676516
        },
        {
          "X": -1.54037046,
          "Y": -0.461018682
        }
      ],
      "ColourThemeName": "Red"
    },
    {
      "Source": {
        "PinType": 1,
        "SubChipID": 0,
        "PinID": 2134331820
      },
      "Target": {
        "PinType": 3,
        "SubChipID": 2016847615,
        "PinID": 0
      },
      "WirePoints": [
        {
          "X": -7.837778,
          "Y": -3.111111
        },
        {
          "X": -2.17592621,
          "Y": -3.12962961
        },
        {
          "X": -2.20086,
          "Y": -1.22218478
        },
        {
          "X": -1.54037046,
          "Y": -1.19601893
        }
      ],
      "ColourThemeName": "Red"
    },
    {
      "Source": {
        "PinType": 1,
        "SubChipID": 0,
        "PinID": 2134331820
      },
      "Target": {
        "PinType": 3,
        "SubChipID": 1910420801,
        "PinID": 0
      },
      "WirePoints": [
        {
          "X": -7.837778,
          "Y": -3.111111
        },
        {
          "X": -2.17592621,
          "Y": -3.12962961
        },
        {
          "X": -2.19190025,
          "Y": -1.907616
        },
        {
          "X": -1.54037046,
          "Y": -1.93101907
        }
      ],
      "ColourThemeName": "Red"
    },
    {
      "Source": {
        "PinType": 1,
        "SubChipID": 0,
        "PinID": 2134331820
      },
      "Target": {
        "PinType": 3,
        "SubChipID": 2106485130,
        "PinID": 0
      },
      "WirePoints": [
        {
          "X": -7.837778,
          "Y": -3.111111
        },
        {
          "X": -2.17592621,
          "Y": -3.12962961
        },
        {
          "X": -2.18173981,
          "Y": -2.684898
        },
        {
          "X": -1.54037046,
          "Y": -2.6660192
        }
      ],
      "ColourThemeName": "Red"
    },
    {
      "Source": {
        "PinType": 4,
        "SubChipID": 387253550,
        "PinID": 2
      },
      "Target": {
        "PinType": 2,
        "SubChipID": 0,
        "PinID": 1812607063
      },
      "WirePoints": [
        {
          "X": 0.299629569,
          "Y": 2.30398178
        },
        {
          "X": 7.837778,
          "Y": 2.84259272
        }
      ],
      "ColourThemeName": "Red"
    },
    {
      "Source": {
        "PinType": 4,
        "SubChipID": 460426177,
        "PinID": 2
      },
      "Target": {
        "PinType": 2,
        "SubChipID": 0,
        "PinID": 183204016
      },
      "WirePoints": [
        {
          "X": 0.299629569,
          "Y": 1.56898165
        },
        {
          "X": 7.837778,
          "Y": 2.13888884
        }
      ],
      "ColourThemeName": "Red"
    },
    {
      "Source": {
        "PinType": 4,
        "SubChipID": 606984864,
        "PinID": 2
      },
      "Target": {
        "PinType": 2,
        "SubChipID": 0,
        "PinID": 726274173
      },
      "WirePoints": [
        {
          "X": 0.299629569,
          "Y": 0.8339816
        },
        {
          "X": 7.837778,
          "Y": 1.62037015
        }
      ],
      "ColourThemeName": "Red"
    },
    {
      "Source": {
        "PinType": 4,
        "SubChipID": 1135555411,
        "PinID": 2
      },
      "Target": {
        "PinType": 2,
        "SubChipID": 0,
        "PinID": 1072647730
      },
      "WirePoints": [
        {
          "X": 0.299629569,
          "Y": 0.09898144
        },
        {
          "X": 7.837778,
          "Y": 1.05555534
        }
      ],
      "ColourThemeName": "Red"
    },
    {
      "Source": {
        "PinType": 4,
        "SubChipID": 1086240807,
        "PinID": 2
      },
      "Target": {
        "PinType": 2,
        "SubChipID": 0,
        "PinID": 1678414875
      },
      "WirePoints": [
        {
          "X": 0.299629569,
          "Y": -0.6360187
        },
        {
          "X": 7.837778,
          "Y": 0.305555463
        }
      ],
      "ColourThemeName": "Red"
    },
    {
      "Source": {
        "PinType": 4,
        "SubChipID": 2016847615,
        "PinID": 2
      },
      "Target": {
        "PinType": 2,
        "SubChipID": 0,
        "PinID": 208918573
      },
      "WirePoints": [
        {
          "X": 0.299629569,
          "Y": -1.37101889
        },
        {
          "X": 7.837778,
          "Y": -0.296296179
        }
      ],
      "ColourThemeName": "Red"
    },
    {
      "Source": {
        "PinType": 4,
        "SubChipID": 1910420801,
        "PinID": 2
      },
      "Target": {
        "PinType": 2,
        "SubChipID": 0,
        "PinID": 2011963578
      },
      "WirePoints": [
        {
          "X": 0.299629569,
          "Y": -2.106019
        },
        {
          "X": 7.837778,
          "Y": -0.990740657
        }
      ],
      "ColourThemeName": "Red"
    },
    {
      "Source": {
        "PinType": 4,
        "SubChipID": 2106485130,
        "PinID": 2
      },
      "Target": {
        "PinType": 2,
        "SubChipID": 0,
        "PinID": 177888055
      },
      "WirePoints": [
        {
          "X": 0.299629569,
          "Y": -2.84101915
        },
        {
          "X": 7.837778,
          "Y": -1.69444442
        }
      ],
      "ColourThemeName": "Red"
    },
    {
      "Source": {
        "PinType": 1,
        "SubChipID": 0,
        "PinID": 1167210761
      },
      "Target": {
        "PinType": 3,
        "SubChipID": 387253550,
        "PinID": 1
      },
      "WirePoints": [
        {
          "X": -7.837778,
          "Y": 3.32407427
        },
        {
          "X": -1.54037046,
          "Y": 2.12898183
        }
      ],
      "ColourThemeName": "Red"
    },
    {
      "Source": {
        "PinType": 1,
        "SubChipID": 0,
        "PinID": 388698386
      },
      "Target": {
        "PinType": 3,
        "SubChipID": 460426177,
        "PinID": 1
      },
      "WirePoints": [
        {
          "X": -7.837778,
          "Y": 2.601852
        },
        {
          "X": -1.54037046,
          "Y": 1.3939817
        }
      ],
      "ColourThemeName": "Red"
    },
    {
      "Source": {
        "PinType": 1,
        "SubChipID": 0,
        "PinID": 795323117
      },
      "Target": {
        "PinType": 3,
        "SubChipID": 606984864,
        "PinID": 1
      },
      "WirePoints": [
        {
          "X": -7.837778,
          "Y": 2.00925946
        },
        {
          "X": -1.54037046,
          "Y": 0.658981562
        }
      ],
      "ColourThemeName": "Red"
    },
    {
      "Source": {
        "PinType": 1,
        "SubChipID": 0,
        "PinID": 1679676230
      },
      "Target": {
        "PinType": 3,
        "SubChipID": 1135555411,
        "PinID": 1
      },
      "WirePoints": [
        {
          "X": -7.837778,
          "Y": 1.34259284
        },
        {
          "X": -1.54037046,
          "Y": -0.07601857
        }
      ],
      "ColourThemeName": "Red"
    },
    {
      "Source": {
        "PinType": 1,
        "SubChipID": 0,
        "PinID": 1697856459
      },
      "Target": {
        "PinType": 3,
        "SubChipID": 1086240807,
        "PinID": 1
      },
      "WirePoints": [
        {
          "X": -7.837778,
          "Y": 0.5648148
        },
        {
          "X": -1.54037046,
          "Y": -0.8110187
        }
      ],
      "ColourThemeName": "Red"
    },
    {
      "Source": {
        "PinType": 1,
        "SubChipID": 0,
        "PinID": 871832413
      },
      "Target": {
        "PinType": 3,
        "SubChipID": 2016847615,
        "PinID": 1
      },
      "WirePoints": [
        {
          "X": -7.837778,
          "Y": -0.259259343
        },
        {
          "X": -1.54037046,
          "Y": -1.54601884
        }
      ],
      "ColourThemeName": "Red"
    },
    {
      "Source": {
        "PinType": 1,
        "SubChipID": 0,
        "PinID": 20768943
      },
      "Target": {
        "PinType": 3,
        "SubChipID": 1910420801,
        "PinID": 1
      },
      "WirePoints": [
        {
          "X": -7.837778,
          "Y": -0.99999994
        },
        {
          "X": -1.54037046,
          "Y": -2.281019
        }
      ],
      "ColourThemeName": "Red"
    },
    {
      "Source": {
        "PinType": 1,
        "SubChipID": 0,
        "PinID": 783676801
      },
      "Target": {
        "PinType": 3,
        "SubChipID": 2106485130,
        "PinID": 1
      },
      "WirePoints": [
        {
          "X": -7.837778,
          "Y": -1.56481481
        },
        {
          "X": -1.54037046,
          "Y": -3.016019
        }
      ],
      "ColourThemeName": "Red"
    }
  ]
}