{
  "Name": "8BITPOSBIN",
  "Colour": "#31331D",
  "InputPins": [
    {
      "Name": "Pin",
      "ID": 1191278795,
      "PositionY": 4.212963,
      "ColourThemeName": "Red"
    },
    {
      "Name": "Pin",
      "ID": 1304038054,
      "PositionY": 3.67592573,
      "ColourThemeName": "Red"
    },
    {
      "Name": "Pin",
      "ID": 1836195019,
      "PositionY": 3.03703713,
      "ColourThemeName": "Red"
    },
    {
      "Name": "Pin",
      "ID": 115230913,
      "PositionY": 2.453703,
      "ColourThemeName": "Red"
    },
    {
      "Name": "Pin",
      "ID": 335469365,
      "PositionY": 1.26851857,
      "ColourThemeName": "Red"
    },
    {
      "Name": "Pin",
      "ID": 490821396,
      "PositionY": 0.64814806,
      "ColourThemeName": "Red"
    },
    {
      "Name": "Pin",
      "ID": 1580762635,
      "PositionY": 0.00925898552,
      "ColourThemeName": "Red"
    },
    {
      "Name": "Pin",
      "ID": 1218748488,
      "PositionY": -0.583333433,
      "ColourThemeName": "Red"
    },
    {
      "Name": "offzero",
      "ID": 1755425980,
      "PositionY": -2.09259272,
      "ColourThemeName": "Red"
    }
  ],
  "OutputPins": [],
  "SubChips": [
    {
      "Name": "7-SEGMENT DISPLAY",
      "ID": 1159087067,
      "Points": [
        {
          "X": 6.018518,
          "Y": 3.48148227
        }
      ],
      "Data": null
    },
    {
      "Name": "7-SEGMENT DISPLAY",
      "ID": 985584240,
      "Points": [
        {
          "X": 6.055556,
          "Y": 1.00925922
        }
      ],
      "Data": null
    },
    {
      "Name": "7-SEGMENT DISPLAY",
      "ID": 967902511,
      "Points": [
        {
          "X": 6.157408,
          "Y": -1.36111116
        }
      ],
      "Data": null
    },
    {
      "Name": "BINTOBCD",
      "ID": 766183692,
      "Points": [
        {
          "X": -3.842593,
          "Y": 2.13888884
        }
      ],
      "Data": null
    },
    {
      "Name": "7seg0off",
      "ID": 1802015073,
      "Points": [
        {
          "X": 1.93518567,
          "Y": 3.34259272
        }
      ],
      "Data": null
    },
    {
      "Name": "7seg0off",
      "ID": 279955876,
      "Points": [
        {
          "X": 1.87036943,
          "Y": 0.7173146
        }
      ],
      "Data": null
    },
    {
      "Name": "7seg0off",
      "ID": 243358742,
      "Points": [
        {
          "X": 1.95370364,
          "Y": -1.93027771
        }
      ],
      "Data": null
    }
  ],
  "Connections": [
    {
      "Source": {
        "PinType": 1,
        "SubChipID": 0,
        "PinID": 1218748488
      },
      "Target": {
        "PinType": 3,
        "SubChipID": 766183692,
        "PinID": 1507606675
      },
      "WirePoints": [
        {
          "X": -7.837778,
          "Y": -0.583333433
        },
        {
          "X": -4.692593,
          "Y": 0.8188888
        }
      ],
      "ColourThemeName": "Red"
    },
    {
      "Source": {
        "PinType": 1,
        "SubChipID": 0,
        "PinID": 1580762635
      },
      "Target": {
        "PinType": 3,
        "SubChipID": 766183692,
        "PinID": 2036616789
      },
      "WirePoints": [
        {
          "X": -7.837778,
          "Y": 0.00925898552
        },
        {
          "X": -4.692593,
          "Y": 1.19603157
        }
      ],
      "ColourThemeName": "Red"
    },
    {
      "Source": {
        "PinType": 1,
        "SubChipID": 0,
        "PinID": 490821396
      },
      "Target": {
        "PinType": 3,
        "SubChipID": 766183692,
        "PinID": 1790240673
      },
      "WirePoints": [
        {
          "X": -7.837778,
          "Y": 0.64814806
        },
        {
          "X": -4.692593,
          "Y": 1.57317448
        }
      ],
      "ColourThemeName": "Red"
    },
    {
      "Source": {
        "PinType": 1,
        "SubChipID": 0,
        "PinID": 335469365
      },
      "Target": {
        "PinType": 3,
        "SubChipID": 766183692,
        "PinID": 952330055
      },
      "WirePoints": [
        {
          "X": -7.837778,
          "Y": 1.26851857
        },
        {
          "X": -4.692593,
          "Y": 1.95031738
        }
      ],
      "ColourThemeName": "Red"
    },
    {
      "Source": {
        "PinType": 1,
        "SubChipID": 0,
        "PinID": 115230913
      },
      "Target": {
        "PinType": 3,
        "SubChipID": 766183692,
        "PinID": 1256915357
      },
      "WirePoints": [
        {
          "X": -7.837778,
          "Y": 2.453703
        },
        {
          "X": -4.692593,
          "Y": 2.32746029
        }
      ],
      "ColourThemeName": "Red"
    },
    {
      "Source": {
        "PinType": 1,
        "SubChipID": 0,
        "PinID": 1836195019
      },
      "Target": {
        "PinType": 3,
        "SubChipID": 766183692,
        "PinID": 954130551
      },
      "WirePoints": [
        {
          "X": -7.837778,
          "Y": 3.03703713
        },
        {
          "X": -4.692593,
          "Y": 2.7046032
        }
      ],
      "ColourThemeName": "Red"
    },
    {
      "Source": {
        "PinType": 1,
        "SubChipID": 0,
        "PinID": 1304038054
      },
      "Target": {
        "PinType": 3,
        "SubChipID": 766183692,
        "PinID": 347836472
      },
      "WirePoints": [
        {
          "X": -7.837778,
          "Y": 3.67592573
        },
        {
          "X": -4.692593,
          "Y": 3.081746
        }
      ],
      "ColourThemeName": "Red"
    },
    {
      "Source": {
        "PinType": 1,
        "SubChipID": 0,
        "PinID": 1191278795
      },
      "Target": {
        "PinType": 3,
        "SubChipID": 766183692,
        "PinID": 851409271
      },
      "WirePoints": [
        {
          "X": -7.837778,
          "Y": 4.212963
        },
        {
          "X": -4.692593,
          "Y": 3.458889
        }
      ],
      "ColourThemeName": "Red"
    },
    {
      "Source": {
        "PinType": 4,
        "SubChipID": 1802015073,
        "PinID": 130859137
      },
      "Target": {
        "PinType": 3,
        "SubChipID": 1159087067,
        "PinID": 0
      },
      "WirePoints": [
        {
          "X": 2.78518581,
          "Y": 4.30259275
        },
        {
          "X": 5.20301151,
          "Y": 4.321482
        }
      ],
      "ColourThemeName": "Red"
    },
    {
      "Source": {
        "PinType": 4,
        "SubChipID": 1802015073,
        "PinID": 178358323
      },
      "Target": {
        "PinType": 3,
        "SubChipID": 1159087067,
        "PinID": 1
      },
      "WirePoints": [
        {
          "X": 2.78518581,
          "Y": 4.062593
        },
        {
          "X": 5.20301151,
          "Y": 4.08148241
        }
      ],
      "ColourThemeName": "Red"
    },
    {
      "Source": {
        "PinType": 4,
        "SubChipID": 1802015073,
        "PinID": 1434584715
      },
      "Target": {
        "PinType": 3,
        "SubChipID": 1159087067,
        "PinID": 2
      },
      "WirePoints": [
        {
          "X": 2.78518581,
          "Y": 3.82259274
        },
        {
          "X": 5.20301151,
          "Y": 3.84148216
        }
      ],
      "ColourThemeName": "Red"
    },
    {
      "Source": {
        "PinType": 4,
        "SubChipID": 1802015073,
        "PinID": 203819603
      },
      "Target": {
        "PinType": 3,
        "SubChipID": 1159087067,
        "PinID": 3
      },
      "WirePoints": [
        {
          "X": 2.78518581,
          "Y": 3.58259273
        },
        {
          "X": 5.20301151,
          "Y": 3.60148215
        }
      ],
      "ColourThemeName": "Red"
    },
    {
      "Source": {
        "PinType": 4,
        "SubChipID": 1802015073,
        "PinID": 21206447
      },
      "Target": {
        "PinType": 3,
        "SubChipID": 1159087067,
        "PinID": 4
      },
      "WirePoints": [
        {
          "X": 2.78518581,
          "Y": 3.34259272
        },
        {
          "X": 5.20301151,
          "Y": 3.36148214
        }
      ],
      "ColourThemeName": "Red"
    },
    {
      "Source": {
        "PinType": 4,
        "SubChipID": 1802015073,
        "PinID": 190283271
      },
      "Target": {
        "PinType": 3,
        "SubChipID": 1159087067,
        "PinID": 5
      },
      "WirePoints": [
        {
          "X": 2.78518581,
          "Y": 3.10259271
        },
        {
          "X": 5.20301151,
          "Y": 3.12148237
        }
      ],
      "ColourThemeName": "Red"
    },
    {
      "Source": {
        "PinType": 4,
        "SubChipID": 1802015073,
        "PinID": 342579757
      },
      "Target": {
        "PinType": 3,
        "SubChipID": 1159087067,
        "PinID": 6
      },
      "WirePoints": [
        {
          "X": 2.78518581,
          "Y": 2.8625927
        },
        {
          "X": 5.20301151,
          "Y": 2.88148212
        }
      ],
      "ColourThemeName": "Red"
    },
    {
      "Source": {
        "PinType": 4,
        "SubChipID": 1802015073,
        "PinID": 1910714349
      },
      "Target": {
        "PinType": 3,
        "SubChipID": 1159087067,
        "PinID": 7
      },
      "WirePoints": [
        {
          "X": 2.78518581,
          "Y": 2.62259269
        },
        {
          "X": 5.20301151,
          "Y": 2.64148235
        }
      ],
      "ColourThemeName": "Red"
    },
    {
      "Source": {
        "PinType": 4,
        "SubChipID": 279955876,
        "PinID": 130859137
      },
      "Target": {
        "PinType": 3,
        "SubChipID": 985584240,
        "PinID": 0
      },
      "WirePoints": [
        {
          "X": 2.72036934,
          "Y": 1.67731476
        },
        {
          "X": 5.24004936,
          "Y": 1.84925914
        }
      ],
      "ColourThemeName": "Red"
    },
    {
      "Source": {
        "PinType": 4,
        "SubChipID": 279955876,
        "PinID": 178358323
      },
      "Target": {
        "PinType": 3,
        "SubChipID": 985584240,
        "PinID": 1
      },
      "WirePoints": [
        {
          "X": 2.72036934,
          "Y": 1.43731475
        },
        {
          "X": 5.24004936,
          "Y": 1.60925913
        }
      ],
      "ColourThemeName": "Red"
    },
    {
      "Source": {
        "PinType": 4,
        "SubChipID": 279955876,
        "PinID": 1434584715
      },
      "Target": {
        "PinType": 3,
        "SubChipID": 985584240,
        "PinID": 2
      },
      "WirePoints": [
        {
          "X": 2.72036934,
          "Y": 1.19731462
        },
        {
          "X": 5.24004936,
          "Y": 1.36925912
        }
      ],
      "ColourThemeName": "Red"
    },
    {
      "Source": {
        "PinType": 4,
        "SubChipID": 279955876,
        "PinID": 203819603
      },
      "Target": {
        "PinType": 3,
        "SubChipID": 985584240,
        "PinID": 3
      },
      "WirePoints": [
        {
          "X": 2.72036934,
          "Y": 0.9573146
        },
        {
          "X": 5.12963,
          "Y": 1.14814818
        },
        {
          "X": 5.24004936,
          "Y": 1.12925923
        }
      ],
      "ColourThemeName": "Red"
    },
    {
      "Source": {
        "PinType": 4,
        "SubChipID": 279955876,
        "PinID": 21206447
      },
      "Target": {
        "PinType": 3,
        "SubChipID": 985584240,
        "PinID": 4
      },
      "WirePoints": [
        {
          "X": 2.72036934,
          "Y": 0.7173146
        },
        {
          "X": 5.24004936,
          "Y": 0.88925916
        }
      ],
      "ColourThemeName": "Red"
    },
    {
      "Source": {
        "PinType": 4,
        "SubChipID": 279955876,
        "PinID": 190283271
      },
      "Target": {
        "PinType": 3,
        "SubChipID": 985584240,
        "PinID": 5
      },
      "WirePoints": [
        {
          "X": 2.72036934,
          "Y": 0.4773146
        },
        {
          "X": 5.24004936,
          "Y": 0.6492592
        }
      ],
      "ColourThemeName": "Red"
    },
    {
      "Source": {
        "PinType": 4,
        "SubChipID": 279955876,
        "PinID": 342579757
      },
      "Target": {
        "PinType": 3,
        "SubChipID": 985584240,
        "PinID": 6
      },
      "WirePoints": [
        {
          "X": 2.72036934,
          "Y": 0.237314552
        },
        {
          "X": 5.24004936,
          "Y": 0.4092592
        }
      ],
      "ColourThemeName": "Red"
    },
    {
      "Source": {
        "PinType": 4,
        "SubChipID": 279955876,
        "PinID": 1910714349
      },
      "Target": {
        "PinType": 3,
        "SubChipID": 985584240,
        "PinID": 7
      },
      "WirePoints": [
        {
          "X": 2.72036934,
          "Y": -0.00268548727
        },
        {
          "X": 5.24004936,
          "Y": 0.16925925
        }
      ],
      "ColourThemeName": "Red"
    },
    {
      "Source": {
        "PinType": 4,
        "SubChipID": 243358742,
        "PinID": 130859137
      },
      "Target": {
        "PinType": 3,
        "SubChipID": 967902511,
        "PinID": 0
      },
      "WirePoints": [
        {
          "X": 2.80370378,
          "Y": -0.9702776
        },
        {
          "X": 5.341902,
          "Y": -0.5211112
        }
      ],
      "ColourThemeName": "Red"
    },
    {
      "Source": {
        "PinType": 4,
        "SubChipID": 243358742,
        "PinID": 178358323
      },
      "Target": {
        "PinType": 3,
        "SubChipID": 967902511,
        "PinID": 1
      },
      "WirePoints": [
        {
          "X": 2.80370378,
          "Y": -1.21027756
        },
        {
          "X": 5.341902,
          "Y": -0.7611112
        }
      ],
      "ColourThemeName": "Red"
    },
    {
      "Source": {
        "PinType": 4,
        "SubChipID": 243358742,
        "PinID": 1434584715
      },
      "Target": {
        "PinType": 3,
        "SubChipID": 967902511,
        "PinID": 2
      },
      "WirePoints": [
        {
          "X": 2.80370378,
          "Y": -1.45027769
        },
        {
          "X": 5.341902,
          "Y": -1.00111127
        }
      ],
      "ColourThemeName": "Red"
    },
    {
      "Source": {
        "PinType": 4,
        "SubChipID": 243358742,
        "PinID": 203819603
      },
      "Target": {
        "PinType": 3,
        "SubChipID": 967902511,
        "PinID": 3
      },
      "WirePoints": [
        {
          "X": 2.80370378,
          "Y": -1.6902777
        },
        {
          "X": 5.341902,
          "Y": -1.24111116
        }
      ],
      "ColourThemeName": "Red"
    },
    {
      "Source": {
        "PinType": 4,
        "SubChipID": 243358742,
        "PinID": 21206447
      },
      "Target": {
        "PinType": 3,
        "SubChipID": 967902511,
        "PinID": 4
      },
      "WirePoints": [
        {
          "X": 2.80370378,
          "Y": -1.93027771
        },
        {
          "X": 5.341902,
          "Y": -1.48111117
        }
      ],
      "ColourThemeName": "Red"
    },
    {
      "Source": {
        "PinType": 4,
        "SubChipID": 243358742,
        "PinID": 190283271
      },
      "Target": {
        "PinType": 3,
        "SubChipID": 967902511,
        "PinID": 5
      },
      "WirePoints": [
        {
          "X": 2.80370378,
          "Y": -2.17027783
        },
        {
          "X": 5.341902,
          "Y": -1.72111118
        }
      ],
      "ColourThemeName": "Red"
    },
    {
      "Source": {
        "PinType": 4,
        "SubChipID": 243358742,
        "PinID": 342579757
      },
      "Target": {
        "PinType": 3,
        "SubChipID": 967902511,
        "PinID": 6
      },
      "WirePoints": [
        {
          "X": 2.80370378,
          "Y": -2.41027784
        },
        {
          "X": 5.341902,
          "Y": -1.96111119
        }
      ],
      "ColourThemeName": "Red"
    },
    {
      "Source": {
        "PinType": 4,
        "SubChipID": 243358742,
        "PinID": 1910714349
      },
      "Target": {
        "PinType": 3,
        "SubChipID": 967902511,
        "PinID": 7
      },
      "WirePoints": [
        {
          "X": 2.80370378,
          "Y": -2.65027785
        },
        {
          "X": 5.341902,
          "Y": -2.201111
        }
      ],
      "ColourThemeName": "Red"
    },
    {
      "Source": {
        "PinType": 1,
        "SubChipID": 0,
        "PinID": 1755425980
      },
      "Target": {
        "PinType": 3,
        "SubChipID": 1802015073,
        "PinID": 862739091
      },
      "WirePoints": [
        {
          "X": -7.837778,
          "Y": -2.09259272
        },
        {
          "X": -0.407407582,
          "Y": -1.87037051
        },
        {
          "X": -0.222222015,
          "Y": 2.37037063
        },
        {
          "X": 1.08518565,
          "Y": 2.38259268
        }
      ],
      "ColourThemeName": "Red"
    },
    {
      "Source": {
        "PinType": 4,
        "SubChipID": 766183692,
        "PinID": 662348701
      },
      "Target": {
        "PinType": 3,
        "SubChipID": 1802015073,
        "PinID": 685460384
      },
      "WirePoints": [
        {
          "X": -2.99259281,
          "Y": 3.458889
        },
        {
          "X": 1.08518565,
          "Y": 3.91859269
        }
      ],
      "ColourThemeName": "Red"
    },
    {
      "Source": {
        "PinType": 4,
        "SubChipID": 766183692,
        "PinID": 267653589
      },
      "Target": {
        "PinType": 3,
        "SubChipID": 1802015073,
        "PinID": 1540993514
      },
      "WirePoints": [
        {
          "X": -2.99259281,
          "Y": 3.21888876
        },
        {
          "X": 1.08518565,
          "Y": 3.53459263
        }
      ],
      "ColourThemeName": "Red"
    },
    {
      "Source": {
        "PinType": 4,
        "SubChipID": 766183692,
        "PinID": 4900231
      },
      "Target": {
        "PinType": 3,
        "SubChipID": 1802015073,
        "PinID": 1094737843
      },
      "WirePoints": [
        {
          "X": -2.99259281,
          "Y": 2.978889
        },
        {
          "X": 1.08518565,
          "Y": 3.15059257
        }
      ],
      "ColourThemeName": "Red"
    },
    {
      "Source": {
        "PinType": 4,
        "SubChipID": 766183692,
        "PinID": 1132133122
      },
      "Target": {
        "PinType": 3,
        "SubChipID": 1802015073,
        "PinID": 613309206
      },
      "WirePoints": [
        {
          "X": -2.99259281,
          "Y": 2.73888874
        },
        {
          "X": 1.08518565,
          "Y": 2.7665925
        }
      ],
      "ColourThemeName": "Red"
    },
    {
      "Source": {
        "PinType": 4,
        "SubChipID": 766183692,
        "PinID": 868353119
      },
      "Target": {
        "PinType": 3,
        "SubChipID": 279955876,
        "PinID": 685460384
      },
      "WirePoints": [
        {
          "X": -2.99259281,
          "Y": 2.49888873
        },
        {
          "X": 1.02036941,
          "Y": 1.2933147
        }
      ],
      "ColourThemeName": "Red"
    },
    {
      "Source": {
        "PinType": 4,
        "SubChipID": 766183692,
        "PinID": 924481260
      },
      "Target": {
        "PinType": 3,
        "SubChipID": 279955876,
        "PinID": 1540993514
      },
      "WirePoints": [
        {
          "X": -2.99259281,
          "Y": 2.25888872
        },
        {
          "X": 1.02036941,
          "Y": 0.909314632
        }
      ],
      "ColourThemeName": "Red"
    },
    {
      "Source": {
        "PinType": 4,
        "SubChipID": 766183692,
        "PinID": 1901205113
      },
      "Target": {
        "PinType": 3,
        "SubChipID": 279955876,
        "PinID": 1094737843
      },
      "WirePoints": [
        {
          "X": -2.99259281,
          "Y": 2.01888871
        },
        {
          "X": 1.02036941,
          "Y": 0.525314569
        }
      ],
      "ColourThemeName": "Red"
    },
    {
      "Source": {
        "PinType": 4,
        "SubChipID": 766183692,
        "PinID": 1504072162
      },
      "Target": {
        "PinType": 3,
        "SubChipID": 279955876,
        "PinID": 613309206
      },
      "WirePoints": [
        {
          "X": -2.99259281,
          "Y": 1.77888882
        },
        {
          "X": 1.02036941,
          "Y": 0.1413145
        }
      ],
      "ColourThemeName": "Red"
    },
    {
      "Source": {
        "PinType": 4,
        "SubChipID": 766183692,
        "PinID": 887408487
      },
      "Target": {
        "PinType": 3,
        "SubChipID": 243358742,
        "PinID": 1540993514
      },
      "WirePoints": [
        {
          "X": -2.99259281,
          "Y": 1.2988888
        },
        {
          "X": 1.10370362,
          "Y": -1.73827767
        }
      ],
      "ColourThemeName": "Red"
    },
    {
      "Source": {
        "PinType": 4,
        "SubChipID": 766183692,
        "PinID": 600276661
      },
      "Target": {
        "PinType": 3,
        "SubChipID": 243358742,
        "PinID": 685460384
      },
      "WirePoints": [
        {
          "X": -2.99259281,
          "Y": 1.53888869
        },
        {
          "X": 1.10370362,
          "Y": -1.35427761
        }
      ],
      "ColourThemeName": "Red"
    },
    {
      "Source": {
        "PinType": 4,
        "SubChipID": 766183692,
        "PinID": 605889431
      },
      "Target": {
        "PinType": 3,
        "SubChipID": 243358742,
        "PinID": 1094737843
      },
      "WirePoints": [
        {
          "X": -2.99259281,
          "Y": 1.05888867
        },
        {
          "X": 1.10370362,
          "Y": -2.12227774
        }
      ],
      "ColourThemeName": "Red"
    },
    {
      "Source": {
        "PinType": 4,
        "SubChipID": 766183692,
        "PinID": 1998200023
      },
      "Target": {
        "PinType": 3,
        "SubChipID": 243358742,
        "PinID": 613309206
      },
      "WirePoints": [
        {
          "X": -2.99259281,
          "Y": 0.8188888
        },
        {
          "X": 1.10370362,
          "Y": -2.5062778
        }
      ],
      "ColourThemeName": "Red"
    },
    {
      "Source": {
        "PinType": 4,
        "SubChipID": 1802015073,
        "PinID": 1327563501
      },
      "Target": {
        "PinType": 3,
        "SubChipID": 279955876,
        "PinID": 862739091
      },
      "WirePoints": [
        {
          "X": 2.78518581,
          "Y": 2.38259268
        },
        {
          "X": 3.33333349,
          "Y": 2.37037063
        },
        {
          "X": 3.33333349,
          "Y": 2.11111116
        },
        {
          "X": 0.5555556,
          "Y": 1.96296275
        },
        {
          "X": 0.379629165,
          "Y": -0.148148239
        },
        {
          "X": 1.02036941,
          "Y": -0.2426855
        }
      ],
      "ColourThemeName": "Red"
    },
    {
      "Source": {
        "PinType": 4,
        "SubChipID": 279955876,
        "PinID": 1327563501
      },
      "Target": {
        "PinType": 3,
        "SubChipID": 243358742,
        "PinID": 862739091
      },
      "WirePoints": [
        {
          "X": 2.72036934,
          "Y": -0.2426855
        },
        {
          "X": 3.37963,
          "Y": -0.259259343
        },
        {
          "X": 3.37963,
          "Y": -0.5740741
        },
        {
          "X": 0.6296296,
          "Y": -0.60185194
        },
        {
          "X": 0.407407582,
          "Y": -2.72222233
        },
        {
          "X": 1.10370362,
          "Y": -2.89027786
        }
      ],
      "ColourThemeName": "Red"
    }
  ]
}