{
  "Name": "8Nor",
  "Colour": "#3EC0FE",
  "InputPins": [
    {
      "Name": "Pin",
      "ID": 1438745425,
      "PositionY": 4.064815,
      "ColourThemeName": "Red"
    },
    {
      "Name": "Pin",
      "ID": 669909011,
      "PositionY": 3.537037,
      "ColourThemeName": "Red"
    },
    {
      "Name": "Pin",
      "ID": 1695890063,
      "PositionY": 3.08333349,
      "ColourThemeName": "Red"
    },
    {
      "Name": "Pin",
      "ID": 1281988021,
      "PositionY": 2.601852,
      "ColourThemeName": "Red"
    },
    {
      "Name": "Pin",
      "ID": 1573727223,
      "PositionY": 2.2037034,
      "ColourThemeName": "Red"
    },
    {
      "Name": "Pin",
      "ID": 328306000,
      "PositionY": 1.80555582,
      "ColourThemeName": "Red"
    },
    {
      "Name": "Pin",
      "ID": 559839882,
      "PositionY": 1.25,
      "ColourThemeName": "Red"
    },
    {
      "Name": "Pin",
      "ID": 1017771281,
      "PositionY": 0.824074149,
      "ColourThemeName": "Red"
    }
  ],
  "OutputPins": [
    {
      "Name": "Pin",
      "ID": 2010561815,
      "PositionY": 2.70370364,
      "ColourThemeName": "Red"
    }
  ],
  "SubChips": [
    {
      "Name": "OR",
      "ID": 2147437492,
      "Points": [
        {
          "X": -5.91666651,
          "Y": 3.6111114
        }
      ],
      "Data": null
    },
    {
      "Name": "OR",
      "ID": 1770250750,
      "Points": [
        {
          "X": -5.91666651,
          "Y": 2.98611116
        }
      ],
      "Data": null
    },
    {
      "Name": "OR",
      "ID": 1083310357,
      "Points": [
        {
          "X": -5.91666651,
          "Y": 2.36111116
        }
      ],
      "Data": null
    },
    {
      "Name": "OR",
      "ID": 240436617,
      "Points": [
        {
          "X": -5.91666651,
          "Y": 1.736111
        }
      ],
      "Data": null
    },
    {
      "Name": "OR",
      "ID": 1771148553,
      "Points": [
        {
          "X": -4.18518543,
          "Y": 2.89583325
        }
      ],
      "Data": null
    },
    {
      "Name": "OR",
      "ID": 1630365566,
      "Points": [
        {
          "X": -4.18518543,
          "Y": 2.27083325
        }
      ],
      "Data": null
    },
    {
      "Name": "NOR",
      "ID": 443017764,
      "Points": [
        {
          "X": -2.462963,
          "Y": 2.51851845
        }
      ],
      "Data": null
    }
  ],
  "Connections": [
    {
      "Source": {
        "PinType": 1,
        "SubChipID": 0,
        "PinID": 1438745425
      },
      "Target": {
        "PinType": 3,
        "SubChipID": 2147437492,
        "PinID": 1672340165
      },
      "WirePoints": [
        {
          "X": -7.837778,
          "Y": 4.064815
        },
        {
          "X": -6.36666632,
          "Y": 3.73111129
        }
      ],
      "ColourThemeName": "Red"
    },
    {
      "Source": {
        "PinType": 1,
        "SubChipID": 0,
        "PinID": 669909011
      },
      "Target": {
        "PinType": 3,
        "SubChipID": 2147437492,
        "PinID": 498880847
      },
      "WirePoints": [
        {
          "X": -7.837778,
          "Y": 3.537037
        },
        {
          "X": -6.36666632,
          "Y": 3.49111152
        }
      ],
      "ColourThemeName": "Red"
    },
    {
      "Source": {
        "PinType": 1,
        "SubChipID": 0,
        "PinID": 1695890063
      },
      "Target": {
        "PinType": 3,
        "SubChipID": 1770250750,
        "PinID": 1672340165
      },
      "WirePoints": [
        {
          "X": -7.837778,
          "Y": 3.08333349
        },
        {
          "X": -6.36666632,
          "Y": 3.106111
        }
      ],
      "ColourThemeName": "Red"
    },
    {
      "Source": {
        "PinType": 1,
        "SubChipID": 0,
        "PinID": 1281988021
      },
      "Target": {
        "PinType": 3,
        "SubChipID": 1770250750,
        "PinID": 498880847
      },
      "WirePoints": [
        {
          "X": -7.837778,
          "Y": 2.601852
        },
        {
          "X": -6.36666632,
          "Y": 2.86611128
        }
      ],
      "ColourThemeName": "Red"
    },
    {
      "Source": {
        "PinType": 1,
        "SubChipID": 0,
        "PinID": 1573727223
      },
      "Target": {
        "PinType": 3,
        "SubChipID": 1083310357,
        "PinID": 1672340165
      },
      "WirePoints": [
        {
          "X": -7.837778,
          "Y": 2.2037034
        },
        {
          "X": -6.36666632,
          "Y": 2.481111
        }
      ],
      "ColourThemeName": "Red"
    },
    {
      "Source": {
        "PinType": 1,
        "SubChipID": 0,
        "PinID": 328306000
      },
      "Target": {
        "PinType": 3,
        "SubChipID": 1083310357,
        "PinID": 498880847
      },
      "WirePoints": [
        {
          "X": -7.837778,
          "Y": 1.80555582
        },
        {
          "X": -6.36666632,
          "Y": 2.24111128
        }
      ],
      "ColourThemeName": "Red"
    },
    {
      "Source": {
        "PinType": 1,
        "SubChipID": 0,
        "PinID": 559839882
      },
      "Target": {
        "PinType": 3,
        "SubChipID": 240436617,
        "PinID": 1672340165
      },
      "WirePoints": [
        {
          "X": -7.837778,
          "Y": 1.25
        },
        {
          "X": -6.36666632,
          "Y": 1.856111
        }
      ],
      "ColourThemeName": "Red"
    },
    {
      "Source": {
        "PinType": 1,
        "SubChipID": 0,
        "PinID": 1017771281
      },
      "Target": {
        "PinType": 3,
        "SubChipID": 240436617,
        "PinID": 498880847
      },
      "WirePoints": [
        {
          "X": -7.837778,
          "Y": 0.824074149
        },
        {
          "X": -6.36666632,
          "Y": 1.616111
        }
      ],
      "ColourThemeName": "Red"
    },
    {
      "Source": {
        "PinType": 4,
        "SubChipID": 2147437492,
        "PinID": 1118056934
      },
      "Target": {
        "PinType": 3,
        "SubChipID": 1771148553,
        "PinID": 1672340165
      },
      "WirePoints": [
        {
          "X": -5.4666667,
          "Y": 3.6111114
        },
        {
          "X": -4.63518524,
          "Y": 3.01583314
        }
      ],
      "ColourThemeName": "Red"
    },
    {
      "Source": {
        "PinType": 4,
        "SubChipID": 1770250750,
        "PinID": 1118056934
      },
      "Target": {
        "PinType": 3,
        "SubChipID": 1771148553,
        "PinID": 498880847
      },
      "WirePoints": [
        {
          "X": -5.4666667,
          "Y": 2.98611116
        },
        {
          "X": -4.63518524,
          "Y": 2.77583337
        }
      ],
      "ColourThemeName": "Red"
    },
    {
      "Source": {
        "PinType": 4,
        "SubChipID": 1083310357,
        "PinID": 1118056934
      },
      "Target": {
        "PinType": 3,
        "SubChipID": 1630365566,
        "PinID": 1672340165
      },
      "WirePoints": [
        {
          "X": -5.4666667,
          "Y": 2.36111116
        },
        {
          "X": -4.63518524,
          "Y": 2.39083314
        }
      ],
      "ColourThemeName": "Red"
    },
    {
      "Source": {
        "PinType": 4,
        "SubChipID": 240436617,
        "PinID": 1118056934
      },
      "Target": {
        "PinType": 3,
        "SubChipID": 1630365566,
        "PinID": 498880847
      },
      "WirePoints": [
        {
          "X": -5.4666667,
          "Y": 1.736111
        },
        {
          "X": -4.63518524,
          "Y": 2.15083337
        }
      ],
      "ColourThemeName": "Red"
    },
    {
      "Source": {
        "PinType": 4,
        "SubChipID": 443017764,
        "PinID": 1165047784
      },
      "Target": {
        "PinType": 2,
        "SubChipID": 0,
        "PinID": 2010561815
      },
      "WirePoints": [
        {
          "X": -1.91296315,
          "Y": 2.51851845
        },
        {
          "X": 7.837778,
          "Y": 2.70370364
        }
      ],
      "ColourThemeName": "Red"
    },
    {
      "Source": {
        "PinType": 4,
        "SubChipID": 1630365566,
        "PinID": 1118056934
      },
      "Target": {
        "PinType": 3,
        "SubChipID": 443017764,
        "PinID": 823668792
      },
      "WirePoints": [
        {
          "X": -3.73518538,
          "Y": 2.27083325
        },
        {
          "X": -3.012963,
          "Y": 2.39851856
        }
      ],
      "ColourThemeName": "Red"
    },
    {
      "Source": {
        "PinType": 4,
        "SubChipID": 1771148553,
        "PinID": 1118056934
      },
      "Target": {
        "PinType": 3,
        "SubChipID": 443017764,
        "PinID": 277647251
      },
      "WirePoints": [
        {
          "X": -3.73518538,
          "Y": 2.89583325
        },
        {
          "X": -3.69444442,
          "Y": 2.787037
        },
        {
          "X": -3.012963,
          "Y": 2.63851833
        }
      ],
      "ColourThemeName": "Red"
    }
  ]
}