{
  "Name": "8to2mul",
  "Colour": "#741651",
  "InputPins": [
    {
      "Name": "A7",
      "ID": 60177717,
      "PositionY": 3.73148155,
      "ColourThemeName": "Red"
    },
    {
      "Name": "A6",
      "ID": 236545177,
      "PositionY": 3.30555558,
      "ColourThemeName": "Red"
    },
    {
      "Name": "A5",
      "ID": 1190606738,
      "PositionY": 2.86111116,
      "ColourThemeName": "Red"
    },
    {
      "Name": "A4",
      "ID": 68726754,
      "PositionY": 2.40740776,
      "ColourThemeName": "Red"
    },
    {
      "Name": "A3",
      "ID": 936856326,
      "PositionY": 1.87962949,
      "ColourThemeName": "Red"
    },
    {
      "Name": "A2",
      "ID": 1172643921,
      "PositionY": 1.37037039,
      "ColourThemeName": "Red"
    },
    {
      "Name": "A1",
      "ID": 1849382031,
      "PositionY": 0.870370269,
      "ColourThemeName": "Red"
    },
    {
      "Name": "A0",
      "ID": 787291597,
      "PositionY": 0.314815044,
      "ColourThemeName": "Red"
    },
    {
      "Name": "B1",
      "ID": 1882107377,
      "PositionY": -0.537036955,
      "ColourThemeName": "Red"
    },
    {
      "Name": "B0",
      "ID": 5946326,
      "PositionY": -1.08333325,
      "ColourThemeName": "Red"
    }
  ],
  "OutputPins": [
    {
      "Name": "Mul0",
      "ID": 284546327,
      "PositionY": -2.48148155,
      "ColourThemeName": "Red"
    },
    {
      "Name": "out8",
      "ID": 2116194421,
      "PositionY": 3.02777767,
      "ColourThemeName": "Red"
    },
    {
      "Name": "out7",
      "ID": 1121461145,
      "PositionY": 2.037037,
      "ColourThemeName": "Red"
    },
    {
      "Name": "out6",
      "ID": 892781430,
      "PositionY": 1.45370364,
      "ColourThemeName": "Red"
    },
    {
      "Name": "out5",
      "ID": 1229583614,
      "PositionY": 1.01851881,
      "ColourThemeName": "Red"
    },
    {
      "Name": "out4",
      "ID": 1158434602,
      "PositionY": 0.5000001,
      "ColourThemeName": "Red"
    },
    {
      "Name": "out3",
      "ID": 1519974711,
      "PositionY": -0.194444358,
      "ColourThemeName": "Red"
    },
    {
      "Name": "out2",
      "ID": 1956424799,
      "PositionY": -0.6944445,
      "ColourThemeName": "Red"
    },
    {
      "Name": "out1",
      "ID": 1795951596,
      "PositionY": -1.18518531,
      "ColourThemeName": "Red"
    },
    {
      "Name": "Out9",
      "ID": 159438492,
      "PositionY": 3.83333325,
      "ColourThemeName": "Red"
    }
  ],
  "SubChips": [
    {
      "Name": "MulUnit",
      "ID": 1907440634,
      "Points": [
        {
          "X": -4.87962961,
          "Y": 2.67592621
        }
      ],
      "Data": null
    },
    {
      "Name": "MulUnit",
      "ID": 872188888,
      "Points": [
        {
          "X": -4.78703737,
          "Y": -0.4259258
        }
      ],
      "Data": null
    },
    {
      "Name": "8BITADDER",
      "ID": 1253391889,
      "Points": [
        {
          "X": -1.01851892,
          "Y": 1.37963009
        }
      ],
      "Data": null
    },
    {
      "Name": "FULLADDER",
      "ID": 1118236152,
      "Points": [
        {
          "X": -1.00925922,
          "Y": 4.046296
        }
      ],
      "Data": null
    }
  ],
  "Connections": [
    {
      "Source": {
        "PinType": 1,
        "SubChipID": 0,
        "PinID": 60177717
      },
      "Target": {
        "PinType": 3,
        "SubChipID": 1907440634,
        "PinID": 1183072719
      },
      "WirePoints": [
        {
          "X": -7.837778,
          "Y": 3.73148155
        },
        {
          "X": -5.65462971,
          "Y": 3.63592625
        }
      ],
      "ColourThemeName": "Red"
    },
    {
      "Source": {
        "PinType": 1,
        "SubChipID": 0,
        "PinID": 236545177
      },
      "Target": {
        "PinType": 3,
        "SubChipID": 1907440634,
        "PinID": 430206084
      },
      "WirePoints": [
        {
          "X": -7.837778,
          "Y": 3.30555558
        },
        {
          "X": -5.65462971,
          "Y": 3.39592624
        }
      ],
      "ColourThemeName": "Red"
    },
    {
      "Source": {
        "PinType": 1,
        "SubChipID": 0,
        "PinID": 1190606738
      },
      "Target": {
        "PinType": 3,
        "SubChipID": 1907440634,
        "PinID": 611140407
      },
      "WirePoints": [
        {
          "X": -7.837778,
          "Y": 2.86111116
        },
        {
          "X": -5.65462971,
          "Y": 3.15592623
        }
      ],
      "ColourThemeName": "Red"
    },
    {
      "Source": {
        "PinType": 1,
        "SubChipID": 0,
        "PinID": 68726754
      },
      "Target": {
        "PinType": 3,
        "SubChipID": 1907440634,
        "PinID": 1176643270
      },
      "WirePoints": [
        {
          "X": -7.837778,
          "Y": 2.40740776
        },
        {
          "X": -5.65462971,
          "Y": 2.91592622
        }
      ],
      "ColourThemeName": "Red"
    },
    {
      "Source": {
        "PinType": 1,
        "SubChipID": 0,
        "PinID": 936856326
      },
      "Target": {
        "PinType": 3,
        "SubChipID": 1907440634,
        "PinID": 425446040
      },
      "WirePoints": [
        {
          "X": -7.837778,
          "Y": 1.87962949
        },
        {
          "X": -5.65462971,
          "Y": 2.67592621
        }
      ],
      "ColourThemeName": "Red"
    },
    {
      "Source": {
        "PinType": 1,
        "SubChipID": 0,
        "PinID": 1172643921
      },
      "Target": {
        "PinType": 3,
        "SubChipID": 1907440634,
        "PinID": 2047368403
      },
      "WirePoints": [
        {
          "X": -7.837778,
          "Y": 1.37037039
        },
        {
          "X": -5.65462971,
          "Y": 2.4359262
        }
      ],
      "ColourThemeName": "Red"
    },
    {
      "Source": {
        "PinType": 1,
        "SubChipID": 0,
        "PinID": 1849382031
      },
      "Target": {
        "PinType": 3,
        "SubChipID": 1907440634,
        "PinID": 1125910510
      },
      "WirePoints": [
        {
          "X": -7.837778,
          "Y": 0.870370269
        },
        {
          "X": -5.65462971,
          "Y": 2.19592619
        }
      ],
      "ColourThemeName": "Red"
    },
    {
      "Source": {
        "PinType": 1,
        "SubChipID": 0,
        "PinID": 787291597
      },
      "Target": {
        "PinType": 3,
        "SubChipID": 1907440634,
        "PinID": 183649865
      },
      "WirePoints": [
        {
          "X": -7.837778,
          "Y": 0.314815044
        },
        {
          "X": -5.65462971,
          "Y": 1.95592618
        }
      ],
      "ColourThemeName": "Red"
    },
    {
      "Source": {
        "PinType": 1,
        "SubChipID": 0,
        "PinID": 1882107377
      },
      "Target": {
        "PinType": 3,
        "SubChipID": 1907440634,
        "PinID": 1608434826
      },
      "WirePoints": [
        {
          "X": -7.837778,
          "Y": -0.537036955
        },
        {
          "X": -5.65462971,
          "Y": 1.71592617
        }
      ],
      "ColourThemeName": "Red"
    },
    {
      "Source": {
        "PinType": 1,
        "SubChipID": 0,
        "PinID": 60177717
      },
      "Target": {
        "PinType": 3,
        "SubChipID": 872188888,
        "PinID": 1183072719
      },
      "WirePoints": [
        {
          "X": -7.837778,
          "Y": 3.73148155
        },
        {
          "X": -5.56203747,
          "Y": 0.5340743
        }
      ],
      "ColourThemeName": "Red"
    },
    {
      "Source": {
        "PinType": 1,
        "SubChipID": 0,
        "PinID": 236545177
      },
      "Target": {
        "PinType": 3,
        "SubChipID": 872188888,
        "PinID": 430206084
      },
      "WirePoints": [
        {
          "X": -7.837778,
          "Y": 3.30555558
        },
        {
          "X": -5.56203747,
          "Y": 0.2940743
        }
      ],
      "ColourThemeName": "Red"
    },
    {
      "Source": {
        "PinType": 1,
        "SubChipID": 0,
        "PinID": 1190606738
      },
      "Target": {
        "PinType": 3,
        "SubChipID": 872188888,
        "PinID": 611140407
      },
      "WirePoints": [
        {
          "X": -7.837778,
          "Y": 2.86111116
        },
        {
          "X": -5.56203747,
          "Y": 0.0540742576
        }
      ],
      "ColourThemeName": "Red"
    },
    {
      "Source": {
        "PinType": 1,
        "SubChipID": 0,
        "PinID": 68726754
      },
      "Target": {
        "PinType": 3,
        "SubChipID": 872188888,
        "PinID": 1176643270
      },
      "WirePoints": [
        {
          "X": -7.837778,
          "Y": 2.40740776
        },
        {
          "X": -5.56203747,
          "Y": -0.185925767
        }
      ],
      "ColourThemeName": "Red"
    },
    {
      "Source": {
        "PinType": 1,
        "SubChipID": 0,
        "PinID": 936856326
      },
      "Target": {
        "PinType": 3,
        "SubChipID": 872188888,
        "PinID": 425446040
      },
      "WirePoints": [
        {
          "X": -7.837778,
          "Y": 1.87962949
        },
        {
          "X": -5.56203747,
          "Y": -0.4259258
        }
      ],
      "ColourThemeName": "Red"
    },
    {
      "Source": {
        "PinType": 1,
        "SubChipID": 0,
        "PinID": 1172643921
      },
      "Target": {
        "PinType": 3,
        "SubChipID": 872188888,
        "PinID": 2047368403
      },
      "WirePoints": [
        {
          "X": -7.837778,
          "Y": 1.37037039
        },
        {
          "X": -5.56203747,
          "Y": -0.6659258
        }
      ],
      "ColourThemeName": "Red"
    },
    {
      "Source": {
        "PinType": 1,
        "SubChipID": 0,
        "PinID": 1849382031
      },
      "Target": {
        "PinType": 3,
        "SubChipID": 872188888,
        "PinID": 1125910510
      },
      "WirePoints": [
        {
          "X": -7.837778,
          "Y": 0.870370269
        },
        {
          "X": -5.56203747,
          "Y": -0.90592587
        }
      ],
      "ColourThemeName": "Red"
    },
    {
      "Source": {
        "PinType": 1,
        "SubChipID": 0,
        "PinID": 787291597
      },
      "Target": {
        "PinType": 3,
        "SubChipID": 872188888,
        "PinID": 183649865
      },
      "WirePoints": [
        {
          "X": -7.837778,
          "Y": 0.314815044
        },
        {
          "X": -5.56203747,
          "Y": -1.14592588
        }
      ],
      "ColourThemeName": "Red"
    },
    {
      "Source": {
        "PinType": 1,
        "SubChipID": 0,
        "PinID": 5946326
      },
      "Target": {
        "PinType": 3,
        "SubChipID": 872188888,
        "PinID": 1608434826
      },
      "WirePoints": [
        {
          "X": -7.837778,
          "Y": -1.08333325
        },
        {
          "X": -5.56203747,
          "Y": -1.38592589
        }
      ],
      "ColourThemeName": "Red"
    },
    {
      "Source": {
        "PinType": 4,
        "SubChipID": 872188888,
        "PinID": 1248838351
      },
      "Target": {
        "PinType": 3,
        "SubChipID": 1253391889,
        "PinID": 699464437
      },
      "WirePoints": [
        {
          "X": -4.01203728,
          "Y": -1.38592589
        },
        {
          "X": -1.938519,
          "Y": -0.300369859
        }
      ],
      "ColourThemeName": "Red"
    },
    {
      "Source": {
        "PinType": 4,
        "SubChipID": 872188888,
        "PinID": 13297527
      },
      "Target": {
        "PinType": 3,
        "SubChipID": 1253391889,
        "PinID": 883743091
      },
      "WirePoints": [
        {
          "X": -4.01203728,
          "Y": -1.11164021
        },
        {
          "X": -1.938519,
          "Y": -0.06036985
        }
      ],
      "ColourThemeName": "Red"
    },
    {
      "Source": {
        "PinType": 4,
        "SubChipID": 872188888,
        "PinID": 334491881
      },
      "Target": {
        "PinType": 3,
        "SubChipID": 1253391889,
        "PinID": 1355654459
      },
      "WirePoints": [
        {
          "X": -4.01203728,
          "Y": -0.8373544
        },
        {
          "X": -1.938519,
          "Y": 0.17963016
        }
      ],
      "ColourThemeName": "Red"
    },
    {
      "Source": {
        "PinType": 4,
        "SubChipID": 872188888,
        "PinID": 1733853153
      },
      "Target": {
        "PinType": 3,
        "SubChipID": 1253391889,
        "PinID": 244038118
      },
      "WirePoints": [
        {
          "X": -4.01203728,
          "Y": -0.563068748
        },
        {
          "X": -1.938519,
          "Y": 0.4196301
        }
      ],
      "ColourThemeName": "Red"
    },
    {
      "Source": {
        "PinType": 4,
        "SubChipID": 872188888,
        "PinID": 820237740
      },
      "Target": {
        "PinType": 3,
        "SubChipID": 1253391889,
        "PinID": 1121167528
      },
      "WirePoints": [
        {
          "X": -4.01203728,
          "Y": -0.288782924
        },
        {
          "X": -1.938519,
          "Y": 0.6596301
        }
      ],
      "ColourThemeName": "Red"
    },
    {
      "Source": {
        "PinType": 4,
        "SubChipID": 872188888,
        "PinID": 294742753
      },
      "Target": {
        "PinType": 3,
        "SubChipID": 1253391889,
        "PinID": 1910697127
      },
      "WirePoints": [
        {
          "X": -4.01203728,
          "Y": -0.0144971907
        },
        {
          "X": -1.938519,
          "Y": 0.89963007
        }
      ],
      "ColourThemeName": "Red"
    },
    {
      "Source": {
        "PinType": 4,
        "SubChipID": 872188888,
        "PinID": 1634780168
      },
      "Target": {
        "PinType": 3,
        "SubChipID": 1253391889,
        "PinID": 1279941362
      },
      "WirePoints": [
        {
          "X": -4.01203728,
          "Y": 0.259788573
        },
        {
          "X": -1.938519,
          "Y": 1.13963008
        }
      ],
      "ColourThemeName": "Red"
    },
    {
      "Source": {
        "PinType": 4,
        "SubChipID": 872188888,
        "PinID": 608881373
      },
      "Target": {
        "PinType": 3,
        "SubChipID": 1253391889,
        "PinID": 1817806131
      },
      "WirePoints": [
        {
          "X": -4.01203728,
          "Y": 0.5340743
        },
        {
          "X": -1.938519,
          "Y": 1.37963009
        }
      ],
      "ColourThemeName": "Red"
    },
    {
      "Source": {
        "PinType": 4,
        "SubChipID": 1907440634,
        "PinID": 1248838351
      },
      "Target": {
        "PinType": 3,
        "SubChipID": 1253391889,
        "PinID": 689207687
      },
      "WirePoints": [
        {
          "X": -4.10462952,
          "Y": 1.71592617
        },
        {
          "X": -1.938519,
          "Y": 1.85963011
        }
      ],
      "ColourThemeName": "Red"
    },
    {
      "Source": {
        "PinType": 4,
        "SubChipID": 1907440634,
        "PinID": 13297527
      },
      "Target": {
        "PinType": 3,
        "SubChipID": 1253391889,
        "PinID": 393144296
      },
      "WirePoints": [
        {
          "X": -4.10462952,
          "Y": 1.99021184
        },
        {
          "X": -1.938519,
          "Y": 2.09963
        }
      ],
      "ColourThemeName": "Red"
    },
    {
      "Source": {
        "PinType": 4,
        "SubChipID": 1907440634,
        "PinID": 334491881
      },
      "Target": {
        "PinType": 3,
        "SubChipID": 1253391889,
        "PinID": 832625356
      },
      "WirePoints": [
        {
          "X": -4.10462952,
          "Y": 2.26449752
        },
        {
          "X": -1.938519,
          "Y": 2.33963013
        }
      ],
      "ColourThemeName": "Red"
    },
    {
      "Source": {
        "PinType": 4,
        "SubChipID": 1907440634,
        "PinID": 1733853153
      },
      "Target": {
        "PinType": 3,
        "SubChipID": 1253391889,
        "PinID": 584577458
      },
      "WirePoints": [
        {
          "X": -4.10462952,
          "Y": 2.53878331
        },
        {
          "X": -1.938519,
          "Y": 2.57963
        }
      ],
      "ColourThemeName": "Red"
    },
    {
      "Source": {
        "PinType": 4,
        "SubChipID": 1907440634,
        "PinID": 820237740
      },
      "Target": {
        "PinType": 3,
        "SubChipID": 1253391889,
        "PinID": 1258722694
      },
      "WirePoints": [
        {
          "X": -4.10462952,
          "Y": 2.813069
        },
        {
          "X": -1.938519,
          "Y": 2.81963015
        }
      ],
      "ColourThemeName": "Red"
    },
    {
      "Source": {
        "PinType": 4,
        "SubChipID": 1907440634,
        "PinID": 294742753
      },
      "Target": {
        "PinType": 3,
        "SubChipID": 1253391889,
        "PinID": 2070518411
      },
      "WirePoints": [
        {
          "X": -4.10462952,
          "Y": 3.087355
        },
        {
          "X": -1.938519,
          "Y": 3.05963
        }
      ],
      "ColourThemeName": "Red"
    },
    {
      "Source": {
        "PinType": 4,
        "SubChipID": 1907440634,
        "PinID": 1634780168
      },
      "Target": {
        "PinType": 3,
        "SubChipID": 1253391889,
        "PinID": 2108625535
      },
      "WirePoints": [
        {
          "X": -4.10462952,
          "Y": 3.36164045
        },
        {
          "X": -1.938519,
          "Y": 3.29963017
        }
      ],
      "ColourThemeName": "Red"
    },
    {
      "Source": {
        "PinType": 4,
        "SubChipID": 1907440634,
        "PinID": 608881373
      },
      "Target": {
        "PinType": 3,
        "SubChipID": 1118236152,
        "PinID": 1984442171
      },
      "WirePoints": [
        {
          "X": -4.10462952,
          "Y": 3.63592625
        },
        {
          "X": -1.9292593,
          "Y": 4.286296
        }
      ],
      "ColourThemeName": "Red"
    },
    {
      "Source": {
        "PinType": 4,
        "SubChipID": 1253391889,
        "PinID": 1185905494
      },
      "Target": {
        "PinType": 2,
        "SubChipID": 0,
        "PinID": 284546327
      },
      "WirePoints": [
        {
          "X": -0.09851891,
          "Y": -0.06036985
        },
        {
          "X": 7.837778,
          "Y": -2.48148155
        }
      ],
      "ColourThemeName": "Red"
    },
    {
      "Source": {
        "PinType": 4,
        "SubChipID": 1253391889,
        "PinID": 808905144
      },
      "Target": {
        "PinType": 2,
        "SubChipID": 0,
        "PinID": 1795951596
      },
      "WirePoints": [
        {
          "X": -0.09851891,
          "Y": 0.4196301
        },
        {
          "X": 7.837778,
          "Y": -1.18518531
        }
      ],
      "ColourThemeName": "Red"
    },
    {
      "Source": {
        "PinType": 4,
        "SubChipID": 1253391889,
        "PinID": 67787241
      },
      "Target": {
        "PinType": 2,
        "SubChipID": 0,
        "PinID": 1956424799
      },
      "WirePoints": [
        {
          "X": -0.09851891,
          "Y": 0.89963007
        },
        {
          "X": 7.837778,
          "Y": -0.6944445
        }
      ],
      "ColourThemeName": "Red"
    },
    {
      "Source": {
        "PinType": 4,
        "SubChipID": 1253391889,
        "PinID": 1765738916
      },
      "Target": {
        "PinType": 2,
        "SubChipID": 0,
        "PinID": 1519974711
      },
      "WirePoints": [
        {
          "X": -0.09851891,
          "Y": 1.37963009
        },
        {
          "X": 7.837778,
          "Y": -0.194444358
        }
      ],
      "ColourThemeName": "Red"
    },
    {
      "Source": {
        "PinType": 4,
        "SubChipID": 1253391889,
        "PinID": 1138598718
      },
      "Target": {
        "PinType": 2,
        "SubChipID": 0,
        "PinID": 1158434602
      },
      "WirePoints": [
        {
          "X": -0.09851891,
          "Y": 1.85963011
        },
        {
          "X": 7.837778,
          "Y": 0.5000001
        }
      ],
      "ColourThemeName": "Red"
    },
    {
      "Source": {
        "PinType": 4,
        "SubChipID": 1253391889,
        "PinID": 1404175207
      },
      "Target": {
        "PinType": 2,
        "SubChipID": 0,
        "PinID": 1229583614
      },
      "WirePoints": [
        {
          "X": -0.09851891,
          "Y": 2.33963013
        },
        {
          "X": 7.837778,
          "Y": 1.01851881
        }
      ],
      "ColourThemeName": "Red"
    },
    {
      "Source": {
        "PinType": 4,
        "SubChipID": 1253391889,
        "PinID": 1181059812
      },
      "Target": {
        "PinType": 2,
        "SubChipID": 0,
        "PinID": 892781430
      },
      "WirePoints": [
        {
          "X": -0.09851891,
          "Y": 2.81963015
        },
        {
          "X": 7.837778,
          "Y": 1.45370364
        }
      ],
      "ColourThemeName": "Red"
    },
    {
      "Source": {
        "PinType": 4,
        "SubChipID": 1253391889,
        "PinID": 1334542650
      },
      "Target": {
        "PinType": 2,
        "SubChipID": 0,
        "PinID": 1121461145
      },
      "WirePoints": [
        {
          "X": -0.09851891,
          "Y": 3.29963017
        },
        {
          "X": 7.837778,
          "Y": 2.037037
        }
      ],
      "ColourThemeName": "Red"
    },
    {
      "Source": {
        "PinType": 4,
        "SubChipID": 1118236152,
        "PinID": 1710318817
      },
      "Target": {
        "PinType": 2,
        "SubChipID": 0,
        "PinID": 2116194421
      },
      "WirePoints": [
        {
          "X": -0.08925921,
          "Y": 4.286296
        },
        {
          "X": 7.837778,
          "Y": 3.02777767
        }
      ],
      "ColourThemeName": "Red"
    },
    {
      "Source": {
        "PinType": 4,
        "SubChipID": 1118236152,
        "PinID": 362424375
      },
      "Target": {
        "PinType": 2,
        "SubChipID": 0,
        "PinID": 159438492
      },
      "WirePoints": [
        {
          "X": -0.08925921,
          "Y": 3.806296
        },
        {
          "X": 3.32407427,
          "Y": 3.15740776
        },
        {
          "X": 3.287037,
          "Y": 3.962963
        },
        {
          "X": 7.837778,
          "Y": 3.83333325
        }
      ],
      "ColourThemeName": "Red"
    },
    {
      "Source": {
        "PinType": 4,
        "SubChipID": 1253391889,
        "PinID": 1282019887
      },
      "Target": {
        "PinType": 3,
        "SubChipID": 1118236152,
        "PinID": 1736554795
      },
      "WirePoints": [
        {
          "X": -0.09851891,
          "Y": -0.540369868
        },
        {
          "X": 0.5648147,
          "Y": -0.7962963
        },
        {
          "X": 0.444444031,
          "Y": 3.50000024
        },
        {
          "X": -2.35185218,
          "Y": 3.57407379
        },
        {
          "X": -2.29629636,
          "Y": 3.95370364
        },
        {
          "X": -1.9292593,
          "Y": 4.046296
        }
      ],
      "ColourThemeName": "Red"
    }
  ]
}