{
  "Name": "8to8mul",
  "Colour": "#7E6117",
  "InputPins": [
    {
      "Name": "A7",
      "ID": 85364855,
      "PositionY": 4.37036943,
      "ColourThemeName": "Red"
    },
    {
      "Name": "A6",
      "ID": 1351444527,
      "PositionY": 3.83333325,
      "ColourThemeName": "Red"
    },
    {
      "Name": "A5",
      "ID": 1569110837,
      "PositionY": 3.38888884,
      "ColourThemeName": "Red"
    },
    {
      "Name": "A4",
      "ID": 575377807,
      "PositionY": 2.916667,
      "ColourThemeName": "Red"
    },
    {
      "Name": "A3",
      "ID": 1415992183,
      "PositionY": 2.42592573,
      "ColourThemeName": "Red"
    },
    {
      "Name": "A2",
      "ID": 2113547044,
      "PositionY": 1.88888907,
      "ColourThemeName": "Red"
    },
    {
      "Name": "A1",
      "ID": 418462185,
      "PositionY": 1.51851833,
      "ColourThemeName": "Red"
    },
    {
      "Name": "A0",
      "ID": 1938955385,
      "PositionY": 0.9722221,
      "ColourThemeName": "Red"
    },
    {
      "Name": "B7",
      "ID": 89881589,
      "PositionY": 0.06481528,
      "ColourThemeName": "Red"
    },
    {
      "Name": "B6",
      "ID": 170334227,
      "PositionY": -0.472222269,
      "ColourThemeName": "Red"
    },
    {
      "Name": "B5",
      "ID": 1768037403,
      "PositionY": -0.9907406,
      "ColourThemeName": "Red"
    },
    {
      "Name": "B4",
      "ID": 920506133,
      "PositionY": -1.58333337,
      "ColourThemeName": "Red"
    },
    {
      "Name": "B3",
      "ID": 877232158,
      "PositionY": -2.06481481,
      "ColourThemeName": "Red"
    },
    {
      "Name": "B2",
      "ID": 638265186,
      "PositionY": -2.59259272,
      "ColourThemeName": "Red"
    },
    {
      "Name": "B1",
      "ID": 1507260882,
      "PositionY": -3.15740728,
      "ColourThemeName": "Red"
    },
    {
      "Name": "B0",
      "ID": 1650766723,
      "PositionY": -3.58333349,
      "ColourThemeName": "Red"
    }
  ],
  "OutputPins": [
    {
      "Name": "MUL0",
      "ID": 237035187,
      "PositionY": -4.01851845,
      "ColourThemeName": "Red"
    },
    {
      "Name": "MUL1",
      "ID": 1887469828,
      "PositionY": -3.574074,
      "ColourThemeName": "Red"
    },
    {
      "Name": "MUL2",
      "ID": 1946432634,
      "PositionY": -3.19444466,
      "ColourThemeName": "Red"
    },
    {
      "Name": "MUL3",
      "ID": 1243176955,
      "PositionY": -2.76851869,
      "ColourThemeName": "Red"
    },
    {
      "Name": "MUL4",
      "ID": 1749831627,
      "PositionY": -1.95370328,
      "ColourThemeName": "Red"
    },
    {
      "Name": "MUL5",
      "ID": 758226313,
      "PositionY": -1.314815,
      "ColourThemeName": "Red"
    },
    {
      "Name": "MUL6",
      "ID": 680624591,
      "PositionY": -0.814814866,
      "ColourThemeName": "Red"
    },
    {
      "Name": "MUL7",
      "ID": 828790599,
      "PositionY": -0.175925791,
      "ColourThemeName": "Red"
    },
    {
      "Name": "MUL8",
      "ID": 1790996031,
      "PositionY": 0.388888717,
      "ColourThemeName": "Red"
    },
    {
      "Name": "MUL9",
      "ID": 120703857,
      "PositionY": 0.92592597,
      "ColourThemeName": "Red"
    },
    {
      "Name": "MUL10",
      "ID": 1453255947,
      "PositionY": 1.61111057,
      "ColourThemeName": "Red"
    },
    {
      "Name": "MUL11",
      "ID": 250486943,
      "PositionY": 2.05555582,
      "ColourThemeName": "Red"
    },
    {
      "Name": "MUL12",
      "ID": 1203143155,
      "PositionY": 2.638889,
      "ColourThemeName": "Red"
    },
    {
      "Name": "MUL13",
      "ID": 1074342236,
      "PositionY": 3.24074,
      "ColourThemeName": "Red"
    },
    {
      "Name": "MUL14",
      "ID": 798436539,
      "PositionY": 3.75,
      "ColourThemeName": "Red"
    },
    {
      "Name": "MUL15",
      "ID": 6412359,
      "PositionY": 4.32407331,
      "ColourThemeName": "Red"
    }
  ],
  "SubChips": [
    {
      "Name": "8to4Mul",
      "ID": 868209408,
      "Points": [
        {
          "X": -2.87962985,
          "Y": 2.49398136
        }
      ],
      "Data": null
    },
    {
      "Name": "8to4Mul",
      "ID": 1757430858,
      "Points": [
        {
          "X": -2.83333373,
          "Y": -1.24398136
        }
      ],
      "Data": null
    },
    {
      "Name": "8BITADDER",
      "ID": 505405337,
      "Points": [
        {
          "X": 1.56481314,
          "Y": -1.49074066
        }
      ],
      "Data": null
    },
    {
      "Name": "FULLADDER",
      "ID": 351672896,
      "Points": [
        {
          "X": 1.59259367,
          "Y": 1.04629529
        }
      ],
      "Data": null
    },
    {
      "Name": "FULLADDER",
      "ID": 1279017953,
      "Points": [
        {
          "X": 1.60185409,
          "Y": 1.88888824
        }
      ],
      "Data": null
    }
  ],
  "Connections": [
    {
      "Source": {
        "PinType": 1,
        "SubChipID": 0,
        "PinID": 1650766723
      },
      "Target": {
        "PinType": 3,
        "SubChipID": 1757430858,
        "PinID": 1577467348
      },
      "WirePoints": [
        {
          "X": -7.837778,
          "Y": -3.58333349
        },
        {
          "X": -3.60833359,
          "Y": -2.68398142
        }
      ],
      "ColourThemeName": "Red"
    },
    {
      "Source": {
        "PinType": 1,
        "SubChipID": 0,
        "PinID": 1507260882
      },
      "Target": {
        "PinType": 3,
        "SubChipID": 1757430858,
        "PinID": 1806588694
      },
      "WirePoints": [
        {
          "X": -7.837778,
          "Y": -3.15740728
        },
        {
          "X": -3.60833359,
          "Y": -2.42216325
        }
      ],
      "ColourThemeName": "Red"
    },
    {
      "Source": {
        "PinType": 1,
        "SubChipID": 0,
        "PinID": 638265186
      },
      "Target": {
        "PinType": 3,
        "SubChipID": 1757430858,
        "PinID": 465967030
      },
      "WirePoints": [
        {
          "X": -7.837778,
          "Y": -2.59259272
        },
        {
          "X": -3.60833359,
          "Y": -2.160345
        }
      ],
      "ColourThemeName": "Red"
    },
    {
      "Source": {
        "PinType": 1,
        "SubChipID": 0,
        "PinID": 877232158
      },
      "Target": {
        "PinType": 3,
        "SubChipID": 1757430858,
        "PinID": 582499679
      },
      "WirePoints": [
        {
          "X": -7.837778,
          "Y": -2.06481481
        },
        {
          "X": -3.60833359,
          "Y": -1.89852691
        }
      ],
      "ColourThemeName": "Red"
    },
    {
      "Source": {
        "PinType": 1,
        "SubChipID": 0,
        "PinID": 920506133
      },
      "Target": {
        "PinType": 3,
        "SubChipID": 868209408,
        "PinID": 1577467348
      },
      "WirePoints": [
        {
          "X": -7.837778,
          "Y": -1.58333337
        },
        {
          "X": -3.65462971,
          "Y": 1.0539813
        }
      ],
      "ColourThemeName": "Red"
    },
    {
      "Source": {
        "PinType": 1,
        "SubChipID": 0,
        "PinID": 1768037403
      },
      "Target": {
        "PinType": 3,
        "SubChipID": 868209408,
        "PinID": 1806588694
      },
      "WirePoints": [
        {
          "X": -7.837778,
          "Y": -0.9907406
        },
        {
          "X": -3.65462971,
          "Y": 1.31579947
        }
      ],
      "ColourThemeName": "Red"
    },
    {
      "Source": {
        "PinType": 1,
        "SubChipID": 0,
        "PinID": 170334227
      },
      "Target": {
        "PinType": 3,
        "SubChipID": 868209408,
        "PinID": 465967030
      },
      "WirePoints": [
        {
          "X": -7.837778,
          "Y": -0.472222269
        },
        {
          "X": -3.65462971,
          "Y": 1.57761765
        }
      ],
      "ColourThemeName": "Red"
    },
    {
      "Source": {
        "PinType": 1,
        "SubChipID": 0,
        "PinID": 89881589
      },
      "Target": {
        "PinType": 3,
        "SubChipID": 868209408,
        "PinID": 582499679
      },
      "WirePoints": [
        {
          "X": -7.837778,
          "Y": 0.06481528
        },
        {
          "X": -3.65462971,
          "Y": 1.83943582
        }
      ],
      "ColourThemeName": "Red"
    },
    {
      "Source": {
        "PinType": 1,
        "SubChipID": 0,
        "PinID": 1938955385
      },
      "Target": {
        "PinType": 3,
        "SubChipID": 868209408,
        "PinID": 147862469
      },
      "WirePoints": [
        {
          "X": -7.837778,
          "Y": 0.9722221
        },
        {
          "X": -3.65462971,
          "Y": 2.101254
        }
      ],
      "ColourThemeName": "Red"
    },
    {
      "Source": {
        "PinType": 1,
        "SubChipID": 0,
        "PinID": 418462185
      },
      "Target": {
        "PinType": 3,
        "SubChipID": 868209408,
        "PinID": 1230811506
      },
      "WirePoints": [
        {
          "X": -7.837778,
          "Y": 1.51851833
        },
        {
          "X": -3.65462971,
          "Y": 2.36307216
        }
      ],
      "ColourThemeName": "Red"
    },
    {
      "Source": {
        "PinType": 1,
        "SubChipID": 0,
        "PinID": 2113547044
      },
      "Target": {
        "PinType": 3,
        "SubChipID": 868209408,
        "PinID": 982292190
      },
      "WirePoints": [
        {
          "X": -7.837778,
          "Y": 1.88888907
        },
        {
          "X": -3.65462971,
          "Y": 2.62489033
        }
      ],
      "ColourThemeName": "Red"
    },
    {
      "Source": {
        "PinType": 1,
        "SubChipID": 0,
        "PinID": 1415992183
      },
      "Target": {
        "PinType": 3,
        "SubChipID": 868209408,
        "PinID": 1385367876
      },
      "WirePoints": [
        {
          "X": -7.837778,
          "Y": 2.42592573
        },
        {
          "X": -3.65462971,
          "Y": 2.88670874
        }
      ],
      "ColourThemeName": "Red"
    },
    {
      "Source": {
        "PinType": 1,
        "SubChipID": 0,
        "PinID": 575377807
      },
      "Target": {
        "PinType": 3,
        "SubChipID": 868209408,
        "PinID": 692388451
      },
      "WirePoints": [
        {
          "X": -7.837778,
          "Y": 2.916667
        },
        {
          "X": -3.65462971,
          "Y": 3.148527
        }
      ],
      "ColourThemeName": "Red"
    },
    {
      "Source": {
        "PinType": 1,
        "SubChipID": 0,
        "PinID": 1569110837
      },
      "Target": {
        "PinType": 3,
        "SubChipID": 868209408,
        "PinID": 441057567
      },
      "WirePoints": [
        {
          "X": -7.837778,
          "Y": 3.38888884
        },
        {
          "X": -3.65462971,
          "Y": 3.410345
        }
      ],
      "ColourThemeName": "Red"
    },
    {
      "Source": {
        "PinType": 1,
        "SubChipID": 0,
        "PinID": 1351444527
      },
      "Target": {
        "PinType": 3,
        "SubChipID": 868209408,
        "PinID": 1687190589
      },
      "WirePoints": [
        {
          "X": -7.837778,
          "Y": 3.83333325
        },
        {
          "X": -3.65462971,
          "Y": 3.67216325
        }
      ],
      "ColourThemeName": "Red"
    },
    {
      "Source": {
        "PinType": 1,
        "SubChipID": 0,
        "PinID": 85364855
      },
      "Target": {
        "PinType": 3,
        "SubChipID": 868209408,
        "PinID": 1473082268
      },
      "WirePoints": [
        {
          "X": -7.837778,
          "Y": 4.37036943
        },
        {
          "X": -3.65462971,
          "Y": 3.93398142
        }
      ],
      "ColourThemeName": "Red"
    },
    {
      "Source": {
        "PinType": 1,
        "SubChipID": 0,
        "PinID": 85364855
      },
      "Target": {
        "PinType": 3,
        "SubChipID": 1757430858,
        "PinID": 1473082268
      },
      "WirePoints": [
        {
          "X": -7.837778,
          "Y": 4.37036943
        },
        {
          "X": -3.60833359,
          "Y": 0.1960187
        }
      ],
      "ColourThemeName": "Red"
    },
    {
      "Source": {
        "PinType": 1,
        "SubChipID": 0,
        "PinID": 1351444527
      },
      "Target": {
        "PinType": 3,
        "SubChipID": 1757430858,
        "PinID": 1687190589
      },
      "WirePoints": [
        {
          "X": -7.837778,
          "Y": 3.83333325
        },
        {
          "X": -3.60833359,
          "Y": -0.0657994747
        }
      ],
      "ColourThemeName": "Red"
    },
    {
      "Source": {
        "PinType": 1,
        "SubChipID": 0,
        "PinID": 1569110837
      },
      "Target": {
        "PinType": 3,
        "SubChipID": 1757430858,
        "PinID": 441057567
      },
      "WirePoints": [
        {
          "X": -7.837778,
          "Y": 3.38888884
        },
        {
          "X": -3.60833359,
          "Y": -0.3276177
        }
      ],
      "ColourThemeName": "Red"
    },
    {
      "Source": {
        "PinType": 1,
        "SubChipID": 0,
        "PinID": 575377807
      },
      "Target": {
        "PinType": 3,
        "SubChipID": 1757430858,
        "PinID": 692388451
      },
      "WirePoints": [
        {
          "X": -7.837778,
          "Y": 2.916667
        },
        {
          "X": -3.60833359,
          "Y": -0.5894359
        }
      ],
      "ColourThemeName": "Red"
    },
    {
      "Source": {
        "PinType": 1,
        "SubChipID": 0,
        "PinID": 1415992183
      },
      "Target": {
        "PinType": 3,
        "SubChipID": 1757430858,
        "PinID": 1385367876
      },
      "WirePoints": [
        {
          "X": -7.837778,
          "Y": 2.42592573
        },
        {
          "X": -3.60833359,
          "Y": -0.8512541
        }
      ],
      "ColourThemeName": "Red"
    },
    {
      "Source": {
        "PinType": 1,
        "SubChipID": 0,
        "PinID": 2113547044
      },
      "Target": {
        "PinType": 3,
        "SubChipID": 1757430858,
        "PinID": 982292190
      },
      "WirePoints": [
        {
          "X": -7.837778,
          "Y": 1.88888907
        },
        {
          "X": -3.60833359,
          "Y": -1.11307228
        }
      ],
      "ColourThemeName": "Red"
    },
    {
      "Source": {
        "PinType": 1,
        "SubChipID": 0,
        "PinID": 418462185
      },
      "Target": {
        "PinType": 3,
        "SubChipID": 1757430858,
        "PinID": 1230811506
      },
      "WirePoints": [
        {
          "X": -7.837778,
          "Y": 1.51851833
        },
        {
          "X": -3.60833359,
          "Y": -1.37489057
        }
      ],
      "ColourThemeName": "Red"
    },
    {
      "Source": {
        "PinType": 1,
        "SubChipID": 0,
        "PinID": 1938955385
      },
      "Target": {
        "PinType": 3,
        "SubChipID": 1757430858,
        "PinID": 147862469
      },
      "WirePoints": [
        {
          "X": -7.837778,
          "Y": 0.9722221
        },
        {
          "X": -3.60833359,
          "Y": -1.63670862
        }
      ],
      "ColourThemeName": "Red"
    },
    {
      "Source": {
        "PinType": 4,
        "SubChipID": 1757430858,
        "PinID": 1554590725
      },
      "Target": {
        "PinType": 3,
        "SubChipID": 505405337,
        "PinID": 699464437
      },
      "WirePoints": [
        {
          "X": -2.05833387,
          "Y": -1.72398138
        },
        {
          "X": 0.6448131,
          "Y": -3.1707406
        }
      ],
      "ColourThemeName": "Red"
    },
    {
      "Source": {
        "PinType": 4,
        "SubChipID": 1757430858,
        "PinID": 741108284
      },
      "Target": {
        "PinType": 3,
        "SubChipID": 505405337,
        "PinID": 883743091
      },
      "WirePoints": [
        {
          "X": -2.05833387,
          "Y": -1.48398137
        },
        {
          "X": 0.6448131,
          "Y": -2.93074059
        }
      ],
      "ColourThemeName": "Red"
    },
    {
      "Source": {
        "PinType": 4,
        "SubChipID": 1757430858,
        "PinID": 560690043
      },
      "Target": {
        "PinType": 3,
        "SubChipID": 505405337,
        "PinID": 1355654459
      },
      "WirePoints": [
        {
          "X": -2.05833387,
          "Y": -1.24398136
        },
        {
          "X": 0.6448131,
          "Y": -2.69074059
        }
      ],
      "ColourThemeName": "Red"
    },
    {
      "Source": {
        "PinType": 4,
        "SubChipID": 1757430858,
        "PinID": 814489139
      },
      "Target": {
        "PinType": 3,
        "SubChipID": 505405337,
        "PinID": 244038118
      },
      "WirePoints": [
        {
          "X": -2.05833387,
          "Y": -1.00398135
        },
        {
          "X": 0.6448131,
          "Y": -2.45074058
        }
      ],
      "ColourThemeName": "Red"
    },
    {
      "Source": {
        "PinType": 4,
        "SubChipID": 1757430858,
        "PinID": 169360061
      },
      "Target": {
        "PinType": 3,
        "SubChipID": 505405337,
        "PinID": 1121167528
      },
      "WirePoints": [
        {
          "X": -2.05833387,
          "Y": -0.763981342
        },
        {
          "X": 0.6448131,
          "Y": -2.21074057
        }
      ],
      "ColourThemeName": "Red"
    },
    {
      "Source": {
        "PinType": 4,
        "SubChipID": 1757430858,
        "PinID": 714366247
      },
      "Target": {
        "PinType": 3,
        "SubChipID": 505405337,
        "PinID": 1910697127
      },
      "WirePoints": [
        {
          "X": -2.05833387,
          "Y": -0.523981333
        },
        {
          "X": 0.6448131,
          "Y": -1.97074068
        }
      ],
      "ColourThemeName": "Red"
    },
    {
      "Source": {
        "PinType": 4,
        "SubChipID": 1757430858,
        "PinID": 1970022925
      },
      "Target": {
        "PinType": 3,
        "SubChipID": 505405337,
        "PinID": 1279941362
      },
      "WirePoints": [
        {
          "X": -2.05833387,
          "Y": -0.283981323
        },
        {
          "X": 0.6448131,
          "Y": -1.73074067
        }
      ],
      "ColourThemeName": "Red"
    },
    {
      "Source": {
        "PinType": 4,
        "SubChipID": 1757430858,
        "PinID": 1633602120
      },
      "Target": {
        "PinType": 3,
        "SubChipID": 505405337,
        "PinID": 1817806131
      },
      "WirePoints": [
        {
          "X": -2.05833387,
          "Y": -0.0439813137
        },
        {
          "X": 0.6448131,
          "Y": -1.49074066
        }
      ],
      "ColourThemeName": "Red"
    },
    {
      "Source": {
        "PinType": 4,
        "SubChipID": 868209408,
        "PinID": 544146374
      },
      "Target": {
        "PinType": 3,
        "SubChipID": 505405337,
        "PinID": 1498852716
      },
      "WirePoints": [
        {
          "X": -2.10463,
          "Y": 1.0539813
        },
        {
          "X": 0.6448131,
          "Y": -1.25074065
        }
      ],
      "ColourThemeName": "Red"
    },
    {
      "Source": {
        "PinType": 4,
        "SubChipID": 868209408,
        "PinID": 425383636
      },
      "Target": {
        "PinType": 3,
        "SubChipID": 505405337,
        "PinID": 689207687
      },
      "WirePoints": [
        {
          "X": -2.10463,
          "Y": 1.29398131
        },
        {
          "X": 0.6448131,
          "Y": -1.01074064
        }
      ],
      "ColourThemeName": "Red"
    },
    {
      "Source": {
        "PinType": 4,
        "SubChipID": 868209408,
        "PinID": 530163788
      },
      "Target": {
        "PinType": 3,
        "SubChipID": 505405337,
        "PinID": 393144296
      },
      "WirePoints": [
        {
          "X": -2.10463,
          "Y": 1.53398132
        },
        {
          "X": 0.6448131,
          "Y": -0.7707407
        }
      ],
      "ColourThemeName": "Red"
    },
    {
      "Source": {
        "PinType": 4,
        "SubChipID": 868209408,
        "PinID": 1422479735
      },
      "Target": {
        "PinType": 3,
        "SubChipID": 505405337,
        "PinID": 832625356
      },
      "WirePoints": [
        {
          "X": -2.10463,
          "Y": 1.77398133
        },
        {
          "X": 0.6448131,
          "Y": -0.5307407
        }
      ],
      "ColourThemeName": "Red"
    },
    {
      "Source": {
        "PinType": 4,
        "SubChipID": 868209408,
        "PinID": 1554590725
      },
      "Target": {
        "PinType": 3,
        "SubChipID": 505405337,
        "PinID": 584577458
      },
      "WirePoints": [
        {
          "X": -2.10463,
          "Y": 2.01398134
        },
        {
          "X": 0.6448131,
          "Y": -0.290740728
        }
      ],
      "ColourThemeName": "Red"
    },
    {
      "Source": {
        "PinType": 4,
        "SubChipID": 868209408,
        "PinID": 741108284
      },
      "Target": {
        "PinType": 3,
        "SubChipID": 505405337,
        "PinID": 1258722694
      },
      "WirePoints": [
        {
          "X": -2.10463,
          "Y": 2.25398135
        },
        {
          "X": 0.6448131,
          "Y": -0.05074072
        }
      ],
      "ColourThemeName": "Red"
    },
    {
      "Source": {
        "PinType": 4,
        "SubChipID": 868209408,
        "PinID": 560690043
      },
      "Target": {
        "PinType": 3,
        "SubChipID": 505405337,
        "PinID": 2070518411
      },
      "WirePoints": [
        {
          "X": -2.10463,
          "Y": 2.49398136
        },
        {
          "X": 0.6448131,
          "Y": 0.189259291
        }
      ],
      "ColourThemeName": "Red"
    },
    {
      "Source": {
        "PinType": 4,
        "SubChipID": 868209408,
        "PinID": 814489139
      },
      "Target": {
        "PinType": 3,
        "SubChipID": 505405337,
        "PinID": 2108625535
      },
      "WirePoints": [
        {
          "X": -2.10463,
          "Y": 2.73398137
        },
        {
          "X": 0.6448131,
          "Y": 0.4292593
        }
      ],
      "ColourThemeName": "Red"
    },
    {
      "Source": {
        "PinType": 4,
        "SubChipID": 505405337,
        "PinID": 1185905494
      },
      "Target": {
        "PinType": 2,
        "SubChipID": 0,
        "PinID": 1749831627
      },
      "WirePoints": [
        {
          "X": 2.48481321,
          "Y": -2.93074059
        },
        {
          "X": 7.837778,
          "Y": -1.95370328
        }
      ],
      "ColourThemeName": "Red"
    },
    {
      "Source": {
        "PinType": 4,
        "SubChipID": 505405337,
        "PinID": 808905144
      },
      "Target": {
        "PinType": 2,
        "SubChipID": 0,
        "PinID": 758226313
      },
      "WirePoints": [
        {
          "X": 2.48481321,
          "Y": -2.45074058
        },
        {
          "X": 7.837778,
          "Y": -1.314815
        }
      ],
      "ColourThemeName": "Red"
    },
    {
      "Source": {
        "PinType": 4,
        "SubChipID": 505405337,
        "PinID": 67787241
      },
      "Target": {
        "PinType": 2,
        "SubChipID": 0,
        "PinID": 680624591
      },
      "WirePoints": [
        {
          "X": 2.48481321,
          "Y": -1.97074068
        },
        {
          "X": 7.837778,
          "Y": -0.814814866
        }
      ],
      "ColourThemeName": "Red"
    },
    {
      "Source": {
        "PinType": 4,
        "SubChipID": 505405337,
        "PinID": 1765738916
      },
      "Target": {
        "PinType": 2,
        "SubChipID": 0,
        "PinID": 828790599
      },
      "WirePoints": [
        {
          "X": 2.48481321,
          "Y": -1.49074066
        },
        {
          "X": 7.837778,
          "Y": -0.175925791
        }
      ],
      "ColourThemeName": "Red"
    },
    {
      "Source": {
        "PinType": 4,
        "SubChipID": 505405337,
        "PinID": 1138598718
      },
      "Target": {
        "PinType": 2,
        "SubChipID": 0,
        "PinID": 1790996031
      },
      "WirePoints": [
        {
          "X": 2.48481321,
          "Y": -1.01074064
        },
        {
          "X": 7.837778,
          "Y": 0.388888717
        }
      ],
      "ColourThemeName": "Red"
    },
    {
      "Source": {
        "PinType": 4,
        "SubChipID": 505405337,
        "PinID": 1404175207
      },
      "Target": {
        "PinType": 2,
        "SubChipID": 0,
        "PinID": 120703857
      },
      "WirePoints": [
        {
          "X": 2.48481321,
          "Y": -0.5307407
        },
        {
          "X": 7.837778,
          "Y": 0.92592597
        }
      ],
      "ColourThemeName": "Red"
    },
    {
      "Source": {
        "PinType": 4,
        "SubChipID": 505405337,
        "PinID": 1181059812
      },
      "Target": {
        "PinType": 2,
        "SubChipID": 0,
        "PinID": 1453255947
      },
      "WirePoints": [
        {
          "X": 2.48481321,
          "Y": -0.05074072
        },
        {
          "X": 7.837778,
          "Y": 1.61111057
        }
      ],
      "ColourThemeName": "Red"
    },
    {
      "Source": {
        "PinType": 4,
        "SubChipID": 505405337,
        "PinID": 1334542650
      },
      "Target": {
        "PinType": 2,
        "SubChipID": 0,
        "PinID": 250486943
      },
      "WirePoints": [
        {
          "X": 2.48481321,
          "Y": 0.4292593
        },
        {
          "X": 7.837778,
          "Y": 2.05555582
        }
      ],
      "ColourThemeName": "Red"
    },
    {
      "Source": {
        "PinType": 4,
        "SubChipID": 868209408,
        "PinID": 169360061
      },
      "Target": {
        "PinType": 3,
        "SubChipID": 351672896,
        "PinID": 1736554795
      },
      "WirePoints": [
        {
          "X": -2.10463,
          "Y": 2.97398138
        },
        {
          "X": 0.672593653,
          "Y": 1.04629529
        }
      ],
      "ColourThemeName": "Red"
    },
    {
      "Source": {
        "PinType": 4,
        "SubChipID": 351672896,
        "PinID": 1710318817
      },
      "Target": {
        "PinType": 2,
        "SubChipID": 0,
        "PinID": 1203143155
      },
      "WirePoints": [
        {
          "X": 2.51259375,
          "Y": 1.28629529
        },
        {
          "X": 7.837778,
          "Y": 2.638889
        }
      ],
      "ColourThemeName": "Red"
    },
    {
      "Source": {
        "PinType": 4,
        "SubChipID": 868209408,
        "PinID": 714366247
      },
      "Target": {
        "PinType": 3,
        "SubChipID": 1279017953,
        "PinID": 1984442171
      },
      "WirePoints": [
        {
          "X": -2.10463,
          "Y": 3.21398139
        },
        {
          "X": 0.681854069,
          "Y": 2.12888813
        }
      ],
      "ColourThemeName": "Red"
    },
    {
      "Source": {
        "PinType": 4,
        "SubChipID": 1757430858,
        "PinID": 544146374
      },
      "Target": {
        "PinType": 2,
        "SubChipID": 0,
        "PinID": 237035187
      },
      "WirePoints": [
        {
          "X": -2.05833387,
          "Y": -2.68398142
        },
        {
          "X": -1.70370376,
          "Y": -2.685185
        },
        {
          "X": -1.74999988,
          "Y": -4.22222233
        },
        {
          "X": 7.837778,
          "Y": -4.01851845
        }
      ],
      "ColourThemeName": "Red"
    },
    {
      "Source": {
        "PinType": 4,
        "SubChipID": 1757430858,
        "PinID": 425383636
      },
      "Target": {
        "PinType": 2,
        "SubChipID": 0,
        "PinID": 1887469828
      },
      "WirePoints": [
        {
          "X": -2.05833387,
          "Y": -2.44398141
        },
        {
          "X": -1.537037,
          "Y": -2.44444418
        },
        {
          "X": -1.58333361,
          "Y": -4.074074
        },
        {
          "X": 7.837778,
          "Y": -3.574074
        }
      ],
      "ColourThemeName": "Red"
    },
    {
      "Source": {
        "PinType": 4,
        "SubChipID": 1757430858,
        "PinID": 530163788
      },
      "Target": {
        "PinType": 2,
        "SubChipID": 0,
        "PinID": 1946432634
      },
      "WirePoints": [
        {
          "X": -2.05833387,
          "Y": -2.2039814
        },
        {
          "X": -1.5092591,
          "Y": -2.25
        },
        {
          "X": -1.388889,
          "Y": -2.27777767
        },
        {
          "X": -1.44444478,
          "Y": -3.90740752
        },
        {
          "X": 7.546297,
          "Y": -3.49074078
        },
        {
          "X": 7.5555563,
          "Y": -3.25
        },
        {
          "X": 7.837778,
          "Y": -3.19444466
        }
      ],
      "ColourThemeName": "Red"
    },
    {
      "Source": {
        "PinType": 4,
        "SubChipID": 1757430858,
        "PinID": 1422479735
      },
      "Target": {
        "PinType": 2,
        "SubChipID": 0,
        "PinID": 1243176955
      },
      "WirePoints": [
        {
          "X": -2.05833387,
          "Y": -1.96398139
        },
        {
          "X": -1.287037,
          "Y": -2.32407427
        },
        {
          "X": -1.25,
          "Y": -3.76851845
        },
        {
          "X": 7.342593,
          "Y": -3.31481481
        },
        {
          "X": 7.35185242,
          "Y": -2.851852
        },
        {
          "X": 7.837778,
          "Y": -2.76851869
        }
      ],
      "ColourThemeName": "Red"
    },
    {
      "Source": {
        "PinType": 4,
        "SubChipID": 505405337,
        "PinID": 1282019887
      },
      "Target": {
        "PinType": 3,
        "SubChipID": 351672896,
        "PinID": 1984442171
      },
      "WirePoints": [
        {
          "X": 2.48481321,
          "Y": -3.41074061
        },
        {
          "X": 2.925926,
          "Y": -3.34259272
        },
        {
          "X": 2.76851869,
          "Y": 0.6759262
        },
        {
          "X": 0.5648147,
          "Y": 0.657407641
        },
        {
          "X": 0.435184926,
          "Y": 1.37037039
        },
        {
          "X": 0.672593653,
          "Y": 1.28629529
        }
      ],
      "ColourThemeName": "Red"
    },
    {
      "Source": {
        "PinType": 4,
        "SubChipID": 1279017953,
        "PinID": 1710318817
      },
      "Target": {
        "PinType": 2,
        "SubChipID": 0,
        "PinID": 1074342236
      },
      "WirePoints": [
        {
          "X": 2.52185416,
          "Y": 2.12888813
        },
        {
          "X": 7.837778,
          "Y": 3.24074
        }
      ],
      "ColourThemeName": "Red"
    },
    {
      "Source": {
        "PinType": 4,
        "SubChipID": 351672896,
        "PinID": 362424375
      },
      "Target": {
        "PinType": 3,
        "SubChipID": 1279017953,
        "PinID": 1736554795
      },
      "WirePoints": [
        {
          "X": 2.51259375,
          "Y": 0.8062953
        },
        {
          "X": 2.96296334,
          "Y": 0.814814568
        },
        {
          "X": 2.88888955,
          "Y": 1.81481481
        },
        {
          "X": 0.231481135,
          "Y": 1.67592585
        },
        {
          "X": 0.240740255,
          "Y": 1.79629624
        },
        {
          "X": 0.681854069,
          "Y": 1.88888824
        }
      ],
      "ColourThemeName": "Red"
    },
    {
      "Source": {
        "PinType": 4,
        "SubChipID": 1757430858,
        "PinID": 842457916
      },
      "Target": {
        "PinType": 3,
        "SubChipID": 351672896,
        "PinID": 1804528514
      },
      "WirePoints": [
        {
          "X": -2.05833387,
          "Y": 0.1960187
        },
        {
          "X": 0.672593653,
          "Y": 0.8062953
        }
      ],
      "ColourThemeName": "Red"
    },
    {
      "Source": {
        "PinType": 4,
        "SubChipID": 868209408,
        "PinID": 1970022925
      },
      "Target": {
        "PinType": 2,
        "SubChipID": 0,
        "PinID": 798436539
      },
      "WirePoints": [
        {
          "X": -2.10463,
          "Y": 3.4539814
        },
        {
          "X": 7.837778,
          "Y": 3.75
        }
      ],
      "ColourThemeName": "Red"
    },
    {
      "Source": {
        "PinType": 4,
        "SubChipID": 868209408,
        "PinID": 1633602120
      },
      "Target": {
        "PinType": 2,
        "SubChipID": 0,
        "PinID": 6412359
      },
      "WirePoints": [
        {
          "X": -2.10463,
          "Y": 3.69398141
        },
        {
          "X": 7.837778,
          "Y": 4.32407331
        }
      ],
      "ColourThemeName": "Red"
    }
  ]
}