{
  "Name": "8X2ByteInsRam",
  "Colour": "#355829",
  "InputPins": [
    {
      "Name": "Pin",
      "ID": 1873865507,
      "PositionY": 4.23148155,
      "ColourThemeName": "Red"
    },
    {
      "Name": "Pin",
      "ID": 63641427,
      "PositionY": 3.740741,
      "ColourThemeName": "Red"
    },
    {
      "Name": "Pin",
      "ID": 1723447257,
      "PositionY": 3.29629612,
      "ColourThemeName": "Red"
    },
    {
      "Name": "Pin",
      "ID": 1237626634,
      "PositionY": 2.787037,
      "ColourThemeName": "Red"
    },
    {
      "Name": "Pin",
      "ID": 1896472784,
      "PositionY": 2.268519,
      "ColourThemeName": "Red"
    },
    {
      "Name": "Pin",
      "ID": 423769338,
      "PositionY": 1.86111093,
      "ColourThemeName": "Red"
    },
    {
      "Name": "Pin",
      "ID": 890960839,
      "PositionY": 1.41666651,
      "ColourThemeName": "Red"
    },
    {
      "Name": "Pin",
      "ID": 850560290,
      "PositionY": 0.9722221,
      "ColourThemeName": "Red"
    },
    {
      "Name": "Addess2",
      "ID": 264559730,
      "PositionY": -1.31379664,
      "ColourThemeName": "Red"
    },
    {
      "Name": "Read",
      "ID": 252889857,
      "PositionY": -3.55129647,
      "ColourThemeName": "Red"
    },
    {
      "Name": "Write",
      "ID": 572411175,
      "PositionY": -4.7973156,
      "ColourThemeName": "Red"
    },
    {
      "Name": "Clk",
      "ID": 538323610,
      "PositionY": -6.04388857,
      "ColourThemeName": "Red"
    },
    {
      "Name": "Address0",
      "ID": 1759993952,
      "PositionY": -2.6121304,
      "ColourThemeName": "Red"
    },
    {
      "Name": "WriteEn",
      "ID": 1939383565,
      "PositionY": -5.16768646,
      "ColourThemeName": "Red"
    },
    {
      "Name": "ReadEn",
      "ID": 1190999373,
      "PositionY": -4.04750061,
      "ColourThemeName": "Red"
    },
    {
      "Name": "Pin",
      "ID": 1696358576,
      "PositionY": 5.54620171,
      "ColourThemeName": "Red"
    },
    {
      "Name": "Pin",
      "ID": 1205979252,
      "PositionY": 6.080554,
      "ColourThemeName": "Red"
    },
    {
      "Name": "Pin",
      "ID": 1731228474,
      "PositionY": 6.559627,
      "ColourThemeName": "Red"
    },
    {
      "Name": "Pin",
      "ID": 763882651,
      "PositionY": 6.96499825,
      "ColourThemeName": "Red"
    },
    {
      "Name": "Pin",
      "ID": 1926299853,
      "PositionY": 7.6467576,
      "ColourThemeName": "Red"
    },
    {
      "Name": "Pin",
      "ID": 520006903,
      "PositionY": 8.052128,
      "ColourThemeName": "Red"
    },
    {
      "Name": "Pin",
      "ID": 56618256,
      "PositionY": 8.49434948,
      "ColourThemeName": "Red"
    },
    {
      "Name": "Pin",
      "ID": 404844930,
      "PositionY": 8.954997,
      "ColourThemeName": "Red"
    },
    {
      "Name": "Pin",
      "ID": 1507914062,
      "PositionY": -1.98842633,
      "ColourThemeName": "Red"
    }
  ],
  "OutputPins": [
    {
      "Name": "Pin",
      "ID": 640609474,
      "PositionY": -0.6858341,
      "ColourThemeName": "Red"
    },
    {
      "Name": "Pin",
      "ID": 1764891376,
      "PositionY": -1.18685222,
      "ColourThemeName": "Red"
    },
    {
      "Name": "Pin",
      "ID": 1354084789,
      "PositionY": -1.68787181,
      "ColourThemeName": "Red"
    },
    {
      "Name": "Pin",
      "ID": 2081558438,
      "PositionY": -2.20157433,
      "ColourThemeName": "Red"
    },
    {
      "Name": "Pin",
      "ID": 1757278177,
      "PositionY": -2.9968524,
      "ColourThemeName": "Red"
    },
    {
      "Name": "Pin",
      "ID": 487649070,
      "PositionY": -3.52222228,
      "ColourThemeName": "Red"
    },
    {
      "Name": "Pin",
      "ID": 1528841058,
      "PositionY": -4.04722261,
      "ColourThemeName": "Red"
    },
    {
      "Name": "Pin",
      "ID": 731942415,
      "PositionY": -4.47481537,
      "ColourThemeName": "Red"
    },
    {
      "Name": "Pin",
      "ID": 1883177680,
      "PositionY": 1.07018423,
      "ColourThemeName": "Red"
    },
    {
      "Name": "Pin",
      "ID": 568162917,
      "PositionY": 1.4795351,
      "ColourThemeName": "Red"
    },
    {
      "Name": "Pin",
      "ID": 208203251,
      "PositionY": 1.95314634,
      "ColourThemeName": "Red"
    },
    {
      "Name": "Pin",
      "ID": 724943605,
      "PositionY": 2.88592339,
      "ColourThemeName": "Red"
    },
    {
      "Name": "Pin",
      "ID": 1511375295,
      "PositionY": 3.33657217,
      "ColourThemeName": "Red"
    },
    {
      "Name": "Pin",
      "ID": 25007213,
      "PositionY": 4.38036871,
      "ColourThemeName": "Red"
    },
    {
      "Name": "Pin",
      "ID": 254366502,
      "PositionY": 3.86907363,
      "ColourThemeName": "Red"
    },
    {
      "Name": "Pin",
      "ID": 3427519,
      "PositionY": 0.5481448,
      "ColourThemeName": "Red"
    }
  ],
  "SubChips": [
    {
      "Name": "BUS",
      "ID": 358925917,
      "Points": [
        {
          "X": 0.826117635,
          "Y": 4.10737
        },
        {
          "X": -0.0720306039,
          "Y": 4.098111
        }
      ],
      "Data": null
    },
    {
      "Name": "BUS",
      "ID": 95061757,
      "Points": [
        {
          "X": 0.8281793,
          "Y": 3.90738058
        },
        {
          "X": -0.069969,
          "Y": 3.89812183
        }
      ],
      "Data": null
    },
    {
      "Name": "BUS",
      "ID": 1532618592,
      "Points": [
        {
          "X": 0.8302409,
          "Y": 3.70739126
        },
        {
          "X": -0.06790733,
          "Y": 3.69813251
        }
      ],
      "Data": null
    },
    {
      "Name": "BUS",
      "ID": 1180312320,
      "Points": [
        {
          "X": 0.8323026,
          "Y": 3.507402
        },
        {
          "X": -0.06584573,
          "Y": 3.4981432
        }
      ],
      "Data": null
    },
    {
      "Name": "BUS",
      "ID": 1559434525,
      "Points": [
        {
          "X": 0.8343642,
          "Y": 3.30741262
        },
        {
          "X": -0.06378406,
          "Y": 3.29815388
        }
      ],
      "Data": null
    },
    {
      "Name": "BUS",
      "ID": 1619812019,
      "Points": [
        {
          "X": 0.836425841,
          "Y": 3.10742331
        },
        {
          "X": -0.0617224574,
          "Y": 3.09816456
        }
      ],
      "Data": null
    },
    {
      "Name": "BUS",
      "ID": 30709370,
      "Points": [
        {
          "X": 0.838487446,
          "Y": 2.907434
        },
        {
          "X": -0.0596607924,
          "Y": 2.89817524
        }
      ],
      "Data": null
    },
    {
      "Name": "BUS",
      "ID": 5644602,
      "Points": [
        {
          "X": 0.8405491,
          "Y": 2.70744443
        },
        {
          "X": -0.0575991869,
          "Y": 2.69818568
        }
      ],
      "Data": null
    },
    {
      "Name": "BUS",
      "ID": 1131454672,
      "Points": [
        {
          "X": 0.6481478,
          "Y": 1.65740728
        },
        {
          "X": 0.0277773738,
          "Y": 1.6481483
        }
      ],
      "Data": null
    },
    {
      "Name": "BUS",
      "ID": 1182782569,
      "Points": [
        {
          "X": 0.6541171,
          "Y": 1.25745177
        },
        {
          "X": 0.03374666,
          "Y": 1.24819279
        }
      ],
      "Data": null
    },
    {
      "Name": "AND",
      "ID": 1965009075,
      "Points": [
        {
          "X": -1.4907409,
          "Y": 1.44444466
        }
      ],
      "Data": null
    },
    {
      "Name": "NOT",
      "ID": 1284177546,
      "Points": [
        {
          "X": -3.12962961,
          "Y": 1.49999976
        }
      ],
      "Data": null
    },
    {
      "Name": "BUS",
      "ID": 810362820,
      "Points": [
        {
          "X": 0.6666671,
          "Y": 1.46296322
        },
        {
          "X": 0.0,
          "Y": 1.46296322
        }
      ],
      "Data": null
    },
    {
      "Name": "BUS",
      "ID": 183636641,
      "Points": [
        {
          "X": -4.18518543,
          "Y": 1.46111143
        },
        {
          "X": -4.65740776,
          "Y": 1.46111143
        }
      ],
      "Data": null
    },
    {
      "Name": "BUS",
      "ID": 630350966,
      "Points": [
        {
          "X": -4.18518543,
          "Y": 1.26111138
        },
        {
          "X": -4.65740776,
          "Y": 1.26111138
        }
      ],
      "Data": null
    },
    {
      "Name": "AND",
      "ID": 254858260,
      "Points": [
        {
          "X": -1.69444466,
          "Y": -3.55555534
        }
      ],
      "Data": null
    },
    {
      "Name": "BUS",
      "ID": 1258460774,
      "Points": [
        {
          "X": -2.669418,
          "Y": -3.45576739
        },
        {
          "X": -3.095344,
          "Y": -3.42798972
        }
      ],
      "Data": null
    },
    {
      "Name": "BUS",
      "ID": 1295711938,
      "Points": [
        {
          "X": -2.68243384,
          "Y": -3.65534329
        },
        {
          "X": -3.10835981,
          "Y": -3.62756562
        }
      ],
      "Data": null
    },
    {
      "Name": "AND",
      "ID": 412418024,
      "Points": [
        {
          "X": -1.8611114,
          "Y": -2.75
        }
      ],
      "Data": null
    },
    {
      "Name": "BUS",
      "ID": 1623718515,
      "Points": [
        {
          "X": -2.76333761,
          "Y": -2.61304617
        },
        {
          "X": -3.21704173,
          "Y": -2.63156486
        }
      ],
      "Data": null
    },
    {
      "Name": "BUS",
      "ID": 908371600,
      "Points": [
        {
          "X": -2.75518084,
          "Y": -2.81287956
        },
        {
          "X": -3.208885,
          "Y": -2.83139825
        }
      ],
      "Data": null
    },
    {
      "Name": "AND",
      "ID": 1920009106,
      "Points": [
        {
          "X": -1.5,
          "Y": 2.25925922
        }
      ],
      "Data": null
    },
    {
      "Name": "BUS",
      "ID": 986714729,
      "Points": [
        {
          "X": -2.388889,
          "Y": 2.46481466
        },
        {
          "X": -2.94444466,
          "Y": 2.46481466
        }
      ],
      "Data": null
    },
    {
      "Name": "BUS",
      "ID": 1489901714,
      "Points": [
        {
          "X": 1.10684013,
          "Y": 6.22749853
        },
        {
          "X": -0.20140028,
          "Y": 6.26435041
        }
      ],
      "Data": null
    },
    {
      "Name": "BUS",
      "ID": 1451412966,
      "Points": [
        {
          "X": 1.10120857,
          "Y": 6.027578
        },
        {
          "X": -0.207031846,
          "Y": 6.06442976
        }
      ],
      "Data": null
    },
    {
      "Name": "BUS",
      "ID": 1773693563,
      "Points": [
        {
          "X": 1.095577,
          "Y": 5.827657
        },
        {
          "X": -0.212663412,
          "Y": 5.864509
        }
      ],
      "Data": null
    },
    {
      "Name": "BUS",
      "ID": 675701386,
      "Points": [
        {
          "X": 1.08994544,
          "Y": 5.62773657
        },
        {
          "X": -0.218294978,
          "Y": 5.66458845
        }
      ],
      "Data": null
    },
    {
      "Name": "BUS",
      "ID": 952400203,
      "Points": [
        {
          "X": 1.08431375,
          "Y": 5.427816
        },
        {
          "X": -0.223926663,
          "Y": 5.464668
        }
      ],
      "Data": null
    },
    {
      "Name": "BUS",
      "ID": 874746110,
      "Points": [
        {
          "X": 1.07868218,
          "Y": 5.22789526
        },
        {
          "X": -0.229558229,
          "Y": 5.264747
        }
      ],
      "Data": null
    },
    {
      "Name": "BUS",
      "ID": 1094765891,
      "Points": [
        {
          "X": 1.07305062,
          "Y": 5.02797461
        },
        {
          "X": -0.2351898,
          "Y": 5.06482649
        }
      ],
      "Data": null
    },
    {
      "Name": "BUS",
      "ID": 1820409669,
      "Points": [
        {
          "X": 1.067419,
          "Y": 4.828054
        },
        {
          "X": -0.240821362,
          "Y": 4.864906
        }
      ],
      "Data": null
    },
    {
      "Name": "BUS",
      "ID": 927632068,
      "Points": [
        {
          "X": 1.65160239,
          "Y": 0.20246771
        },
        {
          "X": -0.264693618,
          "Y": 0.184041739
        }
      ],
      "Data": null
    },
    {
      "Name": "BUS",
      "ID": 1520192881,
      "Points": [
        {
          "X": 1.65352535,
          "Y": 0.00247696042
        },
        {
          "X": -0.262770653,
          "Y": -0.01594901
        }
      ],
      "Data": null
    },
    {
      "Name": "BUS",
      "ID": 1262925047,
      "Points": [
        {
          "X": 1.65544832,
          "Y": -0.197513819
        },
        {
          "X": -0.2608477,
          "Y": -0.21593979
        }
      ],
      "Data": null
    },
    {
      "Name": "BUS",
      "ID": 753873375,
      "Points": [
        {
          "X": 1.65737128,
          "Y": -0.3975046
        },
        {
          "X": -0.2589246,
          "Y": -0.415930569
        }
      ],
      "Data": null
    },
    {
      "Name": "BUS",
      "ID": 734772131,
      "Points": [
        {
          "X": 1.65929437,
          "Y": -0.5974954
        },
        {
          "X": -0.257001638,
          "Y": -0.6159213
        }
      ],
      "Data": null
    },
    {
      "Name": "BUS",
      "ID": 792169166,
      "Points": [
        {
          "X": 1.66121733,
          "Y": -0.7974861
        },
        {
          "X": -0.255078673,
          "Y": -0.8159121
        }
      ],
      "Data": null
    },
    {
      "Name": "BUS",
      "ID": 1232389984,
      "Points": [
        {
          "X": 1.6631403,
          "Y": -0.997476935
        },
        {
          "X": -0.2531557,
          "Y": -1.01590288
        }
      ],
      "Data": null
    },
    {
      "Name": "BUS",
      "ID": 643944604,
      "Points": [
        {
          "X": 1.66506326,
          "Y": -1.19746768
        },
        {
          "X": -0.251232743,
          "Y": -1.21589363
        }
      ],
      "Data": null
    },
    {
      "Name": "BUS",
      "ID": 254932566,
      "Points": [
        {
          "X": 1.65833282,
          "Y": -1.69536924
        },
        {
          "X": 0.0184255838,
          "Y": -1.69536924
        }
      ],
      "Data": null
    },
    {
      "Name": "BUS",
      "ID": 1002548269,
      "Points": [
        {
          "X": 1.65833282,
          "Y": -1.89536929
        },
        {
          "X": 0.0184255838,
          "Y": -1.89536929
        }
      ],
      "Data": null
    },
    {
      "Name": "BUS",
      "ID": 1619495870,
      "Points": [
        {
          "X": 1.65833282,
          "Y": -2.09536934
        },
        {
          "X": 0.0184255838,
          "Y": -2.09536934
        }
      ],
      "Data": null
    },
    {
      "Name": "BUS",
      "ID": 1542957579,
      "Points": [
        {
          "X": 1.65833282,
          "Y": -2.29536939
        },
        {
          "X": 0.0184255838,
          "Y": -2.29536939
        }
      ],
      "Data": null
    },
    {
      "Name": "BUS",
      "ID": 435302571,
      "Points": [
        {
          "X": 1.65833282,
          "Y": -2.4953692
        },
        {
          "X": 0.0184255838,
          "Y": -2.4953692
        }
      ],
      "Data": null
    },
    {
      "Name": "BUS",
      "ID": 1540397329,
      "Points": [
        {
          "X": 1.65833282,
          "Y": -2.89536929
        },
        {
          "X": 0.0184255838,
          "Y": -2.89536929
        }
      ],
      "Data": null
    },
    {
      "Name": "BUS",
      "ID": 1626905331,
      "Points": [
        {
          "X": 1.65833282,
          "Y": -3.09536934
        },
        {
          "X": 0.0184255838,
          "Y": -3.09536934
        }
      ],
      "Data": null
    },
    {
      "Name": "BUS",
      "ID": 1100342231,
      "Points": [
        {
          "X": 1.12370408,
          "Y": -4.18111134
        },
        {
          "X": 0.1233331,
          "Y": -4.18111134
        }
      ],
      "Data": null
    },
    {
      "Name": "BUS",
      "ID": 103476503,
      "Points": [
        {
          "X": 1.12370408,
          "Y": -4.38111162
        },
        {
          "X": 0.1233331,
          "Y": -4.38111162
        }
      ],
      "Data": null
    },
    {
      "Name": "BUS",
      "ID": 1803047118,
      "Points": [
        {
          "X": 1.12370408,
          "Y": -4.58111143
        },
        {
          "X": 0.1233331,
          "Y": -4.58111143
        }
      ],
      "Data": null
    },
    {
      "Name": "BUS",
      "ID": 1911778940,
      "Points": [
        {
          "X": 1.12370408,
          "Y": -4.78111172
        },
        {
          "X": 0.1233331,
          "Y": -4.78111172
        }
      ],
      "Data": null
    },
    {
      "Name": "BUS",
      "ID": 1625757232,
      "Points": [
        {
          "X": 0.628196955,
          "Y": 2.31997633
        },
        {
          "X": -0.00217336416,
          "Y": 2.306273
        }
      ],
      "Data": null
    },
    {
      "Name": "BUS",
      "ID": 1635518829,
      "Points": [
        {
          "X": 0.6325437,
          "Y": 2.12002373
        },
        {
          "X": 0.00217336416,
          "Y": 2.10632038
        }
      ],
      "Data": null
    },
    {
      "Name": "BUS",
      "ID": 40550890,
      "Points": [
        {
          "X": 0.6166668,
          "Y": 1.891111
        },
        {
          "X": 0.0137035251,
          "Y": 1.9048152
        }
      ],
      "Data": null
    },
    {
      "Name": "BUS",
      "ID": 1364707709,
      "Points": [
        {
          "X": 1.1160289,
          "Y": -3.757805
        },
        {
          "X": 0.128620625,
          "Y": -3.7348423
        }
      ],
      "Data": null
    },
    {
      "Name": "BUS",
      "ID": 733228082,
      "Points": [
        {
          "X": 1.111379,
          "Y": -3.957751
        },
        {
          "X": 0.123970747,
          "Y": -3.93478823
        }
      ],
      "Data": null
    },
    {
      "Name": "4X2ByteInsRam",
      "ID": 1249957695,
      "Points": [
        {
          "X": 4.879539,
          "Y": 3.98472333
        }
      ],
      "Data": null
    },
    {
      "Name": "4X2ByteInsRam",
      "ID": 1768534722,
      "Points": [
        {
          "X": 5.07527828,
          "Y": -2.26500082
        }
      ],
      "Data": null
    },
    {
      "Name": "BUS",
      "ID": 682965397,
      "Points": [
        {
          "X": 1.61888909,
          "Y": -2.70685172
        },
        {
          "X": 0.0174071789,
          "Y": -2.69814777
        }
      ],
      "Data": null
    },
    {
      "Name": "BUS",
      "ID": 736301517,
      "Points": [
        {
          "X": 1.08296251,
          "Y": -3.37481523
        },
        {
          "X": 0.125925481,
          "Y": -3.36222267
        }
      ],
      "Data": null
    },
    {
      "Name": "BUS",
      "ID": 374999880,
      "Points": [
        {
          "X": 0.644629836,
          "Y": 2.46833372
        },
        {
          "X": 0.0109257605,
          "Y": 2.45740747
        }
      ],
      "Data": null
    }
  ],
  "Connections": [
    {
      "Source": {
        "PinType": 1,
        "SubChipID": 0,
        "PinID": 1873865507
      },
      "Target": {
        "PinType": 3,
        "SubChipID": 358925917,
        "PinID": 0
      },
      "WirePoints": [
        {
          "X": -16.6377716,
          "Y": 4.23148155
        }
      ],
      "ColourThemeName": "Red"
    },
    {
      "Source": {
        "PinType": 1,
        "SubChipID": 0,
        "PinID": 63641427
      },
      "Target": {
        "PinType": 3,
        "SubChipID": 95061757,
        "PinID": 0
      },
      "WirePoints": [
        {
          "X": -16.6377716,
          "Y": 3.740741
        }
      ],
      "ColourThemeName": "Red"
    },
    {
      "Source": {
        "PinType": 1,
        "SubChipID": 0,
        "PinID": 1723447257
      },
      "Target": {
        "PinType": 3,
        "SubChipID": 1532618592,
        "PinID": 0
      },
      "WirePoints": [
        {
          "X": -16.6377716,
          "Y": 3.29629612
        }
      ],
      "ColourThemeName": "Red"
    },
    {
      "Source": {
        "PinType": 1,
        "SubChipID": 0,
        "PinID": 1237626634
      },
      "Target": {
        "PinType": 3,
        "SubChipID": 1180312320,
        "PinID": 0
      },
      "WirePoints": [
        {
          "X": -16.6377716,
          "Y": 2.787037
        }
      ],
      "ColourThemeName": "Red"
    },
    {
      "Source": {
        "PinType": 1,
        "SubChipID": 0,
        "PinID": 1896472784
      },
      "Target": {
        "PinType": 3,
        "SubChipID": 1559434525,
        "PinID": 0
      },
      "WirePoints": [
        {
          "X": -16.6377716,
          "Y": 2.268519
        }
      ],
      "ColourThemeName": "Red"
    },
    {
      "Source": {
        "PinType": 1,
        "SubChipID": 0,
        "PinID": 423769338
      },
      "Target": {
        "PinType": 3,
        "SubChipID": 1619812019,
        "PinID": 0
      },
      "WirePoints": [
        {
          "X": -16.6377716,
          "Y": 1.86111093
        }
      ],
      "ColourThemeName": "Red"
    },
    {
      "Source": {
        "PinType": 1,
        "SubChipID": 0,
        "PinID": 890960839
      },
      "Target": {
        "PinType": 3,
        "SubChipID": 30709370,
        "PinID": 0
      },
      "WirePoints": [
        {
          "X": -16.6377716,
          "Y": 1.41666651
        }
      ],
      "ColourThemeName": "Red"
    },
    {
      "Source": {
        "PinType": 1,
        "SubChipID": 0,
        "PinID": 850560290
      },
      "Target": {
        "PinType": 3,
        "SubChipID": 5644602,
        "PinID": 0
      },
      "WirePoints": [
        {
          "X": -16.6377716,
          "Y": 0.9722221
        }
      ],
      "ColourThemeName": "Red"
    },
    {
      "Source": {
        "PinType": 1,
        "SubChipID": 0,
        "PinID": 538323610
      },
      "Target": {
        "PinType": 3,
        "SubChipID": 1182782569,
        "PinID": 0
      },
      "WirePoints": [
        {
          "X": -16.6377716,
          "Y": -6.04388857
        }
      ],
      "ColourThemeName": "Red"
    },
    {
      "Source": {
        "PinType": 1,
        "SubChipID": 0,
        "PinID": 572411175
      },
      "Target": {
        "PinType": 3,
        "SubChipID": 1131454672,
        "PinID": 0
      },
      "WirePoints": [
        {
          "X": -16.6377716,
          "Y": -4.7973156
        }
      ],
      "ColourThemeName": "Red"
    },
    {
      "Source": {
        "PinType": 4,
        "SubChipID": 1284177546,
        "PinID": 1
      },
      "Target": {
        "PinType": 3,
        "SubChipID": 1965009075,
        "PinID": 0
      },
      "WirePoints": [
        {
          "X": -2.57962966,
          "Y": 1.49999976
        },
        {
          "X": -2.040741,
          "Y": 1.56444466
        }
      ],
      "ColourThemeName": "Red"
    },
    {
      "Source": {
        "PinType": 4,
        "SubChipID": 1965009075,
        "PinID": 2
      },
      "Target": {
        "PinType": 3,
        "SubChipID": 810362820,
        "PinID": 0
      },
      "WirePoints": [
        {
          "X": -0.9407409,
          "Y": 1.44444466
        }
      ],
      "ColourThemeName": "Red"
    },
    {
      "Source": {
        "PinType": 4,
        "SubChipID": 183636641,
        "PinID": 1
      },
      "Target": {
        "PinType": 3,
        "SubChipID": 1284177546,
        "PinID": 0
      },
      "WirePoints": [
        {
          "X": -3.67962956,
          "Y": 1.49999976
        }
      ],
      "ColourThemeName": "Red"
    },
    {
      "Source": {
        "PinType": 1,
        "SubChipID": 0,
        "PinID": 264559730
      },
      "Target": {
        "PinType": 3,
        "SubChipID": 183636641,
        "PinID": 0
      },
      "WirePoints": [
        {
          "X": -16.6377716,
          "Y": -1.31379664
        }
      ],
      "ColourThemeName": "Red"
    },
    {
      "Source": {
        "PinType": 1,
        "SubChipID": 0,
        "PinID": 1939383565
      },
      "Target": {
        "PinType": 3,
        "SubChipID": 630350966,
        "PinID": 0
      },
      "WirePoints": [
        {
          "X": -16.6377716,
          "Y": -5.16768646
        }
      ],
      "ColourThemeName": "Red"
    },
    {
      "Source": {
        "PinType": 4,
        "SubChipID": 630350966,
        "PinID": 1
      },
      "Target": {
        "PinType": 3,
        "SubChipID": 1965009075,
        "PinID": 1
      },
      "WirePoints": [
        {
          "X": -2.040741,
          "Y": 1.32444465
        }
      ],
      "ColourThemeName": "Red"
    },
    {
      "Source": {
        "PinType": 4,
        "SubChipID": 1258460774,
        "PinID": 1
      },
      "Target": {
        "PinType": 3,
        "SubChipID": 254858260,
        "PinID": 0
      },
      "WirePoints": [
        {
          "X": -2.24444461,
          "Y": -3.43555546
        }
      ],
      "ColourThemeName": "Red"
    },
    {
      "Source": {
        "PinType": 4,
        "SubChipID": 1295711938,
        "PinID": 1
      },
      "Target": {
        "PinType": 3,
        "SubChipID": 254858260,
        "PinID": 1
      },
      "WirePoints": [
        {
          "X": -2.24444461,
          "Y": -3.67555523
        }
      ],
      "ColourThemeName": "Red"
    },
    {
      "Source": {
        "PinType": 1,
        "SubChipID": 0,
        "PinID": 1939383565
      },
      "Target": {
        "PinType": 3,
        "SubChipID": 1295711938,
        "PinID": 0
      },
      "WirePoints": [
        {
          "X": -16.6377716,
          "Y": -5.16768646
        }
      ],
      "ColourThemeName": "Red"
    },
    {
      "Source": {
        "PinType": 1,
        "SubChipID": 0,
        "PinID": 264559730
      },
      "Target": {
        "PinType": 3,
        "SubChipID": 1258460774,
        "PinID": 0
      },
      "WirePoints": [
        {
          "X": -16.6377716,
          "Y": -1.31379664
        }
      ],
      "ColourThemeName": "Red"
    },
    {
      "Source": {
        "PinType": 1,
        "SubChipID": 0,
        "PinID": 264559730
      },
      "Target": {
        "PinType": 3,
        "SubChipID": 1623718515,
        "PinID": 0
      },
      "WirePoints": [
        {
          "X": -16.6377716,
          "Y": -1.31379664
        }
      ],
      "ColourThemeName": "Red"
    },
    {
      "Source": {
        "PinType": 4,
        "SubChipID": 1623718515,
        "PinID": 1
      },
      "Target": {
        "PinType": 3,
        "SubChipID": 412418024,
        "PinID": 0
      },
      "WirePoints": [
        {
          "X": -2.41111135,
          "Y": -2.63
        }
      ],
      "ColourThemeName": "Red"
    },
    {
      "Source": {
        "PinType": 1,
        "SubChipID": 0,
        "PinID": 1190999373
      },
      "Target": {
        "PinType": 3,
        "SubChipID": 908371600,
        "PinID": 0
      },
      "WirePoints": [
        {
          "X": -16.6377716,
          "Y": -4.04750061
        }
      ],
      "ColourThemeName": "Red"
    },
    {
      "Source": {
        "PinType": 4,
        "SubChipID": 1284177546,
        "PinID": 1
      },
      "Target": {
        "PinType": 3,
        "SubChipID": 1920009106,
        "PinID": 1
      },
      "WirePoints": [
        {
          "X": -2.57962966,
          "Y": 1.49999976
        },
        {
          "X": -2.35873365,
          "Y": 1.52641642
        },
        {
          "X": -2.33333325,
          "Y": 2.05555558
        },
        {
          "X": -2.05,
          "Y": 2.13925934
        }
      ],
      "ColourThemeName": "Red"
    },
    {
      "Source": {
        "PinType": 1,
        "SubChipID": 0,
        "PinID": 1190999373
      },
      "Target": {
        "PinType": 3,
        "SubChipID": 986714729,
        "PinID": 0
      },
      "WirePoints": [
        {
          "X": -16.6377716,
          "Y": -4.04750061
        }
      ],
      "ColourThemeName": "Red"
    },
    {
      "Source": {
        "PinType": 4,
        "SubChipID": 986714729,
        "PinID": 1
      },
      "Target": {
        "PinType": 3,
        "SubChipID": 1920009106,
        "PinID": 0
      },
      "WirePoints": [
        {
          "X": -2.05,
          "Y": 2.379259
        }
      ],
      "ColourThemeName": "Red"
    },
    {
      "Source": {
        "PinType": 4,
        "SubChipID": 908371600,
        "PinID": 1
      },
      "Target": {
        "PinType": 3,
        "SubChipID": 412418024,
        "PinID": 1
      },
      "WirePoints": [
        {
          "X": -2.41111135,
          "Y": -2.87
        }
      ],
      "ColourThemeName": "Red"
    },
    {
      "Source": {
        "PinType": 1,
        "SubChipID": 0,
        "PinID": 404844930
      },
      "Target": {
        "PinType": 3,
        "SubChipID": 1489901714,
        "PinID": 0
      },
      "WirePoints": [
        {
          "X": -16.6377716,
          "Y": 8.954997
        }
      ],
      "ColourThemeName": "Red"
    },
    {
      "Source": {
        "PinType": 1,
        "SubChipID": 0,
        "PinID": 56618256
      },
      "Target": {
        "PinType": 3,
        "SubChipID": 1451412966,
        "PinID": 0
      },
      "WirePoints": [
        {
          "X": -16.6377716,
          "Y": 8.49434948
        }
      ],
      "ColourThemeName": "Red"
    },
    {
      "Source": {
        "PinType": 1,
        "SubChipID": 0,
        "PinID": 404844930
      },
      "Target": {
        "PinType": 3,
        "SubChipID": 1489901714,
        "PinID": 0
      },
      "WirePoints": [
        {
          "X": -16.6377716,
          "Y": 8.954997
        }
      ],
      "ColourThemeName": "Red"
    },
    {
      "Source": {
        "PinType": 1,
        "SubChipID": 0,
        "PinID": 520006903
      },
      "Target": {
        "PinType": 3,
        "SubChipID": 1773693563,
        "PinID": 0
      },
      "WirePoints": [
        {
          "X": -16.6377716,
          "Y": 8.052128
        }
      ],
      "ColourThemeName": "Red"
    },
    {
      "Source": {
        "PinType": 1,
        "SubChipID": 0,
        "PinID": 1926299853
      },
      "Target": {
        "PinType": 3,
        "SubChipID": 675701386,
        "PinID": 0
      },
      "WirePoints": [
        {
          "X": -16.6377716,
          "Y": 7.6467576
        }
      ],
      "ColourThemeName": "Red"
    },
    {
      "Source": {
        "PinType": 1,
        "SubChipID": 0,
        "PinID": 763882651
      },
      "Target": {
        "PinType": 3,
        "SubChipID": 952400203,
        "PinID": 0
      },
      "WirePoints": [
        {
          "X": -16.6377716,
          "Y": 6.96499825
        }
      ],
      "ColourThemeName": "Red"
    },
    {
      "Source": {
        "PinType": 1,
        "SubChipID": 0,
        "PinID": 1731228474
      },
      "Target": {
        "PinType": 3,
        "SubChipID": 874746110,
        "PinID": 0
      },
      "WirePoints": [
        {
          "X": -16.6377716,
          "Y": 6.559627
        }
      ],
      "ColourThemeName": "Red"
    },
    {
      "Source": {
        "PinType": 1,
        "SubChipID": 0,
        "PinID": 1205979252
      },
      "Target": {
        "PinType": 3,
        "SubChipID": 1094765891,
        "PinID": 0
      },
      "WirePoints": [
        {
          "X": -16.6377716,
          "Y": 6.080554
        }
      ],
      "ColourThemeName": "Red"
    },
    {
      "Source": {
        "PinType": 1,
        "SubChipID": 0,
        "PinID": 1696358576
      },
      "Target": {
        "PinType": 3,
        "SubChipID": 1820409669,
        "PinID": 0
      },
      "WirePoints": [
        {
          "X": -16.6377716,
          "Y": 5.54620171
        }
      ],
      "ColourThemeName": "Red"
    },
    {
      "Source": {
        "PinType": 1,
        "SubChipID": 0,
        "PinID": 1873865507
      },
      "Target": {
        "PinType": 3,
        "SubChipID": 358925917,
        "PinID": 0
      },
      "WirePoints": [
        {
          "X": -16.6377716,
          "Y": 4.23148155
        }
      ],
      "ColourThemeName": "Red"
    },
    {
      "Source": {
        "PinType": 1,
        "SubChipID": 0,
        "PinID": 63641427
      },
      "Target": {
        "PinType": 3,
        "SubChipID": 95061757,
        "PinID": 0
      },
      "WirePoints": [
        {
          "X": -16.6377716,
          "Y": 3.740741
        }
      ],
      "ColourThemeName": "Red"
    },
    {
      "Source": {
        "PinType": 1,
        "SubChipID": 0,
        "PinID": 1759993952
      },
      "Target": {
        "PinType": 3,
        "SubChipID": 1625757232,
        "PinID": 0
      },
      "WirePoints": [
        {
          "X": -16.6377716,
          "Y": -2.6121304
        }
      ],
      "ColourThemeName": "Red"
    },
    {
      "Source": {
        "PinType": 1,
        "SubChipID": 0,
        "PinID": 252889857
      },
      "Target": {
        "PinType": 3,
        "SubChipID": 1635518829,
        "PinID": 0
      },
      "WirePoints": [
        {
          "X": -16.6377716,
          "Y": -3.55129647
        }
      ],
      "ColourThemeName": "Red"
    },
    {
      "Source": {
        "PinType": 4,
        "SubChipID": 1920009106,
        "PinID": 2
      },
      "Target": {
        "PinType": 3,
        "SubChipID": 40550890,
        "PinID": 0
      },
      "WirePoints": [
        {
          "X": -0.95,
          "Y": 2.25925922
        }
      ],
      "ColourThemeName": "Red"
    },
    {
      "Source": {
        "PinType": 1,
        "SubChipID": 0,
        "PinID": 850560290
      },
      "Target": {
        "PinType": 3,
        "SubChipID": 1626905331,
        "PinID": 0
      },
      "WirePoints": [
        {
          "X": -16.6377716,
          "Y": 0.9722221
        }
      ],
      "ColourThemeName": "Red"
    },
    {
      "Source": {
        "PinType": 1,
        "SubChipID": 0,
        "PinID": 890960839
      },
      "Target": {
        "PinType": 3,
        "SubChipID": 1540397329,
        "PinID": 0
      },
      "WirePoints": [
        {
          "X": -16.6377716,
          "Y": 1.41666651
        }
      ],
      "ColourThemeName": "Red"
    },
    {
      "Source": {
        "PinType": 1,
        "SubChipID": 0,
        "PinID": 1896472784
      },
      "Target": {
        "PinType": 3,
        "SubChipID": 435302571,
        "PinID": 0
      },
      "WirePoints": [
        {
          "X": -16.6377716,
          "Y": 2.268519
        }
      ],
      "ColourThemeName": "Red"
    },
    {
      "Source": {
        "PinType": 1,
        "SubChipID": 0,
        "PinID": 1237626634
      },
      "Target": {
        "PinType": 3,
        "SubChipID": 1542957579,
        "PinID": 0
      },
      "WirePoints": [
        {
          "X": -16.6377716,
          "Y": 2.787037
        }
      ],
      "ColourThemeName": "Red"
    },
    {
      "Source": {
        "PinType": 1,
        "SubChipID": 0,
        "PinID": 1723447257
      },
      "Target": {
        "PinType": 3,
        "SubChipID": 1619495870,
        "PinID": 0
      },
      "WirePoints": [
        {
          "X": -16.6377716,
          "Y": 3.29629612
        }
      ],
      "ColourThemeName": "Red"
    },
    {
      "Source": {
        "PinType": 1,
        "SubChipID": 0,
        "PinID": 63641427
      },
      "Target": {
        "PinType": 3,
        "SubChipID": 1002548269,
        "PinID": 0
      },
      "WirePoints": [
        {
          "X": -16.6377716,
          "Y": 3.740741
        }
      ],
      "ColourThemeName": "Red"
    },
    {
      "Source": {
        "PinType": 1,
        "SubChipID": 0,
        "PinID": 1873865507
      },
      "Target": {
        "PinType": 3,
        "SubChipID": 254932566,
        "PinID": 0
      },
      "WirePoints": [
        {
          "X": -16.6377716,
          "Y": 4.23148155
        }
      ],
      "ColourThemeName": "Red"
    },
    {
      "Source": {
        "PinType": 1,
        "SubChipID": 0,
        "PinID": 1696358576
      },
      "Target": {
        "PinType": 3,
        "SubChipID": 643944604,
        "PinID": 0
      },
      "WirePoints": [
        {
          "X": -16.6377716,
          "Y": 5.54620171
        }
      ],
      "ColourThemeName": "Red"
    },
    {
      "Source": {
        "PinType": 1,
        "SubChipID": 0,
        "PinID": 1205979252
      },
      "Target": {
        "PinType": 3,
        "SubChipID": 1232389984,
        "PinID": 0
      },
      "WirePoints": [
        {
          "X": -16.6377716,
          "Y": 6.080554
        }
      ],
      "ColourThemeName": "Red"
    },
    {
      "Source": {
        "PinType": 1,
        "SubChipID": 0,
        "PinID": 1731228474
      },
      "Target": {
        "PinType": 3,
        "SubChipID": 792169166,
        "PinID": 0
      },
      "WirePoints": [
        {
          "X": -16.6377716,
          "Y": 6.559627
        }
      ],
      "ColourThemeName": "Red"
    },
    {
      "Source": {
        "PinType": 1,
        "SubChipID": 0,
        "PinID": 763882651
      },
      "Target": {
        "PinType": 3,
        "SubChipID": 734772131,
        "PinID": 0
      },
      "WirePoints": [
        {
          "X": -16.6377716,
          "Y": 6.96499825
        }
      ],
      "ColourThemeName": "Red"
    },
    {
      "Source": {
        "PinType": 1,
        "SubChipID": 0,
        "PinID": 1926299853
      },
      "Target": {
        "PinType": 3,
        "SubChipID": 753873375,
        "PinID": 0
      },
      "WirePoints": [
        {
          "X": -16.6377716,
          "Y": 7.6467576
        }
      ],
      "ColourThemeName": "Red"
    },
    {
      "Source": {
        "PinType": 1,
        "SubChipID": 0,
        "PinID": 520006903
      },
      "Target": {
        "PinType": 3,
        "SubChipID": 1262925047,
        "PinID": 0
      },
      "WirePoints": [
        {
          "X": -16.6377716,
          "Y": 8.052128
        }
      ],
      "ColourThemeName": "Red"
    },
    {
      "Source": {
        "PinType": 1,
        "SubChipID": 0,
        "PinID": 56618256
      },
      "Target": {
        "PinType": 3,
        "SubChipID": 1520192881,
        "PinID": 0
      },
      "WirePoints": [
        {
          "X": -16.6377716,
          "Y": 8.49434948
        }
      ],
      "ColourThemeName": "Red"
    },
    {
      "Source": {
        "PinType": 1,
        "SubChipID": 0,
        "PinID": 404844930
      },
      "Target": {
        "PinType": 3,
        "SubChipID": 927632068,
        "PinID": 0
      },
      "WirePoints": [
        {
          "X": -16.6377716,
          "Y": 8.954997
        }
      ],
      "ColourThemeName": "Red"
    },
    {
      "Source": {
        "PinType": 1,
        "SubChipID": 0,
        "PinID": 538323610
      },
      "Target": {
        "PinType": 3,
        "SubChipID": 1911778940,
        "PinID": 0
      },
      "WirePoints": [
        {
          "X": -16.6377716,
          "Y": -6.04388857
        }
      ],
      "ColourThemeName": "Red"
    },
    {
      "Source": {
        "PinType": 4,
        "SubChipID": 254858260,
        "PinID": 2
      },
      "Target": {
        "PinType": 3,
        "SubChipID": 1803047118,
        "PinID": 0
      },
      "WirePoints": [
        {
          "X": -1.1444447,
          "Y": -3.55555534
        }
      ],
      "ColourThemeName": "Red"
    },
    {
      "Source": {
        "PinType": 1,
        "SubChipID": 0,
        "PinID": 572411175
      },
      "Target": {
        "PinType": 3,
        "SubChipID": 103476503,
        "PinID": 0
      },
      "WirePoints": [
        {
          "X": -16.6377716,
          "Y": -4.7973156
        }
      ],
      "ColourThemeName": "Red"
    },
    {
      "Source": {
        "PinType": 4,
        "SubChipID": 412418024,
        "PinID": 2
      },
      "Target": {
        "PinType": 3,
        "SubChipID": 1100342231,
        "PinID": 0
      },
      "WirePoints": [
        {
          "X": -1.31111145,
          "Y": -2.75
        }
      ],
      "ColourThemeName": "Red"
    },
    {
      "Source": {
        "PinType": 1,
        "SubChipID": 0,
        "PinID": 252889857
      },
      "Target": {
        "PinType": 3,
        "SubChipID": 733228082,
        "PinID": 0
      },
      "WirePoints": [
        {
          "X": -16.6377716,
          "Y": -3.55129647
        }
      ],
      "ColourThemeName": "Red"
    },
    {
      "Source": {
        "PinType": 1,
        "SubChipID": 0,
        "PinID": 1759993952
      },
      "Target": {
        "PinType": 3,
        "SubChipID": 1364707709,
        "PinID": 0
      },
      "WirePoints": [
        {
          "X": -16.6377716,
          "Y": -2.6121304
        }
      ],
      "ColourThemeName": "Red"
    },
    {
      "Source": {
        "PinType": 4,
        "SubChipID": 1249957695,
        "PinID": 25007213
      },
      "Target": {
        "PinType": 2,
        "SubChipID": 0,
        "PinID": 25007213
      },
      "WirePoints": [
        {
          "X": 6.099539,
          "Y": 6.62472343
        },
        {
          "X": 16.6377716,
          "Y": 4.38036871
        }
      ],
      "ColourThemeName": "Red"
    },
    {
      "Source": {
        "PinType": 4,
        "SubChipID": 1249957695,
        "PinID": 254366502
      },
      "Target": {
        "PinType": 2,
        "SubChipID": 0,
        "PinID": 254366502
      },
      "WirePoints": [
        {
          "X": 6.099539,
          "Y": 6.272723
        },
        {
          "X": 16.6377716,
          "Y": 3.86907363
        }
      ],
      "ColourThemeName": "Red"
    },
    {
      "Source": {
        "PinType": 4,
        "SubChipID": 1249957695,
        "PinID": 1511375295
      },
      "Target": {
        "PinType": 2,
        "SubChipID": 0,
        "PinID": 1511375295
      },
      "WirePoints": [
        {
          "X": 6.099539,
          "Y": 5.920723
        },
        {
          "X": 16.6377716,
          "Y": 3.33657217
        }
      ],
      "ColourThemeName": "Red"
    },
    {
      "Source": {
        "PinType": 4,
        "SubChipID": 1249957695,
        "PinID": 724943605
      },
      "Target": {
        "PinType": 2,
        "SubChipID": 0,
        "PinID": 724943605
      },
      "WirePoints": [
        {
          "X": 6.099539,
          "Y": 5.568723
        },
        {
          "X": 16.6377716,
          "Y": 2.88592339
        }
      ],
      "ColourThemeName": "Red"
    },
    {
      "Source": {
        "PinType": 4,
        "SubChipID": 1249957695,
        "PinID": 208203251
      },
      "Target": {
        "PinType": 2,
        "SubChipID": 0,
        "PinID": 208203251
      },
      "WirePoints": [
        {
          "X": 6.099539,
          "Y": 5.21672344
        },
        {
          "X": 16.6377716,
          "Y": 1.95314634
        }
      ],
      "ColourThemeName": "Red"
    },
    {
      "Source": {
        "PinType": 4,
        "SubChipID": 1249957695,
        "PinID": 568162917
      },
      "Target": {
        "PinType": 2,
        "SubChipID": 0,
        "PinID": 568162917
      },
      "WirePoints": [
        {
          "X": 6.099539,
          "Y": 4.864723
        },
        {
          "X": 16.6377716,
          "Y": 1.4795351
        }
      ],
      "ColourThemeName": "Red"
    },
    {
      "Source": {
        "PinType": 4,
        "SubChipID": 1249957695,
        "PinID": 1883177680
      },
      "Target": {
        "PinType": 2,
        "SubChipID": 0,
        "PinID": 1883177680
      },
      "WirePoints": [
        {
          "X": 6.099539,
          "Y": 4.51272345
        },
        {
          "X": 16.6377716,
          "Y": 1.07018423
        }
      ],
      "ColourThemeName": "Red"
    },
    {
      "Source": {
        "PinType": 4,
        "SubChipID": 1249957695,
        "PinID": 3427519
      },
      "Target": {
        "PinType": 2,
        "SubChipID": 0,
        "PinID": 3427519
      },
      "WirePoints": [
        {
          "X": 6.099539,
          "Y": 4.160723
        },
        {
          "X": 16.6377716,
          "Y": 0.5481448
        }
      ],
      "ColourThemeName": "Red"
    },
    {
      "Source": {
        "PinType": 4,
        "SubChipID": 1249957695,
        "PinID": 640609474
      },
      "Target": {
        "PinType": 2,
        "SubChipID": 0,
        "PinID": 640609474
      },
      "WirePoints": [
        {
          "X": 6.099539,
          "Y": 3.80872321
        },
        {
          "X": 16.6377716,
          "Y": -0.6858341
        }
      ],
      "ColourThemeName": "Red"
    },
    {
      "Source": {
        "PinType": 4,
        "SubChipID": 1249957695,
        "PinID": 1764891376
      },
      "Target": {
        "PinType": 2,
        "SubChipID": 0,
        "PinID": 1764891376
      },
      "WirePoints": [
        {
          "X": 6.099539,
          "Y": 3.45672321
        },
        {
          "X": 16.6377716,
          "Y": -1.18685222
        }
      ],
      "ColourThemeName": "Red"
    },
    {
      "Source": {
        "PinType": 4,
        "SubChipID": 1249957695,
        "PinID": 1354084789
      },
      "Target": {
        "PinType": 2,
        "SubChipID": 0,
        "PinID": 1354084789
      },
      "WirePoints": [
        {
          "X": 6.099539,
          "Y": 3.10472322
        },
        {
          "X": 16.6377716,
          "Y": -1.68787181
        }
      ],
      "ColourThemeName": "Red"
    },
    {
      "Source": {
        "PinType": 4,
        "SubChipID": 1249957695,
        "PinID": 2081558438
      },
      "Target": {
        "PinType": 2,
        "SubChipID": 0,
        "PinID": 2081558438
      },
      "WirePoints": [
        {
          "X": 6.099539,
          "Y": 2.75272322
        },
        {
          "X": 16.6377716,
          "Y": -2.20157433
        }
      ],
      "ColourThemeName": "Red"
    },
    {
      "Source": {
        "PinType": 4,
        "SubChipID": 1249957695,
        "PinID": 1757278177
      },
      "Target": {
        "PinType": 2,
        "SubChipID": 0,
        "PinID": 1757278177
      },
      "WirePoints": [
        {
          "X": 6.099539,
          "Y": 2.40072346
        },
        {
          "X": 16.6377716,
          "Y": -2.9968524
        }
      ],
      "ColourThemeName": "Red"
    },
    {
      "Source": {
        "PinType": 4,
        "SubChipID": 1249957695,
        "PinID": 487649070
      },
      "Target": {
        "PinType": 2,
        "SubChipID": 0,
        "PinID": 487649070
      },
      "WirePoints": [
        {
          "X": 6.099539,
          "Y": 2.04872322
        },
        {
          "X": 16.6377716,
          "Y": -3.52222228
        }
      ],
      "ColourThemeName": "Red"
    },
    {
      "Source": {
        "PinType": 4,
        "SubChipID": 1249957695,
        "PinID": 1528841058
      },
      "Target": {
        "PinType": 2,
        "SubChipID": 0,
        "PinID": 1528841058
      },
      "WirePoints": [
        {
          "X": 6.099539,
          "Y": 1.69672346
        },
        {
          "X": 16.6377716,
          "Y": -4.04722261
        }
      ],
      "ColourThemeName": "Red"
    },
    {
      "Source": {
        "PinType": 4,
        "SubChipID": 1249957695,
        "PinID": 731942415
      },
      "Target": {
        "PinType": 2,
        "SubChipID": 0,
        "PinID": 731942415
      },
      "WirePoints": [
        {
          "X": 6.099539,
          "Y": 1.34472346
        },
        {
          "X": 16.6377716,
          "Y": -4.47481537
        }
      ],
      "ColourThemeName": "Red"
    },
    {
      "Source": {
        "PinType": 4,
        "SubChipID": 1768534722,
        "PinID": 25007213
      },
      "Target": {
        "PinType": 2,
        "SubChipID": 0,
        "PinID": 25007213
      },
      "WirePoints": [
        {
          "X": 6.29527855,
          "Y": 0.374999046
        },
        {
          "X": 16.6377716,
          "Y": 4.38036871
        }
      ],
      "ColourThemeName": "Red"
    },
    {
      "Source": {
        "PinType": 4,
        "SubChipID": 1768534722,
        "PinID": 254366502
      },
      "Target": {
        "PinType": 2,
        "SubChipID": 0,
        "PinID": 254366502
      },
      "WirePoints": [
        {
          "X": 6.29527855,
          "Y": 0.0229990482
        },
        {
          "X": 16.6377716,
          "Y": 3.86907363
        }
      ],
      "ColourThemeName": "Red"
    },
    {
      "Source": {
        "PinType": 4,
        "SubChipID": 1768534722,
        "PinID": 1511375295
      },
      "Target": {
        "PinType": 2,
        "SubChipID": 0,
        "PinID": 1511375295
      },
      "WirePoints": [
        {
          "X": 6.29527855,
          "Y": -0.32900095
        },
        {
          "X": 16.6377716,
          "Y": 3.33657217
        }
      ],
      "ColourThemeName": "Red"
    },
    {
      "Source": {
        "PinType": 4,
        "SubChipID": 1768534722,
        "PinID": 724943605
      },
      "Target": {
        "PinType": 2,
        "SubChipID": 0,
        "PinID": 724943605
      },
      "WirePoints": [
        {
          "X": 6.29527855,
          "Y": -0.681000948
        },
        {
          "X": 16.6377716,
          "Y": 2.88592339
        }
      ],
      "ColourThemeName": "Red"
    },
    {
      "Source": {
        "PinType": 4,
        "SubChipID": 1768534722,
        "PinID": 208203251
      },
      "Target": {
        "PinType": 2,
        "SubChipID": 0,
        "PinID": 208203251
      },
      "WirePoints": [
        {
          "X": 6.29527855,
          "Y": -1.033001
        },
        {
          "X": 16.6377716,
          "Y": 1.95314634
        }
      ],
      "ColourThemeName": "Red"
    },
    {
      "Source": {
        "PinType": 4,
        "SubChipID": 1768534722,
        "PinID": 568162917
      },
      "Target": {
        "PinType": 2,
        "SubChipID": 0,
        "PinID": 568162917
      },
      "WirePoints": [
        {
          "X": 6.29527855,
          "Y": -1.385001
        },
        {
          "X": 16.6377716,
          "Y": 1.4795351
        }
      ],
      "ColourThemeName": "Red"
    },
    {
      "Source": {
        "PinType": 4,
        "SubChipID": 1768534722,
        "PinID": 1883177680
      },
      "Target": {
        "PinType": 2,
        "SubChipID": 0,
        "PinID": 1883177680
      },
      "WirePoints": [
        {
          "X": 6.29527855,
          "Y": -1.737001
        },
        {
          "X": 16.6377716,
          "Y": 1.07018423
        }
      ],
      "ColourThemeName": "Red"
    },
    {
      "Source": {
        "PinType": 4,
        "SubChipID": 1768534722,
        "PinID": 3427519
      },
      "Target": {
        "PinType": 2,
        "SubChipID": 0,
        "PinID": 3427519
      },
      "WirePoints": [
        {
          "X": 6.29527855,
          "Y": -2.089001
        },
        {
          "X": 16.6377716,
          "Y": 0.5481448
        }
      ],
      "ColourThemeName": "Red"
    },
    {
      "Source": {
        "PinType": 4,
        "SubChipID": 1768534722,
        "PinID": 640609474
      },
      "Target": {
        "PinType": 2,
        "SubChipID": 0,
        "PinID": 640609474
      },
      "WirePoints": [
        {
          "X": 6.29527855,
          "Y": -2.441001
        },
        {
          "X": 16.6377716,
          "Y": -0.6858341
        }
      ],
      "ColourThemeName": "Red"
    },
    {
      "Source": {
        "PinType": 4,
        "SubChipID": 1768534722,
        "PinID": 1764891376
      },
      "Target": {
        "PinType": 2,
        "SubChipID": 0,
        "PinID": 1764891376
      },
      "WirePoints": [
        {
          "X": 6.29527855,
          "Y": -2.793001
        },
        {
          "X": 16.6377716,
          "Y": -1.18685222
        }
      ],
      "ColourThemeName": "Red"
    },
    {
      "Source": {
        "PinType": 4,
        "SubChipID": 1768534722,
        "PinID": 1354084789
      },
      "Target": {
        "PinType": 2,
        "SubChipID": 0,
        "PinID": 1354084789
      },
      "WirePoints": [
        {
          "X": 6.29527855,
          "Y": -3.145001
        },
        {
          "X": 16.6377716,
          "Y": -1.68787181
        }
      ],
      "ColourThemeName": "Red"
    },
    {
      "Source": {
        "PinType": 4,
        "SubChipID": 1768534722,
        "PinID": 2081558438
      },
      "Target": {
        "PinType": 2,
        "SubChipID": 0,
        "PinID": 2081558438
      },
      "WirePoints": [
        {
          "X": 6.29527855,
          "Y": -3.49700069
        },
        {
          "X": 16.6377716,
          "Y": -2.20157433
        }
      ],
      "ColourThemeName": "Red"
    },
    {
      "Source": {
        "PinType": 4,
        "SubChipID": 1768534722,
        "PinID": 1757278177
      },
      "Target": {
        "PinType": 2,
        "SubChipID": 0,
        "PinID": 1757278177
      },
      "WirePoints": [
        {
          "X": 6.29527855,
          "Y": -3.849001
        },
        {
          "X": 16.6377716,
          "Y": -2.9968524
        }
      ],
      "ColourThemeName": "Red"
    },
    {
      "Source": {
        "PinType": 4,
        "SubChipID": 1768534722,
        "PinID": 487649070
      },
      "Target": {
        "PinType": 2,
        "SubChipID": 0,
        "PinID": 487649070
      },
      "WirePoints": [
        {
          "X": 6.29527855,
          "Y": -4.20100069
        },
        {
          "X": 16.6377716,
          "Y": -3.52222228
        }
      ],
      "ColourThemeName": "Red"
    },
    {
      "Source": {
        "PinType": 4,
        "SubChipID": 1768534722,
        "PinID": 1528841058
      },
      "Target": {
        "PinType": 2,
        "SubChipID": 0,
        "PinID": 1528841058
      },
      "WirePoints": [
        {
          "X": 6.29527855,
          "Y": -4.55300045
        },
        {
          "X": 16.6377716,
          "Y": -4.04722261
        }
      ],
      "ColourThemeName": "Red"
    },
    {
      "Source": {
        "PinType": 4,
        "SubChipID": 1768534722,
        "PinID": 731942415
      },
      "Target": {
        "PinType": 2,
        "SubChipID": 0,
        "PinID": 731942415
      },
      "WirePoints": [
        {
          "X": 6.29527855,
          "Y": -4.90500069
        },
        {
          "X": 16.6377716,
          "Y": -4.47481537
        }
      ],
      "ColourThemeName": "Red"
    },
    {
      "Source": {
        "PinType": 4,
        "SubChipID": 927632068,
        "PinID": 1
      },
      "Target": {
        "PinType": 3,
        "SubChipID": 1768534722,
        "PinID": 404844930
      },
      "WirePoints": [
        {
          "X": 3.85527825,
          "Y": 0.374999046
        }
      ],
      "ColourThemeName": "Red"
    },
    {
      "Source": {
        "PinType": 4,
        "SubChipID": 1520192881,
        "PinID": 1
      },
      "Target": {
        "PinType": 3,
        "SubChipID": 1768534722,
        "PinID": 56618256
      },
      "WirePoints": [
        {
          "X": 3.85527825,
          "Y": 0.134999037
        }
      ],
      "ColourThemeName": "Red"
    },
    {
      "Source": {
        "PinType": 4,
        "SubChipID": 1262925047,
        "PinID": 1
      },
      "Target": {
        "PinType": 3,
        "SubChipID": 1768534722,
        "PinID": 520006903
      },
      "WirePoints": [
        {
          "X": 3.85527825,
          "Y": -0.105000973
        }
      ],
      "ColourThemeName": "Red"
    },
    {
      "Source": {
        "PinType": 4,
        "SubChipID": 753873375,
        "PinID": 1
      },
      "Target": {
        "PinType": 3,
        "SubChipID": 1768534722,
        "PinID": 1926299853
      },
      "WirePoints": [
        {
          "X": 3.85527825,
          "Y": -0.345000982
        }
      ],
      "ColourThemeName": "Red"
    },
    {
      "Source": {
        "PinType": 4,
        "SubChipID": 734772131,
        "PinID": 1
      },
      "Target": {
        "PinType": 3,
        "SubChipID": 1768534722,
        "PinID": 763882651
      },
      "WirePoints": [
        {
          "X": 3.85527825,
          "Y": -0.585001
        }
      ],
      "ColourThemeName": "Red"
    },
    {
      "Source": {
        "PinType": 4,
        "SubChipID": 792169166,
        "PinID": 1
      },
      "Target": {
        "PinType": 3,
        "SubChipID": 1768534722,
        "PinID": 1731228474
      },
      "WirePoints": [
        {
          "X": 3.85527825,
          "Y": -0.8250009
        }
      ],
      "ColourThemeName": "Red"
    },
    {
      "Source": {
        "PinType": 4,
        "SubChipID": 1232389984,
        "PinID": 1
      },
      "Target": {
        "PinType": 3,
        "SubChipID": 1768534722,
        "PinID": 1205979252
      },
      "WirePoints": [
        {
          "X": 3.85527825,
          "Y": -1.06500089
        }
      ],
      "ColourThemeName": "Red"
    },
    {
      "Source": {
        "PinType": 4,
        "SubChipID": 643944604,
        "PinID": 1
      },
      "Target": {
        "PinType": 3,
        "SubChipID": 1768534722,
        "PinID": 1696358576
      },
      "WirePoints": [
        {
          "X": 3.85527825,
          "Y": -1.30500078
        }
      ],
      "ColourThemeName": "Red"
    },
    {
      "Source": {
        "PinType": 4,
        "SubChipID": 254932566,
        "PinID": 1
      },
      "Target": {
        "PinType": 3,
        "SubChipID": 1768534722,
        "PinID": 1873865507
      },
      "WirePoints": [
        {
          "X": 3.85527825,
          "Y": -1.54500091
        }
      ],
      "ColourThemeName": "Red"
    },
    {
      "Source": {
        "PinType": 4,
        "SubChipID": 1002548269,
        "PinID": 1
      },
      "Target": {
        "PinType": 3,
        "SubChipID": 1768534722,
        "PinID": 63641427
      },
      "WirePoints": [
        {
          "X": 3.85527825,
          "Y": -1.7850008
        }
      ],
      "ColourThemeName": "Red"
    },
    {
      "Source": {
        "PinType": 4,
        "SubChipID": 1619495870,
        "PinID": 1
      },
      "Target": {
        "PinType": 3,
        "SubChipID": 1768534722,
        "PinID": 1723447257
      },
      "WirePoints": [
        {
          "X": 3.85527825,
          "Y": -2.02500081
        }
      ],
      "ColourThemeName": "Red"
    },
    {
      "Source": {
        "PinType": 4,
        "SubChipID": 1542957579,
        "PinID": 1
      },
      "Target": {
        "PinType": 3,
        "SubChipID": 1768534722,
        "PinID": 1237626634
      },
      "WirePoints": [
        {
          "X": 3.85527825,
          "Y": -2.26500082
        }
      ],
      "ColourThemeName": "Red"
    },
    {
      "Source": {
        "PinType": 4,
        "SubChipID": 435302571,
        "PinID": 1
      },
      "Target": {
        "PinType": 3,
        "SubChipID": 1768534722,
        "PinID": 1896472784
      },
      "WirePoints": [
        {
          "X": 3.85527825,
          "Y": -2.50500083
        }
      ],
      "ColourThemeName": "Red"
    },
    {
      "Source": {
        "PinType": 4,
        "SubChipID": 682965397,
        "PinID": 1
      },
      "Target": {
        "PinType": 3,
        "SubChipID": 1768534722,
        "PinID": 423769338
      },
      "WirePoints": [
        {
          "X": 3.85527825,
          "Y": -2.7450006
        }
      ],
      "ColourThemeName": "Red"
    },
    {
      "Source": {
        "PinType": 4,
        "SubChipID": 1540397329,
        "PinID": 1
      },
      "Target": {
        "PinType": 3,
        "SubChipID": 1768534722,
        "PinID": 890960839
      },
      "WirePoints": [
        {
          "X": 3.85527825,
          "Y": -2.98500061
        }
      ],
      "ColourThemeName": "Red"
    },
    {
      "Source": {
        "PinType": 4,
        "SubChipID": 1626905331,
        "PinID": 1
      },
      "Target": {
        "PinType": 3,
        "SubChipID": 1768534722,
        "PinID": 850560290
      },
      "WirePoints": [
        {
          "X": 3.85527825,
          "Y": -3.22500086
        }
      ],
      "ColourThemeName": "Red"
    },
    {
      "Source": {
        "PinType": 1,
        "SubChipID": 0,
        "PinID": 423769338
      },
      "Target": {
        "PinType": 3,
        "SubChipID": 682965397,
        "PinID": 0
      },
      "WirePoints": [
        {
          "X": -16.6377716,
          "Y": 1.86111093
        }
      ],
      "ColourThemeName": "Red"
    },
    {
      "Source": {
        "PinType": 4,
        "SubChipID": 1911778940,
        "PinID": 1
      },
      "Target": {
        "PinType": 3,
        "SubChipID": 1768534722,
        "PinID": 538323610
      },
      "WirePoints": [
        {
          "X": 3.85527825,
          "Y": -4.90500069
        }
      ],
      "ColourThemeName": "Red"
    },
    {
      "Source": {
        "PinType": 4,
        "SubChipID": 1803047118,
        "PinID": 1
      },
      "Target": {
        "PinType": 3,
        "SubChipID": 1768534722,
        "PinID": 1939383565
      },
      "WirePoints": [
        {
          "X": 3.85527825,
          "Y": -4.665001
        }
      ],
      "ColourThemeName": "Red"
    },
    {
      "Source": {
        "PinType": 4,
        "SubChipID": 103476503,
        "PinID": 1
      },
      "Target": {
        "PinType": 3,
        "SubChipID": 1768534722,
        "PinID": 572411175
      },
      "WirePoints": [
        {
          "X": 3.85527825,
          "Y": -4.425001
        }
      ],
      "ColourThemeName": "Red"
    },
    {
      "Source": {
        "PinType": 4,
        "SubChipID": 1100342231,
        "PinID": 1
      },
      "Target": {
        "PinType": 3,
        "SubChipID": 1768534722,
        "PinID": 1190999373
      },
      "WirePoints": [
        {
          "X": 3.85527825,
          "Y": -4.185001
        }
      ],
      "ColourThemeName": "Red"
    },
    {
      "Source": {
        "PinType": 4,
        "SubChipID": 733228082,
        "PinID": 1
      },
      "Target": {
        "PinType": 3,
        "SubChipID": 1768534722,
        "PinID": 252889857
      },
      "WirePoints": [
        {
          "X": 3.85527825,
          "Y": -3.94500065
        }
      ],
      "ColourThemeName": "Red"
    },
    {
      "Source": {
        "PinType": 4,
        "SubChipID": 1364707709,
        "PinID": 1
      },
      "Target": {
        "PinType": 3,
        "SubChipID": 1768534722,
        "PinID": 1759993952
      },
      "WirePoints": [
        {
          "X": 3.85527825,
          "Y": -3.70500064
        }
      ],
      "ColourThemeName": "Red"
    },
    {
      "Source": {
        "PinType": 4,
        "SubChipID": 736301517,
        "PinID": 1
      },
      "Target": {
        "PinType": 3,
        "SubChipID": 1768534722,
        "PinID": 264559730
      },
      "WirePoints": [
        {
          "X": 3.85527825,
          "Y": -3.46500087
        }
      ],
      "ColourThemeName": "Red"
    },
    {
      "Source": {
        "PinType": 1,
        "SubChipID": 0,
        "PinID": 1507914062
      },
      "Target": {
        "PinType": 3,
        "SubChipID": 736301517,
        "PinID": 0
      },
      "WirePoints": [
        {
          "X": -16.6377716,
          "Y": -1.98842633
        }
      ],
      "ColourThemeName": "Red"
    },
    {
      "Source": {
        "PinType": 4,
        "SubChipID": 1182782569,
        "PinID": 1
      },
      "Target": {
        "PinType": 3,
        "SubChipID": 1249957695,
        "PinID": 538323610
      },
      "WirePoints": [
        {
          "X": 3.659539,
          "Y": 1.34472346
        }
      ],
      "ColourThemeName": "Red"
    },
    {
      "Source": {
        "PinType": 4,
        "SubChipID": 810362820,
        "PinID": 1
      },
      "Target": {
        "PinType": 3,
        "SubChipID": 1249957695,
        "PinID": 1939383565
      },
      "WirePoints": [
        {
          "X": 3.659539,
          "Y": 1.58472347
        }
      ],
      "ColourThemeName": "Red"
    },
    {
      "Source": {
        "PinType": 4,
        "SubChipID": 1131454672,
        "PinID": 1
      },
      "Target": {
        "PinType": 3,
        "SubChipID": 1249957695,
        "PinID": 572411175
      },
      "WirePoints": [
        {
          "X": 3.659539,
          "Y": 1.82472324
        }
      ],
      "ColourThemeName": "Red"
    },
    {
      "Source": {
        "PinType": 4,
        "SubChipID": 40550890,
        "PinID": 1
      },
      "Target": {
        "PinType": 3,
        "SubChipID": 1249957695,
        "PinID": 1190999373
      },
      "WirePoints": [
        {
          "X": 3.659539,
          "Y": 2.06472349
        }
      ],
      "ColourThemeName": "Red"
    },
    {
      "Source": {
        "PinType": 4,
        "SubChipID": 1635518829,
        "PinID": 1
      },
      "Target": {
        "PinType": 3,
        "SubChipID": 1249957695,
        "PinID": 252889857
      },
      "WirePoints": [
        {
          "X": 3.659539,
          "Y": 2.3047235
        }
      ],
      "ColourThemeName": "Red"
    },
    {
      "Source": {
        "PinType": 4,
        "SubChipID": 1625757232,
        "PinID": 1
      },
      "Target": {
        "PinType": 3,
        "SubChipID": 1249957695,
        "PinID": 1759993952
      },
      "WirePoints": [
        {
          "X": 3.659539,
          "Y": 2.54472351
        }
      ],
      "ColourThemeName": "Red"
    },
    {
      "Source": {
        "PinType": 4,
        "SubChipID": 374999880,
        "PinID": 1
      },
      "Target": {
        "PinType": 3,
        "SubChipID": 1249957695,
        "PinID": 264559730
      },
      "WirePoints": [
        {
          "X": 3.659539,
          "Y": 2.78472328
        }
      ],
      "ColourThemeName": "Red"
    },
    {
      "Source": {
        "PinType": 4,
        "SubChipID": 5644602,
        "PinID": 1
      },
      "Target": {
        "PinType": 3,
        "SubChipID": 1249957695,
        "PinID": 850560290
      },
      "WirePoints": [
        {
          "X": 3.659539,
          "Y": 3.02472329
        }
      ],
      "ColourThemeName": "Red"
    },
    {
      "Source": {
        "PinType": 4,
        "SubChipID": 30709370,
        "PinID": 1
      },
      "Target": {
        "PinType": 3,
        "SubChipID": 1249957695,
        "PinID": 890960839
      },
      "WirePoints": [
        {
          "X": 3.659539,
          "Y": 3.2647233
        }
      ],
      "ColourThemeName": "Red"
    },
    {
      "Source": {
        "PinType": 4,
        "SubChipID": 1619812019,
        "PinID": 1
      },
      "Target": {
        "PinType": 3,
        "SubChipID": 1249957695,
        "PinID": 423769338
      },
      "WirePoints": [
        {
          "X": 3.659539,
          "Y": 3.50472355
        }
      ],
      "ColourThemeName": "Red"
    },
    {
      "Source": {
        "PinType": 4,
        "SubChipID": 1559434525,
        "PinID": 1
      },
      "Target": {
        "PinType": 3,
        "SubChipID": 1249957695,
        "PinID": 1896472784
      },
      "WirePoints": [
        {
          "X": 3.659539,
          "Y": 3.74472332
        }
      ],
      "ColourThemeName": "Red"
    },
    {
      "Source": {
        "PinType": 4,
        "SubChipID": 1180312320,
        "PinID": 1
      },
      "Target": {
        "PinType": 3,
        "SubChipID": 1249957695,
        "PinID": 1237626634
      },
      "WirePoints": [
        {
          "X": 3.659539,
          "Y": 3.98472333
        }
      ],
      "ColourThemeName": "Red"
    },
    {
      "Source": {
        "PinType": 4,
        "SubChipID": 1532618592,
        "PinID": 1
      },
      "Target": {
        "PinType": 3,
        "SubChipID": 1249957695,
        "PinID": 1723447257
      },
      "WirePoints": [
        {
          "X": 3.659539,
          "Y": 4.22472334
        }
      ],
      "ColourThemeName": "Red"
    },
    {
      "Source": {
        "PinType": 4,
        "SubChipID": 95061757,
        "PinID": 1
      },
      "Target": {
        "PinType": 3,
        "SubChipID": 1249957695,
        "PinID": 63641427
      },
      "WirePoints": [
        {
          "X": 3.659539,
          "Y": 4.464723
        }
      ],
      "ColourThemeName": "Red"
    },
    {
      "Source": {
        "PinType": 4,
        "SubChipID": 358925917,
        "PinID": 1
      },
      "Target": {
        "PinType": 3,
        "SubChipID": 1249957695,
        "PinID": 1873865507
      },
      "WirePoints": [
        {
          "X": 3.659539,
          "Y": 4.70472336
        }
      ],
      "ColourThemeName": "Red"
    },
    {
      "Source": {
        "PinType": 4,
        "SubChipID": 1820409669,
        "PinID": 1
      },
      "Target": {
        "PinType": 3,
        "SubChipID": 1249957695,
        "PinID": 1696358576
      },
      "WirePoints": [
        {
          "X": 3.659539,
          "Y": 4.944723
        }
      ],
      "ColourThemeName": "Red"
    },
    {
      "Source": {
        "PinType": 4,
        "SubChipID": 1094765891,
        "PinID": 1
      },
      "Target": {
        "PinType": 3,
        "SubChipID": 1249957695,
        "PinID": 1205979252
      },
      "WirePoints": [
        {
          "X": 3.659539,
          "Y": 5.18472338
        }
      ],
      "ColourThemeName": "Red"
    },
    {
      "Source": {
        "PinType": 4,
        "SubChipID": 874746110,
        "PinID": 1
      },
      "Target": {
        "PinType": 3,
        "SubChipID": 1249957695,
        "PinID": 1731228474
      },
      "WirePoints": [
        {
          "X": 3.659539,
          "Y": 5.424723
        }
      ],
      "ColourThemeName": "Red"
    },
    {
      "Source": {
        "PinType": 4,
        "SubChipID": 952400203,
        "PinID": 1
      },
      "Target": {
        "PinType": 3,
        "SubChipID": 1249957695,
        "PinID": 763882651
      },
      "WirePoints": [
        {
          "X": 3.659539,
          "Y": 5.6647234
        }
      ],
      "ColourThemeName": "Red"
    },
    {
      "Source": {
        "PinType": 4,
        "SubChipID": 675701386,
        "PinID": 1
      },
      "Target": {
        "PinType": 3,
        "SubChipID": 1249957695,
        "PinID": 1926299853
      },
      "WirePoints": [
        {
          "X": 3.659539,
          "Y": 5.904723
        }
      ],
      "ColourThemeName": "Red"
    },
    {
      "Source": {
        "PinType": 4,
        "SubChipID": 1773693563,
        "PinID": 1
      },
      "Target": {
        "PinType": 3,
        "SubChipID": 1249957695,
        "PinID": 520006903
      },
      "WirePoints": [
        {
          "X": 3.659539,
          "Y": 6.144723
        }
      ],
      "ColourThemeName": "Red"
    },
    {
      "Source": {
        "PinType": 4,
        "SubChipID": 1451412966,
        "PinID": 1
      },
      "Target": {
        "PinType": 3,
        "SubChipID": 1249957695,
        "PinID": 56618256
      },
      "WirePoints": [
        {
          "X": 3.659539,
          "Y": 6.384723
        }
      ],
      "ColourThemeName": "Red"
    },
    {
      "Source": {
        "PinType": 4,
        "SubChipID": 1489901714,
        "PinID": 1
      },
      "Target": {
        "PinType": 3,
        "SubChipID": 1249957695,
        "PinID": 404844930
      },
      "WirePoints": [
        {
          "X": 3.659539,
          "Y": 6.62472343
        }
      ],
      "ColourThemeName": "Red"
    },
    {
      "Source": {
        "PinType": 1,
        "SubChipID": 0,
        "PinID": 1507914062
      },
      "Target": {
        "PinType": 3,
        "SubChipID": 374999880,
        "PinID": 0
      },
      "WirePoints": [
        {
          "X": -16.6377716,
          "Y": -1.98842633
        }
      ],
      "ColourThemeName": "Red"
    }
  ],
  "ChipSize": 9.949997
}