{
  "Name": "add-sub-inc-dec2",
  "Colour": "#875443",
  "InputPins": [
    {
      "Name": "KEY1",
      "ID": 1131693109,
      "PositionY": 4.56481457,
      "ColourThemeName": "Green"
    },
    {
      "Name": "KEY0",
      "ID": 1372639964,
      "PositionY": 4.05555534,
      "ColourThemeName": "Green"
    },
    {
      "Name": "A7",
      "ID": 1384572164,
      "PositionY": 3.453704,
      "ColourThemeName": "Red"
    },
    {
      "Name": "A6",
      "ID": 533252662,
      "PositionY": 2.98148155,
      "ColourThemeName": "Red"
    },
    {
      "Name": "A5",
      "ID": 1001650532,
      "PositionY": 2.4907403,
      "ColourThemeName": "Red"
    },
    {
      "Name": "A4",
      "ID": 101426080,
      "PositionY": 2.01851845,
      "ColourThemeName": "Red"
    },
    {
      "Name": "A3",
      "ID": 1752113559,
      "PositionY": 1.44444466,
      "ColourThemeName": "Red"
    },
    {
      "Name": "A2",
      "ID": 85564396,
      "PositionY": 0.990741253,
      "ColourThemeName": "Red"
    },
    {
      "Name": "A1",
      "ID": 1867076294,
      "PositionY": 0.546296239,
      "ColourThemeName": "Red"
    },
    {
      "Name": "A0",
      "ID": 1098350027,
      "PositionY": 0.0555557,
      "ColourThemeName": "Red"
    },
    {
      "Name": "B7",
      "ID": 1920460974,
      "PositionY": -0.60185194,
      "ColourThemeName": "Yellow"
    },
    {
      "Name": "B6",
      "ID": 1587836306,
      "PositionY": -1.09259248,
      "ColourThemeName": "Yellow"
    },
    {
      "Name": "B5",
      "ID": 1971365404,
      "PositionY": -1.56481469,
      "ColourThemeName": "Yellow"
    },
    {
      "Name": "B4",
      "ID": 1577083360,
      "PositionY": -2.00925946,
      "ColourThemeName": "Yellow"
    },
    {
      "Name": "B3",
      "ID": 939449266,
      "PositionY": -2.56481457,
      "ColourThemeName": "Yellow"
    },
    {
      "Name": "B2",
      "ID": 857387538,
      "PositionY": -3.04629612,
      "ColourThemeName": "Yellow"
    },
    {
      "Name": "B1",
      "ID": 185536353,
      "PositionY": -3.54629636,
      "ColourThemeName": "Yellow"
    },
    {
      "Name": "B0",
      "ID": 2104575587,
      "PositionY": -3.981482,
      "ColourThemeName": "Yellow"
    }
  ],
  "OutputPins": [
    {
      "Name": "OUT7",
      "ID": 1680327269,
      "PositionY": 4.08333349,
      "ColourThemeName": "Red"
    },
    {
      "Name": "OUT6",
      "ID": 1120696458,
      "PositionY": 3.462963,
      "ColourThemeName": "Red"
    },
    {
      "Name": "OUT5",
      "ID": 2114750428,
      "PositionY": 2.777778,
      "ColourThemeName": "Red"
    },
    {
      "Name": "OUT4",
      "ID": 346614550,
      "PositionY": 2.1018517,
      "ColourThemeName": "Red"
    },
    {
      "Name": "OUT3",
      "ID": 1737280217,
      "PositionY": 1.47222221,
      "ColourThemeName": "Red"
    },
    {
      "Name": "OUT2",
      "ID": 1046037445,
      "PositionY": 0.92592597,
      "ColourThemeName": "Red"
    },
    {
      "Name": "OUT1",
      "ID": 63471475,
      "PositionY": 0.138888955,
      "ColourThemeName": "Red"
    },
    {
      "Name": "OUT0",
      "ID": 166052646,
      "PositionY": -0.5277777,
      "ColourThemeName": "Red"
    },
    {
      "Name": "Cout",
      "ID": 1705765604,
      "PositionY": -2.86111116,
      "ColourThemeName": "Red"
    }
  ],
  "SubChips": [
    {
      "Name": "8BITADDSUB",
      "ID": 645116506,
      "Points": [
        {
          "X": 2.58333278,
          "Y": 0.6759266
        }
      ],
      "Data": null
    },
    {
      "Name": "NOT",
      "ID": 2069429381,
      "Points": [
        {
          "X": -5.194445,
          "Y": 4.48148155
        }
      ],
      "Data": null
    },
    {
      "Name": "AND",
      "ID": 1009914883,
      "Points": [
        {
          "X": -3.19444466,
          "Y": 0.6689813
        }
      ],
      "Data": null
    },
    {
      "Name": "AND",
      "ID": 729050350,
      "Points": [
        {
          "X": -3.19444466,
          "Y": 0.0439813137
        }
      ],
      "Data": null
    },
    {
      "Name": "AND",
      "ID": 1072629052,
      "Points": [
        {
          "X": -3.19444466,
          "Y": -0.581018746
        }
      ],
      "Data": null
    },
    {
      "Name": "AND",
      "ID": 1081519668,
      "Points": [
        {
          "X": -3.19444466,
          "Y": -1.20601869
        }
      ],
      "Data": null
    },
    {
      "Name": "AND",
      "ID": 1814277640,
      "Points": [
        {
          "X": -3.19444466,
          "Y": -1.83101869
        }
      ],
      "Data": null
    },
    {
      "Name": "AND",
      "ID": 701453463,
      "Points": [
        {
          "X": -3.19444466,
          "Y": -2.45601869
        }
      ],
      "Data": null
    },
    {
      "Name": "AND",
      "ID": 920832810,
      "Points": [
        {
          "X": -3.19444466,
          "Y": -3.08101869
        }
      ],
      "Data": null
    },
    {
      "Name": "OR",
      "ID": 698957678,
      "Points": [
        {
          "X": -3.27777767,
          "Y": -3.76851845
        }
      ],
      "Data": null
    }
  ],
  "Connections": [
    {
      "Source": {
        "PinType": 1,
        "SubChipID": 0,
        "PinID": 1384572164
      },
      "Target": {
        "PinType": 3,
        "SubChipID": 645116506,
        "PinID": 416698712
      },
      "WirePoints": [
        {
          "X": -7.837778,
          "Y": 3.453704
        },
        {
          "X": 1.58833277,
          "Y": 2.59592652
        }
      ],
      "ColourThemeName": "Red"
    },
    {
      "Source": {
        "PinType": 1,
        "SubChipID": 0,
        "PinID": 533252662
      },
      "Target": {
        "PinType": 3,
        "SubChipID": 645116506,
        "PinID": 638889963
      },
      "WirePoints": [
        {
          "X": -7.837778,
          "Y": 2.98148155
        },
        {
          "X": 1.58833277,
          "Y": 2.35592651
        }
      ],
      "ColourThemeName": "Red"
    },
    {
      "Source": {
        "PinType": 1,
        "SubChipID": 0,
        "PinID": 1001650532
      },
      "Target": {
        "PinType": 3,
        "SubChipID": 645116506,
        "PinID": 1477945277
      },
      "WirePoints": [
        {
          "X": -7.837778,
          "Y": 2.4907403
        },
        {
          "X": 1.58833277,
          "Y": 2.1159265
        }
      ],
      "ColourThemeName": "Red"
    },
    {
      "Source": {
        "PinType": 1,
        "SubChipID": 0,
        "PinID": 101426080
      },
      "Target": {
        "PinType": 3,
        "SubChipID": 645116506,
        "PinID": 1317643932
      },
      "WirePoints": [
        {
          "X": -7.837778,
          "Y": 2.01851845
        },
        {
          "X": 1.58833277,
          "Y": 1.87592649
        }
      ],
      "ColourThemeName": "Red"
    },
    {
      "Source": {
        "PinType": 1,
        "SubChipID": 0,
        "PinID": 1752113559
      },
      "Target": {
        "PinType": 3,
        "SubChipID": 645116506,
        "PinID": 1561145228
      },
      "WirePoints": [
        {
          "X": -7.837778,
          "Y": 1.44444466
        },
        {
          "X": 1.58833277,
          "Y": 1.6359266
        }
      ],
      "ColourThemeName": "Red"
    },
    {
      "Source": {
        "PinType": 1,
        "SubChipID": 0,
        "PinID": 85564396
      },
      "Target": {
        "PinType": 3,
        "SubChipID": 645116506,
        "PinID": 1984232835
      },
      "WirePoints": [
        {
          "X": -7.837778,
          "Y": 0.990741253
        },
        {
          "X": 1.58833277,
          "Y": 1.39592659
        }
      ],
      "ColourThemeName": "Red"
    },
    {
      "Source": {
        "PinType": 1,
        "SubChipID": 0,
        "PinID": 1867076294
      },
      "Target": {
        "PinType": 3,
        "SubChipID": 645116506,
        "PinID": 1863159086
      },
      "WirePoints": [
        {
          "X": -7.837778,
          "Y": 0.546296239
        },
        {
          "X": 1.58833277,
          "Y": 1.15592659
        }
      ],
      "ColourThemeName": "Red"
    },
    {
      "Source": {
        "PinType": 1,
        "SubChipID": 0,
        "PinID": 1098350027
      },
      "Target": {
        "PinType": 3,
        "SubChipID": 645116506,
        "PinID": 2005239591
      },
      "WirePoints": [
        {
          "X": -7.837778,
          "Y": 0.0555557
        },
        {
          "X": 1.58833277,
          "Y": 0.915926635
        }
      ],
      "ColourThemeName": "Red"
    },
    {
      "Source": {
        "PinType": 4,
        "SubChipID": 645116506,
        "PinID": 956618610
      },
      "Target": {
        "PinType": 2,
        "SubChipID": 0,
        "PinID": 1680327269
      },
      "WirePoints": [
        {
          "X": 3.578333,
          "Y": 2.59592652
        },
        {
          "X": 7.837778,
          "Y": 4.08333349
        }
      ],
      "ColourThemeName": "Red"
    },
    {
      "Source": {
        "PinType": 4,
        "SubChipID": 645116506,
        "PinID": 1632501029
      },
      "Target": {
        "PinType": 2,
        "SubChipID": 0,
        "PinID": 1120696458
      },
      "WirePoints": [
        {
          "X": 3.578333,
          "Y": 2.1159265
        },
        {
          "X": 7.837778,
          "Y": 3.462963
        }
      ],
      "ColourThemeName": "Red"
    },
    {
      "Source": {
        "PinType": 4,
        "SubChipID": 645116506,
        "PinID": 825990921
      },
      "Target": {
        "PinType": 2,
        "SubChipID": 0,
        "PinID": 2114750428
      },
      "WirePoints": [
        {
          "X": 3.578333,
          "Y": 1.6359266
        },
        {
          "X": 7.837778,
          "Y": 2.777778
        }
      ],
      "ColourThemeName": "Red"
    },
    {
      "Source": {
        "PinType": 4,
        "SubChipID": 645116506,
        "PinID": 1214539231
      },
      "Target": {
        "PinType": 2,
        "SubChipID": 0,
        "PinID": 346614550
      },
      "WirePoints": [
        {
          "X": 3.578333,
          "Y": 1.15592659
        },
        {
          "X": 7.837778,
          "Y": 2.1018517
        }
      ],
      "ColourThemeName": "Red"
    },
    {
      "Source": {
        "PinType": 4,
        "SubChipID": 645116506,
        "PinID": 2037346425
      },
      "Target": {
        "PinType": 2,
        "SubChipID": 0,
        "PinID": 1737280217
      },
      "WirePoints": [
        {
          "X": 3.578333,
          "Y": 0.6759266
        },
        {
          "X": 7.837778,
          "Y": 1.47222221
        }
      ],
      "ColourThemeName": "Red"
    },
    {
      "Source": {
        "PinType": 4,
        "SubChipID": 645116506,
        "PinID": 738182905
      },
      "Target": {
        "PinType": 2,
        "SubChipID": 0,
        "PinID": 1046037445
      },
      "WirePoints": [
        {
          "X": 3.578333,
          "Y": 0.195926636
        },
        {
          "X": 7.837778,
          "Y": 0.92592597
        }
      ],
      "ColourThemeName": "Red"
    },
    {
      "Source": {
        "PinType": 4,
        "SubChipID": 645116506,
        "PinID": 1799133754
      },
      "Target": {
        "PinType": 2,
        "SubChipID": 0,
        "PinID": 63471475
      },
      "WirePoints": [
        {
          "X": 3.578333,
          "Y": -0.284073353
        },
        {
          "X": 7.837778,
          "Y": 0.138888955
        }
      ],
      "ColourThemeName": "Red"
    },
    {
      "Source": {
        "PinType": 4,
        "SubChipID": 645116506,
        "PinID": 543863550
      },
      "Target": {
        "PinType": 2,
        "SubChipID": 0,
        "PinID": 166052646
      },
      "WirePoints": [
        {
          "X": 3.578333,
          "Y": -0.7640733
        },
        {
          "X": 7.837778,
          "Y": -0.5277777
        }
      ],
      "ColourThemeName": "Red"
    },
    {
      "Source": {
        "PinType": 4,
        "SubChipID": 645116506,
        "PinID": 310624871
      },
      "Target": {
        "PinType": 2,
        "SubChipID": 0,
        "PinID": 1705765604
      },
      "WirePoints": [
        {
          "X": 3.578333,
          "Y": -1.24407339
        },
        {
          "X": 5.787037,
          "Y": -0.9629631
        },
        {
          "X": 5.84259272,
          "Y": -2.3518517
        },
        {
          "X": 7.837778,
          "Y": -2.86111116
        }
      ],
      "ColourThemeName": "Red"
    },
    {
      "Source": {
        "PinType": 1,
        "SubChipID": 0,
        "PinID": 1131693109
      },
      "Target": {
        "PinType": 3,
        "SubChipID": 2069429381,
        "PinID": 0
      },
      "WirePoints": [
        {
          "X": -7.837778,
          "Y": 4.56481457
        },
        {
          "X": -5.74444532,
          "Y": 4.48148155
        }
      ],
      "ColourThemeName": "Green"
    },
    {
      "Source": {
        "PinType": 1,
        "SubChipID": 0,
        "PinID": 1372639964
      },
      "Target": {
        "PinType": 3,
        "SubChipID": 645116506,
        "PinID": 702714990
      },
      "WirePoints": [
        {
          "X": -7.837778,
          "Y": 4.05555534
        },
        {
          "X": 0.157407135,
          "Y": 3.16666651
        },
        {
          "X": 0.175926432,
          "Y": -1.34259248
        },
        {
          "X": 1.58833277,
          "Y": -1.24407339
        }
      ],
      "ColourThemeName": "Green"
    },
    {
      "Source": {
        "PinType": 4,
        "SubChipID": 2069429381,
        "PinID": 1
      },
      "Target": {
        "PinType": 3,
        "SubChipID": 920832810,
        "PinID": 1
      },
      "WirePoints": [
        {
          "X": -4.644445,
          "Y": 4.48148155
        },
        {
          "X": -4.083334,
          "Y": 4.425926
        },
        {
          "X": -4.049935,
          "Y": -3.138906
        },
        {
          "X": -3.74444461,
          "Y": -3.20101857
        }
      ],
      "ColourThemeName": "Red"
    },
    {
      "Source": {
        "PinType": 4,
        "SubChipID": 2069429381,
        "PinID": 1
      },
      "Target": {
        "PinType": 3,
        "SubChipID": 701453463,
        "PinID": 1
      },
      "WirePoints": [
        {
          "X": -4.644445,
          "Y": 4.48148155
        },
        {
          "X": -4.083334,
          "Y": 4.425926
        },
        {
          "X": -4.05255127,
          "Y": -2.54624224
        },
        {
          "X": -3.74444461,
          "Y": -2.57601857
        }
      ],
      "ColourThemeName": "Red"
    },
    {
      "Source": {
        "PinType": 4,
        "SubChipID": 2069429381,
        "PinID": 1
      },
      "Target": {
        "PinType": 3,
        "SubChipID": 1814277640,
        "PinID": 1
      },
      "WirePoints": [
        {
          "X": -4.644445,
          "Y": 4.48148155
        },
        {
          "X": -4.083334,
          "Y": 4.425926
        },
        {
          "X": -4.05549431,
          "Y": -1.87967062
        },
        {
          "X": -3.74444461,
          "Y": -1.95101869
        }
      ],
      "ColourThemeName": "Red"
    },
    {
      "Source": {
        "PinType": 4,
        "SubChipID": 2069429381,
        "PinID": 1
      },
      "Target": {
        "PinType": 3,
        "SubChipID": 1081519668,
        "PinID": 1
      },
      "WirePoints": [
        {
          "X": -4.644445,
          "Y": 4.48148155
        },
        {
          "X": -4.083334,
          "Y": 4.425926
        },
        {
          "X": -4.05819273,
          "Y": -1.26848936
        },
        {
          "X": -3.74444461,
          "Y": -1.32601869
        }
      ],
      "ColourThemeName": "Red"
    },
    {
      "Source": {
        "PinType": 4,
        "SubChipID": 2069429381,
        "PinID": 1
      },
      "Target": {
        "PinType": 3,
        "SubChipID": 1072629052,
        "PinID": 1
      },
      "WirePoints": [
        {
          "X": -4.644445,
          "Y": 4.48148155
        },
        {
          "X": -4.083334,
          "Y": 4.425926
        },
        {
          "X": -4.06085062,
          "Y": -0.6665263
        },
        {
          "X": -3.74444461,
          "Y": -0.701018751
        }
      ],
      "ColourThemeName": "Red"
    },
    {
      "Source": {
        "PinType": 4,
        "SubChipID": 2069429381,
        "PinID": 1
      },
      "Target": {
        "PinType": 3,
        "SubChipID": 729050350,
        "PinID": 1
      },
      "WirePoints": [
        {
          "X": -4.644445,
          "Y": 4.48148155
        },
        {
          "X": -4.083334,
          "Y": 4.425926
        },
        {
          "X": -4.063547,
          "Y": -0.05579567
        },
        {
          "X": -3.74444461,
          "Y": -0.07601868
        }
      ],
      "ColourThemeName": "Red"
    },
    {
      "Source": {
        "PinType": 4,
        "SubChipID": 2069429381,
        "PinID": 1
      },
      "Target": {
        "PinType": 3,
        "SubChipID": 1009914883,
        "PinID": 1
      },
      "WirePoints": [
        {
          "X": -4.644445,
          "Y": 4.48148155
        },
        {
          "X": -4.083334,
          "Y": 4.425926
        },
        {
          "X": -4.06636858,
          "Y": 0.5832448
        },
        {
          "X": -3.74444461,
          "Y": 0.5489813
        }
      ],
      "ColourThemeName": "Red"
    },
    {
      "Source": {
        "PinType": 1,
        "SubChipID": 0,
        "PinID": 1920460974
      },
      "Target": {
        "PinType": 3,
        "SubChipID": 1009914883,
        "PinID": 0
      },
      "WirePoints": [
        {
          "X": -7.837778,
          "Y": -0.60185194
        },
        {
          "X": -3.74444461,
          "Y": 0.7889813
        }
      ],
      "ColourThemeName": "Yellow"
    },
    {
      "Source": {
        "PinType": 1,
        "SubChipID": 0,
        "PinID": 1587836306
      },
      "Target": {
        "PinType": 3,
        "SubChipID": 729050350,
        "PinID": 0
      },
      "WirePoints": [
        {
          "X": -7.837778,
          "Y": -1.09259248
        },
        {
          "X": -3.74444461,
          "Y": 0.163981318
        }
      ],
      "ColourThemeName": "Yellow"
    },
    {
      "Source": {
        "PinType": 1,
        "SubChipID": 0,
        "PinID": 1971365404
      },
      "Target": {
        "PinType": 3,
        "SubChipID": 1072629052,
        "PinID": 0
      },
      "WirePoints": [
        {
          "X": -7.837778,
          "Y": -1.56481469
        },
        {
          "X": -3.74444461,
          "Y": -0.461018741
        }
      ],
      "ColourThemeName": "Yellow"
    },
    {
      "Source": {
        "PinType": 1,
        "SubChipID": 0,
        "PinID": 1577083360
      },
      "Target": {
        "PinType": 3,
        "SubChipID": 1081519668,
        "PinID": 0
      },
      "WirePoints": [
        {
          "X": -7.837778,
          "Y": -2.00925946
        },
        {
          "X": -3.74444461,
          "Y": -1.08601868
        }
      ],
      "ColourThemeName": "Yellow"
    },
    {
      "Source": {
        "PinType": 1,
        "SubChipID": 0,
        "PinID": 939449266
      },
      "Target": {
        "PinType": 3,
        "SubChipID": 1814277640,
        "PinID": 0
      },
      "WirePoints": [
        {
          "X": -7.837778,
          "Y": -2.56481457
        },
        {
          "X": -3.74444461,
          "Y": -1.71101868
        }
      ],
      "ColourThemeName": "Yellow"
    },
    {
      "Source": {
        "PinType": 1,
        "SubChipID": 0,
        "PinID": 857387538
      },
      "Target": {
        "PinType": 3,
        "SubChipID": 701453463,
        "PinID": 0
      },
      "WirePoints": [
        {
          "X": -7.837778,
          "Y": -3.04629612
        },
        {
          "X": -3.74444461,
          "Y": -2.3360188
        }
      ],
      "ColourThemeName": "Yellow"
    },
    {
      "Source": {
        "PinType": 1,
        "SubChipID": 0,
        "PinID": 185536353
      },
      "Target": {
        "PinType": 3,
        "SubChipID": 920832810,
        "PinID": 0
      },
      "WirePoints": [
        {
          "X": -7.837778,
          "Y": -3.54629636
        },
        {
          "X": -3.74444461,
          "Y": -2.9610188
        }
      ],
      "ColourThemeName": "Yellow"
    },
    {
      "Source": {
        "PinType": 4,
        "SubChipID": 1009914883,
        "PinID": 2
      },
      "Target": {
        "PinType": 3,
        "SubChipID": 645116506,
        "PinID": 2010999437
      },
      "WirePoints": [
        {
          "X": -2.6444447,
          "Y": 0.6689813
        },
        {
          "X": 1.58833277,
          "Y": 0.6759266
        }
      ],
      "ColourThemeName": "Red"
    },
    {
      "Source": {
        "PinType": 4,
        "SubChipID": 729050350,
        "PinID": 2
      },
      "Target": {
        "PinType": 3,
        "SubChipID": 645116506,
        "PinID": 1518461986
      },
      "WirePoints": [
        {
          "X": -2.6444447,
          "Y": 0.0439813137
        },
        {
          "X": 1.58833277,
          "Y": 0.435926616
        }
      ],
      "ColourThemeName": "Red"
    },
    {
      "Source": {
        "PinType": 4,
        "SubChipID": 1072629052,
        "PinID": 2
      },
      "Target": {
        "PinType": 3,
        "SubChipID": 645116506,
        "PinID": 1917991837
      },
      "WirePoints": [
        {
          "X": -2.6444447,
          "Y": -0.581018746
        },
        {
          "X": 1.58833277,
          "Y": 0.195926636
        }
      ],
      "ColourThemeName": "Red"
    },
    {
      "Source": {
        "PinType": 4,
        "SubChipID": 1081519668,
        "PinID": 2
      },
      "Target": {
        "PinType": 3,
        "SubChipID": 645116506,
        "PinID": 788306586
      },
      "WirePoints": [
        {
          "X": -2.6444447,
          "Y": -1.20601869
        },
        {
          "X": 1.58833277,
          "Y": -0.0440733433
        }
      ],
      "ColourThemeName": "Red"
    },
    {
      "Source": {
        "PinType": 4,
        "SubChipID": 1814277640,
        "PinID": 2
      },
      "Target": {
        "PinType": 3,
        "SubChipID": 645116506,
        "PinID": 1712891911
      },
      "WirePoints": [
        {
          "X": -2.6444447,
          "Y": -1.83101869
        },
        {
          "X": 1.58833277,
          "Y": -0.284073353
        }
      ],
      "ColourThemeName": "Red"
    },
    {
      "Source": {
        "PinType": 4,
        "SubChipID": 701453463,
        "PinID": 2
      },
      "Target": {
        "PinType": 3,
        "SubChipID": 645116506,
        "PinID": 1760223819
      },
      "WirePoints": [
        {
          "X": -2.6444447,
          "Y": -2.45601869
        },
        {
          "X": 1.58833277,
          "Y": -0.5240733
        }
      ],
      "ColourThemeName": "Red"
    },
    {
      "Source": {
        "PinType": 4,
        "SubChipID": 920832810,
        "PinID": 2
      },
      "Target": {
        "PinType": 3,
        "SubChipID": 645116506,
        "PinID": 1384854833
      },
      "WirePoints": [
        {
          "X": -2.6444447,
          "Y": -3.08101869
        },
        {
          "X": 1.58833277,
          "Y": -0.7640733
        }
      ],
      "ColourThemeName": "Red"
    },
    {
      "Source": {
        "PinType": 4,
        "SubChipID": 698957678,
        "PinID": 1118056934
      },
      "Target": {
        "PinType": 3,
        "SubChipID": 645116506,
        "PinID": 542566538
      },
      "WirePoints": [
        {
          "X": -2.82777762,
          "Y": -3.76851845
        },
        {
          "X": 1.58833277,
          "Y": -1.00407338
        }
      ],
      "ColourThemeName": "Red"
    },
    {
      "Source": {
        "PinType": 1,
        "SubChipID": 0,
        "PinID": 1131693109
      },
      "Target": {
        "PinType": 3,
        "SubChipID": 698957678,
        "PinID": 1672340165
      },
      "WirePoints": [
        {
          "X": -7.837778,
          "Y": 4.56481457
        },
        {
          "X": -6.258813,
          "Y": 4.501958
        },
        {
          "X": -5.490741,
          "Y": -3.66666675
        },
        {
          "X": -3.72777772,
          "Y": -3.64851856
        }
      ],
      "ColourThemeName": "Green"
    },
    {
      "Source": {
        "PinType": 1,
        "SubChipID": 0,
        "PinID": 2104575587
      },
      "Target": {
        "PinType": 3,
        "SubChipID": 698957678,
        "PinID": 498880847
      },
      "WirePoints": [
        {
          "X": -7.837778,
          "Y": -3.981482
        },
        {
          "X": -3.72777772,
          "Y": -3.88851833
        }
      ],
      "ColourThemeName": "Yellow"
    }
  ]
}