{
  "Name": "add-sub-inc-dec",
  "Colour": "#902D0B",
  "InputPins": [
    {
      "Name": "KEY1",
      "ID": 1131693109,
      "PositionY": 4.56481457,
      "ColourThemeName": "Green"
    },
    {
      "Name": "KEY0",
      "ID": 1372639964,
      "PositionY": 4.05555534,
      "ColourThemeName": "Green"
    },
    {
      "Name": "A7",
      "ID": 1384572164,
      "PositionY": 3.453704,
      "ColourThemeName": "Red"
    },
    {
      "Name": "A6",
      "ID": 533252662,
      "PositionY": 2.98148155,
      "ColourThemeName": "Red"
    },
    {
      "Name": "A5",
      "ID": 1001650532,
      "PositionY": 2.4907403,
      "ColourThemeName": "Red"
    },
    {
      "Name": "A4",
      "ID": 101426080,
      "PositionY": 2.01851845,
      "ColourThemeName": "Red"
    },
    {
      "Name": "A3",
      "ID": 1752113559,
      "PositionY": 1.44444466,
      "ColourThemeName": "Red"
    },
    {
      "Name": "A2",
      "ID": 85564396,
      "PositionY": 0.990741253,
      "ColourThemeName": "Red"
    },
    {
      "Name": "A1",
      "ID": 1867076294,
      "PositionY": 0.546296239,
      "ColourThemeName": "Red"
    },
    {
      "Name": "A0",
      "ID": 1098350027,
      "PositionY": 0.0555557,
      "ColourThemeName": "Red"
    },
    {
      "Name": "B7",
      "ID": 1920460974,
      "PositionY": -0.60185194,
      "ColourThemeName": "Yellow"
    },
    {
      "Name": "B6",
      "ID": 1587836306,
      "PositionY": -1.09259248,
      "ColourThemeName": "Yellow"
    },
    {
      "Name": "B5",
      "ID": 1971365404,
      "PositionY": -1.56481469,
      "ColourThemeName": "Yellow"
    },
    {
      "Name": "B4",
      "ID": 1577083360,
      "PositionY": -2.00925946,
      "ColourThemeName": "Yellow"
    },
    {
      "Name": "B3",
      "ID": 939449266,
      "PositionY": -2.56481457,
      "ColourThemeName": "Yellow"
    },
    {
      "Name": "B2",
      "ID": 857387538,
      "PositionY": -3.04629612,
      "ColourThemeName": "Yellow"
    },
    {
      "Name": "B1",
      "ID": 185536353,
      "PositionY": -3.54629636,
      "ColourThemeName": "Yellow"
    },
    {
      "Name": "B0",
      "ID": 2104575587,
      "PositionY": -3.981482,
      "ColourThemeName": "Yellow"
    }
  ],
  "OutputPins": [
    {
      "Name": "OUT7",
      "ID": 1680327269,
      "PositionY": 4.08333349,
      "ColourThemeName": "Red"
    },
    {
      "Name": "OUT6",
      "ID": 1120696458,
      "PositionY": 3.462963,
      "ColourThemeName": "Red"
    },
    {
      "Name": "OUT5",
      "ID": 2114750428,
      "PositionY": 2.777778,
      "ColourThemeName": "Red"
    },
    {
      "Name": "OUT4",
      "ID": 346614550,
      "PositionY": 2.1018517,
      "ColourThemeName": "Red"
    },
    {
      "Name": "OUT3",
      "ID": 1737280217,
      "PositionY": 1.47222221,
      "ColourThemeName": "Red"
    },
    {
      "Name": "OUT2",
      "ID": 1046037445,
      "PositionY": 0.92592597,
      "ColourThemeName": "Red"
    },
    {
      "Name": "OUT1",
      "ID": 63471475,
      "PositionY": 0.138888955,
      "ColourThemeName": "Red"
    },
    {
      "Name": "OUT0",
      "ID": 166052646,
      "PositionY": -0.5277777,
      "ColourThemeName": "Red"
    },
    {
      "Name": "Cout",
      "ID": 1705765604,
      "PositionY": -2.86111116,
      "ColourThemeName": "Red"
    }
  ],
  "SubChips": [
    {
      "Name": "8BITADDSUB",
      "ID": 1789479104,
      "Points": [
        {
          "X": -2.5555563,
          "Y": -2.05694413
        }
      ],
      "Data": null
    },
    {
      "Name": "8BITADDSUB",
      "ID": 645116506,
      "Points": [
        {
          "X": -3.194444,
          "Y": 2.54629683
        }
      ],
      "Data": null
    },
    {
      "Name": "8BitMux",
      "ID": 1730663629,
      "Points": [
        {
          "X": 2.56481576,
          "Y": 1.81481481
        }
      ],
      "Data": null
    },
    {
      "Name": "OR",
      "ID": 1547297539,
      "Points": [
        {
          "X": -4.20370626,
          "Y": -3.49999952
        }
      ],
      "Data": null
    },
    {
      "Name": "NOT",
      "ID": 1127870299,
      "Points": [
        {
          "X": -5.444446,
          "Y": -3.342592
        }
      ],
      "Data": null
    },
    {
      "Name": "1bitmux",
      "ID": 1561658877,
      "Points": [
        {
          "X": 3.49074173,
          "Y": -2.833333
        }
      ],
      "Data": null
    }
  ],
  "Connections": [
    {
      "Source": {
        "PinType": 1,
        "SubChipID": 0,
        "PinID": 1384572164
      },
      "Target": {
        "PinType": 3,
        "SubChipID": 645116506,
        "PinID": 416698712
      },
      "WirePoints": [
        {
          "X": -7.837778,
          "Y": 3.453704
        },
        {
          "X": -4.189444,
          "Y": 4.46629667
        }
      ],
      "ColourThemeName": "Red"
    },
    {
      "Source": {
        "PinType": 1,
        "SubChipID": 0,
        "PinID": 533252662
      },
      "Target": {
        "PinType": 3,
        "SubChipID": 645116506,
        "PinID": 638889963
      },
      "WirePoints": [
        {
          "X": -7.837778,
          "Y": 2.98148155
        },
        {
          "X": -4.189444,
          "Y": 4.226297
        }
      ],
      "ColourThemeName": "Red"
    },
    {
      "Source": {
        "PinType": 1,
        "SubChipID": 0,
        "PinID": 1001650532
      },
      "Target": {
        "PinType": 3,
        "SubChipID": 645116506,
        "PinID": 1477945277
      },
      "WirePoints": [
        {
          "X": -7.837778,
          "Y": 2.4907403
        },
        {
          "X": -4.189444,
          "Y": 3.98629665
        }
      ],
      "ColourThemeName": "Red"
    },
    {
      "Source": {
        "PinType": 1,
        "SubChipID": 0,
        "PinID": 101426080
      },
      "Target": {
        "PinType": 3,
        "SubChipID": 645116506,
        "PinID": 1317643932
      },
      "WirePoints": [
        {
          "X": -7.837778,
          "Y": 2.01851845
        },
        {
          "X": -4.189444,
          "Y": 3.746297
        }
      ],
      "ColourThemeName": "Red"
    },
    {
      "Source": {
        "PinType": 1,
        "SubChipID": 0,
        "PinID": 1752113559
      },
      "Target": {
        "PinType": 3,
        "SubChipID": 645116506,
        "PinID": 1561145228
      },
      "WirePoints": [
        {
          "X": -7.837778,
          "Y": 1.44444466
        },
        {
          "X": -4.189444,
          "Y": 3.50629687
        }
      ],
      "ColourThemeName": "Red"
    },
    {
      "Source": {
        "PinType": 1,
        "SubChipID": 0,
        "PinID": 85564396
      },
      "Target": {
        "PinType": 3,
        "SubChipID": 645116506,
        "PinID": 1984232835
      },
      "WirePoints": [
        {
          "X": -7.837778,
          "Y": 0.990741253
        },
        {
          "X": -4.189444,
          "Y": 3.26629686
        }
      ],
      "ColourThemeName": "Red"
    },
    {
      "Source": {
        "PinType": 1,
        "SubChipID": 0,
        "PinID": 1867076294
      },
      "Target": {
        "PinType": 3,
        "SubChipID": 645116506,
        "PinID": 1863159086
      },
      "WirePoints": [
        {
          "X": -7.837778,
          "Y": 0.546296239
        },
        {
          "X": -4.189444,
          "Y": 3.02629685
        }
      ],
      "ColourThemeName": "Red"
    },
    {
      "Source": {
        "PinType": 1,
        "SubChipID": 0,
        "PinID": 1098350027
      },
      "Target": {
        "PinType": 3,
        "SubChipID": 645116506,
        "PinID": 2005239591
      },
      "WirePoints": [
        {
          "X": -7.837778,
          "Y": 0.0555557
        },
        {
          "X": -4.189444,
          "Y": 2.78629684
        }
      ],
      "ColourThemeName": "Red"
    },
    {
      "Source": {
        "PinType": 1,
        "SubChipID": 0,
        "PinID": 1920460974
      },
      "Target": {
        "PinType": 3,
        "SubChipID": 645116506,
        "PinID": 2010999437
      },
      "WirePoints": [
        {
          "X": -7.837778,
          "Y": -0.60185194
        },
        {
          "X": -4.189444,
          "Y": 2.54629683
        }
      ],
      "ColourThemeName": "Yellow"
    },
    {
      "Source": {
        "PinType": 1,
        "SubChipID": 0,
        "PinID": 1587836306
      },
      "Target": {
        "PinType": 3,
        "SubChipID": 645116506,
        "PinID": 1518461986
      },
      "WirePoints": [
        {
          "X": -7.837778,
          "Y": -1.09259248
        },
        {
          "X": -4.189444,
          "Y": 2.30629683
        }
      ],
      "ColourThemeName": "Yellow"
    },
    {
      "Source": {
        "PinType": 1,
        "SubChipID": 0,
        "PinID": 1971365404
      },
      "Target": {
        "PinType": 3,
        "SubChipID": 645116506,
        "PinID": 1917991837
      },
      "WirePoints": [
        {
          "X": -7.837778,
          "Y": -1.56481469
        },
        {
          "X": -4.189444,
          "Y": 2.06629682
        }
      ],
      "ColourThemeName": "Yellow"
    },
    {
      "Source": {
        "PinType": 1,
        "SubChipID": 0,
        "PinID": 1577083360
      },
      "Target": {
        "PinType": 3,
        "SubChipID": 645116506,
        "PinID": 788306586
      },
      "WirePoints": [
        {
          "X": -7.837778,
          "Y": -2.00925946
        },
        {
          "X": -4.189444,
          "Y": 1.82629681
        }
      ],
      "ColourThemeName": "Yellow"
    },
    {
      "Source": {
        "PinType": 1,
        "SubChipID": 0,
        "PinID": 939449266
      },
      "Target": {
        "PinType": 3,
        "SubChipID": 645116506,
        "PinID": 1712891911
      },
      "WirePoints": [
        {
          "X": -7.837778,
          "Y": -2.56481457
        },
        {
          "X": -4.189444,
          "Y": 1.5862968
        }
      ],
      "ColourThemeName": "Yellow"
    },
    {
      "Source": {
        "PinType": 1,
        "SubChipID": 0,
        "PinID": 857387538
      },
      "Target": {
        "PinType": 3,
        "SubChipID": 645116506,
        "PinID": 1760223819
      },
      "WirePoints": [
        {
          "X": -7.837778,
          "Y": -3.04629612
        },
        {
          "X": -4.189444,
          "Y": 1.34629691
        }
      ],
      "ColourThemeName": "Yellow"
    },
    {
      "Source": {
        "PinType": 1,
        "SubChipID": 0,
        "PinID": 185536353
      },
      "Target": {
        "PinType": 3,
        "SubChipID": 645116506,
        "PinID": 1384854833
      },
      "WirePoints": [
        {
          "X": -7.837778,
          "Y": -3.54629636
        },
        {
          "X": -4.189444,
          "Y": 1.1062969
        }
      ],
      "ColourThemeName": "Yellow"
    },
    {
      "Source": {
        "PinType": 1,
        "SubChipID": 0,
        "PinID": 2104575587
      },
      "Target": {
        "PinType": 3,
        "SubChipID": 645116506,
        "PinID": 542566538
      },
      "WirePoints": [
        {
          "X": -7.837778,
          "Y": -3.981482
        },
        {
          "X": -4.189444,
          "Y": 0.8662969
        }
      ],
      "ColourThemeName": "Yellow"
    },
    {
      "Source": {
        "PinType": 4,
        "SubChipID": 1730663629,
        "PinID": 1975669734
      },
      "Target": {
        "PinType": 2,
        "SubChipID": 0,
        "PinID": 1680327269
      },
      "WirePoints": [
        {
          "X": 3.33981562,
          "Y": 3.73481464
        },
        {
          "X": 7.837778,
          "Y": 4.08333349
        }
      ],
      "ColourThemeName": "Red"
    },
    {
      "Source": {
        "PinType": 4,
        "SubChipID": 1730663629,
        "PinID": 1088520793
      },
      "Target": {
        "PinType": 2,
        "SubChipID": 0,
        "PinID": 1120696458
      },
      "WirePoints": [
        {
          "X": 3.33981562,
          "Y": 3.1862433
        },
        {
          "X": 7.837778,
          "Y": 3.462963
        }
      ],
      "ColourThemeName": "Red"
    },
    {
      "Source": {
        "PinType": 4,
        "SubChipID": 1730663629,
        "PinID": 605636055
      },
      "Target": {
        "PinType": 2,
        "SubChipID": 0,
        "PinID": 2114750428
      },
      "WirePoints": [
        {
          "X": 3.33981562,
          "Y": 2.637672
        },
        {
          "X": 7.837778,
          "Y": 2.777778
        }
      ],
      "ColourThemeName": "Red"
    },
    {
      "Source": {
        "PinType": 4,
        "SubChipID": 1730663629,
        "PinID": 1631322322
      },
      "Target": {
        "PinType": 2,
        "SubChipID": 0,
        "PinID": 346614550
      },
      "WirePoints": [
        {
          "X": 3.33981562,
          "Y": 2.0891006
        },
        {
          "X": 7.837778,
          "Y": 2.1018517
        }
      ],
      "ColourThemeName": "Red"
    },
    {
      "Source": {
        "PinType": 4,
        "SubChipID": 1730663629,
        "PinID": 1077223519
      },
      "Target": {
        "PinType": 2,
        "SubChipID": 0,
        "PinID": 1737280217
      },
      "WirePoints": [
        {
          "X": 3.33981562,
          "Y": 1.540529
        },
        {
          "X": 7.837778,
          "Y": 1.47222221
        }
      ],
      "ColourThemeName": "Red"
    },
    {
      "Source": {
        "PinType": 4,
        "SubChipID": 1730663629,
        "PinID": 1483620419
      },
      "Target": {
        "PinType": 2,
        "SubChipID": 0,
        "PinID": 1046037445
      },
      "WirePoints": [
        {
          "X": 3.33981562,
          "Y": 0.9919576
        },
        {
          "X": 7.837778,
          "Y": 0.92592597
        }
      ],
      "ColourThemeName": "Red"
    },
    {
      "Source": {
        "PinType": 4,
        "SubChipID": 1730663629,
        "PinID": 1908075193
      },
      "Target": {
        "PinType": 2,
        "SubChipID": 0,
        "PinID": 63471475
      },
      "WirePoints": [
        {
          "X": 3.33981562,
          "Y": 0.4433862
        },
        {
          "X": 7.837778,
          "Y": 0.138888955
        }
      ],
      "ColourThemeName": "Red"
    },
    {
      "Source": {
        "PinType": 4,
        "SubChipID": 1730663629,
        "PinID": 666866987
      },
      "Target": {
        "PinType": 2,
        "SubChipID": 0,
        "PinID": 166052646
      },
      "WirePoints": [
        {
          "X": 3.33981562,
          "Y": -0.105185151
        },
        {
          "X": 7.837778,
          "Y": -0.5277777
        }
      ],
      "ColourThemeName": "Red"
    },
    {
      "Source": {
        "PinType": 4,
        "SubChipID": 645116506,
        "PinID": 543863550
      },
      "Target": {
        "PinType": 3,
        "SubChipID": 1730663629,
        "PinID": 1079511259
      },
      "WirePoints": [
        {
          "X": -2.19944382,
          "Y": 1.1062969
        },
        {
          "X": 1.78981578,
          "Y": 0.134814858
        }
      ],
      "ColourThemeName": "Red"
    },
    {
      "Source": {
        "PinType": 4,
        "SubChipID": 645116506,
        "PinID": 1799133754
      },
      "Target": {
        "PinType": 3,
        "SubChipID": 1730663629,
        "PinID": 128778491
      },
      "WirePoints": [
        {
          "X": -2.19944382,
          "Y": 1.5862968
        },
        {
          "X": 1.78981578,
          "Y": 0.374814868
        }
      ],
      "ColourThemeName": "Red"
    },
    {
      "Source": {
        "PinType": 4,
        "SubChipID": 645116506,
        "PinID": 738182905
      },
      "Target": {
        "PinType": 3,
        "SubChipID": 1730663629,
        "PinID": 1851187211
      },
      "WirePoints": [
        {
          "X": -2.19944382,
          "Y": 2.06629682
        },
        {
          "X": 1.78981578,
          "Y": 0.6148149
        }
      ],
      "ColourThemeName": "Red"
    },
    {
      "Source": {
        "PinType": 4,
        "SubChipID": 645116506,
        "PinID": 2037346425
      },
      "Target": {
        "PinType": 3,
        "SubChipID": 1730663629,
        "PinID": 125805864
      },
      "WirePoints": [
        {
          "X": -2.19944382,
          "Y": 2.54629683
        },
        {
          "X": 1.78981578,
          "Y": 0.8548148
        }
      ],
      "ColourThemeName": "Red"
    },
    {
      "Source": {
        "PinType": 4,
        "SubChipID": 645116506,
        "PinID": 1214539231
      },
      "Target": {
        "PinType": 3,
        "SubChipID": 1730663629,
        "PinID": 362686848
      },
      "WirePoints": [
        {
          "X": -2.19944382,
          "Y": 3.02629685
        },
        {
          "X": 1.78981578,
          "Y": 1.09481478
        }
      ],
      "ColourThemeName": "Red"
    },
    {
      "Source": {
        "PinType": 4,
        "SubChipID": 645116506,
        "PinID": 825990921
      },
      "Target": {
        "PinType": 3,
        "SubChipID": 1730663629,
        "PinID": 1986419160
      },
      "WirePoints": [
        {
          "X": -2.19944382,
          "Y": 3.50629687
        },
        {
          "X": 1.78981578,
          "Y": 1.33481479
        }
      ],
      "ColourThemeName": "Red"
    },
    {
      "Source": {
        "PinType": 4,
        "SubChipID": 645116506,
        "PinID": 1632501029
      },
      "Target": {
        "PinType": 3,
        "SubChipID": 1730663629,
        "PinID": 780551497
      },
      "WirePoints": [
        {
          "X": -2.19944382,
          "Y": 3.98629665
        },
        {
          "X": 1.78981578,
          "Y": 1.5748148
        }
      ],
      "ColourThemeName": "Red"
    },
    {
      "Source": {
        "PinType": 4,
        "SubChipID": 645116506,
        "PinID": 956618610
      },
      "Target": {
        "PinType": 3,
        "SubChipID": 1730663629,
        "PinID": 206920431
      },
      "WirePoints": [
        {
          "X": -2.19944382,
          "Y": 4.46629667
        },
        {
          "X": 1.78981578,
          "Y": 1.81481481
        }
      ],
      "ColourThemeName": "Red"
    },
    {
      "Source": {
        "PinType": 1,
        "SubChipID": 0,
        "PinID": 1384572164
      },
      "Target": {
        "PinType": 3,
        "SubChipID": 1789479104,
        "PinID": 416698712
      },
      "WirePoints": [
        {
          "X": -7.837778,
          "Y": 3.453704
        },
        {
          "X": -4.649663,
          "Y": 4.375608
        },
        {
          "X": -4.57407427,
          "Y": -0.240740776
        },
        {
          "X": -3.55055618,
          "Y": -0.136944175
        }
      ],
      "ColourThemeName": "Red"
    },
    {
      "Source": {
        "PinType": 1,
        "SubChipID": 0,
        "PinID": 533252662
      },
      "Target": {
        "PinType": 3,
        "SubChipID": 1789479104,
        "PinID": 638889963
      },
      "WirePoints": [
        {
          "X": -7.837778,
          "Y": 2.98148155
        },
        {
          "X": -4.95127964,
          "Y": 4.000835
        },
        {
          "X": -4.73148155,
          "Y": -0.351851881
        },
        {
          "X": -3.55055618,
          "Y": -0.376944184
        }
      ],
      "ColourThemeName": "Red"
    },
    {
      "Source": {
        "PinType": 1,
        "SubChipID": 0,
        "PinID": 1001650532
      },
      "Target": {
        "PinType": 3,
        "SubChipID": 1789479104,
        "PinID": 1477945277
      },
      "WirePoints": [
        {
          "X": -7.837778,
          "Y": 2.4907403
        },
        {
          "X": -5.259964,
          "Y": 3.57915425
        },
        {
          "X": -4.7962966,
          "Y": -0.6666666
        },
        {
          "X": -3.55055618,
          "Y": -0.6169442
        }
      ],
      "ColourThemeName": "Red"
    },
    {
      "Source": {
        "PinType": 1,
        "SubChipID": 0,
        "PinID": 101426080
      },
      "Target": {
        "PinType": 3,
        "SubChipID": 1789479104,
        "PinID": 1317643932
      },
      "WirePoints": [
        {
          "X": -7.837778,
          "Y": 2.01851845
        },
        {
          "X": -5.476644,
          "Y": 3.166501
        },
        {
          "X": -4.916667,
          "Y": -0.888888836
        },
        {
          "X": -3.55055618,
          "Y": -0.8569442
        }
      ],
      "ColourThemeName": "Red"
    },
    {
      "Source": {
        "PinType": 1,
        "SubChipID": 0,
        "PinID": 1752113559
      },
      "Target": {
        "PinType": 3,
        "SubChipID": 1789479104,
        "PinID": 1561145228
      },
      "WirePoints": [
        {
          "X": -7.837778,
          "Y": 1.44444466
        },
        {
          "X": -5.63799953,
          "Y": 2.71643543
        },
        {
          "X": -5.120371,
          "Y": -1.1018517
        },
        {
          "X": -3.55055618,
          "Y": -1.09694409
        }
      ],
      "ColourThemeName": "Red"
    },
    {
      "Source": {
        "PinType": 1,
        "SubChipID": 0,
        "PinID": 85564396
      },
      "Target": {
        "PinType": 3,
        "SubChipID": 1789479104,
        "PinID": 1984232835
      },
      "WirePoints": [
        {
          "X": -7.837778,
          "Y": 0.990741253
        },
        {
          "X": -5.76953554,
          "Y": 2.30843973
        },
        {
          "X": -5.268519,
          "Y": -1.3055557
        },
        {
          "X": -3.55055618,
          "Y": -1.3369441
        }
      ],
      "ColourThemeName": "Red"
    },
    {
      "Source": {
        "PinType": 1,
        "SubChipID": 0,
        "PinID": 1867076294
      },
      "Target": {
        "PinType": 3,
        "SubChipID": 1789479104,
        "PinID": 1863159086
      },
      "WirePoints": [
        {
          "X": -7.837778,
          "Y": 0.546296239
        },
        {
          "X": -6.10621,
          "Y": 1.74702442
        },
        {
          "X": -5.361111,
          "Y": -1.62037039
        },
        {
          "X": -3.55055618,
          "Y": -1.57694411
        }
      ],
      "ColourThemeName": "Red"
    },
    {
      "Source": {
        "PinType": 1,
        "SubChipID": 0,
        "PinID": 1098350027
      },
      "Target": {
        "PinType": 3,
        "SubChipID": 1789479104,
        "PinID": 2005239591
      },
      "WirePoints": [
        {
          "X": -7.837778,
          "Y": 0.0555557
        },
        {
          "X": -6.213193,
          "Y": 1.29432154
        },
        {
          "X": -5.527778,
          "Y": -1.89814806
        },
        {
          "X": -3.55055618,
          "Y": -1.81694412
        }
      ],
      "ColourThemeName": "Red"
    },
    {
      "Source": {
        "PinType": 4,
        "SubChipID": 1127870299,
        "PinID": 1
      },
      "Target": {
        "PinType": 3,
        "SubChipID": 1547297539,
        "PinID": 1672340165
      },
      "WirePoints": [
        {
          "X": -4.894446,
          "Y": -3.342592
        },
        {
          "X": -4.653706,
          "Y": -3.37999964
        }
      ],
      "ColourThemeName": "Red"
    },
    {
      "Source": {
        "PinType": 1,
        "SubChipID": 0,
        "PinID": 1372639964
      },
      "Target": {
        "PinType": 3,
        "SubChipID": 645116506,
        "PinID": 702714990
      },
      "WirePoints": [
        {
          "X": -7.837778,
          "Y": 4.05555534
        },
        {
          "X": -6.14814854,
          "Y": 4.23148155
        },
        {
          "X": -6.212963,
          "Y": 0.6296295
        },
        {
          "X": -4.189444,
          "Y": 0.6262969
        }
      ],
      "ColourThemeName": "Green"
    },
    {
      "Source": {
        "PinType": 4,
        "SubChipID": 1789479104,
        "PinID": 543863550
      },
      "Target": {
        "PinType": 3,
        "SubChipID": 1730663629,
        "PinID": 73132680
      },
      "WirePoints": [
        {
          "X": -1.56055629,
          "Y": -3.496944
        },
        {
          "X": 1.78981578,
          "Y": 2.05481482
        }
      ],
      "ColourThemeName": "Green"
    },
    {
      "Source": {
        "PinType": 4,
        "SubChipID": 1789479104,
        "PinID": 1799133754
      },
      "Target": {
        "PinType": 3,
        "SubChipID": 1730663629,
        "PinID": 2067416386
      },
      "WirePoints": [
        {
          "X": -1.56055629,
          "Y": -3.01694417
        },
        {
          "X": 1.78981578,
          "Y": 2.29481483
        }
      ],
      "ColourThemeName": "Green"
    },
    {
      "Source": {
        "PinType": 4,
        "SubChipID": 1789479104,
        "PinID": 738182905
      },
      "Target": {
        "PinType": 3,
        "SubChipID": 1730663629,
        "PinID": 1517890443
      },
      "WirePoints": [
        {
          "X": -1.56055629,
          "Y": -2.53694415
        },
        {
          "X": 1.78981578,
          "Y": 2.53481483
        }
      ],
      "ColourThemeName": "Green"
    },
    {
      "Source": {
        "PinType": 4,
        "SubChipID": 1789479104,
        "PinID": 2037346425
      },
      "Target": {
        "PinType": 3,
        "SubChipID": 1730663629,
        "PinID": 1316718013
      },
      "WirePoints": [
        {
          "X": -1.56055629,
          "Y": -2.05694413
        },
        {
          "X": 1.78981578,
          "Y": 2.77481484
        }
      ],
      "ColourThemeName": "Green"
    },
    {
      "Source": {
        "PinType": 4,
        "SubChipID": 1789479104,
        "PinID": 1214539231
      },
      "Target": {
        "PinType": 3,
        "SubChipID": 1730663629,
        "PinID": 753629729
      },
      "WirePoints": [
        {
          "X": -1.56055629,
          "Y": -1.57694411
        },
        {
          "X": 1.78981578,
          "Y": 3.01481485
        }
      ],
      "ColourThemeName": "Green"
    },
    {
      "Source": {
        "PinType": 4,
        "SubChipID": 1789479104,
        "PinID": 825990921
      },
      "Target": {
        "PinType": 3,
        "SubChipID": 1730663629,
        "PinID": 1055717760
      },
      "WirePoints": [
        {
          "X": -1.56055629,
          "Y": -1.09694409
        },
        {
          "X": 1.78981578,
          "Y": 3.25481462
        }
      ],
      "ColourThemeName": "Green"
    },
    {
      "Source": {
        "PinType": 4,
        "SubChipID": 1789479104,
        "PinID": 1632501029
      },
      "Target": {
        "PinType": 3,
        "SubChipID": 1730663629,
        "PinID": 1981979729
      },
      "WirePoints": [
        {
          "X": -1.56055629,
          "Y": -0.6169442
        },
        {
          "X": 1.78981578,
          "Y": 3.49481487
        }
      ],
      "ColourThemeName": "Green"
    },
    {
      "Source": {
        "PinType": 4,
        "SubChipID": 1789479104,
        "PinID": 956618610
      },
      "Target": {
        "PinType": 3,
        "SubChipID": 1730663629,
        "PinID": 1043422715
      },
      "WirePoints": [
        {
          "X": -1.56055629,
          "Y": -0.136944175
        },
        {
          "X": 1.78981578,
          "Y": 3.73481464
        }
      ],
      "ColourThemeName": "Green"
    },
    {
      "Source": {
        "PinType": 4,
        "SubChipID": 1547297539,
        "PinID": 1118056934
      },
      "Target": {
        "PinType": 3,
        "SubChipID": 1789479104,
        "PinID": 542566538
      },
      "WirePoints": [
        {
          "X": -3.75370622,
          "Y": -3.49999952
        },
        {
          "X": -3.55055618,
          "Y": -3.7369442
        }
      ],
      "ColourThemeName": "Red"
    },
    {
      "Source": {
        "PinType": 1,
        "SubChipID": 0,
        "PinID": 1372639964
      },
      "Target": {
        "PinType": 3,
        "SubChipID": 1127870299,
        "PinID": 0
      },
      "WirePoints": [
        {
          "X": -7.837778,
          "Y": 4.05555534
        },
        {
          "X": -6.14814854,
          "Y": 4.23148155
        },
        {
          "X": -6.21095562,
          "Y": 0.741176844
        },
        {
          "X": -6.33333349,
          "Y": -3.49074078
        },
        {
          "X": -5.99444628,
          "Y": -3.342592
        }
      ],
      "ColourThemeName": "Green"
    },
    {
      "Source": {
        "PinType": 1,
        "SubChipID": 0,
        "PinID": 1372639964
      },
      "Target": {
        "PinType": 3,
        "SubChipID": 1789479104,
        "PinID": 702714990
      },
      "WirePoints": [
        {
          "X": -7.837778,
          "Y": 4.05555534
        },
        {
          "X": -6.14814854,
          "Y": 4.23148155
        },
        {
          "X": -6.21095562,
          "Y": 0.741176844
        },
        {
          "X": -6.33146524,
          "Y": -3.42613339
        },
        {
          "X": -6.361111,
          "Y": -3.99074078
        },
        {
          "X": -3.55055618,
          "Y": -3.976944
        }
      ],
      "ColourThemeName": "Green"
    },
    {
      "Source": {
        "PinType": 1,
        "SubChipID": 0,
        "PinID": 1372639964
      },
      "Target": {
        "PinType": 3,
        "SubChipID": 1547297539,
        "PinID": 498880847
      },
      "WirePoints": [
        {
          "X": -7.837778,
          "Y": 4.05555534
        },
        {
          "X": -6.14814854,
          "Y": 4.23148155
        },
        {
          "X": -6.21095562,
          "Y": 0.741176844
        },
        {
          "X": -6.33146524,
          "Y": -3.42613339
        },
        {
          "X": -6.348327,
          "Y": -3.747268
        },
        {
          "X": -4.653706,
          "Y": -3.61999941
        }
      ],
      "ColourThemeName": "Green"
    },
    {
      "Source": {
        "PinType": 1,
        "SubChipID": 0,
        "PinID": 1131693109
      },
      "Target": {
        "PinType": 3,
        "SubChipID": 1730663629,
        "PinID": 1619985941
      },
      "WirePoints": [
        {
          "X": -7.837778,
          "Y": 4.56481457
        },
        {
          "X": -4.89814854,
          "Y": 4.57407427
        },
        {
          "X": -4.861111,
          "Y": 4.768519
        },
        {
          "X": 0.06481489,
          "Y": 4.66666651
        },
        {
          "X": 0.8333334,
          "Y": 4.64814854
        },
        {
          "X": 0.7777776,
          "Y": -0.222222209
        },
        {
          "X": 1.78981578,
          "Y": -0.105185151
        }
      ],
      "ColourThemeName": "Green"
    },
    {
      "Source": {
        "PinType": 1,
        "SubChipID": 0,
        "PinID": 1131693109
      },
      "Target": {
        "PinType": 3,
        "SubChipID": 1561658877,
        "PinID": 1040857246
      },
      "WirePoints": [
        {
          "X": -7.837778,
          "Y": 4.56481457
        },
        {
          "X": -4.89814854,
          "Y": 4.57407427
        },
        {
          "X": -4.861111,
          "Y": 4.768519
        },
        {
          "X": 0.06481489,
          "Y": 4.66666651
        },
        {
          "X": 0.8333334,
          "Y": 4.64814854
        },
        {
          "X": 0.7777776,
          "Y": -0.222222209
        },
        {
          "X": 0.8598232,
          "Y": -0.212734044
        },
        {
          "X": 0.814815164,
          "Y": -3.04629612
        },
        {
          "X": 2.71574163,
          "Y": -3.073333
        }
      ],
      "ColourThemeName": "Green"
    },
    {
      "Source": {
        "PinType": 4,
        "SubChipID": 645116506,
        "PinID": 310624871
      },
      "Target": {
        "PinType": 3,
        "SubChipID": 1561658877,
        "PinID": 1404056732
      },
      "WirePoints": [
        {
          "X": -2.19944382,
          "Y": 0.6262969
        },
        {
          "X": -1.27777791,
          "Y": 0.6388891
        },
        {
          "X": -0.222222015,
          "Y": -2.66666651
        },
        {
          "X": 2.71574163,
          "Y": -2.833333
        }
      ],
      "ColourThemeName": "Red"
    },
    {
      "Source": {
        "PinType": 4,
        "SubChipID": 1789479104,
        "PinID": 310624871
      },
      "Target": {
        "PinType": 3,
        "SubChipID": 1561658877,
        "PinID": 1627468108
      },
      "WirePoints": [
        {
          "X": -1.56055629,
          "Y": -3.976944
        },
        {
          "X": 2.24074054,
          "Y": -4.009259
        },
        {
          "X": 2.1018517,
          "Y": -2.49074078
        },
        {
          "X": 2.61111164,
          "Y": -2.55555582
        },
        {
          "X": 2.71574163,
          "Y": -2.593333
        }
      ],
      "ColourThemeName": "Red"
    },
    {
      "Source": {
        "PinType": 4,
        "SubChipID": 1561658877,
        "PinID": 1706267175
      },
      "Target": {
        "PinType": 2,
        "SubChipID": 0,
        "PinID": 1705765604
      },
      "WirePoints": [
        {
          "X": 4.265742,
          "Y": -2.833333
        },
        {
          "X": 7.837778,
          "Y": -2.86111116
        }
      ],
      "ColourThemeName": "Red"
    }
  ]
}