{
  "Name": "ALU",
  "Colour": "#362918",
  "InputPins": [
    {
      "Name": "A7",
      "ID": 523576497,
      "PositionY": 4.5,
      "ColourThemeName": "Red"
    },
    {
      "Name": "A6",
      "ID": 848694278,
      "PositionY": 4.12037,
      "ColourThemeName": "Red"
    },
    {
      "Name": "A5",
      "ID": 1894922356,
      "PositionY": 3.72222233,
      "ColourThemeName": "Red"
    },
    {
      "Name": "A4",
      "ID": 85090767,
      "PositionY": 3.296296,
      "ColourThemeName": "Red"
    },
    {
      "Name": "A3",
      "ID": 612697300,
      "PositionY": 2.70370364,
      "ColourThemeName": "Red"
    },
    {
      "Name": "A2",
      "ID": 1525558997,
      "PositionY": 2.222222,
      "ColourThemeName": "Red"
    },
    {
      "Name": "A1",
      "ID": 1708958292,
      "PositionY": 1.80555582,
      "ColourThemeName": "Red"
    },
    {
      "Name": "A0",
      "ID": 1192256947,
      "PositionY": 1.44444466,
      "ColourThemeName": "Red"
    },
    {
      "Name": "B7",
      "ID": 1602804759,
      "PositionY": 0.703703761,
      "ColourThemeName": "Red"
    },
    {
      "Name": "B6",
      "ID": 1796796052,
      "PositionY": 0.296296477,
      "ColourThemeName": "Red"
    },
    {
      "Name": "B5",
      "ID": 649686778,
      "PositionY": -0.0833332539,
      "ColourThemeName": "Red"
    },
    {
      "Name": "B4",
      "ID": 455711885,
      "PositionY": -0.5277777,
      "ColourThemeName": "Red"
    },
    {
      "Name": "B3",
      "ID": 1670830125,
      "PositionY": -1.08333325,
      "ColourThemeName": "Red"
    },
    {
      "Name": "B2",
      "ID": 876983371,
      "PositionY": -1.47222221,
      "ColourThemeName": "Red"
    },
    {
      "Name": "B1",
      "ID": 792874888,
      "PositionY": -1.85185194,
      "ColourThemeName": "Red"
    },
    {
      "Name": "B0",
      "ID": 1274065108,
      "PositionY": -2.324074,
      "ColourThemeName": "Red"
    },
    {
      "Name": "Key3",
      "ID": 583859834,
      "PositionY": -3.01851869,
      "ColourThemeName": "Red"
    },
    {
      "Name": "Key2",
      "ID": 532799762,
      "PositionY": -3.43518519,
      "ColourThemeName": "Red"
    },
    {
      "Name": "Key1",
      "ID": 387169506,
      "PositionY": -3.81481457,
      "ColourThemeName": "Red"
    },
    {
      "Name": "Key0",
      "ID": 181607016,
      "PositionY": -4.203704,
      "ColourThemeName": "Red"
    }
  ],
  "OutputPins": [
    {
      "Name": "r7/m15",
      "ID": 940023050,
      "PositionY": 4.55555534,
      "ColourThemeName": "Red"
    },
    {
      "Name": "r6/m14",
      "ID": 1910182150,
      "PositionY": 4.18518448,
      "ColourThemeName": "Red"
    },
    {
      "Name": "r5/m13",
      "ID": 477982596,
      "PositionY": 3.86111164,
      "ColourThemeName": "Red"
    },
    {
      "Name": "r4/m12",
      "ID": 167851354,
      "PositionY": 3.46296334,
      "ColourThemeName": "Red"
    },
    {
      "Name": "r3/m11",
      "ID": 658336343,
      "PositionY": 2.92592645,
      "ColourThemeName": "Red"
    },
    {
      "Name": "r2/m10",
      "ID": 1826599984,
      "PositionY": 2.52777767,
      "ColourThemeName": "Red"
    },
    {
      "Name": "r1/m9",
      "ID": 583141616,
      "PositionY": 2.18518567,
      "ColourThemeName": "Red"
    },
    {
      "Name": "r0/m8",
      "ID": 751711065,
      "PositionY": 1.76851928,
      "ColourThemeName": "Red"
    },
    {
      "Name": "Out7",
      "ID": 1029046041,
      "PositionY": 1.16666675,
      "ColourThemeName": "Red"
    },
    {
      "Name": "Out6",
      "ID": 1856958234,
      "PositionY": 0.7407406,
      "ColourThemeName": "Red"
    },
    {
      "Name": "Out5",
      "ID": 865437422,
      "PositionY": 0.314814329,
      "ColourThemeName": "Red"
    },
    {
      "Name": "Out4",
      "ID": 138249510,
      "PositionY": -0.129629672,
      "ColourThemeName": "Red"
    },
    {
      "Name": "Out3",
      "ID": 1767134130,
      "PositionY": -0.787037,
      "ColourThemeName": "Red"
    },
    {
      "Name": "Out2",
      "ID": 1936347713,
      "PositionY": -1.19444478,
      "ColourThemeName": "Red"
    },
    {
      "Name": "Out1",
      "ID": 1475738855,
      "PositionY": -1.67592621,
      "ColourThemeName": "Red"
    },
    {
      "Name": "Out0",
      "ID": 2050416346,
      "PositionY": -2.13888836,
      "ColourThemeName": "Red"
    },
    {
      "Name": "cout",
      "ID": 1418378477,
      "PositionY": -3.50342655,
      "ColourThemeName": "Red"
    }
  ],
  "SubChips": [
    {
      "Name": "ALUPart1",
      "ID": 1542473083,
      "Points": [
        {
          "X": -3.29629564,
          "Y": 2.40740752
        }
      ],
      "Data": null
    },
    {
      "Name": "AluPart2",
      "ID": 1784591945,
      "Points": [
        {
          "X": 1.62962818,
          "Y": 2.35185242
        }
      ],
      "Data": null
    },
    {
      "Name": "BUS",
      "ID": 492711730,
      "Points": [
        {
          "X": -4.87962961,
          "Y": 4.23518562
        },
        {
          "X": -6.49074125,
          "Y": 4.23518562
        }
      ],
      "Data": null
    },
    {
      "Name": "BUS",
      "ID": 167819743,
      "Points": [
        {
          "X": -4.87962961,
          "Y": 4.03518534
        },
        {
          "X": -6.49074125,
          "Y": 4.03518534
        }
      ],
      "Data": null
    },
    {
      "Name": "BUS",
      "ID": 1159632753,
      "Points": [
        {
          "X": -4.87962961,
          "Y": 3.83518553
        },
        {
          "X": -6.49074125,
          "Y": 3.83518553
        }
      ],
      "Data": null
    },
    {
      "Name": "BUS",
      "ID": 110668127,
      "Points": [
        {
          "X": -4.87962961,
          "Y": 3.63518548
        },
        {
          "X": -6.49074125,
          "Y": 3.63518548
        }
      ],
      "Data": null
    },
    {
      "Name": "BUS",
      "ID": 1496305954,
      "Points": [
        {
          "X": -4.87962961,
          "Y": 3.43518543
        },
        {
          "X": -6.49074125,
          "Y": 3.43518543
        }
      ],
      "Data": null
    },
    {
      "Name": "BUS",
      "ID": 1888585598,
      "Points": [
        {
          "X": -4.87962961,
          "Y": 3.23518538
        },
        {
          "X": -6.49074125,
          "Y": 3.23518538
        }
      ],
      "Data": null
    },
    {
      "Name": "BUS",
      "ID": 1923655924,
      "Points": [
        {
          "X": -4.87962961,
          "Y": 3.03518534
        },
        {
          "X": -6.49074125,
          "Y": 3.03518534
        }
      ],
      "Data": null
    },
    {
      "Name": "BUS",
      "ID": 1621071078,
      "Points": [
        {
          "X": -4.87962961,
          "Y": 2.83518553
        },
        {
          "X": -6.49074125,
          "Y": 2.83518553
        }
      ],
      "Data": null
    },
    {
      "Name": "BUS",
      "ID": 1745415873,
      "Points": [
        {
          "X": -4.87962961,
          "Y": 2.63518548
        },
        {
          "X": -6.49074125,
          "Y": 2.63518548
        }
      ],
      "Data": null
    },
    {
      "Name": "BUS",
      "ID": 686036499,
      "Points": [
        {
          "X": -4.87962961,
          "Y": 2.43518543
        },
        {
          "X": -6.49074125,
          "Y": 2.43518543
        }
      ],
      "Data": null
    },
    {
      "Name": "BUS",
      "ID": 45277700,
      "Points": [
        {
          "X": -4.87962961,
          "Y": 2.23518538
        },
        {
          "X": -6.49074125,
          "Y": 2.23518538
        }
      ],
      "Data": null
    },
    {
      "Name": "BUS",
      "ID": 1718384434,
      "Points": [
        {
          "X": -4.87962961,
          "Y": 2.03518534
        },
        {
          "X": -6.49074125,
          "Y": 2.03518534
        }
      ],
      "Data": null
    },
    {
      "Name": "BUS",
      "ID": 1363280309,
      "Points": [
        {
          "X": -4.87962961,
          "Y": 1.83518541
        },
        {
          "X": -6.49074125,
          "Y": 1.83518541
        }
      ],
      "Data": null
    },
    {
      "Name": "BUS",
      "ID": 2076062840,
      "Points": [
        {
          "X": -4.87962961,
          "Y": 1.63518548
        },
        {
          "X": -6.49074125,
          "Y": 1.63518548
        }
      ],
      "Data": null
    },
    {
      "Name": "BUS",
      "ID": 1150990938,
      "Points": [
        {
          "X": -4.87962961,
          "Y": 1.43518543
        },
        {
          "X": -6.49074125,
          "Y": 1.43518543
        }
      ],
      "Data": null
    },
    {
      "Name": "BUS",
      "ID": 1797201608,
      "Points": [
        {
          "X": -4.87962961,
          "Y": 1.23518538
        },
        {
          "X": -6.49074125,
          "Y": 1.23518538
        }
      ],
      "Data": null
    },
    {
      "Name": "BUS",
      "ID": 2009751755,
      "Points": [
        {
          "X": -4.87962961,
          "Y": 1.03518546
        },
        {
          "X": -6.49074125,
          "Y": 1.03518546
        }
      ],
      "Data": null
    },
    {
      "Name": "BUS",
      "ID": 1497476576,
      "Points": [
        {
          "X": -4.87962961,
          "Y": 0.8351854
        },
        {
          "X": -6.49074125,
          "Y": 0.8351854
        }
      ],
      "Data": null
    },
    {
      "Name": "BUS",
      "ID": 48974989,
      "Points": [
        {
          "X": -4.87962961,
          "Y": 0.635185361
        },
        {
          "X": -6.49074125,
          "Y": 0.635185361
        }
      ],
      "Data": null
    },
    {
      "Name": "BUS",
      "ID": 1303870023,
      "Points": [
        {
          "X": 0.299721837,
          "Y": 4.468494
        },
        {
          "X": -0.811388731,
          "Y": 4.45923471
        }
      ],
      "Data": null
    },
    {
      "Name": "BUS",
      "ID": 913594177,
      "Points": [
        {
          "X": 0.3013885,
          "Y": 4.26850128
        },
        {
          "X": -0.809722066,
          "Y": 4.25924158
        }
      ],
      "Data": null
    },
    {
      "Name": "BUS",
      "ID": 2094555496,
      "Points": [
        {
          "X": 0.303055167,
          "Y": 4.068508
        },
        {
          "X": -0.8080555,
          "Y": 4.05924845
        }
      ],
      "Data": null
    },
    {
      "Name": "BUS",
      "ID": 961379109,
      "Points": [
        {
          "X": 0.3063885,
          "Y": 3.668522
        },
        {
          "X": -0.8047222,
          "Y": 3.65926242
        }
      ],
      "Data": null
    },
    {
      "Name": "BUS",
      "ID": 368086111,
      "Points": [
        {
          "X": 0.308055043,
          "Y": 3.46852875
        },
        {
          "X": -0.8030554,
          "Y": 3.45926952
        }
      ],
      "Data": null
    },
    {
      "Name": "BUS",
      "ID": 529320214,
      "Points": [
        {
          "X": 0.3097217,
          "Y": 3.26853585
        },
        {
          "X": -0.80138886,
          "Y": 3.25927639
        }
      ],
      "Data": null
    },
    {
      "Name": "BUS",
      "ID": 287066097,
      "Points": [
        {
          "X": 0.311388373,
          "Y": 3.06854272
        },
        {
          "X": -0.7997222,
          "Y": 3.05928326
        }
      ],
      "Data": null
    },
    {
      "Name": "BUS",
      "ID": 507540441,
      "Points": [
        {
          "X": 0.342592657,
          "Y": 2.52407384
        },
        {
          "X": -0.7314815,
          "Y": 2.52407384
        }
      ],
      "Data": null
    },
    {
      "Name": "BUS",
      "ID": 1957907582,
      "Points": [
        {
          "X": 0.342592657,
          "Y": 2.32407379
        },
        {
          "X": -0.7314815,
          "Y": 2.32407379
        }
      ],
      "Data": null
    },
    {
      "Name": "BUS",
      "ID": 940734578,
      "Points": [
        {
          "X": 0.342592657,
          "Y": 2.12407374
        },
        {
          "X": -0.7314815,
          "Y": 2.12407374
        }
      ],
      "Data": null
    },
    {
      "Name": "BUS",
      "ID": 458247744,
      "Points": [
        {
          "X": 0.342592657,
          "Y": 1.92407382
        },
        {
          "X": -0.7314815,
          "Y": 1.92407382
        }
      ],
      "Data": null
    },
    {
      "Name": "BUS",
      "ID": 2037393297,
      "Points": [
        {
          "X": 0.342592657,
          "Y": 1.72407377
        },
        {
          "X": -0.7314815,
          "Y": 1.72407377
        }
      ],
      "Data": null
    },
    {
      "Name": "BUS",
      "ID": 1237403887,
      "Points": [
        {
          "X": 0.342592657,
          "Y": 1.52407384
        },
        {
          "X": -0.7314815,
          "Y": 1.52407384
        }
      ],
      "Data": null
    },
    {
      "Name": "BUS",
      "ID": 1873663290,
      "Points": [
        {
          "X": 0.342592657,
          "Y": 1.32407379
        },
        {
          "X": -0.7314815,
          "Y": 1.32407379
        }
      ],
      "Data": null
    },
    {
      "Name": "BUS",
      "ID": 401081660,
      "Points": [
        {
          "X": 0.342592657,
          "Y": 1.12407374
        },
        {
          "X": -0.7314815,
          "Y": 1.12407374
        }
      ],
      "Data": null
    },
    {
      "Name": "BUS",
      "ID": 189767889,
      "Points": [
        {
          "X": 0.233521938,
          "Y": 0.6259154
        },
        {
          "X": -0.6738849,
          "Y": 0.635175
        }
      ],
      "Data": null
    },
    {
      "Name": "BUS",
      "ID": 1512204362,
      "Points": [
        {
          "X": 0.231481135,
          "Y": 0.425925851
        },
        {
          "X": -0.675925732,
          "Y": 0.435185432
        }
      ],
      "Data": null
    },
    {
      "Name": "BUS",
      "ID": 902440529,
      "Points": [
        {
          "X": 0.229440331,
          "Y": 0.225936264
        },
        {
          "X": -0.677966535,
          "Y": 0.235195845
        }
      ],
      "Data": null
    },
    {
      "Name": "BUS",
      "ID": 1403126745,
      "Points": [
        {
          "X": 0.324074447,
          "Y": 3.87037039
        },
        {
          "X": -0.7777776,
          "Y": 3.84259272
        }
      ],
      "Data": null
    },
    {
      "Name": "8BitMux",
      "ID": 1854918455,
      "Points": [
        {
          "X": 6.00925875,
          "Y": -0.4722222
        }
      ],
      "Data": null
    },
    {
      "Name": "BUS",
      "ID": 1715046177,
      "Points": [
        {
          "X": 4.824597,
          "Y": -0.5320537
        },
        {
          "X": 3.22274518,
          "Y": -0.467239022
        }
      ],
      "Data": null
    },
    {
      "Name": "BUS",
      "ID": 48526711,
      "Points": [
        {
          "X": 4.816511,
          "Y": -0.7318902
        },
        {
          "X": 3.21465921,
          "Y": -0.6670755
        }
      ],
      "Data": null
    },
    {
      "Name": "BUS",
      "ID": 620176463,
      "Points": [
        {
          "X": 4.80842543,
          "Y": -0.9317267
        },
        {
          "X": 3.20657349,
          "Y": -0.866912
        }
      ],
      "Data": null
    },
    {
      "Name": "BUS",
      "ID": 1291066923,
      "Points": [
        {
          "X": 4.8003397,
          "Y": -1.13156319
        },
        {
          "X": 3.19848752,
          "Y": -1.0667485
        }
      ],
      "Data": null
    },
    {
      "Name": "BUS",
      "ID": 939930302,
      "Points": [
        {
          "X": 4.79225349,
          "Y": -1.33139968
        },
        {
          "X": 3.19040179,
          "Y": -1.266585
        }
      ],
      "Data": null
    },
    {
      "Name": "BUS",
      "ID": 822798187,
      "Points": [
        {
          "X": 4.784168,
          "Y": -1.53123617
        },
        {
          "X": 3.18231583,
          "Y": -1.46642148
        }
      ],
      "Data": null
    },
    {
      "Name": "BUS",
      "ID": 656050395,
      "Points": [
        {
          "X": 4.776082,
          "Y": -1.73107266
        },
        {
          "X": 3.17423,
          "Y": -1.666258
        }
      ],
      "Data": null
    },
    {
      "Name": "BUS",
      "ID": 741511752,
      "Points": [
        {
          "X": 4.76799631,
          "Y": -1.93090916
        },
        {
          "X": 3.16614413,
          "Y": -1.86609447
        }
      ],
      "Data": null
    },
    {
      "Name": "BUS",
      "ID": 2023689384,
      "Points": [
        {
          "X": 4.75926,
          "Y": -2.314815
        },
        {
          "X": 3.18518543,
          "Y": -2.25
        }
      ],
      "Data": null
    }
  ],
  "Connections": [
    {
      "Source": {
        "PinType": 1,
        "SubChipID": 0,
        "PinID": 523576497
      },
      "Target": {
        "PinType": 3,
        "SubChipID": 492711730,
        "PinID": 0
      },
      "WirePoints": [
        {
          "X": -12.5903149,
          "Y": 4.5
        }
      ],
      "ColourThemeName": "Red"
    },
    {
      "Source": {
        "PinType": 1,
        "SubChipID": 0,
        "PinID": 848694278
      },
      "Target": {
        "PinType": 3,
        "SubChipID": 167819743,
        "PinID": 0
      },
      "WirePoints": [
        {
          "X": -12.5903149,
          "Y": 4.12037
        }
      ],
      "ColourThemeName": "Red"
    },
    {
      "Source": {
        "PinType": 1,
        "SubChipID": 0,
        "PinID": 1894922356
      },
      "Target": {
        "PinType": 3,
        "SubChipID": 1159632753,
        "PinID": 0
      },
      "WirePoints": [
        {
          "X": -12.5903149,
          "Y": 3.72222233
        }
      ],
      "ColourThemeName": "Red"
    },
    {
      "Source": {
        "PinType": 1,
        "SubChipID": 0,
        "PinID": 85090767
      },
      "Target": {
        "PinType": 3,
        "SubChipID": 110668127,
        "PinID": 0
      },
      "WirePoints": [
        {
          "X": -12.5903149,
          "Y": 3.296296
        }
      ],
      "ColourThemeName": "Red"
    },
    {
      "Source": {
        "PinType": 1,
        "SubChipID": 0,
        "PinID": 612697300
      },
      "Target": {
        "PinType": 3,
        "SubChipID": 1496305954,
        "PinID": 0
      },
      "WirePoints": [
        {
          "X": -12.5903149,
          "Y": 2.70370364
        }
      ],
      "ColourThemeName": "Red"
    },
    {
      "Source": {
        "PinType": 1,
        "SubChipID": 0,
        "PinID": 1525558997
      },
      "Target": {
        "PinType": 3,
        "SubChipID": 1888585598,
        "PinID": 0
      },
      "WirePoints": [
        {
          "X": -12.5903149,
          "Y": 2.222222
        }
      ],
      "ColourThemeName": "Red"
    },
    {
      "Source": {
        "PinType": 1,
        "SubChipID": 0,
        "PinID": 1708958292
      },
      "Target": {
        "PinType": 3,
        "SubChipID": 1923655924,
        "PinID": 0
      },
      "WirePoints": [
        {
          "X": -12.5903149,
          "Y": 1.80555582
        }
      ],
      "ColourThemeName": "Red"
    },
    {
      "Source": {
        "PinType": 1,
        "SubChipID": 0,
        "PinID": 1192256947
      },
      "Target": {
        "PinType": 3,
        "SubChipID": 1621071078,
        "PinID": 0
      },
      "WirePoints": [
        {
          "X": -12.5903149,
          "Y": 1.44444466
        }
      ],
      "ColourThemeName": "Red"
    },
    {
      "Source": {
        "PinType": 1,
        "SubChipID": 0,
        "PinID": 1602804759
      },
      "Target": {
        "PinType": 3,
        "SubChipID": 1745415873,
        "PinID": 0
      },
      "WirePoints": [
        {
          "X": -12.5903149,
          "Y": 0.703703761
        }
      ],
      "ColourThemeName": "Red"
    },
    {
      "Source": {
        "PinType": 1,
        "SubChipID": 0,
        "PinID": 1796796052
      },
      "Target": {
        "PinType": 3,
        "SubChipID": 686036499,
        "PinID": 0
      },
      "WirePoints": [
        {
          "X": -12.5903149,
          "Y": 0.296296477
        }
      ],
      "ColourThemeName": "Red"
    },
    {
      "Source": {
        "PinType": 1,
        "SubChipID": 0,
        "PinID": 649686778
      },
      "Target": {
        "PinType": 3,
        "SubChipID": 45277700,
        "PinID": 0
      },
      "WirePoints": [
        {
          "X": -12.5903149,
          "Y": -0.0833332539
        }
      ],
      "ColourThemeName": "Red"
    },
    {
      "Source": {
        "PinType": 1,
        "SubChipID": 0,
        "PinID": 455711885
      },
      "Target": {
        "PinType": 3,
        "SubChipID": 1718384434,
        "PinID": 0
      },
      "WirePoints": [
        {
          "X": -12.5903149,
          "Y": -0.5277777
        }
      ],
      "ColourThemeName": "Red"
    },
    {
      "Source": {
        "PinType": 1,
        "SubChipID": 0,
        "PinID": 1670830125
      },
      "Target": {
        "PinType": 3,
        "SubChipID": 1363280309,
        "PinID": 0
      },
      "WirePoints": [
        {
          "X": -12.5903149,
          "Y": -1.08333325
        }
      ],
      "ColourThemeName": "Red"
    },
    {
      "Source": {
        "PinType": 1,
        "SubChipID": 0,
        "PinID": 876983371
      },
      "Target": {
        "PinType": 3,
        "SubChipID": 2076062840,
        "PinID": 0
      },
      "WirePoints": [
        {
          "X": -12.5903149,
          "Y": -1.47222221
        }
      ],
      "ColourThemeName": "Red"
    },
    {
      "Source": {
        "PinType": 1,
        "SubChipID": 0,
        "PinID": 792874888
      },
      "Target": {
        "PinType": 3,
        "SubChipID": 1150990938,
        "PinID": 0
      },
      "WirePoints": [
        {
          "X": -12.5903149,
          "Y": -1.85185194
        }
      ],
      "ColourThemeName": "Red"
    },
    {
      "Source": {
        "PinType": 1,
        "SubChipID": 0,
        "PinID": 1274065108
      },
      "Target": {
        "PinType": 3,
        "SubChipID": 1797201608,
        "PinID": 0
      },
      "WirePoints": [
        {
          "X": -12.5903149,
          "Y": -2.324074
        }
      ],
      "ColourThemeName": "Red"
    },
    {
      "Source": {
        "PinType": 1,
        "SubChipID": 0,
        "PinID": 532799762
      },
      "Target": {
        "PinType": 3,
        "SubChipID": 2009751755,
        "PinID": 0
      },
      "WirePoints": [
        {
          "X": -12.5903149,
          "Y": -3.43518519
        }
      ],
      "ColourThemeName": "Red"
    },
    {
      "Source": {
        "PinType": 1,
        "SubChipID": 0,
        "PinID": 387169506
      },
      "Target": {
        "PinType": 3,
        "SubChipID": 1497476576,
        "PinID": 0
      },
      "WirePoints": [
        {
          "X": -12.5903149,
          "Y": -3.81481457
        }
      ],
      "ColourThemeName": "Red"
    },
    {
      "Source": {
        "PinType": 1,
        "SubChipID": 0,
        "PinID": 181607016
      },
      "Target": {
        "PinType": 3,
        "SubChipID": 48974989,
        "PinID": 0
      },
      "WirePoints": [
        {
          "X": -12.5903149,
          "Y": -4.203704
        }
      ],
      "ColourThemeName": "Red"
    },
    {
      "Source": {
        "PinType": 1,
        "SubChipID": 0,
        "PinID": 523576497
      },
      "Target": {
        "PinType": 3,
        "SubChipID": 1303870023,
        "PinID": 0
      },
      "WirePoints": [
        {
          "X": -12.5903149,
          "Y": 4.5
        }
      ],
      "ColourThemeName": "Red"
    },
    {
      "Source": {
        "PinType": 1,
        "SubChipID": 0,
        "PinID": 848694278
      },
      "Target": {
        "PinType": 3,
        "SubChipID": 913594177,
        "PinID": 0
      },
      "WirePoints": [
        {
          "X": -12.5903149,
          "Y": 4.12037
        }
      ],
      "ColourThemeName": "Red"
    },
    {
      "Source": {
        "PinType": 1,
        "SubChipID": 0,
        "PinID": 1894922356
      },
      "Target": {
        "PinType": 3,
        "SubChipID": 2094555496,
        "PinID": 0
      },
      "WirePoints": [
        {
          "X": -12.5903149,
          "Y": 3.72222233
        }
      ],
      "ColourThemeName": "Red"
    },
    {
      "Source": {
        "PinType": 1,
        "SubChipID": 0,
        "PinID": 612697300
      },
      "Target": {
        "PinType": 3,
        "SubChipID": 961379109,
        "PinID": 0
      },
      "WirePoints": [
        {
          "X": -12.5903149,
          "Y": 2.70370364
        }
      ],
      "ColourThemeName": "Red"
    },
    {
      "Source": {
        "PinType": 1,
        "SubChipID": 0,
        "PinID": 1525558997
      },
      "Target": {
        "PinType": 3,
        "SubChipID": 368086111,
        "PinID": 0
      },
      "WirePoints": [
        {
          "X": -12.5903149,
          "Y": 2.222222
        }
      ],
      "ColourThemeName": "Red"
    },
    {
      "Source": {
        "PinType": 1,
        "SubChipID": 0,
        "PinID": 1708958292
      },
      "Target": {
        "PinType": 3,
        "SubChipID": 529320214,
        "PinID": 0
      },
      "WirePoints": [
        {
          "X": -12.5903149,
          "Y": 1.80555582
        }
      ],
      "ColourThemeName": "Red"
    },
    {
      "Source": {
        "PinType": 1,
        "SubChipID": 0,
        "PinID": 1192256947
      },
      "Target": {
        "PinType": 3,
        "SubChipID": 287066097,
        "PinID": 0
      },
      "WirePoints": [
        {
          "X": -12.5903149,
          "Y": 1.44444466
        }
      ],
      "ColourThemeName": "Red"
    },
    {
      "Source": {
        "PinType": 1,
        "SubChipID": 0,
        "PinID": 1602804759
      },
      "Target": {
        "PinType": 3,
        "SubChipID": 507540441,
        "PinID": 0
      },
      "WirePoints": [
        {
          "X": -12.5903149,
          "Y": 0.703703761
        }
      ],
      "ColourThemeName": "Red"
    },
    {
      "Source": {
        "PinType": 1,
        "SubChipID": 0,
        "PinID": 1796796052
      },
      "Target": {
        "PinType": 3,
        "SubChipID": 1957907582,
        "PinID": 0
      },
      "WirePoints": [
        {
          "X": -12.5903149,
          "Y": 0.296296477
        }
      ],
      "ColourThemeName": "Red"
    },
    {
      "Source": {
        "PinType": 1,
        "SubChipID": 0,
        "PinID": 649686778
      },
      "Target": {
        "PinType": 3,
        "SubChipID": 940734578,
        "PinID": 0
      },
      "WirePoints": [
        {
          "X": -12.5903149,
          "Y": -0.0833332539
        }
      ],
      "ColourThemeName": "Red"
    },
    {
      "Source": {
        "PinType": 1,
        "SubChipID": 0,
        "PinID": 455711885
      },
      "Target": {
        "PinType": 3,
        "SubChipID": 458247744,
        "PinID": 0
      },
      "WirePoints": [
        {
          "X": -12.5903149,
          "Y": -0.5277777
        }
      ],
      "ColourThemeName": "Red"
    },
    {
      "Source": {
        "PinType": 1,
        "SubChipID": 0,
        "PinID": 1670830125
      },
      "Target": {
        "PinType": 3,
        "SubChipID": 2037393297,
        "PinID": 0
      },
      "WirePoints": [
        {
          "X": -12.5903149,
          "Y": -1.08333325
        }
      ],
      "ColourThemeName": "Red"
    },
    {
      "Source": {
        "PinType": 1,
        "SubChipID": 0,
        "PinID": 876983371
      },
      "Target": {
        "PinType": 3,
        "SubChipID": 1237403887,
        "PinID": 0
      },
      "WirePoints": [
        {
          "X": -12.5903149,
          "Y": -1.47222221
        }
      ],
      "ColourThemeName": "Red"
    },
    {
      "Source": {
        "PinType": 1,
        "SubChipID": 0,
        "PinID": 792874888
      },
      "Target": {
        "PinType": 3,
        "SubChipID": 1873663290,
        "PinID": 0
      },
      "WirePoints": [
        {
          "X": -12.5903149,
          "Y": -1.85185194
        }
      ],
      "ColourThemeName": "Red"
    },
    {
      "Source": {
        "PinType": 1,
        "SubChipID": 0,
        "PinID": 1274065108
      },
      "Target": {
        "PinType": 3,
        "SubChipID": 401081660,
        "PinID": 0
      },
      "WirePoints": [
        {
          "X": -12.5903149,
          "Y": -2.324074
        }
      ],
      "ColourThemeName": "Red"
    },
    {
      "Source": {
        "PinType": 1,
        "SubChipID": 0,
        "PinID": 532799762
      },
      "Target": {
        "PinType": 3,
        "SubChipID": 189767889,
        "PinID": 0
      },
      "WirePoints": [
        {
          "X": -12.5903149,
          "Y": -3.43518519
        }
      ],
      "ColourThemeName": "Red"
    },
    {
      "Source": {
        "PinType": 1,
        "SubChipID": 0,
        "PinID": 387169506
      },
      "Target": {
        "PinType": 3,
        "SubChipID": 1512204362,
        "PinID": 0
      },
      "WirePoints": [
        {
          "X": -12.5903149,
          "Y": -3.81481457
        }
      ],
      "ColourThemeName": "Red"
    },
    {
      "Source": {
        "PinType": 1,
        "SubChipID": 0,
        "PinID": 181607016
      },
      "Target": {
        "PinType": 3,
        "SubChipID": 902440529,
        "PinID": 0
      },
      "WirePoints": [
        {
          "X": -12.5903149,
          "Y": -4.203704
        }
      ],
      "ColourThemeName": "Red"
    },
    {
      "Source": {
        "PinType": 4,
        "SubChipID": 1496305954,
        "PinID": 1
      },
      "Target": {
        "PinType": 3,
        "SubChipID": 1542473083,
        "PinID": 114273992
      },
      "WirePoints": [
        {
          "X": -4.14629555,
          "Y": 3.60740757
        }
      ],
      "ColourThemeName": "Red"
    },
    {
      "Source": {
        "PinType": 4,
        "SubChipID": 1888585598,
        "PinID": 1
      },
      "Target": {
        "PinType": 3,
        "SubChipID": 1542473083,
        "PinID": 645592906
      },
      "WirePoints": [
        {
          "X": -4.14629555,
          "Y": 3.36740732
        }
      ],
      "ColourThemeName": "Red"
    },
    {
      "Source": {
        "PinType": 4,
        "SubChipID": 1923655924,
        "PinID": 1
      },
      "Target": {
        "PinType": 3,
        "SubChipID": 1542473083,
        "PinID": 2079065850
      },
      "WirePoints": [
        {
          "X": -4.14629555,
          "Y": 3.12740755
        }
      ],
      "ColourThemeName": "Red"
    },
    {
      "Source": {
        "PinType": 4,
        "SubChipID": 1621071078,
        "PinID": 1
      },
      "Target": {
        "PinType": 3,
        "SubChipID": 1542473083,
        "PinID": 1538421591
      },
      "WirePoints": [
        {
          "X": -4.14629555,
          "Y": 2.88740754
        }
      ],
      "ColourThemeName": "Red"
    },
    {
      "Source": {
        "PinType": 4,
        "SubChipID": 1363280309,
        "PinID": 1
      },
      "Target": {
        "PinType": 3,
        "SubChipID": 1542473083,
        "PinID": 1450588588
      },
      "WirePoints": [
        {
          "X": -4.14629555,
          "Y": 1.68740749
        }
      ],
      "ColourThemeName": "Red"
    },
    {
      "Source": {
        "PinType": 4,
        "SubChipID": 2076062840,
        "PinID": 1
      },
      "Target": {
        "PinType": 3,
        "SubChipID": 1542473083,
        "PinID": 620715438
      },
      "WirePoints": [
        {
          "X": -4.14629555,
          "Y": 1.44740772
        }
      ],
      "ColourThemeName": "Red"
    },
    {
      "Source": {
        "PinType": 4,
        "SubChipID": 1150990938,
        "PinID": 1
      },
      "Target": {
        "PinType": 3,
        "SubChipID": 1542473083,
        "PinID": 775856517
      },
      "WirePoints": [
        {
          "X": -4.14629555,
          "Y": 1.20740759
        }
      ],
      "ColourThemeName": "Red"
    },
    {
      "Source": {
        "PinType": 4,
        "SubChipID": 1797201608,
        "PinID": 1
      },
      "Target": {
        "PinType": 3,
        "SubChipID": 1542473083,
        "PinID": 782081981
      },
      "WirePoints": [
        {
          "X": -4.14629555,
          "Y": 0.9674077
        }
      ],
      "ColourThemeName": "Red"
    },
    {
      "Source": {
        "PinType": 4,
        "SubChipID": 2009751755,
        "PinID": 1
      },
      "Target": {
        "PinType": 3,
        "SubChipID": 1542473083,
        "PinID": 884823976
      },
      "WirePoints": [
        {
          "X": -4.14629555,
          "Y": 0.7274076
        }
      ],
      "ColourThemeName": "Red"
    },
    {
      "Source": {
        "PinType": 4,
        "SubChipID": 1497476576,
        "PinID": 1
      },
      "Target": {
        "PinType": 3,
        "SubChipID": 1542473083,
        "PinID": 1307942037
      },
      "WirePoints": [
        {
          "X": -4.14629555,
          "Y": 0.4874078
        }
      ],
      "ColourThemeName": "Red"
    },
    {
      "Source": {
        "PinType": 4,
        "SubChipID": 48974989,
        "PinID": 1
      },
      "Target": {
        "PinType": 3,
        "SubChipID": 1542473083,
        "PinID": 685768896
      },
      "WirePoints": [
        {
          "X": -4.14629555,
          "Y": 0.247407675
        }
      ],
      "ColourThemeName": "Red"
    },
    {
      "Source": {
        "PinType": 4,
        "SubChipID": 902440529,
        "PinID": 1
      },
      "Target": {
        "PinType": 3,
        "SubChipID": 1784591945,
        "PinID": 1535225154
      },
      "WirePoints": [
        {
          "X": 0.779628158,
          "Y": 0.19185257
        }
      ],
      "ColourThemeName": "Red"
    },
    {
      "Source": {
        "PinType": 4,
        "SubChipID": 1512204362,
        "PinID": 1
      },
      "Target": {
        "PinType": 3,
        "SubChipID": 1784591945,
        "PinID": 751609095
      },
      "WirePoints": [
        {
          "X": 0.779628158,
          "Y": 0.4318527
        }
      ],
      "ColourThemeName": "Red"
    },
    {
      "Source": {
        "PinType": 4,
        "SubChipID": 401081660,
        "PinID": 1
      },
      "Target": {
        "PinType": 3,
        "SubChipID": 1784591945,
        "PinID": 1030297264
      },
      "WirePoints": [
        {
          "X": 0.779628158,
          "Y": 0.9118526
        }
      ],
      "ColourThemeName": "Red"
    },
    {
      "Source": {
        "PinType": 4,
        "SubChipID": 1873663290,
        "PinID": 1
      },
      "Target": {
        "PinType": 3,
        "SubChipID": 1784591945,
        "PinID": 303596828
      },
      "WirePoints": [
        {
          "X": 0.779628158,
          "Y": 1.15185249
        }
      ],
      "ColourThemeName": "Red"
    },
    {
      "Source": {
        "PinType": 4,
        "SubChipID": 1237403887,
        "PinID": 1
      },
      "Target": {
        "PinType": 3,
        "SubChipID": 1784591945,
        "PinID": 174941092
      },
      "WirePoints": [
        {
          "X": 0.779628158,
          "Y": 1.39185262
        }
      ],
      "ColourThemeName": "Red"
    },
    {
      "Source": {
        "PinType": 4,
        "SubChipID": 2037393297,
        "PinID": 1
      },
      "Target": {
        "PinType": 3,
        "SubChipID": 1784591945,
        "PinID": 1321889959
      },
      "WirePoints": [
        {
          "X": 0.779628158,
          "Y": 1.63185239
        }
      ],
      "ColourThemeName": "Red"
    },
    {
      "Source": {
        "PinType": 4,
        "SubChipID": 458247744,
        "PinID": 1
      },
      "Target": {
        "PinType": 3,
        "SubChipID": 1784591945,
        "PinID": 1715347999
      },
      "WirePoints": [
        {
          "X": 0.779628158,
          "Y": 1.87185252
        }
      ],
      "ColourThemeName": "Red"
    },
    {
      "Source": {
        "PinType": 4,
        "SubChipID": 940734578,
        "PinID": 1
      },
      "Target": {
        "PinType": 3,
        "SubChipID": 1784591945,
        "PinID": 91782057
      },
      "WirePoints": [
        {
          "X": 0.779628158,
          "Y": 2.11185241
        }
      ],
      "ColourThemeName": "Red"
    },
    {
      "Source": {
        "PinType": 4,
        "SubChipID": 1957907582,
        "PinID": 1
      },
      "Target": {
        "PinType": 3,
        "SubChipID": 1784591945,
        "PinID": 1748295688
      },
      "WirePoints": [
        {
          "X": 0.779628158,
          "Y": 2.35185242
        }
      ],
      "ColourThemeName": "Red"
    },
    {
      "Source": {
        "PinType": 4,
        "SubChipID": 507540441,
        "PinID": 1
      },
      "Target": {
        "PinType": 3,
        "SubChipID": 1784591945,
        "PinID": 2049113301
      },
      "WirePoints": [
        {
          "X": 0.779628158,
          "Y": 2.59185243
        }
      ],
      "ColourThemeName": "Red"
    },
    {
      "Source": {
        "PinType": 4,
        "SubChipID": 287066097,
        "PinID": 1
      },
      "Target": {
        "PinType": 3,
        "SubChipID": 1784591945,
        "PinID": 606122873
      },
      "WirePoints": [
        {
          "X": 0.779628158,
          "Y": 2.83185244
        }
      ],
      "ColourThemeName": "Red"
    },
    {
      "Source": {
        "PinType": 4,
        "SubChipID": 529320214,
        "PinID": 1
      },
      "Target": {
        "PinType": 3,
        "SubChipID": 1784591945,
        "PinID": 1338935139
      },
      "WirePoints": [
        {
          "X": 0.779628158,
          "Y": 3.07185221
        }
      ],
      "ColourThemeName": "Red"
    },
    {
      "Source": {
        "PinType": 4,
        "SubChipID": 368086111,
        "PinID": 1
      },
      "Target": {
        "PinType": 3,
        "SubChipID": 1784591945,
        "PinID": 1320623641
      },
      "WirePoints": [
        {
          "X": 0.779628158,
          "Y": 3.31185222
        }
      ],
      "ColourThemeName": "Red"
    },
    {
      "Source": {
        "PinType": 4,
        "SubChipID": 961379109,
        "PinID": 1
      },
      "Target": {
        "PinType": 3,
        "SubChipID": 1784591945,
        "PinID": 1048189922
      },
      "WirePoints": [
        {
          "X": 0.779628158,
          "Y": 3.55185223
        }
      ],
      "ColourThemeName": "Red"
    },
    {
      "Source": {
        "PinType": 4,
        "SubChipID": 913594177,
        "PinID": 1
      },
      "Target": {
        "PinType": 3,
        "SubChipID": 1784591945,
        "PinID": 1150613617
      },
      "WirePoints": [
        {
          "X": 0.779628158,
          "Y": 4.27185249
        }
      ],
      "ColourThemeName": "Red"
    },
    {
      "Source": {
        "PinType": 4,
        "SubChipID": 1303870023,
        "PinID": 1
      },
      "Target": {
        "PinType": 3,
        "SubChipID": 1784591945,
        "PinID": 429304352
      },
      "WirePoints": [
        {
          "X": 0.779628158,
          "Y": 4.51185226
        }
      ],
      "ColourThemeName": "Red"
    },
    {
      "Source": {
        "PinType": 4,
        "SubChipID": 110668127,
        "PinID": 1
      },
      "Target": {
        "PinType": 3,
        "SubChipID": 1542473083,
        "PinID": 1870410498
      },
      "WirePoints": [
        {
          "X": -4.14629555,
          "Y": 3.84740734
        }
      ],
      "ColourThemeName": "Red"
    },
    {
      "Source": {
        "PinType": 4,
        "SubChipID": 1159632753,
        "PinID": 1
      },
      "Target": {
        "PinType": 3,
        "SubChipID": 1542473083,
        "PinID": 841202248
      },
      "WirePoints": [
        {
          "X": -4.14629555,
          "Y": 4.087407
        }
      ],
      "ColourThemeName": "Red"
    },
    {
      "Source": {
        "PinType": 4,
        "SubChipID": 167819743,
        "PinID": 1
      },
      "Target": {
        "PinType": 3,
        "SubChipID": 1542473083,
        "PinID": 185481661
      },
      "WirePoints": [
        {
          "X": -4.14629555,
          "Y": 4.32740736
        }
      ],
      "ColourThemeName": "Red"
    },
    {
      "Source": {
        "PinType": 4,
        "SubChipID": 492711730,
        "PinID": 1
      },
      "Target": {
        "PinType": 3,
        "SubChipID": 1542473083,
        "PinID": 225694902
      },
      "WirePoints": [
        {
          "X": -4.14629555,
          "Y": 4.56740761
        }
      ],
      "ColourThemeName": "Red"
    },
    {
      "Source": {
        "PinType": 4,
        "SubChipID": 2094555496,
        "PinID": 1
      },
      "Target": {
        "PinType": 3,
        "SubChipID": 1784591945,
        "PinID": 1712424118
      },
      "WirePoints": [
        {
          "X": 0.779628158,
          "Y": 4.03185225
        }
      ],
      "ColourThemeName": "Red"
    },
    {
      "Source": {
        "PinType": 4,
        "SubChipID": 2094555496,
        "PinID": 1
      },
      "Target": {
        "PinType": 3,
        "SubChipID": 1784591945,
        "PinID": 1712424118
      },
      "WirePoints": [
        {
          "X": 0.779628158,
          "Y": 4.03185225
        }
      ],
      "ColourThemeName": "Red"
    },
    {
      "Source": {
        "PinType": 4,
        "SubChipID": 2094555496,
        "PinID": 1
      },
      "Target": {
        "PinType": 3,
        "SubChipID": 1784591945,
        "PinID": 1712424118
      },
      "WirePoints": [
        {
          "X": 0.779628158,
          "Y": 4.03185225
        }
      ],
      "ColourThemeName": "Red"
    },
    {
      "Source": {
        "PinType": 4,
        "SubChipID": 1403126745,
        "PinID": 1
      },
      "Target": {
        "PinType": 3,
        "SubChipID": 1784591945,
        "PinID": 1502329867
      },
      "WirePoints": [
        {
          "X": 0.779628158,
          "Y": 3.79185224
        }
      ],
      "ColourThemeName": "Red"
    },
    {
      "Source": {
        "PinType": 4,
        "SubChipID": 1403126745,
        "PinID": 1
      },
      "Target": {
        "PinType": 3,
        "SubChipID": 1784591945,
        "PinID": 1502329867
      },
      "WirePoints": [
        {
          "X": 0.779628158,
          "Y": 3.79185224
        }
      ],
      "ColourThemeName": "Red"
    },
    {
      "Source": {
        "PinType": 4,
        "SubChipID": 1718384434,
        "PinID": 1
      },
      "Target": {
        "PinType": 3,
        "SubChipID": 1542473083,
        "PinID": 535329112
      },
      "WirePoints": [
        {
          "X": -4.14629555,
          "Y": 1.92740762
        }
      ],
      "ColourThemeName": "Red"
    },
    {
      "Source": {
        "PinType": 4,
        "SubChipID": 45277700,
        "PinID": 1
      },
      "Target": {
        "PinType": 3,
        "SubChipID": 1542473083,
        "PinID": 1443286395
      },
      "WirePoints": [
        {
          "X": -4.14629555,
          "Y": 2.16740751
        }
      ],
      "ColourThemeName": "Red"
    },
    {
      "Source": {
        "PinType": 4,
        "SubChipID": 686036499,
        "PinID": 1
      },
      "Target": {
        "PinType": 3,
        "SubChipID": 1542473083,
        "PinID": 1251677587
      },
      "WirePoints": [
        {
          "X": -4.14629555,
          "Y": 2.40740752
        }
      ],
      "ColourThemeName": "Red"
    },
    {
      "Source": {
        "PinType": 4,
        "SubChipID": 1745415873,
        "PinID": 1
      },
      "Target": {
        "PinType": 3,
        "SubChipID": 1542473083,
        "PinID": 2135902037
      },
      "WirePoints": [
        {
          "X": -4.14629555,
          "Y": 2.64740753
        }
      ],
      "ColourThemeName": "Red"
    },
    {
      "Source": {
        "PinType": 4,
        "SubChipID": 1403126745,
        "PinID": 1
      },
      "Target": {
        "PinType": 3,
        "SubChipID": 1784591945,
        "PinID": 1502329867
      },
      "WirePoints": [
        {
          "X": 0.779628158,
          "Y": 3.79185224
        }
      ],
      "ColourThemeName": "Red"
    },
    {
      "Source": {
        "PinType": 1,
        "SubChipID": 0,
        "PinID": 85090767
      },
      "Target": {
        "PinType": 3,
        "SubChipID": 1403126745,
        "PinID": 0
      },
      "WirePoints": [
        {
          "X": -12.5903149,
          "Y": 3.296296
        }
      ],
      "ColourThemeName": "Red"
    },
    {
      "Source": {
        "PinType": 4,
        "SubChipID": 1784591945,
        "PinID": 823481876
      },
      "Target": {
        "PinType": 3,
        "SubChipID": 1854918455,
        "PinID": 1043422715
      },
      "WirePoints": [
        {
          "X": 2.479628,
          "Y": 2.20785236
        },
        {
          "X": 5.23425865,
          "Y": 1.44777775
        }
      ],
      "ColourThemeName": "Red"
    },
    {
      "Source": {
        "PinType": 4,
        "SubChipID": 1784591945,
        "PinID": 1625808307
      },
      "Target": {
        "PinType": 3,
        "SubChipID": 1854918455,
        "PinID": 1981979729
      },
      "WirePoints": [
        {
          "X": 2.479628,
          "Y": 1.91985238
        },
        {
          "X": 5.23425865,
          "Y": 1.20777774
        }
      ],
      "ColourThemeName": "Red"
    },
    {
      "Source": {
        "PinType": 4,
        "SubChipID": 1784591945,
        "PinID": 981977196
      },
      "Target": {
        "PinType": 3,
        "SubChipID": 1854918455,
        "PinID": 1055717760
      },
      "WirePoints": [
        {
          "X": 2.479628,
          "Y": 1.63185239
        },
        {
          "X": 5.23425865,
          "Y": 0.9677777
        }
      ],
      "ColourThemeName": "Red"
    },
    {
      "Source": {
        "PinType": 4,
        "SubChipID": 1784591945,
        "PinID": 820521951
      },
      "Target": {
        "PinType": 3,
        "SubChipID": 1854918455,
        "PinID": 753629729
      },
      "WirePoints": [
        {
          "X": 2.479628,
          "Y": 1.3438524
        },
        {
          "X": 5.23425865,
          "Y": 0.7277777
        }
      ],
      "ColourThemeName": "Red"
    },
    {
      "Source": {
        "PinType": 4,
        "SubChipID": 1784591945,
        "PinID": 1355879246
      },
      "Target": {
        "PinType": 3,
        "SubChipID": 1854918455,
        "PinID": 1316718013
      },
      "WirePoints": [
        {
          "X": 2.479628,
          "Y": 1.05585241
        },
        {
          "X": 5.23425865,
          "Y": 0.48777777
        }
      ],
      "ColourThemeName": "Red"
    },
    {
      "Source": {
        "PinType": 4,
        "SubChipID": 1784591945,
        "PinID": 1204092606
      },
      "Target": {
        "PinType": 3,
        "SubChipID": 1854918455,
        "PinID": 1517890443
      },
      "WirePoints": [
        {
          "X": 2.479628,
          "Y": 0.767852545
        },
        {
          "X": 5.23425865,
          "Y": 0.24777776
        }
      ],
      "ColourThemeName": "Red"
    },
    {
      "Source": {
        "PinType": 4,
        "SubChipID": 1784591945,
        "PinID": 1870620481
      },
      "Target": {
        "PinType": 3,
        "SubChipID": 1854918455,
        "PinID": 2067416386
      },
      "WirePoints": [
        {
          "X": 2.479628,
          "Y": 0.479852557
        },
        {
          "X": 5.23425865,
          "Y": 0.00777778029
        }
      ],
      "ColourThemeName": "Red"
    },
    {
      "Source": {
        "PinType": 4,
        "SubChipID": 189767889,
        "PinID": 1
      },
      "Target": {
        "PinType": 3,
        "SubChipID": 1784591945,
        "PinID": 2095430148
      },
      "WirePoints": [
        {
          "X": 0.779628158,
          "Y": 0.671852469
        }
      ],
      "ColourThemeName": "Red"
    },
    {
      "Source": {
        "PinType": 4,
        "SubChipID": 1854918455,
        "PinID": 1975669734
      },
      "Target": {
        "PinType": 2,
        "SubChipID": 0,
        "PinID": 1029046041
      },
      "WirePoints": [
        {
          "X": 6.784259,
          "Y": 1.44777775
        },
        {
          "X": 12.5903149,
          "Y": 1.16666675
        }
      ],
      "ColourThemeName": "Red"
    },
    {
      "Source": {
        "PinType": 4,
        "SubChipID": 1854918455,
        "PinID": 1088520793
      },
      "Target": {
        "PinType": 2,
        "SubChipID": 0,
        "PinID": 1856958234
      },
      "WirePoints": [
        {
          "X": 6.784259,
          "Y": 0.8992063
        },
        {
          "X": 12.5903149,
          "Y": 0.7407406
        }
      ],
      "ColourThemeName": "Red"
    },
    {
      "Source": {
        "PinType": 4,
        "SubChipID": 1854918455,
        "PinID": 605636055
      },
      "Target": {
        "PinType": 2,
        "SubChipID": 0,
        "PinID": 865437422
      },
      "WirePoints": [
        {
          "X": 6.784259,
          "Y": 0.350634873
        },
        {
          "X": 12.5903149,
          "Y": 0.314814329
        }
      ],
      "ColourThemeName": "Red"
    },
    {
      "Source": {
        "PinType": 4,
        "SubChipID": 1854918455,
        "PinID": 1631322322
      },
      "Target": {
        "PinType": 2,
        "SubChipID": 0,
        "PinID": 138249510
      },
      "WirePoints": [
        {
          "X": 6.784259,
          "Y": -0.1979365
        },
        {
          "X": 12.5903149,
          "Y": -0.129629672
        }
      ],
      "ColourThemeName": "Red"
    },
    {
      "Source": {
        "PinType": 4,
        "SubChipID": 1854918455,
        "PinID": 1077223519
      },
      "Target": {
        "PinType": 2,
        "SubChipID": 0,
        "PinID": 1767134130
      },
      "WirePoints": [
        {
          "X": 6.784259,
          "Y": -0.746508
        },
        {
          "X": 12.5903149,
          "Y": -0.787037
        }
      ],
      "ColourThemeName": "Red"
    },
    {
      "Source": {
        "PinType": 4,
        "SubChipID": 1854918455,
        "PinID": 1483620419
      },
      "Target": {
        "PinType": 2,
        "SubChipID": 0,
        "PinID": 1936347713
      },
      "WirePoints": [
        {
          "X": 6.784259,
          "Y": -1.29507947
        },
        {
          "X": 12.5903149,
          "Y": -1.19444478
        }
      ],
      "ColourThemeName": "Red"
    },
    {
      "Source": {
        "PinType": 4,
        "SubChipID": 1854918455,
        "PinID": 1908075193
      },
      "Target": {
        "PinType": 2,
        "SubChipID": 0,
        "PinID": 1475738855
      },
      "WirePoints": [
        {
          "X": 6.784259,
          "Y": -1.84365082
        },
        {
          "X": 12.5903149,
          "Y": -1.67592621
        }
      ],
      "ColourThemeName": "Red"
    },
    {
      "Source": {
        "PinType": 4,
        "SubChipID": 1854918455,
        "PinID": 666866987
      },
      "Target": {
        "PinType": 2,
        "SubChipID": 0,
        "PinID": 2050416346
      },
      "WirePoints": [
        {
          "X": 6.784259,
          "Y": -2.39222217
        },
        {
          "X": 12.5903149,
          "Y": -2.13888836
        }
      ],
      "ColourThemeName": "Red"
    },
    {
      "Source": {
        "PinType": 4,
        "SubChipID": 1784591945,
        "PinID": 1375323357
      },
      "Target": {
        "PinType": 2,
        "SubChipID": 0,
        "PinID": 940023050
      },
      "WirePoints": [
        {
          "X": 2.479628,
          "Y": 4.51185226
        },
        {
          "X": 12.5903149,
          "Y": 4.55555534
        }
      ],
      "ColourThemeName": "Red"
    },
    {
      "Source": {
        "PinType": 4,
        "SubChipID": 1784591945,
        "PinID": 1084175587
      },
      "Target": {
        "PinType": 2,
        "SubChipID": 0,
        "PinID": 1910182150
      },
      "WirePoints": [
        {
          "X": 2.479628,
          "Y": 4.223852
        },
        {
          "X": 12.5903149,
          "Y": 4.18518448
        }
      ],
      "ColourThemeName": "Red"
    },
    {
      "Source": {
        "PinType": 4,
        "SubChipID": 1784591945,
        "PinID": 333227738
      },
      "Target": {
        "PinType": 2,
        "SubChipID": 0,
        "PinID": 477982596
      },
      "WirePoints": [
        {
          "X": 2.479628,
          "Y": 3.93585229
        },
        {
          "X": 12.5903149,
          "Y": 3.86111164
        }
      ],
      "ColourThemeName": "Red"
    },
    {
      "Source": {
        "PinType": 4,
        "SubChipID": 1784591945,
        "PinID": 1209765548
      },
      "Target": {
        "PinType": 2,
        "SubChipID": 0,
        "PinID": 167851354
      },
      "WirePoints": [
        {
          "X": 2.479628,
          "Y": 3.64785242
        },
        {
          "X": 12.5903149,
          "Y": 3.46296334
        }
      ],
      "ColourThemeName": "Red"
    },
    {
      "Source": {
        "PinType": 4,
        "SubChipID": 1784591945,
        "PinID": 1251244702
      },
      "Target": {
        "PinType": 2,
        "SubChipID": 0,
        "PinID": 658336343
      },
      "WirePoints": [
        {
          "X": 2.479628,
          "Y": 3.35985231
        },
        {
          "X": 12.5903149,
          "Y": 2.92592645
        }
      ],
      "ColourThemeName": "Red"
    },
    {
      "Source": {
        "PinType": 4,
        "SubChipID": 1784591945,
        "PinID": 1883041854
      },
      "Target": {
        "PinType": 2,
        "SubChipID": 0,
        "PinID": 1826599984
      },
      "WirePoints": [
        {
          "X": 2.479628,
          "Y": 3.07185221
        },
        {
          "X": 12.5903149,
          "Y": 2.52777767
        }
      ],
      "ColourThemeName": "Red"
    },
    {
      "Source": {
        "PinType": 4,
        "SubChipID": 1784591945,
        "PinID": 157827951
      },
      "Target": {
        "PinType": 2,
        "SubChipID": 0,
        "PinID": 583141616
      },
      "WirePoints": [
        {
          "X": 2.479628,
          "Y": 2.78385234
        },
        {
          "X": 12.5903149,
          "Y": 2.18518567
        }
      ],
      "ColourThemeName": "Red"
    },
    {
      "Source": {
        "PinType": 4,
        "SubChipID": 1784591945,
        "PinID": 1133420983
      },
      "Target": {
        "PinType": 2,
        "SubChipID": 0,
        "PinID": 751711065
      },
      "WirePoints": [
        {
          "X": 2.479628,
          "Y": 2.49585247
        },
        {
          "X": 12.5903149,
          "Y": 1.76851928
        }
      ],
      "ColourThemeName": "Red"
    },
    {
      "Source": {
        "PinType": 4,
        "SubChipID": 1784591945,
        "PinID": 806393803
      },
      "Target": {
        "PinType": 3,
        "SubChipID": 1854918455,
        "PinID": 73132680
      },
      "WirePoints": [
        {
          "X": 2.479628,
          "Y": 0.19185257
        },
        {
          "X": 5.23425865,
          "Y": -0.232222214
        }
      ],
      "ColourThemeName": "Red"
    },
    {
      "Source": {
        "PinType": 4,
        "SubChipID": 1542473083,
        "PinID": 926098908
      },
      "Target": {
        "PinType": 3,
        "SubChipID": 1715046177,
        "PinID": 0
      },
      "WirePoints": [
        {
          "X": -2.44629574,
          "Y": 4.56740761
        }
      ],
      "ColourThemeName": "Red"
    },
    {
      "Source": {
        "PinType": 4,
        "SubChipID": 1542473083,
        "PinID": 2060443323
      },
      "Target": {
        "PinType": 3,
        "SubChipID": 48526711,
        "PinID": 0
      },
      "WirePoints": [
        {
          "X": -2.44629574,
          "Y": 4.02740765
        }
      ],
      "ColourThemeName": "Red"
    },
    {
      "Source": {
        "PinType": 4,
        "SubChipID": 1542473083,
        "PinID": 1654083117
      },
      "Target": {
        "PinType": 3,
        "SubChipID": 620176463,
        "PinID": 0
      },
      "WirePoints": [
        {
          "X": -2.44629574,
          "Y": 3.48740745
        }
      ],
      "ColourThemeName": "Red"
    },
    {
      "Source": {
        "PinType": 4,
        "SubChipID": 1542473083,
        "PinID": 678410183
      },
      "Target": {
        "PinType": 3,
        "SubChipID": 1291066923,
        "PinID": 0
      },
      "WirePoints": [
        {
          "X": -2.44629574,
          "Y": 2.94740748
        }
      ],
      "ColourThemeName": "Red"
    },
    {
      "Source": {
        "PinType": 4,
        "SubChipID": 1542473083,
        "PinID": 1922031325
      },
      "Target": {
        "PinType": 3,
        "SubChipID": 939930302,
        "PinID": 0
      },
      "WirePoints": [
        {
          "X": -2.44629574,
          "Y": 2.40740752
        }
      ],
      "ColourThemeName": "Red"
    },
    {
      "Source": {
        "PinType": 4,
        "SubChipID": 1542473083,
        "PinID": 853697362
      },
      "Target": {
        "PinType": 3,
        "SubChipID": 822798187,
        "PinID": 0
      },
      "WirePoints": [
        {
          "X": -2.44629574,
          "Y": 1.86740756
        }
      ],
      "ColourThemeName": "Red"
    },
    {
      "Source": {
        "PinType": 4,
        "SubChipID": 1542473083,
        "PinID": 1847398067
      },
      "Target": {
        "PinType": 3,
        "SubChipID": 656050395,
        "PinID": 0
      },
      "WirePoints": [
        {
          "X": -2.44629574,
          "Y": 1.3274076
        }
      ],
      "ColourThemeName": "Red"
    },
    {
      "Source": {
        "PinType": 4,
        "SubChipID": 1542473083,
        "PinID": 1994707839
      },
      "Target": {
        "PinType": 3,
        "SubChipID": 741511752,
        "PinID": 0
      },
      "WirePoints": [
        {
          "X": -2.44629574,
          "Y": 0.787407637
        }
      ],
      "ColourThemeName": "Red"
    },
    {
      "Source": {
        "PinType": 4,
        "SubChipID": 1715046177,
        "PinID": 1
      },
      "Target": {
        "PinType": 3,
        "SubChipID": 1854918455,
        "PinID": 206920431
      },
      "WirePoints": [
        {
          "X": 5.23425865,
          "Y": -0.4722222
        }
      ],
      "ColourThemeName": "Red"
    },
    {
      "Source": {
        "PinType": 4,
        "SubChipID": 48526711,
        "PinID": 1
      },
      "Target": {
        "PinType": 3,
        "SubChipID": 1854918455,
        "PinID": 780551497
      },
      "WirePoints": [
        {
          "X": 5.23425865,
          "Y": -0.7122222
        }
      ],
      "ColourThemeName": "Red"
    },
    {
      "Source": {
        "PinType": 4,
        "SubChipID": 620176463,
        "PinID": 1
      },
      "Target": {
        "PinType": 3,
        "SubChipID": 1854918455,
        "PinID": 1986419160
      },
      "WirePoints": [
        {
          "X": 5.23425865,
          "Y": -0.9522222
        }
      ],
      "ColourThemeName": "Red"
    },
    {
      "Source": {
        "PinType": 4,
        "SubChipID": 1291066923,
        "PinID": 1
      },
      "Target": {
        "PinType": 3,
        "SubChipID": 1854918455,
        "PinID": 362686848
      },
      "WirePoints": [
        {
          "X": 5.23425865,
          "Y": -1.19222212
        }
      ],
      "ColourThemeName": "Red"
    },
    {
      "Source": {
        "PinType": 4,
        "SubChipID": 939930302,
        "PinID": 1
      },
      "Target": {
        "PinType": 3,
        "SubChipID": 1854918455,
        "PinID": 125805864
      },
      "WirePoints": [
        {
          "X": 5.23425865,
          "Y": -1.43222213
        }
      ],
      "ColourThemeName": "Red"
    },
    {
      "Source": {
        "PinType": 4,
        "SubChipID": 822798187,
        "PinID": 1
      },
      "Target": {
        "PinType": 3,
        "SubChipID": 1854918455,
        "PinID": 1851187211
      },
      "WirePoints": [
        {
          "X": 5.23425865,
          "Y": -1.67222214
        }
      ],
      "ColourThemeName": "Red"
    },
    {
      "Source": {
        "PinType": 4,
        "SubChipID": 656050395,
        "PinID": 1
      },
      "Target": {
        "PinType": 3,
        "SubChipID": 1854918455,
        "PinID": 128778491
      },
      "WirePoints": [
        {
          "X": 5.23425865,
          "Y": -1.91222215
        }
      ],
      "ColourThemeName": "Red"
    },
    {
      "Source": {
        "PinType": 4,
        "SubChipID": 741511752,
        "PinID": 1
      },
      "Target": {
        "PinType": 3,
        "SubChipID": 1854918455,
        "PinID": 1079511259
      },
      "WirePoints": [
        {
          "X": 5.23425865,
          "Y": -2.15222216
        }
      ],
      "ColourThemeName": "Red"
    },
    {
      "Source": {
        "PinType": 4,
        "SubChipID": 2023689384,
        "PinID": 1
      },
      "Target": {
        "PinType": 3,
        "SubChipID": 1854918455,
        "PinID": 1619985941
      },
      "WirePoints": [
        {
          "X": 5.23425865,
          "Y": -2.39222217
        }
      ],
      "ColourThemeName": "Red"
    },
    {
      "Source": {
        "PinType": 1,
        "SubChipID": 0,
        "PinID": 583859834
      },
      "Target": {
        "PinType": 3,
        "SubChipID": 2023689384,
        "PinID": 0
      },
      "WirePoints": [
        {
          "X": -12.5903149,
          "Y": -3.01851869
        }
      ],
      "ColourThemeName": "Red"
    },
    {
      "Source": {
        "PinType": 4,
        "SubChipID": 1542473083,
        "PinID": 39539222
      },
      "Target": {
        "PinType": 2,
        "SubChipID": 0,
        "PinID": 1418378477
      },
      "WirePoints": [
        {
          "X": -2.44629574,
          "Y": 0.247407675
        },
        {
          "X": -1.41009307,
          "Y": 0.174444944
        },
        {
          "X": -1.36648178,
          "Y": -0.290740639
        },
        {
          "X": -1.55546367,
          "Y": -3.12546349
        },
        {
          "X": 12.5903149,
          "Y": -3.50342655
        }
      ],
      "ColourThemeName": "Red"
    }
  ],
  "ChipSize": 7.850002
}