{
  "Name": "AluPart2",
  "Colour": "#17964E",
  "InputPins": [
    {
      "Name": "A7",
      "ID": 429304352,
      "PositionY": 4.574074,
      "ColourThemeName": "Red"
    },
    {
      "Name": "A6",
      "ID": 1150613617,
      "PositionY": 4.23148155,
      "ColourThemeName": "Red"
    },
    {
      "Name": "A5",
      "ID": 1712424118,
      "PositionY": 3.851852,
      "ColourThemeName": "Red"
    },
    {
      "Name": "A4",
      "ID": 1502329867,
      "PositionY": 3.49999976,
      "ColourThemeName": "Red"
    },
    {
      "Name": "A3",
      "ID": 1048189922,
      "PositionY": 2.94444442,
      "ColourThemeName": "Red"
    },
    {
      "Name": "A2",
      "ID": 1320623641,
      "PositionY": 2.52777767,
      "ColourThemeName": "Red"
    },
    {
      "Name": "A1",
      "ID": 1338935139,
      "PositionY": 2.14814854,
      "ColourThemeName": "Red"
    },
    {
      "Name": "A0",
      "ID": 606122873,
      "PositionY": 1.77777767,
      "ColourThemeName": "Red"
    },
    {
      "Name": "B7",
      "ID": 2049113301,
      "PositionY": 0.92592597,
      "ColourThemeName": "Red"
    },
    {
      "Name": "B6",
      "ID": 1748295688,
      "PositionY": 0.5092591,
      "ColourThemeName": "Red"
    },
    {
      "Name": "B5",
      "ID": 91782057,
      "PositionY": 0.111110806,
      "ColourThemeName": "Red"
    },
    {
      "Name": "B4",
      "ID": 1715347999,
      "PositionY": -0.3333333,
      "ColourThemeName": "Red"
    },
    {
      "Name": "B3",
      "ID": 1321889959,
      "PositionY": -0.9074074,
      "ColourThemeName": "Red"
    },
    {
      "Name": "B2",
      "ID": 174941092,
      "PositionY": -1.25925922,
      "ColourThemeName": "Red"
    },
    {
      "Name": "B1",
      "ID": 303596828,
      "PositionY": -1.61111116,
      "ColourThemeName": "Red"
    },
    {
      "Name": "B0",
      "ID": 1030297264,
      "PositionY": -1.99074054,
      "ColourThemeName": "Red"
    },
    {
      "Name": "Key1",
      "ID": 751609095,
      "PositionY": -3.5,
      "ColourThemeName": "Red"
    },
    {
      "Name": "Key0",
      "ID": 1535225154,
      "PositionY": -3.935185,
      "ColourThemeName": "Red"
    },
    {
      "Name": "Key2",
      "ID": 2095430148,
      "PositionY": -2.98148155,
      "ColourThemeName": "Red"
    }
  ],
  "OutputPins": [
    {
      "Name": "Out7",
      "ID": 823481876,
      "PositionY": -0.444444716,
      "ColourThemeName": "Red"
    },
    {
      "Name": "Out6",
      "ID": 1625808307,
      "PositionY": -0.8981481,
      "ColourThemeName": "Red"
    },
    {
      "Name": "Out5",
      "ID": 981977196,
      "PositionY": -1.48148143,
      "ColourThemeName": "Red"
    },
    {
      "Name": "Out4",
      "ID": 820521951,
      "PositionY": -2.09259272,
      "ColourThemeName": "Red"
    },
    {
      "Name": "Out3",
      "ID": 1355879246,
      "PositionY": -2.48148251,
      "ColourThemeName": "Red"
    },
    {
      "Name": "Out2",
      "ID": 1204092606,
      "PositionY": -2.97222352,
      "ColourThemeName": "Red"
    },
    {
      "Name": "Out1",
      "ID": 1870620481,
      "PositionY": -3.54629636,
      "ColourThemeName": "Red"
    },
    {
      "Name": "Out0",
      "ID": 806393803,
      "PositionY": -3.99999952,
      "ColourThemeName": "Red"
    },
    {
      "Name": "r7/m15",
      "ID": 1375323357,
      "PositionY": 4.32407475,
      "ColourThemeName": "Red"
    },
    {
      "Name": "r6/m14",
      "ID": 1084175587,
      "PositionY": 3.82407451,
      "ColourThemeName": "Red"
    },
    {
      "Name": "r5/m13",
      "ID": 333227738,
      "PositionY": 3.40740776,
      "ColourThemeName": "Red"
    },
    {
      "Name": "r4/m12",
      "ID": 1209765548,
      "PositionY": 2.92592573,
      "ColourThemeName": "Red"
    },
    {
      "Name": "r3/m11",
      "ID": 1251244702,
      "PositionY": 2.194444,
      "ColourThemeName": "Red"
    },
    {
      "Name": "r2/m10",
      "ID": 1883041854,
      "PositionY": 1.62962973,
      "ColourThemeName": "Red"
    },
    {
      "Name": "r1/m9",
      "ID": 157827951,
      "PositionY": 1.13888991,
      "ColourThemeName": "Red"
    },
    {
      "Name": "r0/m8",
      "ID": 1133420983,
      "PositionY": 0.6574068,
      "ColourThemeName": "Red"
    }
  ],
  "SubChips": [
    {
      "Name": "ShiftRotateLR",
      "ID": 1193145264,
      "Points": [
        {
          "X": -3.638889,
          "Y": 2.8611114
        }
      ],
      "Data": null
    },
    {
      "Name": "DivMul",
      "ID": 1316128955,
      "Points": [
        {
          "X": -2.18518639,
          "Y": -1.51851857
        }
      ],
      "Data": null
    },
    {
      "Name": "BUS",
      "ID": 2105543335,
      "Points": [
        {
          "X": -3.32577825,
          "Y": 0.431189179
        },
        {
          "X": -4.92763042,
          "Y": 0.38489306
        }
      ],
      "Data": null
    },
    {
      "Name": "BUS",
      "ID": 1487502376,
      "Points": [
        {
          "X": -3.32000041,
          "Y": 0.231272668
        },
        {
          "X": -4.92185259,
          "Y": 0.184976548
        }
      ],
      "Data": null
    },
    {
      "Name": "BUS",
      "ID": 292642905,
      "Points": [
        {
          "X": -3.31422234,
          "Y": 0.0313561559
        },
        {
          "X": -4.91607475,
          "Y": -0.0149399638
        }
      ],
      "Data": null
    },
    {
      "Name": "BUS",
      "ID": 603817016,
      "Points": [
        {
          "X": -3.3084445,
          "Y": -0.168560356
        },
        {
          "X": -4.910297,
          "Y": -0.214856476
        }
      ],
      "Data": null
    },
    {
      "Name": "BUS",
      "ID": 1637781002,
      "Points": [
        {
          "X": -3.30266666,
          "Y": -0.3684769
        },
        {
          "X": -4.9045186,
          "Y": -0.414773017
        }
      ],
      "Data": null
    },
    {
      "Name": "BUS",
      "ID": 1884949860,
      "Points": [
        {
          "X": -3.29688883,
          "Y": -0.5683934
        },
        {
          "X": -4.898741,
          "Y": -0.6146895
        }
      ],
      "Data": null
    },
    {
      "Name": "BUS",
      "ID": 899999486,
      "Points": [
        {
          "X": -3.29111075,
          "Y": -0.768309951
        },
        {
          "X": -4.892963,
          "Y": -0.8146061
        }
      ],
      "Data": null
    },
    {
      "Name": "BUS",
      "ID": 503287576,
      "Points": [
        {
          "X": -3.285333,
          "Y": -0.968226433
        },
        {
          "X": -4.887185,
          "Y": -1.01452255
        }
      ],
      "Data": null
    },
    {
      "Name": "8BitMux",
      "ID": 101079566,
      "Points": [
        {
          "X": 1.38888752,
          "Y": -2.10185242
        }
      ],
      "Data": null
    },
    {
      "Name": "AND",
      "ID": 1557584711,
      "Points": [
        {
          "X": 3.26851726,
          "Y": 4.59490728
        }
      ],
      "Data": null
    },
    {
      "Name": "AND",
      "ID": 1540526348,
      "Points": [
        {
          "X": 3.27777624,
          "Y": 4.06249952
        }
      ],
      "Data": null
    },
    {
      "Name": "AND",
      "ID": 2119847459,
      "Points": [
        {
          "X": 3.26851726,
          "Y": 3.47453713
        }
      ],
      "Data": null
    },
    {
      "Name": "AND",
      "ID": 1629816495,
      "Points": [
        {
          "X": 3.26851726,
          "Y": 2.85879612
        }
      ],
      "Data": null
    },
    {
      "Name": "AND",
      "ID": 933390293,
      "Points": [
        {
          "X": 3.249999,
          "Y": 2.20601821
        }
      ],
      "Data": null
    },
    {
      "Name": "AND",
      "ID": 274967538,
      "Points": [
        {
          "X": 3.25925827,
          "Y": 1.60879648
        }
      ],
      "Data": null
    },
    {
      "Name": "AND",
      "ID": 1862804743,
      "Points": [
        {
          "X": 3.24073982,
          "Y": 1.05787051
        }
      ],
      "Data": null
    },
    {
      "Name": "AND",
      "ID": 2058672171,
      "Points": [
        {
          "X": 3.296296,
          "Y": 0.4143517
        }
      ],
      "Data": null
    }
  ],
  "Connections": [
    {
      "Source": {
        "PinType": 1,
        "SubChipID": 0,
        "PinID": 429304352
      },
      "Target": {
        "PinType": 3,
        "SubChipID": 1193145264,
        "PinID": 1788629511
      },
      "WirePoints": [
        {
          "X": -7.837778,
          "Y": 4.574074
        },
        {
          "X": -4.858889,
          "Y": 3.94111156
        }
      ],
      "ColourThemeName": "Red"
    },
    {
      "Source": {
        "PinType": 1,
        "SubChipID": 0,
        "PinID": 1150613617
      },
      "Target": {
        "PinType": 3,
        "SubChipID": 1193145264,
        "PinID": 1548180614
      },
      "WirePoints": [
        {
          "X": -7.837778,
          "Y": 4.23148155
        },
        {
          "X": -4.858889,
          "Y": 3.70111156
        }
      ],
      "ColourThemeName": "Red"
    },
    {
      "Source": {
        "PinType": 1,
        "SubChipID": 0,
        "PinID": 1712424118
      },
      "Target": {
        "PinType": 3,
        "SubChipID": 1193145264,
        "PinID": 553194293
      },
      "WirePoints": [
        {
          "X": -7.837778,
          "Y": 3.851852
        },
        {
          "X": -4.858889,
          "Y": 3.46111155
        }
      ],
      "ColourThemeName": "Red"
    },
    {
      "Source": {
        "PinType": 1,
        "SubChipID": 0,
        "PinID": 1502329867
      },
      "Target": {
        "PinType": 3,
        "SubChipID": 1193145264,
        "PinID": 316456201
      },
      "WirePoints": [
        {
          "X": -7.837778,
          "Y": 3.49999976
        },
        {
          "X": -4.858889,
          "Y": 3.22111154
        }
      ],
      "ColourThemeName": "Red"
    },
    {
      "Source": {
        "PinType": 1,
        "SubChipID": 0,
        "PinID": 1048189922
      },
      "Target": {
        "PinType": 3,
        "SubChipID": 1193145264,
        "PinID": 715420196
      },
      "WirePoints": [
        {
          "X": -7.837778,
          "Y": 2.94444442
        },
        {
          "X": -4.858889,
          "Y": 2.98111153
        }
      ],
      "ColourThemeName": "Red"
    },
    {
      "Source": {
        "PinType": 1,
        "SubChipID": 0,
        "PinID": 1320623641
      },
      "Target": {
        "PinType": 3,
        "SubChipID": 1193145264,
        "PinID": 1212806616
      },
      "WirePoints": [
        {
          "X": -7.837778,
          "Y": 2.52777767
        },
        {
          "X": -4.858889,
          "Y": 2.74111128
        }
      ],
      "ColourThemeName": "Red"
    },
    {
      "Source": {
        "PinType": 1,
        "SubChipID": 0,
        "PinID": 1338935139
      },
      "Target": {
        "PinType": 3,
        "SubChipID": 1193145264,
        "PinID": 83019928
      },
      "WirePoints": [
        {
          "X": -7.837778,
          "Y": 2.14814854
        },
        {
          "X": -4.858889,
          "Y": 2.50111127
        }
      ],
      "ColourThemeName": "Red"
    },
    {
      "Source": {
        "PinType": 1,
        "SubChipID": 0,
        "PinID": 606122873
      },
      "Target": {
        "PinType": 3,
        "SubChipID": 1193145264,
        "PinID": 1858190276
      },
      "WirePoints": [
        {
          "X": -7.837778,
          "Y": 1.77777767
        },
        {
          "X": -4.858889,
          "Y": 2.26111126
        }
      ],
      "ColourThemeName": "Red"
    },
    {
      "Source": {
        "PinType": 1,
        "SubChipID": 0,
        "PinID": 1535225154
      },
      "Target": {
        "PinType": 3,
        "SubChipID": 1193145264,
        "PinID": 298788405
      },
      "WirePoints": [
        {
          "X": -7.837778,
          "Y": -3.935185
        },
        {
          "X": -5.83333349,
          "Y": -3.92592621
        },
        {
          "X": -5.93518543,
          "Y": 1.68518543
        },
        {
          "X": -4.858889,
          "Y": 1.78111124
        }
      ],
      "ColourThemeName": "Red"
    },
    {
      "Source": {
        "PinType": 1,
        "SubChipID": 0,
        "PinID": 751609095
      },
      "Target": {
        "PinType": 3,
        "SubChipID": 1193145264,
        "PinID": 934083705
      },
      "WirePoints": [
        {
          "X": -7.837778,
          "Y": -3.5
        },
        {
          "X": -6.027778,
          "Y": -3.44444466
        },
        {
          "X": -6.08333349,
          "Y": 1.88888907
        },
        {
          "X": -4.858889,
          "Y": 2.02111125
        }
      ],
      "ColourThemeName": "Red"
    },
    {
      "Source": {
        "PinType": 1,
        "SubChipID": 0,
        "PinID": 1535225154
      },
      "Target": {
        "PinType": 3,
        "SubChipID": 1316128955,
        "PinID": 210613552
      },
      "WirePoints": [
        {
          "X": -7.837778,
          "Y": -3.935185
        },
        {
          "X": -5.83333349,
          "Y": -3.92592621
        },
        {
          "X": -5.8408823,
          "Y": -3.51006842
        },
        {
          "X": -2.88518643,
          "Y": -3.43851852
        }
      ],
      "ColourThemeName": "Red"
    },
    {
      "Source": {
        "PinType": 1,
        "SubChipID": 0,
        "PinID": 429304352
      },
      "Target": {
        "PinType": 3,
        "SubChipID": 2105543335,
        "PinID": 0
      },
      "WirePoints": [
        {
          "X": -7.837778,
          "Y": 4.574074
        }
      ],
      "ColourThemeName": "Red"
    },
    {
      "Source": {
        "PinType": 1,
        "SubChipID": 0,
        "PinID": 1150613617
      },
      "Target": {
        "PinType": 3,
        "SubChipID": 1487502376,
        "PinID": 0
      },
      "WirePoints": [
        {
          "X": -7.837778,
          "Y": 4.23148155
        }
      ],
      "ColourThemeName": "Red"
    },
    {
      "Source": {
        "PinType": 1,
        "SubChipID": 0,
        "PinID": 1712424118
      },
      "Target": {
        "PinType": 3,
        "SubChipID": 292642905,
        "PinID": 0
      },
      "WirePoints": [
        {
          "X": -7.837778,
          "Y": 3.851852
        }
      ],
      "ColourThemeName": "Red"
    },
    {
      "Source": {
        "PinType": 1,
        "SubChipID": 0,
        "PinID": 1502329867
      },
      "Target": {
        "PinType": 3,
        "SubChipID": 603817016,
        "PinID": 0
      },
      "WirePoints": [
        {
          "X": -7.837778,
          "Y": 3.49999976
        }
      ],
      "ColourThemeName": "Red"
    },
    {
      "Source": {
        "PinType": 1,
        "SubChipID": 0,
        "PinID": 1048189922
      },
      "Target": {
        "PinType": 3,
        "SubChipID": 1637781002,
        "PinID": 0
      },
      "WirePoints": [
        {
          "X": -7.837778,
          "Y": 2.94444442
        }
      ],
      "ColourThemeName": "Red"
    },
    {
      "Source": {
        "PinType": 1,
        "SubChipID": 0,
        "PinID": 1320623641
      },
      "Target": {
        "PinType": 3,
        "SubChipID": 1884949860,
        "PinID": 0
      },
      "WirePoints": [
        {
          "X": -7.837778,
          "Y": 2.52777767
        }
      ],
      "ColourThemeName": "Red"
    },
    {
      "Source": {
        "PinType": 1,
        "SubChipID": 0,
        "PinID": 1338935139
      },
      "Target": {
        "PinType": 3,
        "SubChipID": 899999486,
        "PinID": 0
      },
      "WirePoints": [
        {
          "X": -7.837778,
          "Y": 2.14814854
        }
      ],
      "ColourThemeName": "Red"
    },
    {
      "Source": {
        "PinType": 1,
        "SubChipID": 0,
        "PinID": 606122873
      },
      "Target": {
        "PinType": 3,
        "SubChipID": 503287576,
        "PinID": 0
      },
      "WirePoints": [
        {
          "X": -7.837778,
          "Y": 1.77777767
        }
      ],
      "ColourThemeName": "Red"
    },
    {
      "Source": {
        "PinType": 4,
        "SubChipID": 2105543335,
        "PinID": 1
      },
      "Target": {
        "PinType": 3,
        "SubChipID": 1316128955,
        "PinID": 883667784
      },
      "WirePoints": [
        {
          "X": -2.88518643,
          "Y": 0.4014814
        }
      ],
      "ColourThemeName": "Red"
    },
    {
      "Source": {
        "PinType": 4,
        "SubChipID": 1487502376,
        "PinID": 1
      },
      "Target": {
        "PinType": 3,
        "SubChipID": 1316128955,
        "PinID": 53533630
      },
      "WirePoints": [
        {
          "X": -2.88518643,
          "Y": 0.16148138
        }
      ],
      "ColourThemeName": "Red"
    },
    {
      "Source": {
        "PinType": 4,
        "SubChipID": 292642905,
        "PinID": 1
      },
      "Target": {
        "PinType": 3,
        "SubChipID": 1316128955,
        "PinID": 961659220
      },
      "WirePoints": [
        {
          "X": -2.88518643,
          "Y": -0.07851863
        }
      ],
      "ColourThemeName": "Red"
    },
    {
      "Source": {
        "PinType": 4,
        "SubChipID": 603817016,
        "PinID": 1
      },
      "Target": {
        "PinType": 3,
        "SubChipID": 1316128955,
        "PinID": 1739099882
      },
      "WirePoints": [
        {
          "X": -2.88518643,
          "Y": -0.318518639
        }
      ],
      "ColourThemeName": "Red"
    },
    {
      "Source": {
        "PinType": 4,
        "SubChipID": 1637781002,
        "PinID": 1
      },
      "Target": {
        "PinType": 3,
        "SubChipID": 1316128955,
        "PinID": 1683603571
      },
      "WirePoints": [
        {
          "X": -2.88518643,
          "Y": -0.5585186
        }
      ],
      "ColourThemeName": "Red"
    },
    {
      "Source": {
        "PinType": 4,
        "SubChipID": 1884949860,
        "PinID": 1
      },
      "Target": {
        "PinType": 3,
        "SubChipID": 1316128955,
        "PinID": 1679338444
      },
      "WirePoints": [
        {
          "X": -2.88518643,
          "Y": -0.7985186
        }
      ],
      "ColourThemeName": "Red"
    },
    {
      "Source": {
        "PinType": 4,
        "SubChipID": 899999486,
        "PinID": 1
      },
      "Target": {
        "PinType": 3,
        "SubChipID": 1316128955,
        "PinID": 97216253
      },
      "WirePoints": [
        {
          "X": -2.88518643,
          "Y": -1.03851855
        }
      ],
      "ColourThemeName": "Red"
    },
    {
      "Source": {
        "PinType": 4,
        "SubChipID": 503287576,
        "PinID": 1
      },
      "Target": {
        "PinType": 3,
        "SubChipID": 1316128955,
        "PinID": 1425971589
      },
      "WirePoints": [
        {
          "X": -2.88518643,
          "Y": -1.27851856
        }
      ],
      "ColourThemeName": "Red"
    },
    {
      "Source": {
        "PinType": 1,
        "SubChipID": 0,
        "PinID": 2049113301
      },
      "Target": {
        "PinType": 3,
        "SubChipID": 1316128955,
        "PinID": 874685189
      },
      "WirePoints": [
        {
          "X": -7.837778,
          "Y": 0.92592597
        },
        {
          "X": -2.88518643,
          "Y": -1.51851857
        }
      ],
      "ColourThemeName": "Red"
    },
    {
      "Source": {
        "PinType": 1,
        "SubChipID": 0,
        "PinID": 1748295688
      },
      "Target": {
        "PinType": 3,
        "SubChipID": 1316128955,
        "PinID": 651417579
      },
      "WirePoints": [
        {
          "X": -7.837778,
          "Y": 0.5092591
        },
        {
          "X": -2.88518643,
          "Y": -1.75851858
        }
      ],
      "ColourThemeName": "Red"
    },
    {
      "Source": {
        "PinType": 1,
        "SubChipID": 0,
        "PinID": 91782057
      },
      "Target": {
        "PinType": 3,
        "SubChipID": 1316128955,
        "PinID": 746862517
      },
      "WirePoints": [
        {
          "X": -7.837778,
          "Y": 0.111110806
        },
        {
          "X": -2.88518643,
          "Y": -1.99851859
        }
      ],
      "ColourThemeName": "Red"
    },
    {
      "Source": {
        "PinType": 1,
        "SubChipID": 0,
        "PinID": 1715347999
      },
      "Target": {
        "PinType": 3,
        "SubChipID": 1316128955,
        "PinID": 2133627366
      },
      "WirePoints": [
        {
          "X": -7.837778,
          "Y": -0.3333333
        },
        {
          "X": -2.88518643,
          "Y": -2.23851848
        }
      ],
      "ColourThemeName": "Red"
    },
    {
      "Source": {
        "PinType": 1,
        "SubChipID": 0,
        "PinID": 1321889959
      },
      "Target": {
        "PinType": 3,
        "SubChipID": 1316128955,
        "PinID": 1568068848
      },
      "WirePoints": [
        {
          "X": -7.837778,
          "Y": -0.9074074
        },
        {
          "X": -2.88518643,
          "Y": -2.47851849
        }
      ],
      "ColourThemeName": "Red"
    },
    {
      "Source": {
        "PinType": 1,
        "SubChipID": 0,
        "PinID": 174941092
      },
      "Target": {
        "PinType": 3,
        "SubChipID": 1316128955,
        "PinID": 454114512
      },
      "WirePoints": [
        {
          "X": -7.837778,
          "Y": -1.25925922
        },
        {
          "X": -2.88518643,
          "Y": -2.7185185
        }
      ],
      "ColourThemeName": "Red"
    },
    {
      "Source": {
        "PinType": 1,
        "SubChipID": 0,
        "PinID": 303596828
      },
      "Target": {
        "PinType": 3,
        "SubChipID": 1316128955,
        "PinID": 1330449095
      },
      "WirePoints": [
        {
          "X": -7.837778,
          "Y": -1.61111116
        },
        {
          "X": -2.88518643,
          "Y": -2.95851851
        }
      ],
      "ColourThemeName": "Red"
    },
    {
      "Source": {
        "PinType": 1,
        "SubChipID": 0,
        "PinID": 1030297264
      },
      "Target": {
        "PinType": 3,
        "SubChipID": 1316128955,
        "PinID": 1858936013
      },
      "WirePoints": [
        {
          "X": -7.837778,
          "Y": -1.99074054
        },
        {
          "X": -2.88518643,
          "Y": -3.19851851
        }
      ],
      "ColourThemeName": "Red"
    },
    {
      "Source": {
        "PinType": 4,
        "SubChipID": 1193145264,
        "PinID": 620129331
      },
      "Target": {
        "PinType": 3,
        "SubChipID": 101079566,
        "PinID": 206920431
      },
      "WirePoints": [
        {
          "X": -2.418889,
          "Y": 3.94111156
        },
        {
          "X": 0.613887548,
          "Y": -2.10185242
        }
      ],
      "ColourThemeName": "Red"
    },
    {
      "Source": {
        "PinType": 4,
        "SubChipID": 1193145264,
        "PinID": 1755424800
      },
      "Target": {
        "PinType": 3,
        "SubChipID": 101079566,
        "PinID": 780551497
      },
      "WirePoints": [
        {
          "X": -2.418889,
          "Y": 3.63254
        },
        {
          "X": 0.613887548,
          "Y": -2.34185243
        }
      ],
      "ColourThemeName": "Red"
    },
    {
      "Source": {
        "PinType": 4,
        "SubChipID": 1193145264,
        "PinID": 1740912415
      },
      "Target": {
        "PinType": 3,
        "SubChipID": 101079566,
        "PinID": 1986419160
      },
      "WirePoints": [
        {
          "X": -2.418889,
          "Y": 3.32396865
        },
        {
          "X": 0.613887548,
          "Y": -2.58185244
        }
      ],
      "ColourThemeName": "Red"
    },
    {
      "Source": {
        "PinType": 4,
        "SubChipID": 1193145264,
        "PinID": 846742500
      },
      "Target": {
        "PinType": 3,
        "SubChipID": 101079566,
        "PinID": 362686848
      },
      "WirePoints": [
        {
          "X": -2.418889,
          "Y": 3.015397
        },
        {
          "X": 0.613887548,
          "Y": -2.82185245
        }
      ],
      "ColourThemeName": "Red"
    },
    {
      "Source": {
        "PinType": 4,
        "SubChipID": 1193145264,
        "PinID": 999413394
      },
      "Target": {
        "PinType": 3,
        "SubChipID": 101079566,
        "PinID": 125805864
      },
      "WirePoints": [
        {
          "X": -2.418889,
          "Y": 2.70682573
        },
        {
          "X": 0.613887548,
          "Y": -3.06185246
        }
      ],
      "ColourThemeName": "Red"
    },
    {
      "Source": {
        "PinType": 4,
        "SubChipID": 1193145264,
        "PinID": 1151566223
      },
      "Target": {
        "PinType": 3,
        "SubChipID": 101079566,
        "PinID": 1851187211
      },
      "WirePoints": [
        {
          "X": -2.418889,
          "Y": 2.39825416
        },
        {
          "X": 0.613887548,
          "Y": -3.30185223
        }
      ],
      "ColourThemeName": "Red"
    },
    {
      "Source": {
        "PinType": 4,
        "SubChipID": 1193145264,
        "PinID": 2087021675
      },
      "Target": {
        "PinType": 3,
        "SubChipID": 101079566,
        "PinID": 128778491
      },
      "WirePoints": [
        {
          "X": -2.418889,
          "Y": 2.08968258
        },
        {
          "X": 0.613887548,
          "Y": -3.54185247
        }
      ],
      "ColourThemeName": "Red"
    },
    {
      "Source": {
        "PinType": 4,
        "SubChipID": 1193145264,
        "PinID": 1180167721
      },
      "Target": {
        "PinType": 3,
        "SubChipID": 101079566,
        "PinID": 1079511259
      },
      "WirePoints": [
        {
          "X": -2.418889,
          "Y": 1.78111124
        },
        {
          "X": 0.613887548,
          "Y": -3.78185225
        }
      ],
      "ColourThemeName": "Red"
    },
    {
      "Source": {
        "PinType": 4,
        "SubChipID": 101079566,
        "PinID": 666866987
      },
      "Target": {
        "PinType": 2,
        "SubChipID": 0,
        "PinID": 806393803
      },
      "WirePoints": [
        {
          "X": 2.1638875,
          "Y": -4.02185249
        },
        {
          "X": 7.837778,
          "Y": -3.99999952
        }
      ],
      "ColourThemeName": "Red"
    },
    {
      "Source": {
        "PinType": 4,
        "SubChipID": 101079566,
        "PinID": 1908075193
      },
      "Target": {
        "PinType": 2,
        "SubChipID": 0,
        "PinID": 1870620481
      },
      "WirePoints": [
        {
          "X": 2.1638875,
          "Y": -3.473281
        },
        {
          "X": 7.837778,
          "Y": -3.54629636
        }
      ],
      "ColourThemeName": "Red"
    },
    {
      "Source": {
        "PinType": 4,
        "SubChipID": 101079566,
        "PinID": 1483620419
      },
      "Target": {
        "PinType": 2,
        "SubChipID": 0,
        "PinID": 1204092606
      },
      "WirePoints": [
        {
          "X": 2.1638875,
          "Y": -2.92470956
        },
        {
          "X": 7.837778,
          "Y": -2.97222352
        }
      ],
      "ColourThemeName": "Red"
    },
    {
      "Source": {
        "PinType": 4,
        "SubChipID": 101079566,
        "PinID": 1077223519
      },
      "Target": {
        "PinType": 2,
        "SubChipID": 0,
        "PinID": 1355879246
      },
      "WirePoints": [
        {
          "X": 2.1638875,
          "Y": -2.37613821
        },
        {
          "X": 7.837778,
          "Y": -2.48148251
        }
      ],
      "ColourThemeName": "Red"
    },
    {
      "Source": {
        "PinType": 4,
        "SubChipID": 101079566,
        "PinID": 1631322322
      },
      "Target": {
        "PinType": 2,
        "SubChipID": 0,
        "PinID": 820521951
      },
      "WirePoints": [
        {
          "X": 2.1638875,
          "Y": -1.82756674
        },
        {
          "X": 7.837778,
          "Y": -2.09259272
        }
      ],
      "ColourThemeName": "Red"
    },
    {
      "Source": {
        "PinType": 4,
        "SubChipID": 101079566,
        "PinID": 605636055
      },
      "Target": {
        "PinType": 2,
        "SubChipID": 0,
        "PinID": 981977196
      },
      "WirePoints": [
        {
          "X": 2.1638875,
          "Y": -1.27899528
        },
        {
          "X": 7.837778,
          "Y": -1.48148143
        }
      ],
      "ColourThemeName": "Red"
    },
    {
      "Source": {
        "PinType": 4,
        "SubChipID": 101079566,
        "PinID": 1088520793
      },
      "Target": {
        "PinType": 2,
        "SubChipID": 0,
        "PinID": 1625808307
      },
      "WirePoints": [
        {
          "X": 2.1638875,
          "Y": -0.7304239
        },
        {
          "X": 7.837778,
          "Y": -0.8981481
        }
      ],
      "ColourThemeName": "Red"
    },
    {
      "Source": {
        "PinType": 4,
        "SubChipID": 101079566,
        "PinID": 1975669734
      },
      "Target": {
        "PinType": 2,
        "SubChipID": 0,
        "PinID": 823481876
      },
      "WirePoints": [
        {
          "X": 2.1638875,
          "Y": -0.18185246
        },
        {
          "X": 7.837778,
          "Y": -0.444444716
        }
      ],
      "ColourThemeName": "Red"
    },
    {
      "Source": {
        "PinType": 4,
        "SubChipID": 1557584711,
        "PinID": 2
      },
      "Target": {
        "PinType": 2,
        "SubChipID": 0,
        "PinID": 1375323357
      },
      "WirePoints": [
        {
          "X": 3.81851721,
          "Y": 4.59490728
        },
        {
          "X": 7.837778,
          "Y": 4.32407475
        }
      ],
      "ColourThemeName": "Red"
    },
    {
      "Source": {
        "PinType": 4,
        "SubChipID": 1540526348,
        "PinID": 2
      },
      "Target": {
        "PinType": 2,
        "SubChipID": 0,
        "PinID": 1084175587
      },
      "WirePoints": [
        {
          "X": 3.82777619,
          "Y": 4.06249952
        },
        {
          "X": 7.837778,
          "Y": 3.82407451
        }
      ],
      "ColourThemeName": "Red"
    },
    {
      "Source": {
        "PinType": 4,
        "SubChipID": 2119847459,
        "PinID": 2
      },
      "Target": {
        "PinType": 2,
        "SubChipID": 0,
        "PinID": 333227738
      },
      "WirePoints": [
        {
          "X": 3.81851721,
          "Y": 3.47453713
        },
        {
          "X": 7.837778,
          "Y": 3.40740776
        }
      ],
      "ColourThemeName": "Red"
    },
    {
      "Source": {
        "PinType": 4,
        "SubChipID": 1629816495,
        "PinID": 2
      },
      "Target": {
        "PinType": 2,
        "SubChipID": 0,
        "PinID": 1209765548
      },
      "WirePoints": [
        {
          "X": 3.81851721,
          "Y": 2.85879612
        },
        {
          "X": 7.837778,
          "Y": 2.92592573
        }
      ],
      "ColourThemeName": "Red"
    },
    {
      "Source": {
        "PinType": 4,
        "SubChipID": 933390293,
        "PinID": 2
      },
      "Target": {
        "PinType": 2,
        "SubChipID": 0,
        "PinID": 1251244702
      },
      "WirePoints": [
        {
          "X": 3.799999,
          "Y": 2.20601821
        },
        {
          "X": 7.837778,
          "Y": 2.194444
        }
      ],
      "ColourThemeName": "Red"
    },
    {
      "Source": {
        "PinType": 4,
        "SubChipID": 274967538,
        "PinID": 2
      },
      "Target": {
        "PinType": 2,
        "SubChipID": 0,
        "PinID": 1883041854
      },
      "WirePoints": [
        {
          "X": 3.80925822,
          "Y": 1.60879648
        },
        {
          "X": 7.837778,
          "Y": 1.62962973
        }
      ],
      "ColourThemeName": "Red"
    },
    {
      "Source": {
        "PinType": 4,
        "SubChipID": 1862804743,
        "PinID": 2
      },
      "Target": {
        "PinType": 2,
        "SubChipID": 0,
        "PinID": 157827951
      },
      "WirePoints": [
        {
          "X": 3.79073977,
          "Y": 1.05787051
        },
        {
          "X": 7.837778,
          "Y": 1.13888991
        }
      ],
      "ColourThemeName": "Red"
    },
    {
      "Source": {
        "PinType": 4,
        "SubChipID": 2058672171,
        "PinID": 2
      },
      "Target": {
        "PinType": 2,
        "SubChipID": 0,
        "PinID": 1133420983
      },
      "WirePoints": [
        {
          "X": 3.84629583,
          "Y": 0.4143517
        },
        {
          "X": 7.837778,
          "Y": 0.6574068
        }
      ],
      "ColourThemeName": "Red"
    },
    {
      "Source": {
        "PinType": 4,
        "SubChipID": 1316128955,
        "PinID": 1234745730
      },
      "Target": {
        "PinType": 3,
        "SubChipID": 101079566,
        "PinID": 73132680
      },
      "WirePoints": [
        {
          "X": -1.48518634,
          "Y": -3.43851852
        },
        {
          "X": 0.613887548,
          "Y": -1.86185241
        }
      ],
      "ColourThemeName": "Red"
    },
    {
      "Source": {
        "PinType": 4,
        "SubChipID": 1316128955,
        "PinID": 1400380488
      },
      "Target": {
        "PinType": 3,
        "SubChipID": 101079566,
        "PinID": 2067416386
      },
      "WirePoints": [
        {
          "X": -1.48518634,
          "Y": -3.18251848
        },
        {
          "X": 0.613887548,
          "Y": -1.6218524
        }
      ],
      "ColourThemeName": "Red"
    },
    {
      "Source": {
        "PinType": 4,
        "SubChipID": 1316128955,
        "PinID": 264213854
      },
      "Target": {
        "PinType": 3,
        "SubChipID": 101079566,
        "PinID": 1517890443
      },
      "WirePoints": [
        {
          "X": -1.48518634,
          "Y": -2.92651844
        },
        {
          "X": 0.613887548,
          "Y": -1.38185239
        }
      ],
      "ColourThemeName": "Red"
    },
    {
      "Source": {
        "PinType": 4,
        "SubChipID": 1316128955,
        "PinID": 737585442
      },
      "Target": {
        "PinType": 3,
        "SubChipID": 101079566,
        "PinID": 1316718013
      },
      "WirePoints": [
        {
          "X": -1.48518634,
          "Y": -2.67051864
        },
        {
          "X": 0.613887548,
          "Y": -1.14185238
        }
      ],
      "ColourThemeName": "Red"
    },
    {
      "Source": {
        "PinType": 4,
        "SubChipID": 1316128955,
        "PinID": 2039595826
      },
      "Target": {
        "PinType": 3,
        "SubChipID": 101079566,
        "PinID": 753629729
      },
      "WirePoints": [
        {
          "X": -1.48518634,
          "Y": -2.41451859
        },
        {
          "X": 0.613887548,
          "Y": -0.9018525
        }
      ],
      "ColourThemeName": "Red"
    },
    {
      "Source": {
        "PinType": 4,
        "SubChipID": 1316128955,
        "PinID": 536582219
      },
      "Target": {
        "PinType": 3,
        "SubChipID": 101079566,
        "PinID": 1055717760
      },
      "WirePoints": [
        {
          "X": -1.48518634,
          "Y": -2.15851855
        },
        {
          "X": 0.613887548,
          "Y": -0.6618525
        }
      ],
      "ColourThemeName": "Red"
    },
    {
      "Source": {
        "PinType": 4,
        "SubChipID": 1316128955,
        "PinID": 770614376
      },
      "Target": {
        "PinType": 3,
        "SubChipID": 101079566,
        "PinID": 1981979729
      },
      "WirePoints": [
        {
          "X": -1.48518634,
          "Y": -1.90251863
        },
        {
          "X": 0.613887548,
          "Y": -0.421852469
        }
      ],
      "ColourThemeName": "Red"
    },
    {
      "Source": {
        "PinType": 4,
        "SubChipID": 1316128955,
        "PinID": 41062455
      },
      "Target": {
        "PinType": 3,
        "SubChipID": 101079566,
        "PinID": 1043422715
      },
      "WirePoints": [
        {
          "X": -1.48518634,
          "Y": -1.64651871
        },
        {
          "X": 0.613887548,
          "Y": -0.18185246
        }
      ],
      "ColourThemeName": "Red"
    },
    {
      "Source": {
        "PinType": 1,
        "SubChipID": 0,
        "PinID": 2095430148
      },
      "Target": {
        "PinType": 3,
        "SubChipID": 101079566,
        "PinID": 1619985941
      },
      "WirePoints": [
        {
          "X": -7.837778,
          "Y": -2.98148155
        },
        {
          "X": -4.58333349,
          "Y": -3.02777767
        },
        {
          "X": -4.537037,
          "Y": -3.96296287
        },
        {
          "X": 0.613887548,
          "Y": -4.02185249
        }
      ],
      "ColourThemeName": "Red"
    },
    {
      "Source": {
        "PinType": 1,
        "SubChipID": 0,
        "PinID": 2095430148
      },
      "Target": {
        "PinType": 3,
        "SubChipID": 1557584711,
        "PinID": 0
      },
      "WirePoints": [
        {
          "X": -7.837778,
          "Y": -2.98148155
        },
        {
          "X": -4.58333349,
          "Y": -3.02777767
        },
        {
          "X": -4.537037,
          "Y": -3.96296287
        },
        {
          "X": 0.2127657,
          "Y": -4.01726675
        },
        {
          "X": 0.120370656,
          "Y": 4.740741
        },
        {
          "X": 2.7185173,
          "Y": 4.714907
        }
      ],
      "ColourThemeName": "Red"
    },
    {
      "Source": {
        "PinType": 1,
        "SubChipID": 0,
        "PinID": 2095430148
      },
      "Target": {
        "PinType": 3,
        "SubChipID": 1540526348,
        "PinID": 0
      },
      "WirePoints": [
        {
          "X": -7.837778,
          "Y": -2.98148155
        },
        {
          "X": -4.58333349,
          "Y": -3.02777767
        },
        {
          "X": -4.537037,
          "Y": -3.96296287
        },
        {
          "X": 0.2127657,
          "Y": -4.01726675
        },
        {
          "X": 0.126134336,
          "Y": 4.194408
        },
        {
          "X": 2.72777629,
          "Y": 4.18249941
        }
      ],
      "ColourThemeName": "Red"
    },
    {
      "Source": {
        "PinType": 1,
        "SubChipID": 0,
        "PinID": 2095430148
      },
      "Target": {
        "PinType": 3,
        "SubChipID": 2119847459,
        "PinID": 0
      },
      "WirePoints": [
        {
          "X": -7.837778,
          "Y": -2.98148155
        },
        {
          "X": -4.58333349,
          "Y": -3.02777767
        },
        {
          "X": -4.537037,
          "Y": -3.96296287
        },
        {
          "X": 0.2127657,
          "Y": -4.01726675
        },
        {
          "X": 0.132580712,
          "Y": 3.58336449
        },
        {
          "X": 2.7185173,
          "Y": 3.594537
        }
      ],
      "ColourThemeName": "Red"
    },
    {
      "Source": {
        "PinType": 1,
        "SubChipID": 0,
        "PinID": 2095430148
      },
      "Target": {
        "PinType": 3,
        "SubChipID": 1629816495,
        "PinID": 0
      },
      "WirePoints": [
        {
          "X": -7.837778,
          "Y": -2.98148155
        },
        {
          "X": -4.58333349,
          "Y": -3.02777767
        },
        {
          "X": -4.537037,
          "Y": -3.96296287
        },
        {
          "X": 0.2127657,
          "Y": -4.01726675
        },
        {
          "X": 0.140981555,
          "Y": 2.78705883
        },
        {
          "X": 2.7185173,
          "Y": 2.978796
        }
      ],
      "ColourThemeName": "Red"
    },
    {
      "Source": {
        "PinType": 1,
        "SubChipID": 0,
        "PinID": 2095430148
      },
      "Target": {
        "PinType": 3,
        "SubChipID": 933390293,
        "PinID": 0
      },
      "WirePoints": [
        {
          "X": -7.837778,
          "Y": -2.98148155
        },
        {
          "X": -4.58333349,
          "Y": -3.02777767
        },
        {
          "X": -4.537037,
          "Y": -3.96296287
        },
        {
          "X": 0.2127657,
          "Y": -4.01726675
        },
        {
          "X": 0.150353968,
          "Y": 1.89865923
        },
        {
          "X": 2.699999,
          "Y": 2.326018
        }
      ],
      "ColourThemeName": "Red"
    },
    {
      "Source": {
        "PinType": 1,
        "SubChipID": 0,
        "PinID": 2095430148
      },
      "Target": {
        "PinType": 3,
        "SubChipID": 274967538,
        "PinID": 0
      },
      "WirePoints": [
        {
          "X": -7.837778,
          "Y": -2.98148155
        },
        {
          "X": -4.58333349,
          "Y": -3.02777767
        },
        {
          "X": -4.537037,
          "Y": -3.96296287
        },
        {
          "X": 0.2127657,
          "Y": -4.01726675
        },
        {
          "X": 0.1555409,
          "Y": 1.40699673
        },
        {
          "X": 2.70925832,
          "Y": 1.72879648
        }
      ],
      "ColourThemeName": "Red"
    },
    {
      "Source": {
        "PinType": 1,
        "SubChipID": 0,
        "PinID": 2095430148
      },
      "Target": {
        "PinType": 3,
        "SubChipID": 1862804743,
        "PinID": 0
      },
      "WirePoints": [
        {
          "X": -7.837778,
          "Y": -2.98148155
        },
        {
          "X": -4.58333349,
          "Y": -3.02777767
        },
        {
          "X": -4.537037,
          "Y": -3.96296287
        },
        {
          "X": 0.2127657,
          "Y": -4.01726675
        },
        {
          "X": 0.1623728,
          "Y": 0.7594099
        },
        {
          "X": 2.69073987,
          "Y": 1.17787051
        }
      ],
      "ColourThemeName": "Red"
    },
    {
      "Source": {
        "PinType": 1,
        "SubChipID": 0,
        "PinID": 2095430148
      },
      "Target": {
        "PinType": 3,
        "SubChipID": 2058672171,
        "PinID": 0
      },
      "WirePoints": [
        {
          "X": -7.837778,
          "Y": -2.98148155
        },
        {
          "X": -4.58333349,
          "Y": -3.02777767
        },
        {
          "X": -4.537037,
          "Y": -3.96296287
        },
        {
          "X": 0.2127657,
          "Y": -4.01726675
        },
        {
          "X": 0.1655045,
          "Y": 0.462560177
        },
        {
          "X": 2.746296,
          "Y": 0.5343517
        }
      ],
      "ColourThemeName": "Red"
    },
    {
      "Source": {
        "PinType": 4,
        "SubChipID": 1316128955,
        "PinID": 2054037244
      },
      "Target": {
        "PinType": 3,
        "SubChipID": 2058672171,
        "PinID": 1
      },
      "WirePoints": [
        {
          "X": -1.48518634,
          "Y": -1.39051855
        },
        {
          "X": 2.746296,
          "Y": 0.2943517
        }
      ],
      "ColourThemeName": "Red"
    },
    {
      "Source": {
        "PinType": 4,
        "SubChipID": 1316128955,
        "PinID": 1537887887
      },
      "Target": {
        "PinType": 3,
        "SubChipID": 1862804743,
        "PinID": 1
      },
      "WirePoints": [
        {
          "X": -1.48518634,
          "Y": -1.13451862
        },
        {
          "X": 2.69073987,
          "Y": 0.9378705
        }
      ],
      "ColourThemeName": "Red"
    },
    {
      "Source": {
        "PinType": 4,
        "SubChipID": 1316128955,
        "PinID": 1937711573
      },
      "Target": {
        "PinType": 3,
        "SubChipID": 274967538,
        "PinID": 1
      },
      "WirePoints": [
        {
          "X": -1.48518634,
          "Y": -0.878518641
        },
        {
          "X": 2.70925832,
          "Y": 1.48879647
        }
      ],
      "ColourThemeName": "Red"
    },
    {
      "Source": {
        "PinType": 4,
        "SubChipID": 1316128955,
        "PinID": 1660957165
      },
      "Target": {
        "PinType": 3,
        "SubChipID": 933390293,
        "PinID": 1
      },
      "WirePoints": [
        {
          "X": -1.48518634,
          "Y": -0.622518659
        },
        {
          "X": 2.699999,
          "Y": 2.08601832
        }
      ],
      "ColourThemeName": "Red"
    },
    {
      "Source": {
        "PinType": 4,
        "SubChipID": 1316128955,
        "PinID": 909654572
      },
      "Target": {
        "PinType": 3,
        "SubChipID": 1629816495,
        "PinID": 1
      },
      "WirePoints": [
        {
          "X": -1.48518634,
          "Y": -0.366518617
        },
        {
          "X": 2.7185173,
          "Y": 2.73879623
        }
      ],
      "ColourThemeName": "Red"
    },
    {
      "Source": {
        "PinType": 4,
        "SubChipID": 1316128955,
        "PinID": 315688221
      },
      "Target": {
        "PinType": 3,
        "SubChipID": 2119847459,
        "PinID": 1
      },
      "WirePoints": [
        {
          "X": -1.48518634,
          "Y": -0.110518575
        },
        {
          "X": 2.7185173,
          "Y": 3.35453725
        }
      ],
      "ColourThemeName": "Red"
    },
    {
      "Source": {
        "PinType": 4,
        "SubChipID": 1316128955,
        "PinID": 1909455515
      },
      "Target": {
        "PinType": 3,
        "SubChipID": 1540526348,
        "PinID": 1
      },
      "WirePoints": [
        {
          "X": -1.48518634,
          "Y": 0.145481348
        },
        {
          "X": 2.72777629,
          "Y": 3.94249964
        }
      ],
      "ColourThemeName": "Red"
    },
    {
      "Source": {
        "PinType": 4,
        "SubChipID": 1316128955,
        "PinID": 346846581
      },
      "Target": {
        "PinType": 3,
        "SubChipID": 1557584711,
        "PinID": 1
      },
      "WirePoints": [
        {
          "X": -1.48518634,
          "Y": 0.4014814
        },
        {
          "X": 2.7185173,
          "Y": 4.4749074
        }
      ],
      "ColourThemeName": "Red"
    }
  ]
}