{
  "Name": "ALUPart1",
  "Colour": "#3E63E8",
  "InputPins": [
    {
      "Name": "A7",
      "ID": 225694902,
      "PositionY": 4.55555534,
      "ColourThemeName": "Red"
    },
    {
      "Name": "A6",
      "ID": 185481661,
      "PositionY": 4.12037,
      "ColourThemeName": "Red"
    },
    {
      "Name": "A5",
      "ID": 841202248,
      "PositionY": 3.70370388,
      "ColourThemeName": "Red"
    },
    {
      "Name": "A4",
      "ID": 1870410498,
      "PositionY": 3.27777815,
      "ColourThemeName": "Red"
    },
    {
      "Name": "A3",
      "ID": 114273992,
      "PositionY": 2.824074,
      "ColourThemeName": "Red"
    },
    {
      "Name": "A2",
      "ID": 645592906,
      "PositionY": 2.40740728,
      "ColourThemeName": "Red"
    },
    {
      "Name": "A1",
      "ID": 2079065850,
      "PositionY": 1.98148131,
      "ColourThemeName": "Red"
    },
    {
      "Name": "A0",
      "ID": 1538421591,
      "PositionY": 1.49999976,
      "ColourThemeName": "Red"
    },
    {
      "Name": "B7",
      "ID": 2135902037,
      "PositionY": 0.8055556,
      "ColourThemeName": "Red"
    },
    {
      "Name": "B6",
      "ID": 1251677587,
      "PositionY": 0.388888717,
      "ColourThemeName": "Red"
    },
    {
      "Name": "B5",
      "ID": 1443286395,
      "PositionY": -0.009259284,
      "ColourThemeName": "Red"
    },
    {
      "Name": "B4",
      "ID": 535329112,
      "PositionY": -0.416666567,
      "ColourThemeName": "Red"
    },
    {
      "Name": "B3",
      "ID": 1450588588,
      "PositionY": -0.824074149,
      "ColourThemeName": "Red"
    },
    {
      "Name": "B2",
      "ID": 620715438,
      "PositionY": -1.21296287,
      "ColourThemeName": "Red"
    },
    {
      "Name": "B1",
      "ID": 775856517,
      "PositionY": -1.55555546,
      "ColourThemeName": "Red"
    },
    {
      "Name": "B0",
      "ID": 782081981,
      "PositionY": -1.93518519,
      "ColourThemeName": "Red"
    },
    {
      "Name": "Key2",
      "ID": 884823976,
      "PositionY": -2.98148155,
      "ColourThemeName": "Red"
    },
    {
      "Name": "Key1",
      "ID": 1307942037,
      "PositionY": -3.52777767,
      "ColourThemeName": "Red"
    },
    {
      "Name": "Key0",
      "ID": 685768896,
      "PositionY": -3.99074078,
      "ColourThemeName": "Red"
    }
  ],
  "OutputPins": [
    {
      "Name": "Out7",
      "ID": 926098908,
      "PositionY": 4.09259272,
      "ColourThemeName": "Red"
    },
    {
      "Name": "Out6",
      "ID": 2060443323,
      "PositionY": 3.47222281,
      "ColourThemeName": "Red"
    },
    {
      "Name": "Out5",
      "ID": 1654083117,
      "PositionY": 2.916667,
      "ColourThemeName": "Red"
    },
    {
      "Name": "Out3",
      "ID": 1922031325,
      "PositionY": 1.45370364,
      "ColourThemeName": "Red"
    },
    {
      "Name": "Out2",
      "ID": 853697362,
      "PositionY": 0.87962985,
      "ColourThemeName": "Red"
    },
    {
      "Name": "Out1",
      "ID": 1847398067,
      "PositionY": 0.249999762,
      "ColourThemeName": "Red"
    },
    {
      "Name": "Out0",
      "ID": 1994707839,
      "PositionY": -0.2777779,
      "ColourThemeName": "Red"
    },
    {
      "Name": "Out4",
      "ID": 678410183,
      "PositionY": 2.32407379,
      "ColourThemeName": "Red"
    },
    {
      "Name": "Cout",
      "ID": 39539222,
      "PositionY": -1.50925922,
      "ColourThemeName": "Red"
    }
  ],
  "SubChips": [
    {
      "Name": "add-sub-inc-dec2",
      "ID": 1382673851,
      "Points": [
        {
          "X": -3.44444466,
          "Y": 2.648148
        }
      ],
      "Data": null
    },
    {
      "Name": "AND-OR-XOR-NOT",
      "ID": 958565068,
      "Points": [
        {
          "X": -3.56481576,
          "Y": -1.93518531
        }
      ],
      "Data": null
    },
    {
      "Name": "8BitMux",
      "ID": 318130444,
      "Points": [
        {
          "X": 3.03703737,
          "Y": 1.94444418
        }
      ],
      "Data": null
    },
    {
      "Name": "BUS",
      "ID": 1171635227,
      "Points": [
        {
          "X": -5.296296,
          "Y": 4.505555
        },
        {
          "X": -6.768519,
          "Y": 4.505555
        }
      ],
      "Data": null
    },
    {
      "Name": "BUS",
      "ID": 1372281592,
      "Points": [
        {
          "X": -5.296296,
          "Y": 4.30555534
        },
        {
          "X": -6.768519,
          "Y": 4.30555534
        }
      ],
      "Data": null
    },
    {
      "Name": "BUS",
      "ID": 1139545580,
      "Points": [
        {
          "X": -5.296296,
          "Y": 4.10555553
        },
        {
          "X": -6.768519,
          "Y": 4.10555553
        }
      ],
      "Data": null
    },
    {
      "Name": "BUS",
      "ID": 847407591,
      "Points": [
        {
          "X": -5.296296,
          "Y": 3.90555525
        },
        {
          "X": -6.768519,
          "Y": 3.90555525
        }
      ],
      "Data": null
    },
    {
      "Name": "BUS",
      "ID": 162331979,
      "Points": [
        {
          "X": -5.296296,
          "Y": 3.70555544
        },
        {
          "X": -6.768519,
          "Y": 3.70555544
        }
      ],
      "Data": null
    },
    {
      "Name": "BUS",
      "ID": 107212557,
      "Points": [
        {
          "X": -5.296296,
          "Y": 3.50555539
        },
        {
          "X": -6.768519,
          "Y": 3.50555539
        }
      ],
      "Data": null
    },
    {
      "Name": "BUS",
      "ID": 92315433,
      "Points": [
        {
          "X": -5.296296,
          "Y": 3.30555534
        },
        {
          "X": -6.768519,
          "Y": 3.30555534
        }
      ],
      "Data": null
    },
    {
      "Name": "BUS",
      "ID": 1502575750,
      "Points": [
        {
          "X": -5.296296,
          "Y": 3.1055553
        },
        {
          "X": -6.768519,
          "Y": 3.1055553
        }
      ],
      "Data": null
    },
    {
      "Name": "BUS",
      "ID": 812215701,
      "Points": [
        {
          "X": -5.296296,
          "Y": 2.90555525
        },
        {
          "X": -6.768519,
          "Y": 2.90555525
        }
      ],
      "Data": null
    },
    {
      "Name": "BUS",
      "ID": 322745933,
      "Points": [
        {
          "X": -5.296296,
          "Y": 2.70555544
        },
        {
          "X": -6.768519,
          "Y": 2.70555544
        }
      ],
      "Data": null
    },
    {
      "Name": "BUS",
      "ID": 1082379879,
      "Points": [
        {
          "X": -5.296296,
          "Y": 2.50555539
        },
        {
          "X": -6.768519,
          "Y": 2.50555539
        }
      ],
      "Data": null
    },
    {
      "Name": "BUS",
      "ID": 580087957,
      "Points": [
        {
          "X": -5.296296,
          "Y": 2.30555534
        },
        {
          "X": -6.768519,
          "Y": 2.30555534
        }
      ],
      "Data": null
    },
    {
      "Name": "BUS",
      "ID": 1893059781,
      "Points": [
        {
          "X": -5.296296,
          "Y": 2.1055553
        },
        {
          "X": -6.768519,
          "Y": 2.1055553
        }
      ],
      "Data": null
    },
    {
      "Name": "BUS",
      "ID": 1718452825,
      "Points": [
        {
          "X": -5.296296,
          "Y": 1.90555525
        },
        {
          "X": -6.768519,
          "Y": 1.90555525
        }
      ],
      "Data": null
    },
    {
      "Name": "BUS",
      "ID": 470709165,
      "Points": [
        {
          "X": -5.296296,
          "Y": 1.70555532
        },
        {
          "X": -6.768519,
          "Y": 1.70555532
        }
      ],
      "Data": null
    },
    {
      "Name": "BUS",
      "ID": 149393073,
      "Points": [
        {
          "X": -5.296296,
          "Y": 1.50555527
        },
        {
          "X": -6.768519,
          "Y": 1.50555527
        }
      ],
      "Data": null
    },
    {
      "Name": "BUS",
      "ID": 46216815,
      "Points": [
        {
          "X": -5.296296,
          "Y": 1.30555534
        },
        {
          "X": -6.768519,
          "Y": 1.30555534
        }
      ],
      "Data": null
    },
    {
      "Name": "BUS",
      "ID": 1885540452,
      "Points": [
        {
          "X": -5.296296,
          "Y": 1.1055553
        },
        {
          "X": -6.768519,
          "Y": 1.1055553
        }
      ],
      "Data": null
    },
    {
      "Name": "BUS",
      "ID": 1378515160,
      "Points": [
        {
          "X": -5.32713366,
          "Y": -0.337081552
        },
        {
          "X": -6.604912,
          "Y": -0.346341
        }
      ],
      "Data": null
    },
    {
      "Name": "BUS",
      "ID": 1095698031,
      "Points": [
        {
          "X": -5.32568455,
          "Y": -0.5370761
        },
        {
          "X": -6.6034627,
          "Y": -0.5463356
        }
      ],
      "Data": null
    },
    {
      "Name": "BUS",
      "ID": 1244055279,
      "Points": [
        {
          "X": -5.32423544,
          "Y": -0.737071037
        },
        {
          "X": -6.60201359,
          "Y": -0.7463305
        }
      ],
      "Data": null
    },
    {
      "Name": "BUS",
      "ID": 1078517418,
      "Points": [
        {
          "X": -5.322786,
          "Y": -0.9370657
        },
        {
          "X": -6.600564,
          "Y": -0.9463252
        }
      ],
      "Data": null
    },
    {
      "Name": "BUS",
      "ID": 24523044,
      "Points": [
        {
          "X": -5.32133675,
          "Y": -1.13706052
        },
        {
          "X": -6.599115,
          "Y": -1.14632
        }
      ],
      "Data": null
    },
    {
      "Name": "BUS",
      "ID": 2116848203,
      "Points": [
        {
          "X": -5.31988764,
          "Y": -1.33705521
        },
        {
          "X": -6.597666,
          "Y": -1.34631467
        }
      ],
      "Data": null
    },
    {
      "Name": "BUS",
      "ID": 1514363220,
      "Points": [
        {
          "X": -5.318438,
          "Y": -1.53705
        },
        {
          "X": -6.596216,
          "Y": -1.54630947
        }
      ],
      "Data": null
    },
    {
      "Name": "BUS",
      "ID": 2030970532,
      "Points": [
        {
          "X": -5.316989,
          "Y": -1.73704481
        },
        {
          "X": -6.594767,
          "Y": -1.74630427
        }
      ],
      "Data": null
    },
    {
      "Name": "BUS",
      "ID": 2083346074,
      "Points": [
        {
          "X": -5.31554,
          "Y": -1.93703949
        },
        {
          "X": -6.593318,
          "Y": -1.946299
        }
      ],
      "Data": null
    },
    {
      "Name": "BUS",
      "ID": 481568887,
      "Points": [
        {
          "X": -5.31409025,
          "Y": -2.13703418
        },
        {
          "X": -6.5918684,
          "Y": -2.14629364
        }
      ],
      "Data": null
    },
    {
      "Name": "BUS",
      "ID": 1392494720,
      "Points": [
        {
          "X": -5.312641,
          "Y": -2.337029
        },
        {
          "X": -6.59041929,
          "Y": -2.34628844
        }
      ],
      "Data": null
    },
    {
      "Name": "BUS",
      "ID": 2064579151,
      "Points": [
        {
          "X": -5.311192,
          "Y": -2.53702378
        },
        {
          "X": -6.58897,
          "Y": -2.54628325
        }
      ],
      "Data": null
    },
    {
      "Name": "BUS",
      "ID": 804697329,
      "Points": [
        {
          "X": -5.30974245,
          "Y": -2.73701859
        },
        {
          "X": -6.5875206,
          "Y": -2.746278
        }
      ],
      "Data": null
    },
    {
      "Name": "BUS",
      "ID": 971890132,
      "Points": [
        {
          "X": -5.30829334,
          "Y": -2.93701315
        },
        {
          "X": -6.58607149,
          "Y": -2.94627285
        }
      ],
      "Data": null
    },
    {
      "Name": "BUS",
      "ID": 1909223939,
      "Points": [
        {
          "X": -5.306844,
          "Y": -3.13700819
        },
        {
          "X": -6.58462238,
          "Y": -3.14626741
        }
      ],
      "Data": null
    },
    {
      "Name": "BUS",
      "ID": 1237220990,
      "Points": [
        {
          "X": -5.30539465,
          "Y": -3.33700275
        },
        {
          "X": -6.583173,
          "Y": -3.34626222
        }
      ],
      "Data": null
    },
    {
      "Name": "BUS",
      "ID": 536342154,
      "Points": [
        {
          "X": -5.30394554,
          "Y": -3.5369978
        },
        {
          "X": -6.58172369,
          "Y": -3.546257
        }
      ],
      "Data": null
    },
    {
      "Name": "BUS",
      "ID": 569125556,
      "Points": [
        {
          "X": -5.30249643,
          "Y": -3.73699236
        },
        {
          "X": -6.58027458,
          "Y": -3.74625158
        }
      ],
      "Data": null
    },
    {
      "Name": "NOT",
      "ID": 1366116847,
      "Points": [
        {
          "X": 0.7129627,
          "Y": -0.5740741
        }
      ],
      "Data": null
    },
    {
      "Name": "BUS",
      "ID": 43779180,
      "Points": [
        {
          "X": -0.361110926,
          "Y": -0.6851852
        },
        {
          "X": -1.04629624,
          "Y": -0.7314816
        }
      ],
      "Data": null
    },
    {
      "Name": "1bitmux",
      "ID": 1732569985,
      "Points": [
        {
          "X": 3.296296,
          "Y": -1.22222245
        }
      ],
      "Data": null
    }
  ],
  "Connections": [
    {
      "Source": {
        "PinType": 1,
        "SubChipID": 0,
        "PinID": 775856517
      },
      "Target": {
        "PinType": 3,
        "SubChipID": 536342154,
        "PinID": 0
      },
      "WirePoints": [
        {
          "X": -7.837778,
          "Y": -1.55555546
        }
      ],
      "ColourThemeName": "Red"
    },
    {
      "Source": {
        "PinType": 1,
        "SubChipID": 0,
        "PinID": 782081981
      },
      "Target": {
        "PinType": 3,
        "SubChipID": 569125556,
        "PinID": 0
      },
      "WirePoints": [
        {
          "X": -7.837778,
          "Y": -1.93518519
        }
      ],
      "ColourThemeName": "Red"
    },
    {
      "Source": {
        "PinType": 1,
        "SubChipID": 0,
        "PinID": 620715438
      },
      "Target": {
        "PinType": 3,
        "SubChipID": 1237220990,
        "PinID": 0
      },
      "WirePoints": [
        {
          "X": -7.837778,
          "Y": -1.21296287
        }
      ],
      "ColourThemeName": "Red"
    },
    {
      "Source": {
        "PinType": 1,
        "SubChipID": 0,
        "PinID": 1450588588
      },
      "Target": {
        "PinType": 3,
        "SubChipID": 1909223939,
        "PinID": 0
      },
      "WirePoints": [
        {
          "X": -7.837778,
          "Y": -0.824074149
        }
      ],
      "ColourThemeName": "Red"
    },
    {
      "Source": {
        "PinType": 1,
        "SubChipID": 0,
        "PinID": 1450588588
      },
      "Target": {
        "PinType": 3,
        "SubChipID": 470709165,
        "PinID": 0
      },
      "WirePoints": [
        {
          "X": -7.837778,
          "Y": -0.824074149
        }
      ],
      "ColourThemeName": "Red"
    },
    {
      "Source": {
        "PinType": 1,
        "SubChipID": 0,
        "PinID": 620715438
      },
      "Target": {
        "PinType": 3,
        "SubChipID": 149393073,
        "PinID": 0
      },
      "WirePoints": [
        {
          "X": -7.837778,
          "Y": -1.21296287
        }
      ],
      "ColourThemeName": "Red"
    },
    {
      "Source": {
        "PinType": 1,
        "SubChipID": 0,
        "PinID": 775856517
      },
      "Target": {
        "PinType": 3,
        "SubChipID": 46216815,
        "PinID": 0
      },
      "WirePoints": [
        {
          "X": -7.837778,
          "Y": -1.55555546
        }
      ],
      "ColourThemeName": "Red"
    },
    {
      "Source": {
        "PinType": 1,
        "SubChipID": 0,
        "PinID": 782081981
      },
      "Target": {
        "PinType": 3,
        "SubChipID": 1885540452,
        "PinID": 0
      },
      "WirePoints": [
        {
          "X": -7.837778,
          "Y": -1.93518519
        }
      ],
      "ColourThemeName": "Red"
    },
    {
      "Source": {
        "PinType": 4,
        "SubChipID": 569125556,
        "PinID": 1
      },
      "Target": {
        "PinType": 3,
        "SubChipID": 958565068,
        "PinID": 1691327257
      },
      "WirePoints": [
        {
          "X": -4.8598156,
          "Y": -3.97518539
        }
      ],
      "ColourThemeName": "Red"
    },
    {
      "Source": {
        "PinType": 4,
        "SubChipID": 536342154,
        "PinID": 1
      },
      "Target": {
        "PinType": 3,
        "SubChipID": 958565068,
        "PinID": 830735945
      },
      "WirePoints": [
        {
          "X": -4.8598156,
          "Y": -3.73518515
        }
      ],
      "ColourThemeName": "Red"
    },
    {
      "Source": {
        "PinType": 4,
        "SubChipID": 1237220990,
        "PinID": 1
      },
      "Target": {
        "PinType": 3,
        "SubChipID": 958565068,
        "PinID": 569061831
      },
      "WirePoints": [
        {
          "X": -4.8598156,
          "Y": -3.49518538
        }
      ],
      "ColourThemeName": "Red"
    },
    {
      "Source": {
        "PinType": 4,
        "SubChipID": 1909223939,
        "PinID": 1
      },
      "Target": {
        "PinType": 3,
        "SubChipID": 958565068,
        "PinID": 295662068
      },
      "WirePoints": [
        {
          "X": -4.8598156,
          "Y": -3.25518537
        }
      ],
      "ColourThemeName": "Red"
    },
    {
      "Source": {
        "PinType": 4,
        "SubChipID": 1885540452,
        "PinID": 1
      },
      "Target": {
        "PinType": 3,
        "SubChipID": 1382673851,
        "PinID": 2104575587
      },
      "WirePoints": [
        {
          "X": -4.889445,
          "Y": 0.6081481
        }
      ],
      "ColourThemeName": "Red"
    },
    {
      "Source": {
        "PinType": 4,
        "SubChipID": 46216815,
        "PinID": 1
      },
      "Target": {
        "PinType": 3,
        "SubChipID": 1382673851,
        "PinID": 185536353
      },
      "WirePoints": [
        {
          "X": -4.889445,
          "Y": 0.8481481
        }
      ],
      "ColourThemeName": "Red"
    },
    {
      "Source": {
        "PinType": 4,
        "SubChipID": 149393073,
        "PinID": 1
      },
      "Target": {
        "PinType": 3,
        "SubChipID": 1382673851,
        "PinID": 857387538
      },
      "WirePoints": [
        {
          "X": -4.889445,
          "Y": 1.08814812
        }
      ],
      "ColourThemeName": "Red"
    },
    {
      "Source": {
        "PinType": 4,
        "SubChipID": 470709165,
        "PinID": 1
      },
      "Target": {
        "PinType": 3,
        "SubChipID": 1382673851,
        "PinID": 939449266
      },
      "WirePoints": [
        {
          "X": -4.889445,
          "Y": 1.328148
        }
      ],
      "ColourThemeName": "Red"
    },
    {
      "Source": {
        "PinType": 1,
        "SubChipID": 0,
        "PinID": 535329112
      },
      "Target": {
        "PinType": 3,
        "SubChipID": 971890132,
        "PinID": 0
      },
      "WirePoints": [
        {
          "X": -7.837778,
          "Y": -0.416666567
        }
      ],
      "ColourThemeName": "Red"
    },
    {
      "Source": {
        "PinType": 1,
        "SubChipID": 0,
        "PinID": 1443286395
      },
      "Target": {
        "PinType": 3,
        "SubChipID": 804697329,
        "PinID": 0
      },
      "WirePoints": [
        {
          "X": -7.837778,
          "Y": -0.009259284
        }
      ],
      "ColourThemeName": "Red"
    },
    {
      "Source": {
        "PinType": 1,
        "SubChipID": 0,
        "PinID": 1251677587
      },
      "Target": {
        "PinType": 3,
        "SubChipID": 2064579151,
        "PinID": 0
      },
      "WirePoints": [
        {
          "X": -7.837778,
          "Y": 0.388888717
        }
      ],
      "ColourThemeName": "Red"
    },
    {
      "Source": {
        "PinType": 1,
        "SubChipID": 0,
        "PinID": 2135902037
      },
      "Target": {
        "PinType": 3,
        "SubChipID": 1392494720,
        "PinID": 0
      },
      "WirePoints": [
        {
          "X": -7.837778,
          "Y": 0.8055556
        }
      ],
      "ColourThemeName": "Red"
    },
    {
      "Source": {
        "PinType": 1,
        "SubChipID": 0,
        "PinID": 535329112
      },
      "Target": {
        "PinType": 3,
        "SubChipID": 1718452825,
        "PinID": 0
      },
      "WirePoints": [
        {
          "X": -7.837778,
          "Y": -0.416666567
        }
      ],
      "ColourThemeName": "Red"
    },
    {
      "Source": {
        "PinType": 1,
        "SubChipID": 0,
        "PinID": 1443286395
      },
      "Target": {
        "PinType": 3,
        "SubChipID": 1893059781,
        "PinID": 0
      },
      "WirePoints": [
        {
          "X": -7.837778,
          "Y": -0.009259284
        }
      ],
      "ColourThemeName": "Red"
    },
    {
      "Source": {
        "PinType": 1,
        "SubChipID": 0,
        "PinID": 1251677587
      },
      "Target": {
        "PinType": 3,
        "SubChipID": 580087957,
        "PinID": 0
      },
      "WirePoints": [
        {
          "X": -7.837778,
          "Y": 0.388888717
        }
      ],
      "ColourThemeName": "Red"
    },
    {
      "Source": {
        "PinType": 1,
        "SubChipID": 0,
        "PinID": 2135902037
      },
      "Target": {
        "PinType": 3,
        "SubChipID": 1082379879,
        "PinID": 0
      },
      "WirePoints": [
        {
          "X": -7.837778,
          "Y": 0.8055556
        }
      ],
      "ColourThemeName": "Red"
    },
    {
      "Source": {
        "PinType": 4,
        "SubChipID": 1718452825,
        "PinID": 1
      },
      "Target": {
        "PinType": 3,
        "SubChipID": 1382673851,
        "PinID": 1577083360
      },
      "WirePoints": [
        {
          "X": -4.889445,
          "Y": 1.568148
        }
      ],
      "ColourThemeName": "Red"
    },
    {
      "Source": {
        "PinType": 4,
        "SubChipID": 1893059781,
        "PinID": 1
      },
      "Target": {
        "PinType": 3,
        "SubChipID": 1382673851,
        "PinID": 1971365404
      },
      "WirePoints": [
        {
          "X": -4.889445,
          "Y": 1.808148
        }
      ],
      "ColourThemeName": "Red"
    },
    {
      "Source": {
        "PinType": 4,
        "SubChipID": 580087957,
        "PinID": 1
      },
      "Target": {
        "PinType": 3,
        "SubChipID": 1382673851,
        "PinID": 1587836306
      },
      "WirePoints": [
        {
          "X": -4.889445,
          "Y": 2.048148
        }
      ],
      "ColourThemeName": "Red"
    },
    {
      "Source": {
        "PinType": 4,
        "SubChipID": 1082379879,
        "PinID": 1
      },
      "Target": {
        "PinType": 3,
        "SubChipID": 1382673851,
        "PinID": 1920460974
      },
      "WirePoints": [
        {
          "X": -4.889445,
          "Y": 2.288148
        }
      ],
      "ColourThemeName": "Red"
    },
    {
      "Source": {
        "PinType": 4,
        "SubChipID": 971890132,
        "PinID": 1
      },
      "Target": {
        "PinType": 3,
        "SubChipID": 958565068,
        "PinID": 1693561093
      },
      "WirePoints": [
        {
          "X": -4.8598156,
          "Y": -3.01518536
        }
      ],
      "ColourThemeName": "Red"
    },
    {
      "Source": {
        "PinType": 4,
        "SubChipID": 804697329,
        "PinID": 1
      },
      "Target": {
        "PinType": 3,
        "SubChipID": 958565068,
        "PinID": 1623627591
      },
      "WirePoints": [
        {
          "X": -4.8598156,
          "Y": -2.77518535
        }
      ],
      "ColourThemeName": "Red"
    },
    {
      "Source": {
        "PinType": 4,
        "SubChipID": 2064579151,
        "PinID": 1
      },
      "Target": {
        "PinType": 3,
        "SubChipID": 958565068,
        "PinID": 774949633
      },
      "WirePoints": [
        {
          "X": -4.8598156,
          "Y": -2.53518534
        }
      ],
      "ColourThemeName": "Red"
    },
    {
      "Source": {
        "PinType": 4,
        "SubChipID": 1392494720,
        "PinID": 1
      },
      "Target": {
        "PinType": 3,
        "SubChipID": 958565068,
        "PinID": 2098064067
      },
      "WirePoints": [
        {
          "X": -4.8598156,
          "Y": -2.29518533
        }
      ],
      "ColourThemeName": "Red"
    },
    {
      "Source": {
        "PinType": 1,
        "SubChipID": 0,
        "PinID": 1538421591
      },
      "Target": {
        "PinType": 3,
        "SubChipID": 481568887,
        "PinID": 0
      },
      "WirePoints": [
        {
          "X": -7.837778,
          "Y": 1.49999976
        }
      ],
      "ColourThemeName": "Red"
    },
    {
      "Source": {
        "PinType": 1,
        "SubChipID": 0,
        "PinID": 2079065850
      },
      "Target": {
        "PinType": 3,
        "SubChipID": 2083346074,
        "PinID": 0
      },
      "WirePoints": [
        {
          "X": -7.837778,
          "Y": 1.98148131
        }
      ],
      "ColourThemeName": "Red"
    },
    {
      "Source": {
        "PinType": 1,
        "SubChipID": 0,
        "PinID": 645592906
      },
      "Target": {
        "PinType": 3,
        "SubChipID": 2030970532,
        "PinID": 0
      },
      "WirePoints": [
        {
          "X": -7.837778,
          "Y": 2.40740728
        }
      ],
      "ColourThemeName": "Red"
    },
    {
      "Source": {
        "PinType": 1,
        "SubChipID": 0,
        "PinID": 114273992
      },
      "Target": {
        "PinType": 3,
        "SubChipID": 1514363220,
        "PinID": 0
      },
      "WirePoints": [
        {
          "X": -7.837778,
          "Y": 2.824074
        }
      ],
      "ColourThemeName": "Red"
    },
    {
      "Source": {
        "PinType": 1,
        "SubChipID": 0,
        "PinID": 1538421591
      },
      "Target": {
        "PinType": 3,
        "SubChipID": 322745933,
        "PinID": 0
      },
      "WirePoints": [
        {
          "X": -7.837778,
          "Y": 1.49999976
        }
      ],
      "ColourThemeName": "Red"
    },
    {
      "Source": {
        "PinType": 1,
        "SubChipID": 0,
        "PinID": 2079065850
      },
      "Target": {
        "PinType": 3,
        "SubChipID": 812215701,
        "PinID": 0
      },
      "WirePoints": [
        {
          "X": -7.837778,
          "Y": 1.98148131
        }
      ],
      "ColourThemeName": "Red"
    },
    {
      "Source": {
        "PinType": 1,
        "SubChipID": 0,
        "PinID": 645592906
      },
      "Target": {
        "PinType": 3,
        "SubChipID": 1502575750,
        "PinID": 0
      },
      "WirePoints": [
        {
          "X": -7.837778,
          "Y": 2.40740728
        }
      ],
      "ColourThemeName": "Red"
    },
    {
      "Source": {
        "PinType": 1,
        "SubChipID": 0,
        "PinID": 114273992
      },
      "Target": {
        "PinType": 3,
        "SubChipID": 92315433,
        "PinID": 0
      },
      "WirePoints": [
        {
          "X": -7.837778,
          "Y": 2.824074
        }
      ],
      "ColourThemeName": "Red"
    },
    {
      "Source": {
        "PinType": 4,
        "SubChipID": 322745933,
        "PinID": 1
      },
      "Target": {
        "PinType": 3,
        "SubChipID": 1382673851,
        "PinID": 1098350027
      },
      "WirePoints": [
        {
          "X": -4.889445,
          "Y": 2.528148
        }
      ],
      "ColourThemeName": "Red"
    },
    {
      "Source": {
        "PinType": 4,
        "SubChipID": 812215701,
        "PinID": 1
      },
      "Target": {
        "PinType": 3,
        "SubChipID": 1382673851,
        "PinID": 1867076294
      },
      "WirePoints": [
        {
          "X": -4.889445,
          "Y": 2.768148
        }
      ],
      "ColourThemeName": "Red"
    },
    {
      "Source": {
        "PinType": 4,
        "SubChipID": 1502575750,
        "PinID": 1
      },
      "Target": {
        "PinType": 3,
        "SubChipID": 1382673851,
        "PinID": 85564396
      },
      "WirePoints": [
        {
          "X": -4.889445,
          "Y": 3.008148
        }
      ],
      "ColourThemeName": "Red"
    },
    {
      "Source": {
        "PinType": 4,
        "SubChipID": 92315433,
        "PinID": 1
      },
      "Target": {
        "PinType": 3,
        "SubChipID": 1382673851,
        "PinID": 1752113559
      },
      "WirePoints": [
        {
          "X": -4.889445,
          "Y": 3.248148
        }
      ],
      "ColourThemeName": "Red"
    },
    {
      "Source": {
        "PinType": 4,
        "SubChipID": 481568887,
        "PinID": 1
      },
      "Target": {
        "PinType": 3,
        "SubChipID": 958565068,
        "PinID": 20424405
      },
      "WirePoints": [
        {
          "X": -4.8598156,
          "Y": -2.05518532
        }
      ],
      "ColourThemeName": "Red"
    },
    {
      "Source": {
        "PinType": 4,
        "SubChipID": 2083346074,
        "PinID": 1
      },
      "Target": {
        "PinType": 3,
        "SubChipID": 958565068,
        "PinID": 1712874516
      },
      "WirePoints": [
        {
          "X": -4.8598156,
          "Y": -1.81518531
        }
      ],
      "ColourThemeName": "Red"
    },
    {
      "Source": {
        "PinType": 4,
        "SubChipID": 2030970532,
        "PinID": 1
      },
      "Target": {
        "PinType": 3,
        "SubChipID": 958565068,
        "PinID": 1579090303
      },
      "WirePoints": [
        {
          "X": -4.8598156,
          "Y": -1.5751853
        }
      ],
      "ColourThemeName": "Red"
    },
    {
      "Source": {
        "PinType": 4,
        "SubChipID": 1514363220,
        "PinID": 1
      },
      "Target": {
        "PinType": 3,
        "SubChipID": 958565068,
        "PinID": 40279871
      },
      "WirePoints": [
        {
          "X": -4.8598156,
          "Y": -1.33518529
        }
      ],
      "ColourThemeName": "Red"
    },
    {
      "Source": {
        "PinType": 1,
        "SubChipID": 0,
        "PinID": 1870410498
      },
      "Target": {
        "PinType": 3,
        "SubChipID": 107212557,
        "PinID": 0
      },
      "WirePoints": [
        {
          "X": -7.837778,
          "Y": 3.27777815
        }
      ],
      "ColourThemeName": "Red"
    },
    {
      "Source": {
        "PinType": 1,
        "SubChipID": 0,
        "PinID": 841202248
      },
      "Target": {
        "PinType": 3,
        "SubChipID": 162331979,
        "PinID": 0
      },
      "WirePoints": [
        {
          "X": -7.837778,
          "Y": 3.70370388
        }
      ],
      "ColourThemeName": "Red"
    },
    {
      "Source": {
        "PinType": 1,
        "SubChipID": 0,
        "PinID": 185481661
      },
      "Target": {
        "PinType": 3,
        "SubChipID": 847407591,
        "PinID": 0
      },
      "WirePoints": [
        {
          "X": -7.837778,
          "Y": 4.12037
        }
      ],
      "ColourThemeName": "Red"
    },
    {
      "Source": {
        "PinType": 1,
        "SubChipID": 0,
        "PinID": 225694902
      },
      "Target": {
        "PinType": 3,
        "SubChipID": 1139545580,
        "PinID": 0
      },
      "WirePoints": [
        {
          "X": -7.837778,
          "Y": 4.55555534
        }
      ],
      "ColourThemeName": "Red"
    },
    {
      "Source": {
        "PinType": 1,
        "SubChipID": 0,
        "PinID": 1870410498
      },
      "Target": {
        "PinType": 3,
        "SubChipID": 2116848203,
        "PinID": 0
      },
      "WirePoints": [
        {
          "X": -7.837778,
          "Y": 3.27777815
        }
      ],
      "ColourThemeName": "Red"
    },
    {
      "Source": {
        "PinType": 1,
        "SubChipID": 0,
        "PinID": 841202248
      },
      "Target": {
        "PinType": 3,
        "SubChipID": 24523044,
        "PinID": 0
      },
      "WirePoints": [
        {
          "X": -7.837778,
          "Y": 3.70370388
        }
      ],
      "ColourThemeName": "Red"
    },
    {
      "Source": {
        "PinType": 1,
        "SubChipID": 0,
        "PinID": 185481661
      },
      "Target": {
        "PinType": 3,
        "SubChipID": 1078517418,
        "PinID": 0
      },
      "WirePoints": [
        {
          "X": -7.837778,
          "Y": 4.12037
        }
      ],
      "ColourThemeName": "Red"
    },
    {
      "Source": {
        "PinType": 1,
        "SubChipID": 0,
        "PinID": 225694902
      },
      "Target": {
        "PinType": 3,
        "SubChipID": 1244055279,
        "PinID": 0
      },
      "WirePoints": [
        {
          "X": -7.837778,
          "Y": 4.55555534
        }
      ],
      "ColourThemeName": "Red"
    },
    {
      "Source": {
        "PinType": 4,
        "SubChipID": 2116848203,
        "PinID": 1
      },
      "Target": {
        "PinType": 3,
        "SubChipID": 958565068,
        "PinID": 64031888
      },
      "WirePoints": [
        {
          "X": -4.8598156,
          "Y": -1.0951854
        }
      ],
      "ColourThemeName": "Red"
    },
    {
      "Source": {
        "PinType": 4,
        "SubChipID": 24523044,
        "PinID": 1
      },
      "Target": {
        "PinType": 3,
        "SubChipID": 958565068,
        "PinID": 1202231930
      },
      "WirePoints": [
        {
          "X": -4.8598156,
          "Y": -0.8551854
        }
      ],
      "ColourThemeName": "Red"
    },
    {
      "Source": {
        "PinType": 4,
        "SubChipID": 1078517418,
        "PinID": 1
      },
      "Target": {
        "PinType": 3,
        "SubChipID": 958565068,
        "PinID": 880128483
      },
      "WirePoints": [
        {
          "X": -4.8598156,
          "Y": -0.6151854
        }
      ],
      "ColourThemeName": "Red"
    },
    {
      "Source": {
        "PinType": 4,
        "SubChipID": 1244055279,
        "PinID": 1
      },
      "Target": {
        "PinType": 3,
        "SubChipID": 958565068,
        "PinID": 1883297832
      },
      "WirePoints": [
        {
          "X": -4.8598156,
          "Y": -0.37518537
        }
      ],
      "ColourThemeName": "Red"
    },
    {
      "Source": {
        "PinType": 4,
        "SubChipID": 107212557,
        "PinID": 1
      },
      "Target": {
        "PinType": 3,
        "SubChipID": 1382673851,
        "PinID": 101426080
      },
      "WirePoints": [
        {
          "X": -4.889445,
          "Y": 3.488148
        }
      ],
      "ColourThemeName": "Red"
    },
    {
      "Source": {
        "PinType": 4,
        "SubChipID": 162331979,
        "PinID": 1
      },
      "Target": {
        "PinType": 3,
        "SubChipID": 1382673851,
        "PinID": 1001650532
      },
      "WirePoints": [
        {
          "X": -4.889445,
          "Y": 3.728148
        }
      ],
      "ColourThemeName": "Red"
    },
    {
      "Source": {
        "PinType": 4,
        "SubChipID": 847407591,
        "PinID": 1
      },
      "Target": {
        "PinType": 3,
        "SubChipID": 1382673851,
        "PinID": 533252662
      },
      "WirePoints": [
        {
          "X": -4.889445,
          "Y": 3.968148
        }
      ],
      "ColourThemeName": "Red"
    },
    {
      "Source": {
        "PinType": 4,
        "SubChipID": 1139545580,
        "PinID": 1
      },
      "Target": {
        "PinType": 3,
        "SubChipID": 1382673851,
        "PinID": 1384572164
      },
      "WirePoints": [
        {
          "X": -4.889445,
          "Y": 4.208148
        }
      ],
      "ColourThemeName": "Red"
    },
    {
      "Source": {
        "PinType": 1,
        "SubChipID": 0,
        "PinID": 1307942037
      },
      "Target": {
        "PinType": 3,
        "SubChipID": 1378515160,
        "PinID": 0
      },
      "WirePoints": [
        {
          "X": -7.837778,
          "Y": -3.52777767
        }
      ],
      "ColourThemeName": "Red"
    },
    {
      "Source": {
        "PinType": 1,
        "SubChipID": 0,
        "PinID": 685768896
      },
      "Target": {
        "PinType": 3,
        "SubChipID": 1095698031,
        "PinID": 0
      },
      "WirePoints": [
        {
          "X": -7.837778,
          "Y": -3.99074078
        }
      ],
      "ColourThemeName": "Red"
    },
    {
      "Source": {
        "PinType": 1,
        "SubChipID": 0,
        "PinID": 1307942037
      },
      "Target": {
        "PinType": 3,
        "SubChipID": 1171635227,
        "PinID": 0
      },
      "WirePoints": [
        {
          "X": -7.837778,
          "Y": -3.52777767
        }
      ],
      "ColourThemeName": "Red"
    },
    {
      "Source": {
        "PinType": 1,
        "SubChipID": 0,
        "PinID": 685768896
      },
      "Target": {
        "PinType": 3,
        "SubChipID": 1372281592,
        "PinID": 0
      },
      "WirePoints": [
        {
          "X": -7.837778,
          "Y": -3.99074078
        }
      ],
      "ColourThemeName": "Red"
    },
    {
      "Source": {
        "PinType": 4,
        "SubChipID": 1095698031,
        "PinID": 1
      },
      "Target": {
        "PinType": 3,
        "SubChipID": 958565068,
        "PinID": 1268563355
      },
      "WirePoints": [
        {
          "X": -4.8598156,
          "Y": -0.135185361
        }
      ],
      "ColourThemeName": "Red"
    },
    {
      "Source": {
        "PinType": 4,
        "SubChipID": 1378515160,
        "PinID": 1
      },
      "Target": {
        "PinType": 3,
        "SubChipID": 958565068,
        "PinID": 586070169
      },
      "WirePoints": [
        {
          "X": -4.8598156,
          "Y": 0.104814649
        }
      ],
      "ColourThemeName": "Red"
    },
    {
      "Source": {
        "PinType": 4,
        "SubChipID": 1372281592,
        "PinID": 1
      },
      "Target": {
        "PinType": 3,
        "SubChipID": 1382673851,
        "PinID": 1372639964
      },
      "WirePoints": [
        {
          "X": -4.889445,
          "Y": 4.448148
        }
      ],
      "ColourThemeName": "Red"
    },
    {
      "Source": {
        "PinType": 4,
        "SubChipID": 1171635227,
        "PinID": 1
      },
      "Target": {
        "PinType": 3,
        "SubChipID": 1382673851,
        "PinID": 1131693109
      },
      "WirePoints": [
        {
          "X": -4.889445,
          "Y": 4.688148
        }
      ],
      "ColourThemeName": "Red"
    },
    {
      "Source": {
        "PinType": 4,
        "SubChipID": 1366116847,
        "PinID": 1
      },
      "Target": {
        "PinType": 3,
        "SubChipID": 318130444,
        "PinID": 1619985941
      },
      "WirePoints": [
        {
          "X": 1.2629627,
          "Y": -0.5740741
        },
        {
          "X": 2.26203728,
          "Y": 0.0244442225
        }
      ],
      "ColourThemeName": "Red"
    },
    {
      "Source": {
        "PinType": 4,
        "SubChipID": 43779180,
        "PinID": 1
      },
      "Target": {
        "PinType": 3,
        "SubChipID": 1366116847,
        "PinID": 0
      },
      "WirePoints": [
        {
          "X": 0.162962675,
          "Y": -0.5740741
        }
      ],
      "ColourThemeName": "Red"
    },
    {
      "Source": {
        "PinType": 1,
        "SubChipID": 0,
        "PinID": 884823976
      },
      "Target": {
        "PinType": 3,
        "SubChipID": 43779180,
        "PinID": 0
      },
      "WirePoints": [
        {
          "X": -7.837778,
          "Y": -2.98148155
        }
      ],
      "ColourThemeName": "Red"
    },
    {
      "Source": {
        "PinType": 4,
        "SubChipID": 1382673851,
        "PinID": 1680327269
      },
      "Target": {
        "PinType": 3,
        "SubChipID": 318130444,
        "PinID": 1043422715
      },
      "WirePoints": [
        {
          "X": -1.9994446,
          "Y": 4.688148
        },
        {
          "X": 2.26203728,
          "Y": 3.86444426
        }
      ],
      "ColourThemeName": "Red"
    },
    {
      "Source": {
        "PinType": 4,
        "SubChipID": 1382673851,
        "PinID": 1120696458
      },
      "Target": {
        "PinType": 3,
        "SubChipID": 318130444,
        "PinID": 1981979729
      },
      "WirePoints": [
        {
          "X": -1.9994446,
          "Y": 4.17814827
        },
        {
          "X": 2.26203728,
          "Y": 3.624444
        }
      ],
      "ColourThemeName": "Red"
    },
    {
      "Source": {
        "PinType": 4,
        "SubChipID": 1382673851,
        "PinID": 2114750428
      },
      "Target": {
        "PinType": 3,
        "SubChipID": 318130444,
        "PinID": 1055717760
      },
      "WirePoints": [
        {
          "X": -1.9994446,
          "Y": 3.668148
        },
        {
          "X": 2.26203728,
          "Y": 3.38444424
        }
      ],
      "ColourThemeName": "Red"
    },
    {
      "Source": {
        "PinType": 4,
        "SubChipID": 1382673851,
        "PinID": 346614550
      },
      "Target": {
        "PinType": 3,
        "SubChipID": 318130444,
        "PinID": 753629729
      },
      "WirePoints": [
        {
          "X": -1.9994446,
          "Y": 3.158148
        },
        {
          "X": 2.26203728,
          "Y": 3.144444
        }
      ],
      "ColourThemeName": "Red"
    },
    {
      "Source": {
        "PinType": 4,
        "SubChipID": 1382673851,
        "PinID": 1737280217
      },
      "Target": {
        "PinType": 3,
        "SubChipID": 318130444,
        "PinID": 1316718013
      },
      "WirePoints": [
        {
          "X": -1.9994446,
          "Y": 2.648148
        },
        {
          "X": 2.26203728,
          "Y": 2.90444422
        }
      ],
      "ColourThemeName": "Red"
    },
    {
      "Source": {
        "PinType": 4,
        "SubChipID": 1382673851,
        "PinID": 1046037445
      },
      "Target": {
        "PinType": 3,
        "SubChipID": 318130444,
        "PinID": 1517890443
      },
      "WirePoints": [
        {
          "X": -1.9994446,
          "Y": 2.138148
        },
        {
          "X": 2.26203728,
          "Y": 2.66444421
        }
      ],
      "ColourThemeName": "Red"
    },
    {
      "Source": {
        "PinType": 4,
        "SubChipID": 1382673851,
        "PinID": 63471475
      },
      "Target": {
        "PinType": 3,
        "SubChipID": 318130444,
        "PinID": 2067416386
      },
      "WirePoints": [
        {
          "X": -1.9994446,
          "Y": 1.62814808
        },
        {
          "X": 2.26203728,
          "Y": 2.4244442
        }
      ],
      "ColourThemeName": "Red"
    },
    {
      "Source": {
        "PinType": 4,
        "SubChipID": 1382673851,
        "PinID": 166052646
      },
      "Target": {
        "PinType": 3,
        "SubChipID": 318130444,
        "PinID": 73132680
      },
      "WirePoints": [
        {
          "X": -1.9994446,
          "Y": 1.11814809
        },
        {
          "X": 2.26203728,
          "Y": 2.18444419
        }
      ],
      "ColourThemeName": "Red"
    },
    {
      "Source": {
        "PinType": 4,
        "SubChipID": 318130444,
        "PinID": 1975669734
      },
      "Target": {
        "PinType": 2,
        "SubChipID": 0,
        "PinID": 926098908
      },
      "WirePoints": [
        {
          "X": 3.81203747,
          "Y": 3.86444426
        },
        {
          "X": 7.837778,
          "Y": 4.09259272
        }
      ],
      "ColourThemeName": "Red"
    },
    {
      "Source": {
        "PinType": 4,
        "SubChipID": 318130444,
        "PinID": 1088520793
      },
      "Target": {
        "PinType": 2,
        "SubChipID": 0,
        "PinID": 2060443323
      },
      "WirePoints": [
        {
          "X": 3.81203747,
          "Y": 3.31587267
        },
        {
          "X": 7.837778,
          "Y": 3.47222281
        }
      ],
      "ColourThemeName": "Red"
    },
    {
      "Source": {
        "PinType": 4,
        "SubChipID": 318130444,
        "PinID": 605636055
      },
      "Target": {
        "PinType": 2,
        "SubChipID": 0,
        "PinID": 1654083117
      },
      "WirePoints": [
        {
          "X": 3.81203747,
          "Y": 2.76730132
        },
        {
          "X": 7.837778,
          "Y": 2.916667
        }
      ],
      "ColourThemeName": "Red"
    },
    {
      "Source": {
        "PinType": 4,
        "SubChipID": 318130444,
        "PinID": 1631322322
      },
      "Target": {
        "PinType": 2,
        "SubChipID": 0,
        "PinID": 678410183
      },
      "WirePoints": [
        {
          "X": 3.81203747,
          "Y": 2.21873
        },
        {
          "X": 7.837778,
          "Y": 2.32407379
        }
      ],
      "ColourThemeName": "Red"
    },
    {
      "Source": {
        "PinType": 4,
        "SubChipID": 318130444,
        "PinID": 1077223519
      },
      "Target": {
        "PinType": 2,
        "SubChipID": 0,
        "PinID": 1922031325
      },
      "WirePoints": [
        {
          "X": 3.81203747,
          "Y": 1.67015839
        },
        {
          "X": 7.837778,
          "Y": 1.45370364
        }
      ],
      "ColourThemeName": "Red"
    },
    {
      "Source": {
        "PinType": 4,
        "SubChipID": 318130444,
        "PinID": 1483620419
      },
      "Target": {
        "PinType": 2,
        "SubChipID": 0,
        "PinID": 853697362
      },
      "WirePoints": [
        {
          "X": 3.81203747,
          "Y": 1.121587
        },
        {
          "X": 7.837778,
          "Y": 0.87962985
        }
      ],
      "ColourThemeName": "Red"
    },
    {
      "Source": {
        "PinType": 4,
        "SubChipID": 318130444,
        "PinID": 1908075193
      },
      "Target": {
        "PinType": 2,
        "SubChipID": 0,
        "PinID": 1847398067
      },
      "WirePoints": [
        {
          "X": 3.81203747,
          "Y": 0.5730156
        },
        {
          "X": 7.837778,
          "Y": 0.249999762
        }
      ],
      "ColourThemeName": "Red"
    },
    {
      "Source": {
        "PinType": 4,
        "SubChipID": 318130444,
        "PinID": 666866987
      },
      "Target": {
        "PinType": 2,
        "SubChipID": 0,
        "PinID": 1994707839
      },
      "WirePoints": [
        {
          "X": 3.81203747,
          "Y": 0.0244442225
        },
        {
          "X": 7.837778,
          "Y": -0.2777779
        }
      ],
      "ColourThemeName": "Red"
    },
    {
      "Source": {
        "PinType": 4,
        "SubChipID": 1732569985,
        "PinID": 1706267175
      },
      "Target": {
        "PinType": 2,
        "SubChipID": 0,
        "PinID": 39539222
      },
      "WirePoints": [
        {
          "X": 4.07129574,
          "Y": -1.22222245
        },
        {
          "X": 7.837778,
          "Y": -1.50925922
        }
      ],
      "ColourThemeName": "Red"
    },
    {
      "Source": {
        "PinType": 4,
        "SubChipID": 1366116847,
        "PinID": 1
      },
      "Target": {
        "PinType": 3,
        "SubChipID": 1732569985,
        "PinID": 1040857246
      },
      "WirePoints": [
        {
          "X": 1.2629627,
          "Y": -0.5740741
        },
        {
          "X": 1.69613409,
          "Y": -0.31457293
        },
        {
          "X": 1.685185,
          "Y": -1.52777791
        },
        {
          "X": 2.521296,
          "Y": -1.46222246
        }
      ],
      "ColourThemeName": "Red"
    },
    {
      "Source": {
        "PinType": 4,
        "SubChipID": 1382673851,
        "PinID": 1705765604
      },
      "Target": {
        "PinType": 3,
        "SubChipID": 1732569985,
        "PinID": 1627468108
      },
      "WirePoints": [
        {
          "X": -1.9994446,
          "Y": 0.6081481
        },
        {
          "X": 1.8611114,
          "Y": 0.796296
        },
        {
          "X": 1.981482,
          "Y": -1.14814818
        },
        {
          "X": 2.521296,
          "Y": -0.982222438
        }
      ],
      "ColourThemeName": "Red"
    },
    {
      "Source": {
        "PinType": 4,
        "SubChipID": 958565068,
        "PinID": 1372339468
      },
      "Target": {
        "PinType": 3,
        "SubChipID": 318130444,
        "PinID": 206920431
      },
      "WirePoints": [
        {
          "X": -2.269816,
          "Y": 0.104814649
        },
        {
          "X": 2.26203728,
          "Y": 1.94444418
        }
      ],
      "ColourThemeName": "Red"
    },
    {
      "Source": {
        "PinType": 4,
        "SubChipID": 958565068,
        "PinID": 1827381005
      },
      "Target": {
        "PinType": 3,
        "SubChipID": 318130444,
        "PinID": 780551497
      },
      "WirePoints": [
        {
          "X": -2.269816,
          "Y": -0.478042483
        },
        {
          "X": 2.26203728,
          "Y": 1.70444417
        }
      ],
      "ColourThemeName": "Red"
    },
    {
      "Source": {
        "PinType": 4,
        "SubChipID": 958565068,
        "PinID": 1556614178
      },
      "Target": {
        "PinType": 3,
        "SubChipID": 318130444,
        "PinID": 1986419160
      },
      "WirePoints": [
        {
          "X": -2.269816,
          "Y": -1.06089973
        },
        {
          "X": 2.26203728,
          "Y": 1.46444416
        }
      ],
      "ColourThemeName": "Red"
    },
    {
      "Source": {
        "PinType": 4,
        "SubChipID": 958565068,
        "PinID": 492594675
      },
      "Target": {
        "PinType": 3,
        "SubChipID": 318130444,
        "PinID": 362686848
      },
      "WirePoints": [
        {
          "X": -2.269816,
          "Y": -1.64375675
        },
        {
          "X": 2.26203728,
          "Y": 1.22444415
        }
      ],
      "ColourThemeName": "Red"
    },
    {
      "Source": {
        "PinType": 4,
        "SubChipID": 958565068,
        "PinID": 1385246714
      },
      "Target": {
        "PinType": 3,
        "SubChipID": 318130444,
        "PinID": 125805864
      },
      "WirePoints": [
        {
          "X": -2.269816,
          "Y": -2.226614
        },
        {
          "X": 2.26203728,
          "Y": 0.9844442
        }
      ],
      "ColourThemeName": "Red"
    },
    {
      "Source": {
        "PinType": 4,
        "SubChipID": 958565068,
        "PinID": 71669640
      },
      "Target": {
        "PinType": 3,
        "SubChipID": 318130444,
        "PinID": 1851187211
      },
      "WirePoints": [
        {
          "X": -2.269816,
          "Y": -2.80947113
        },
        {
          "X": 2.26203728,
          "Y": 0.744444251
        }
      ],
      "ColourThemeName": "Red"
    },
    {
      "Source": {
        "PinType": 4,
        "SubChipID": 958565068,
        "PinID": 309078357
      },
      "Target": {
        "PinType": 3,
        "SubChipID": 318130444,
        "PinID": 128778491
      },
      "WirePoints": [
        {
          "X": -2.269816,
          "Y": -3.39232826
        },
        {
          "X": 2.26203728,
          "Y": 0.504444242
        }
      ],
      "ColourThemeName": "Red"
    },
    {
      "Source": {
        "PinType": 4,
        "SubChipID": 958565068,
        "PinID": 744647801
      },
      "Target": {
        "PinType": 3,
        "SubChipID": 318130444,
        "PinID": 1079511259
      },
      "WirePoints": [
        {
          "X": -2.269816,
          "Y": -3.97518539
        },
        {
          "X": 2.26203728,
          "Y": 0.264444232
        }
      ],
      "ColourThemeName": "Red"
    }
  ]
}