{
  "Name": "AND-OR12",
  "Colour": "#BC3749",
  "InputPins": [
    {
      "Name": "a7",
      "ID": 1883297832,
      "PositionY": 3.47222233,
      "ColourThemeName": "Red"
    },
    {
      "Name": "a6",
      "ID": 880128483,
      "PositionY": 2.95370388,
      "ColourThemeName": "Red"
    },
    {
      "Name": "a5",
      "ID": 1202231930,
      "PositionY": 2.49074054,
      "ColourThemeName": "Red"
    },
    {
      "Name": "a4",
      "ID": 64031888,
      "PositionY": 2.046296,
      "ColourThemeName": "Red"
    },
    {
      "Name": "a3",
      "ID": 40279871,
      "PositionY": 1.36111128,
      "ColourThemeName": "Red"
    },
    {
      "Name": "a2",
      "ID": 1579090303,
      "PositionY": 0.916667,
      "ColourThemeName": "Red"
    },
    {
      "Name": "b0",
      "ID": 1691327257,
      "PositionY": -4.0462966,
      "ColourThemeName": "Yellow"
    },
    {
      "Name": "b1",
      "ID": 830735945,
      "PositionY": -3.58333349,
      "ColourThemeName": "Yellow"
    },
    {
      "Name": "b2",
      "ID": 569061831,
      "PositionY": -3.12962961,
      "ColourThemeName": "Yellow"
    },
    {
      "Name": "b3",
      "ID": 295662068,
      "PositionY": -2.73148155,
      "ColourThemeName": "Yellow"
    },
    {
      "Name": "b4",
      "ID": 1693561093,
      "PositionY": -2.12037039,
      "ColourThemeName": "Yellow"
    },
    {
      "Name": "b5",
      "ID": 1623627591,
      "PositionY": -1.70370364,
      "ColourThemeName": "Yellow"
    },
    {
      "Name": "b6",
      "ID": 774949633,
      "PositionY": -1.31481469,
      "ColourThemeName": "Yellow"
    },
    {
      "Name": "b7",
      "ID": 2098064067,
      "PositionY": -0.8055556,
      "ColourThemeName": "Yellow"
    },
    {
      "Name": "a0",
      "ID": 20424405,
      "PositionY": 0.0185185671,
      "ColourThemeName": "Red"
    },
    {
      "Name": "a1",
      "ID": 1712874516,
      "PositionY": 0.453704,
      "ColourThemeName": "Red"
    },
    {
      "Name": "KEY0",
      "ID": 586070169,
      "PositionY": 4.481481,
      "ColourThemeName": "Green"
    }
  ],
  "OutputPins": [
    {
      "Name": "OUT7",
      "ID": 1372339468,
      "PositionY": 3.43518519,
      "ColourThemeName": "Red"
    },
    {
      "Name": "OUT6",
      "ID": 1827381005,
      "PositionY": 2.84259272,
      "ColourThemeName": "Red"
    },
    {
      "Name": "OUT5",
      "ID": 1556614178,
      "PositionY": 2.30555534,
      "ColourThemeName": "Red"
    },
    {
      "Name": "OUT4",
      "ID": 492594675,
      "PositionY": 1.67592585,
      "ColourThemeName": "Red"
    },
    {
      "Name": "OUT3",
      "ID": 1385246714,
      "PositionY": 1.12962961,
      "ColourThemeName": "Red"
    },
    {
      "Name": "OUT2",
      "ID": 71669640,
      "PositionY": 0.462962985,
      "ColourThemeName": "Red"
    },
    {
      "Name": "OUT1",
      "ID": 309078357,
      "PositionY": -0.203703344,
      "ColourThemeName": "Red"
    },
    {
      "Name": "OUT0",
      "ID": 744647801,
      "PositionY": -0.92592597,
      "ColourThemeName": "Red"
    }
  ],
  "SubChips": [
    {
      "Name": "8BitMux",
      "ID": 165008708,
      "Points": [
        {
          "X": 3.66666722,
          "Y": 2.08333325
        }
      ],
      "Data": null
    },
    {
      "Name": "XOR-NOT",
      "ID": 2135196523,
      "Points": [
        {
          "X": -2.5,
          "Y": 0.138888955
        }
      ],
      "Data": null
    }
  ],
  "Connections": [
    {
      "Source": {
        "PinType": 1,
        "SubChipID": 0,
        "PinID": 586070169
      },
      "Target": {
        "PinType": 3,
        "SubChipID": 165008708,
        "PinID": 1619985941
      },
      "WirePoints": [
        {
          "X": -7.837778,
          "Y": 4.481481
        },
        {
          "X": 1.47222209,
          "Y": 4.57407427
        },
        {
          "X": 1.51851869,
          "Y": 0.305555463
        },
        {
          "X": 2.89166737,
          "Y": 0.1633333
        }
      ],
      "ColourThemeName": "Green"
    },
    {
      "Source": {
        "PinType": 4,
        "SubChipID": 165008708,
        "PinID": 1975669734
      },
      "Target": {
        "PinType": 2,
        "SubChipID": 0,
        "PinID": 1372339468
      },
      "WirePoints": [
        {
          "X": 4.441667,
          "Y": 4.003333
        },
        {
          "X": 7.837778,
          "Y": 3.43518519
        }
      ],
      "ColourThemeName": "Red"
    },
    {
      "Source": {
        "PinType": 4,
        "SubChipID": 165008708,
        "PinID": 1088520793
      },
      "Target": {
        "PinType": 2,
        "SubChipID": 0,
        "PinID": 1827381005
      },
      "WirePoints": [
        {
          "X": 4.441667,
          "Y": 3.45476174
        },
        {
          "X": 7.837778,
          "Y": 2.84259272
        }
      ],
      "ColourThemeName": "Red"
    },
    {
      "Source": {
        "PinType": 4,
        "SubChipID": 165008708,
        "PinID": 605636055
      },
      "Target": {
        "PinType": 2,
        "SubChipID": 0,
        "PinID": 1556614178
      },
      "WirePoints": [
        {
          "X": 4.441667,
          "Y": 2.9061904
        },
        {
          "X": 7.837778,
          "Y": 2.30555534
        }
      ],
      "ColourThemeName": "Red"
    },
    {
      "Source": {
        "PinType": 4,
        "SubChipID": 165008708,
        "PinID": 1631322322
      },
      "Target": {
        "PinType": 2,
        "SubChipID": 0,
        "PinID": 492594675
      },
      "WirePoints": [
        {
          "X": 4.441667,
          "Y": 2.357619
        },
        {
          "X": 7.837778,
          "Y": 1.67592585
        }
      ],
      "ColourThemeName": "Red"
    },
    {
      "Source": {
        "PinType": 4,
        "SubChipID": 165008708,
        "PinID": 1077223519
      },
      "Target": {
        "PinType": 2,
        "SubChipID": 0,
        "PinID": 1385246714
      },
      "WirePoints": [
        {
          "X": 4.441667,
          "Y": 1.80904746
        },
        {
          "X": 7.837778,
          "Y": 1.12962961
        }
      ],
      "ColourThemeName": "Red"
    },
    {
      "Source": {
        "PinType": 4,
        "SubChipID": 165008708,
        "PinID": 1483620419
      },
      "Target": {
        "PinType": 2,
        "SubChipID": 0,
        "PinID": 71669640
      },
      "WirePoints": [
        {
          "X": 4.441667,
          "Y": 1.26047611
        },
        {
          "X": 7.837778,
          "Y": 0.462962985
        }
      ],
      "ColourThemeName": "Red"
    },
    {
      "Source": {
        "PinType": 4,
        "SubChipID": 165008708,
        "PinID": 1908075193
      },
      "Target": {
        "PinType": 2,
        "SubChipID": 0,
        "PinID": 309078357
      },
      "WirePoints": [
        {
          "X": 4.441667,
          "Y": 0.711904645
        },
        {
          "X": 7.837778,
          "Y": -0.203703344
        }
      ],
      "ColourThemeName": "Red"
    },
    {
      "Source": {
        "PinType": 4,
        "SubChipID": 165008708,
        "PinID": 666866987
      },
      "Target": {
        "PinType": 2,
        "SubChipID": 0,
        "PinID": 744647801
      },
      "WirePoints": [
        {
          "X": 4.441667,
          "Y": 0.1633333
        },
        {
          "X": 7.837778,
          "Y": -0.92592597
        }
      ],
      "ColourThemeName": "Red"
    }
  ]
}