{
  "Name": "AND-OR",
  "Colour": "#BC3749",
  "InputPins": [
    {
      "Name": "a7",
      "ID": 1883297832,
      "PositionY": 3.47222233,
      "ColourThemeName": "Red"
    },
    {
      "Name": "a6",
      "ID": 880128483,
      "PositionY": 2.95370388,
      "ColourThemeName": "Red"
    },
    {
      "Name": "a5",
      "ID": 1202231930,
      "PositionY": 2.49074054,
      "ColourThemeName": "Red"
    },
    {
      "Name": "a4",
      "ID": 64031888,
      "PositionY": 2.046296,
      "ColourThemeName": "Red"
    },
    {
      "Name": "a3",
      "ID": 40279871,
      "PositionY": 1.36111128,
      "ColourThemeName": "Red"
    },
    {
      "Name": "a2",
      "ID": 1579090303,
      "PositionY": 0.916667,
      "ColourThemeName": "Red"
    },
    {
      "Name": "b0",
      "ID": 1691327257,
      "PositionY": -4.0462966,
      "ColourThemeName": "Yellow"
    },
    {
      "Name": "b1",
      "ID": 830735945,
      "PositionY": -3.58333349,
      "ColourThemeName": "Yellow"
    },
    {
      "Name": "b2",
      "ID": 569061831,
      "PositionY": -3.12962961,
      "ColourThemeName": "Yellow"
    },
    {
      "Name": "b3",
      "ID": 295662068,
      "PositionY": -2.73148155,
      "ColourThemeName": "Yellow"
    },
    {
      "Name": "b4",
      "ID": 1693561093,
      "PositionY": -2.12037039,
      "ColourThemeName": "Yellow"
    },
    {
      "Name": "b5",
      "ID": 1623627591,
      "PositionY": -1.70370364,
      "ColourThemeName": "Yellow"
    },
    {
      "Name": "b6",
      "ID": 774949633,
      "PositionY": -1.31481469,
      "ColourThemeName": "Yellow"
    },
    {
      "Name": "b7",
      "ID": 2098064067,
      "PositionY": -0.8055556,
      "ColourThemeName": "Yellow"
    },
    {
      "Name": "a0",
      "ID": 20424405,
      "PositionY": 0.0185185671,
      "ColourThemeName": "Red"
    },
    {
      "Name": "a1",
      "ID": 1712874516,
      "PositionY": 0.453704,
      "ColourThemeName": "Red"
    },
    {
      "Name": "KEY0",
      "ID": 586070169,
      "PositionY": 4.481481,
      "ColourThemeName": "Green"
    }
  ],
  "OutputPins": [
    {
      "Name": "OUT7",
      "ID": 1372339468,
      "PositionY": 3.43518519,
      "ColourThemeName": "Red"
    },
    {
      "Name": "OUT6",
      "ID": 1827381005,
      "PositionY": 2.84259272,
      "ColourThemeName": "Red"
    },
    {
      "Name": "OUT5",
      "ID": 1556614178,
      "PositionY": 2.30555534,
      "ColourThemeName": "Red"
    },
    {
      "Name": "OUT4",
      "ID": 492594675,
      "PositionY": 1.67592585,
      "ColourThemeName": "Red"
    },
    {
      "Name": "OUT3",
      "ID": 1385246714,
      "PositionY": 1.12962961,
      "ColourThemeName": "Red"
    },
    {
      "Name": "OUT2",
      "ID": 71669640,
      "PositionY": 0.462962985,
      "ColourThemeName": "Red"
    },
    {
      "Name": "OUT1",
      "ID": 309078357,
      "PositionY": -0.203703344,
      "ColourThemeName": "Red"
    },
    {
      "Name": "OUT0",
      "ID": 744647801,
      "PositionY": -0.92592597,
      "ColourThemeName": "Red"
    }
  ],
  "SubChips": [
    {
      "Name": "OR",
      "ID": 1917140222,
      "Points": [
        {
          "X": -1.43518543,
          "Y": 0.356482148
        }
      ],
      "Data": null
    },
    {
      "Name": "OR",
      "ID": 1274992220,
      "Points": [
        {
          "X": -1.45370376,
          "Y": -0.222221613
        }
      ],
      "Data": null
    },
    {
      "Name": "OR",
      "ID": 648861302,
      "Points": [
        {
          "X": -1.45370376,
          "Y": -0.8472216
        }
      ],
      "Data": null
    },
    {
      "Name": "OR",
      "ID": 2034241410,
      "Points": [
        {
          "X": -1.45370376,
          "Y": -1.47222161
        }
      ],
      "Data": null
    },
    {
      "Name": "OR",
      "ID": 977781930,
      "Points": [
        {
          "X": -1.45370376,
          "Y": -2.09722137
        }
      ],
      "Data": null
    },
    {
      "Name": "OR",
      "ID": 2133549550,
      "Points": [
        {
          "X": -1.45370376,
          "Y": -2.72222137
        }
      ],
      "Data": null
    },
    {
      "Name": "OR",
      "ID": 1012859516,
      "Points": [
        {
          "X": -1.45370376,
          "Y": -3.34722137
        }
      ],
      "Data": null
    },
    {
      "Name": "OR",
      "ID": 1648197993,
      "Points": [
        {
          "X": -1.48148048,
          "Y": -3.96296287
        }
      ],
      "Data": null
    },
    {
      "Name": "8BitMux",
      "ID": 165008708,
      "Points": [
        {
          "X": 3.66666722,
          "Y": 2.08333325
        }
      ],
      "Data": null
    },
    {
      "Name": "AND",
      "ID": 1715806707,
      "Points": [
        {
          "X": -2.94444418,
          "Y": 4.1412034
        }
      ],
      "Data": null
    },
    {
      "Name": "AND",
      "ID": 860282083,
      "Points": [
        {
          "X": -2.94444418,
          "Y": 3.51620364
        }
      ],
      "Data": null
    },
    {
      "Name": "AND",
      "ID": 2139263219,
      "Points": [
        {
          "X": -2.94444418,
          "Y": 2.89120388
        }
      ],
      "Data": null
    },
    {
      "Name": "AND",
      "ID": 1723823612,
      "Points": [
        {
          "X": -2.94444418,
          "Y": 2.26620388
        }
      ],
      "Data": null
    },
    {
      "Name": "AND",
      "ID": 1968540170,
      "Points": [
        {
          "X": -2.94444418,
          "Y": 1.64120412
        }
      ],
      "Data": null
    },
    {
      "Name": "AND",
      "ID": 1586971308,
      "Points": [
        {
          "X": -2.94444418,
          "Y": 1.01620436
        }
      ],
      "Data": null
    },
    {
      "Name": "AND",
      "ID": 942561062,
      "Points": [
        {
          "X": -2.94444418,
          "Y": 0.391204417
        }
      ],
      "Data": null
    },
    {
      "Name": "AND",
      "ID": 1044047460,
      "Points": [
        {
          "X": -2.94444418,
          "Y": -0.233795464
        }
      ],
      "Data": null
    }
  ],
  "Connections": [
    {
      "Source": {
        "PinType": 1,
        "SubChipID": 0,
        "PinID": 2098064067
      },
      "Target": {
        "PinType": 3,
        "SubChipID": 1917140222,
        "PinID": 498880847
      },
      "WirePoints": [
        {
          "X": -7.837778,
          "Y": -0.8055556
        },
        {
          "X": -1.88518548,
          "Y": 0.236482143
        }
      ],
      "ColourThemeName": "Yellow"
    },
    {
      "Source": {
        "PinType": 1,
        "SubChipID": 0,
        "PinID": 774949633
      },
      "Target": {
        "PinType": 3,
        "SubChipID": 1274992220,
        "PinID": 498880847
      },
      "WirePoints": [
        {
          "X": -7.837778,
          "Y": -1.31481469
        },
        {
          "X": -1.90370369,
          "Y": -0.342221618
        }
      ],
      "ColourThemeName": "Yellow"
    },
    {
      "Source": {
        "PinType": 1,
        "SubChipID": 0,
        "PinID": 1623627591
      },
      "Target": {
        "PinType": 3,
        "SubChipID": 648861302,
        "PinID": 498880847
      },
      "WirePoints": [
        {
          "X": -7.837778,
          "Y": -1.70370364
        },
        {
          "X": -1.90370369,
          "Y": -0.9672216
        }
      ],
      "ColourThemeName": "Yellow"
    },
    {
      "Source": {
        "PinType": 1,
        "SubChipID": 0,
        "PinID": 1693561093
      },
      "Target": {
        "PinType": 3,
        "SubChipID": 2034241410,
        "PinID": 498880847
      },
      "WirePoints": [
        {
          "X": -7.837778,
          "Y": -2.12037039
        },
        {
          "X": -1.90370369,
          "Y": -1.59222162
        }
      ],
      "ColourThemeName": "Yellow"
    },
    {
      "Source": {
        "PinType": 1,
        "SubChipID": 0,
        "PinID": 295662068
      },
      "Target": {
        "PinType": 3,
        "SubChipID": 977781930,
        "PinID": 498880847
      },
      "WirePoints": [
        {
          "X": -7.837778,
          "Y": -2.73148155
        },
        {
          "X": -1.90370369,
          "Y": -2.21722126
        }
      ],
      "ColourThemeName": "Yellow"
    },
    {
      "Source": {
        "PinType": 1,
        "SubChipID": 0,
        "PinID": 569061831
      },
      "Target": {
        "PinType": 3,
        "SubChipID": 2133549550,
        "PinID": 498880847
      },
      "WirePoints": [
        {
          "X": -7.837778,
          "Y": -3.12962961
        },
        {
          "X": -1.90370369,
          "Y": -2.84222126
        }
      ],
      "ColourThemeName": "Yellow"
    },
    {
      "Source": {
        "PinType": 1,
        "SubChipID": 0,
        "PinID": 830735945
      },
      "Target": {
        "PinType": 3,
        "SubChipID": 1012859516,
        "PinID": 498880847
      },
      "WirePoints": [
        {
          "X": -7.837778,
          "Y": -3.58333349
        },
        {
          "X": -1.90370369,
          "Y": -3.46722126
        }
      ],
      "ColourThemeName": "Yellow"
    },
    {
      "Source": {
        "PinType": 1,
        "SubChipID": 0,
        "PinID": 1691327257
      },
      "Target": {
        "PinType": 3,
        "SubChipID": 1648197993,
        "PinID": 498880847
      },
      "WirePoints": [
        {
          "X": -7.837778,
          "Y": -4.0462966
        },
        {
          "X": -1.93148041,
          "Y": -4.082963
        }
      ],
      "ColourThemeName": "Yellow"
    },
    {
      "Source": {
        "PinType": 1,
        "SubChipID": 0,
        "PinID": 586070169
      },
      "Target": {
        "PinType": 3,
        "SubChipID": 165008708,
        "PinID": 1619985941
      },
      "WirePoints": [
        {
          "X": -7.837778,
          "Y": 4.481481
        },
        {
          "X": 1.47222209,
          "Y": 4.57407427
        },
        {
          "X": 1.51851869,
          "Y": 0.305555463
        },
        {
          "X": 2.89166737,
          "Y": 0.1633333
        }
      ],
      "ColourThemeName": "Green"
    },
    {
      "Source": {
        "PinType": 4,
        "SubChipID": 165008708,
        "PinID": 1975669734
      },
      "Target": {
        "PinType": 2,
        "SubChipID": 0,
        "PinID": 1372339468
      },
      "WirePoints": [
        {
          "X": 4.441667,
          "Y": 4.003333
        },
        {
          "X": 7.837778,
          "Y": 3.43518519
        }
      ],
      "ColourThemeName": "Red"
    },
    {
      "Source": {
        "PinType": 4,
        "SubChipID": 165008708,
        "PinID": 1088520793
      },
      "Target": {
        "PinType": 2,
        "SubChipID": 0,
        "PinID": 1827381005
      },
      "WirePoints": [
        {
          "X": 4.441667,
          "Y": 3.45476174
        },
        {
          "X": 7.837778,
          "Y": 2.84259272
        }
      ],
      "ColourThemeName": "Red"
    },
    {
      "Source": {
        "PinType": 4,
        "SubChipID": 165008708,
        "PinID": 605636055
      },
      "Target": {
        "PinType": 2,
        "SubChipID": 0,
        "PinID": 1556614178
      },
      "WirePoints": [
        {
          "X": 4.441667,
          "Y": 2.9061904
        },
        {
          "X": 7.837778,
          "Y": 2.30555534
        }
      ],
      "ColourThemeName": "Red"
    },
    {
      "Source": {
        "PinType": 4,
        "SubChipID": 165008708,
        "PinID": 1631322322
      },
      "Target": {
        "PinType": 2,
        "SubChipID": 0,
        "PinID": 492594675
      },
      "WirePoints": [
        {
          "X": 4.441667,
          "Y": 2.357619
        },
        {
          "X": 7.837778,
          "Y": 1.67592585
        }
      ],
      "ColourThemeName": "Red"
    },
    {
      "Source": {
        "PinType": 4,
        "SubChipID": 165008708,
        "PinID": 1077223519
      },
      "Target": {
        "PinType": 2,
        "SubChipID": 0,
        "PinID": 1385246714
      },
      "WirePoints": [
        {
          "X": 4.441667,
          "Y": 1.80904746
        },
        {
          "X": 7.837778,
          "Y": 1.12962961
        }
      ],
      "ColourThemeName": "Red"
    },
    {
      "Source": {
        "PinType": 4,
        "SubChipID": 165008708,
        "PinID": 1483620419
      },
      "Target": {
        "PinType": 2,
        "SubChipID": 0,
        "PinID": 71669640
      },
      "WirePoints": [
        {
          "X": 4.441667,
          "Y": 1.26047611
        },
        {
          "X": 7.837778,
          "Y": 0.462962985
        }
      ],
      "ColourThemeName": "Red"
    },
    {
      "Source": {
        "PinType": 4,
        "SubChipID": 165008708,
        "PinID": 1908075193
      },
      "Target": {
        "PinType": 2,
        "SubChipID": 0,
        "PinID": 309078357
      },
      "WirePoints": [
        {
          "X": 4.441667,
          "Y": 0.711904645
        },
        {
          "X": 7.837778,
          "Y": -0.203703344
        }
      ],
      "ColourThemeName": "Red"
    },
    {
      "Source": {
        "PinType": 4,
        "SubChipID": 165008708,
        "PinID": 666866987
      },
      "Target": {
        "PinType": 2,
        "SubChipID": 0,
        "PinID": 744647801
      },
      "WirePoints": [
        {
          "X": 4.441667,
          "Y": 0.1633333
        },
        {
          "X": 7.837778,
          "Y": -0.92592597
        }
      ],
      "ColourThemeName": "Red"
    },
    {
      "Source": {
        "PinType": 1,
        "SubChipID": 0,
        "PinID": 20424405
      },
      "Target": {
        "PinType": 3,
        "SubChipID": 1648197993,
        "PinID": 1672340165
      },
      "WirePoints": [
        {
          "X": -7.837778,
          "Y": 0.0185185671
        },
        {
          "X": -1.93148041,
          "Y": -3.842963
        }
      ],
      "ColourThemeName": "Red"
    },
    {
      "Source": {
        "PinType": 1,
        "SubChipID": 0,
        "PinID": 1712874516
      },
      "Target": {
        "PinType": 3,
        "SubChipID": 1012859516,
        "PinID": 1672340165
      },
      "WirePoints": [
        {
          "X": -7.837778,
          "Y": 0.453704
        },
        {
          "X": -1.90370369,
          "Y": -3.22722149
        }
      ],
      "ColourThemeName": "Red"
    },
    {
      "Source": {
        "PinType": 1,
        "SubChipID": 0,
        "PinID": 1579090303
      },
      "Target": {
        "PinType": 3,
        "SubChipID": 2133549550,
        "PinID": 1672340165
      },
      "WirePoints": [
        {
          "X": -7.837778,
          "Y": 0.916667
        },
        {
          "X": -1.90370369,
          "Y": -2.60222149
        }
      ],
      "ColourThemeName": "Red"
    },
    {
      "Source": {
        "PinType": 1,
        "SubChipID": 0,
        "PinID": 40279871
      },
      "Target": {
        "PinType": 3,
        "SubChipID": 977781930,
        "PinID": 1672340165
      },
      "WirePoints": [
        {
          "X": -7.837778,
          "Y": 1.36111128
        },
        {
          "X": -1.90370369,
          "Y": -1.97722137
        }
      ],
      "ColourThemeName": "Red"
    },
    {
      "Source": {
        "PinType": 1,
        "SubChipID": 0,
        "PinID": 64031888
      },
      "Target": {
        "PinType": 3,
        "SubChipID": 2034241410,
        "PinID": 1672340165
      },
      "WirePoints": [
        {
          "X": -7.837778,
          "Y": 2.046296
        },
        {
          "X": -1.90370369,
          "Y": -1.35222161
        }
      ],
      "ColourThemeName": "Red"
    },
    {
      "Source": {
        "PinType": 1,
        "SubChipID": 0,
        "PinID": 1202231930
      },
      "Target": {
        "PinType": 3,
        "SubChipID": 648861302,
        "PinID": 1672340165
      },
      "WirePoints": [
        {
          "X": -7.837778,
          "Y": 2.49074054
        },
        {
          "X": -1.90370369,
          "Y": -0.7272216
        }
      ],
      "ColourThemeName": "Red"
    },
    {
      "Source": {
        "PinType": 1,
        "SubChipID": 0,
        "PinID": 880128483
      },
      "Target": {
        "PinType": 3,
        "SubChipID": 1274992220,
        "PinID": 1672340165
      },
      "WirePoints": [
        {
          "X": -7.837778,
          "Y": 2.95370388
        },
        {
          "X": -1.90370369,
          "Y": -0.102221616
        }
      ],
      "ColourThemeName": "Red"
    },
    {
      "Source": {
        "PinType": 1,
        "SubChipID": 0,
        "PinID": 1883297832
      },
      "Target": {
        "PinType": 3,
        "SubChipID": 1917140222,
        "PinID": 1672340165
      },
      "WirePoints": [
        {
          "X": -7.837778,
          "Y": 3.47222233
        },
        {
          "X": -1.88518548,
          "Y": 0.476482153
        }
      ],
      "ColourThemeName": "Red"
    },
    {
      "Source": {
        "PinType": 1,
        "SubChipID": 0,
        "PinID": 1883297832
      },
      "Target": {
        "PinType": 3,
        "SubChipID": 1715806707,
        "PinID": 0
      },
      "WirePoints": [
        {
          "X": -7.837778,
          "Y": 3.47222233
        },
        {
          "X": -3.49444413,
          "Y": 4.26120329
        }
      ],
      "ColourThemeName": "Red"
    },
    {
      "Source": {
        "PinType": 1,
        "SubChipID": 0,
        "PinID": 880128483
      },
      "Target": {
        "PinType": 3,
        "SubChipID": 860282083,
        "PinID": 0
      },
      "WirePoints": [
        {
          "X": -7.837778,
          "Y": 2.95370388
        },
        {
          "X": -3.49444413,
          "Y": 3.63620353
        }
      ],
      "ColourThemeName": "Red"
    },
    {
      "Source": {
        "PinType": 1,
        "SubChipID": 0,
        "PinID": 1202231930
      },
      "Target": {
        "PinType": 3,
        "SubChipID": 2139263219,
        "PinID": 0
      },
      "WirePoints": [
        {
          "X": -7.837778,
          "Y": 2.49074054
        },
        {
          "X": -3.49444413,
          "Y": 3.01120377
        }
      ],
      "ColourThemeName": "Red"
    },
    {
      "Source": {
        "PinType": 1,
        "SubChipID": 0,
        "PinID": 64031888
      },
      "Target": {
        "PinType": 3,
        "SubChipID": 1723823612,
        "PinID": 0
      },
      "WirePoints": [
        {
          "X": -7.837778,
          "Y": 2.046296
        },
        {
          "X": -3.49444413,
          "Y": 2.38620377
        }
      ],
      "ColourThemeName": "Red"
    },
    {
      "Source": {
        "PinType": 1,
        "SubChipID": 0,
        "PinID": 40279871
      },
      "Target": {
        "PinType": 3,
        "SubChipID": 1968540170,
        "PinID": 0
      },
      "WirePoints": [
        {
          "X": -7.837778,
          "Y": 1.36111128
        },
        {
          "X": -3.49444413,
          "Y": 1.76120412
        }
      ],
      "ColourThemeName": "Red"
    },
    {
      "Source": {
        "PinType": 1,
        "SubChipID": 0,
        "PinID": 1579090303
      },
      "Target": {
        "PinType": 3,
        "SubChipID": 1586971308,
        "PinID": 0
      },
      "WirePoints": [
        {
          "X": -7.837778,
          "Y": 0.916667
        },
        {
          "X": -3.49444413,
          "Y": 1.13620436
        }
      ],
      "ColourThemeName": "Red"
    },
    {
      "Source": {
        "PinType": 1,
        "SubChipID": 0,
        "PinID": 1712874516
      },
      "Target": {
        "PinType": 3,
        "SubChipID": 942561062,
        "PinID": 0
      },
      "WirePoints": [
        {
          "X": -7.837778,
          "Y": 0.453704
        },
        {
          "X": -3.49444413,
          "Y": 0.5112044
        }
      ],
      "ColourThemeName": "Red"
    },
    {
      "Source": {
        "PinType": 1,
        "SubChipID": 0,
        "PinID": 20424405
      },
      "Target": {
        "PinType": 3,
        "SubChipID": 1044047460,
        "PinID": 0
      },
      "WirePoints": [
        {
          "X": -7.837778,
          "Y": 0.0185185671
        },
        {
          "X": -3.49444413,
          "Y": -0.113795467
        }
      ],
      "ColourThemeName": "Red"
    },
    {
      "Source": {
        "PinType": 1,
        "SubChipID": 0,
        "PinID": 1691327257
      },
      "Target": {
        "PinType": 3,
        "SubChipID": 1044047460,
        "PinID": 1
      },
      "WirePoints": [
        {
          "X": -7.837778,
          "Y": -4.0462966
        },
        {
          "X": -3.49444413,
          "Y": -0.353795469
        }
      ],
      "ColourThemeName": "Yellow"
    },
    {
      "Source": {
        "PinType": 1,
        "SubChipID": 0,
        "PinID": 830735945
      },
      "Target": {
        "PinType": 3,
        "SubChipID": 942561062,
        "PinID": 1
      },
      "WirePoints": [
        {
          "X": -7.837778,
          "Y": -3.58333349
        },
        {
          "X": -3.49444413,
          "Y": 0.2712044
        }
      ],
      "ColourThemeName": "Yellow"
    },
    {
      "Source": {
        "PinType": 1,
        "SubChipID": 0,
        "PinID": 569061831
      },
      "Target": {
        "PinType": 3,
        "SubChipID": 1586971308,
        "PinID": 1
      },
      "WirePoints": [
        {
          "X": -7.837778,
          "Y": -3.12962961
        },
        {
          "X": -3.49444413,
          "Y": 0.896204352
        }
      ],
      "ColourThemeName": "Yellow"
    },
    {
      "Source": {
        "PinType": 1,
        "SubChipID": 0,
        "PinID": 295662068
      },
      "Target": {
        "PinType": 3,
        "SubChipID": 1968540170,
        "PinID": 1
      },
      "WirePoints": [
        {
          "X": -7.837778,
          "Y": -2.73148155
        },
        {
          "X": -3.49444413,
          "Y": 1.52120411
        }
      ],
      "ColourThemeName": "Yellow"
    },
    {
      "Source": {
        "PinType": 1,
        "SubChipID": 0,
        "PinID": 1693561093
      },
      "Target": {
        "PinType": 3,
        "SubChipID": 1723823612,
        "PinID": 1
      },
      "WirePoints": [
        {
          "X": -7.837778,
          "Y": -2.12037039
        },
        {
          "X": -3.49444413,
          "Y": 2.146204
        }
      ],
      "ColourThemeName": "Yellow"
    },
    {
      "Source": {
        "PinType": 1,
        "SubChipID": 0,
        "PinID": 1623627591
      },
      "Target": {
        "PinType": 3,
        "SubChipID": 2139263219,
        "PinID": 1
      },
      "WirePoints": [
        {
          "X": -7.837778,
          "Y": -1.70370364
        },
        {
          "X": -3.49444413,
          "Y": 2.771204
        }
      ],
      "ColourThemeName": "Yellow"
    },
    {
      "Source": {
        "PinType": 1,
        "SubChipID": 0,
        "PinID": 774949633
      },
      "Target": {
        "PinType": 3,
        "SubChipID": 860282083,
        "PinID": 1
      },
      "WirePoints": [
        {
          "X": -7.837778,
          "Y": -1.31481469
        },
        {
          "X": -3.49444413,
          "Y": 3.39620376
        }
      ],
      "ColourThemeName": "Yellow"
    },
    {
      "Source": {
        "PinType": 1,
        "SubChipID": 0,
        "PinID": 2098064067
      },
      "Target": {
        "PinType": 3,
        "SubChipID": 1715806707,
        "PinID": 1
      },
      "WirePoints": [
        {
          "X": -7.837778,
          "Y": -0.8055556
        },
        {
          "X": -3.49444413,
          "Y": 4.02120352
        }
      ],
      "ColourThemeName": "Yellow"
    },
    {
      "Source": {
        "PinType": 4,
        "SubChipID": 1715806707,
        "PinID": 2
      },
      "Target": {
        "PinType": 3,
        "SubChipID": 165008708,
        "PinID": 206920431
      },
      "WirePoints": [
        {
          "X": -2.39444423,
          "Y": 4.1412034
        },
        {
          "X": 2.89166737,
          "Y": 2.08333325
        }
      ],
      "ColourThemeName": "Red"
    },
    {
      "Source": {
        "PinType": 4,
        "SubChipID": 860282083,
        "PinID": 2
      },
      "Target": {
        "PinType": 3,
        "SubChipID": 165008708,
        "PinID": 780551497
      },
      "WirePoints": [
        {
          "X": -2.39444423,
          "Y": 3.51620364
        },
        {
          "X": 2.89166737,
          "Y": 1.84333324
        }
      ],
      "ColourThemeName": "Red"
    },
    {
      "Source": {
        "PinType": 4,
        "SubChipID": 2139263219,
        "PinID": 2
      },
      "Target": {
        "PinType": 3,
        "SubChipID": 165008708,
        "PinID": 1986419160
      },
      "WirePoints": [
        {
          "X": -2.39444423,
          "Y": 2.89120388
        },
        {
          "X": 2.89166737,
          "Y": 1.60333323
        }
      ],
      "ColourThemeName": "Red"
    },
    {
      "Source": {
        "PinType": 4,
        "SubChipID": 1723823612,
        "PinID": 2
      },
      "Target": {
        "PinType": 3,
        "SubChipID": 165008708,
        "PinID": 362686848
      },
      "WirePoints": [
        {
          "X": -2.39444423,
          "Y": 2.26620388
        },
        {
          "X": 2.89166737,
          "Y": 1.36333323
        }
      ],
      "ColourThemeName": "Red"
    },
    {
      "Source": {
        "PinType": 4,
        "SubChipID": 1968540170,
        "PinID": 2
      },
      "Target": {
        "PinType": 3,
        "SubChipID": 165008708,
        "PinID": 125805864
      },
      "WirePoints": [
        {
          "X": -2.39444423,
          "Y": 1.64120412
        },
        {
          "X": 2.89166737,
          "Y": 1.12333322
        }
      ],
      "ColourThemeName": "Red"
    },
    {
      "Source": {
        "PinType": 4,
        "SubChipID": 1586971308,
        "PinID": 2
      },
      "Target": {
        "PinType": 3,
        "SubChipID": 165008708,
        "PinID": 1851187211
      },
      "WirePoints": [
        {
          "X": -2.39444423,
          "Y": 1.01620436
        },
        {
          "X": 2.89166737,
          "Y": 0.8833333
        }
      ],
      "ColourThemeName": "Red"
    },
    {
      "Source": {
        "PinType": 4,
        "SubChipID": 942561062,
        "PinID": 2
      },
      "Target": {
        "PinType": 3,
        "SubChipID": 165008708,
        "PinID": 128778491
      },
      "WirePoints": [
        {
          "X": -2.39444423,
          "Y": 0.391204417
        },
        {
          "X": 2.89166737,
          "Y": 0.6433333
        }
      ],
      "ColourThemeName": "Red"
    },
    {
      "Source": {
        "PinType": 4,
        "SubChipID": 1044047460,
        "PinID": 2
      },
      "Target": {
        "PinType": 3,
        "SubChipID": 165008708,
        "PinID": 1079511259
      },
      "WirePoints": [
        {
          "X": -2.39444423,
          "Y": -0.233795464
        },
        {
          "X": 2.89166737,
          "Y": 0.4033333
        }
      ],
      "ColourThemeName": "Red"
    },
    {
      "Source": {
        "PinType": 4,
        "SubChipID": 1917140222,
        "PinID": 1118056934
      },
      "Target": {
        "PinType": 3,
        "SubChipID": 165008708,
        "PinID": 1043422715
      },
      "WirePoints": [
        {
          "X": -0.985185444,
          "Y": 0.356482148
        },
        {
          "X": 2.89166737,
          "Y": 4.003333
        }
      ],
      "ColourThemeName": "Blue"
    },
    {
      "Source": {
        "PinType": 4,
        "SubChipID": 1274992220,
        "PinID": 1118056934
      },
      "Target": {
        "PinType": 3,
        "SubChipID": 165008708,
        "PinID": 1981979729
      },
      "WirePoints": [
        {
          "X": -1.00370383,
          "Y": -0.222221613
        },
        {
          "X": 2.89166737,
          "Y": 3.76333332
        }
      ],
      "ColourThemeName": "Blue"
    },
    {
      "Source": {
        "PinType": 4,
        "SubChipID": 648861302,
        "PinID": 1118056934
      },
      "Target": {
        "PinType": 3,
        "SubChipID": 165008708,
        "PinID": 1055717760
      },
      "WirePoints": [
        {
          "X": -1.00370383,
          "Y": -0.8472216
        },
        {
          "X": 2.89166737,
          "Y": 3.523333
        }
      ],
      "ColourThemeName": "Blue"
    },
    {
      "Source": {
        "PinType": 4,
        "SubChipID": 2034241410,
        "PinID": 1118056934
      },
      "Target": {
        "PinType": 3,
        "SubChipID": 165008708,
        "PinID": 753629729
      },
      "WirePoints": [
        {
          "X": -1.00370383,
          "Y": -1.47222161
        },
        {
          "X": 2.89166737,
          "Y": 3.2833333
        }
      ],
      "ColourThemeName": "Blue"
    },
    {
      "Source": {
        "PinType": 4,
        "SubChipID": 977781930,
        "PinID": 1118056934
      },
      "Target": {
        "PinType": 3,
        "SubChipID": 165008708,
        "PinID": 1316718013
      },
      "WirePoints": [
        {
          "X": -1.00370383,
          "Y": -2.09722137
        },
        {
          "X": 2.89166737,
          "Y": 3.04333329
        }
      ],
      "ColourThemeName": "Blue"
    },
    {
      "Source": {
        "PinType": 4,
        "SubChipID": 2133549550,
        "PinID": 1118056934
      },
      "Target": {
        "PinType": 3,
        "SubChipID": 165008708,
        "PinID": 1517890443
      },
      "WirePoints": [
        {
          "X": -1.00370383,
          "Y": -2.72222137
        },
        {
          "X": -0.944444358,
          "Y": -2.61111116
        },
        {
          "X": 2.89166737,
          "Y": 2.80333328
        }
      ],
      "ColourThemeName": "Blue"
    },
    {
      "Source": {
        "PinType": 4,
        "SubChipID": 1012859516,
        "PinID": 1118056934
      },
      "Target": {
        "PinType": 3,
        "SubChipID": 165008708,
        "PinID": 2067416386
      },
      "WirePoints": [
        {
          "X": -1.00370383,
          "Y": -3.34722137
        },
        {
          "X": 2.89166737,
          "Y": 2.56333327
        }
      ],
      "ColourThemeName": "Blue"
    },
    {
      "Source": {
        "PinType": 4,
        "SubChipID": 1648197993,
        "PinID": 1118056934
      },
      "Target": {
        "PinType": 3,
        "SubChipID": 165008708,
        "PinID": 73132680
      },
      "WirePoints": [
        {
          "X": -1.03148055,
          "Y": -3.96296287
        },
        {
          "X": 2.89166737,
          "Y": 2.32333326
        }
      ],
      "ColourThemeName": "Blue"
    }
  ]
}