{
  "Name": "AND-OR-XOR-NOT",
  "Colour": "#BC3749",
  "InputPins": [
    {
      "Name": "a7",
      "ID": 1883297832,
      "PositionY": 3.47222233,
      "ColourThemeName": "Red"
    },
    {
      "Name": "a6",
      "ID": 880128483,
      "PositionY": 2.95370388,
      "ColourThemeName": "Red"
    },
    {
      "Name": "a5",
      "ID": 1202231930,
      "PositionY": 2.49074054,
      "ColourThemeName": "Red"
    },
    {
      "Name": "a4",
      "ID": 64031888,
      "PositionY": 2.046296,
      "ColourThemeName": "Red"
    },
    {
      "Name": "a3",
      "ID": 40279871,
      "PositionY": 1.36111128,
      "ColourThemeName": "Red"
    },
    {
      "Name": "a2",
      "ID": 1579090303,
      "PositionY": 0.916667,
      "ColourThemeName": "Red"
    },
    {
      "Name": "b0",
      "ID": 1691327257,
      "PositionY": -4.0462966,
      "ColourThemeName": "Yellow"
    },
    {
      "Name": "b1",
      "ID": 830735945,
      "PositionY": -3.58333349,
      "ColourThemeName": "Yellow"
    },
    {
      "Name": "b2",
      "ID": 569061831,
      "PositionY": -3.12962961,
      "ColourThemeName": "Yellow"
    },
    {
      "Name": "b3",
      "ID": 295662068,
      "PositionY": -2.73148155,
      "ColourThemeName": "Yellow"
    },
    {
      "Name": "b4",
      "ID": 1693561093,
      "PositionY": -2.12037039,
      "ColourThemeName": "Yellow"
    },
    {
      "Name": "b5",
      "ID": 1623627591,
      "PositionY": -1.70370364,
      "ColourThemeName": "Yellow"
    },
    {
      "Name": "b6",
      "ID": 774949633,
      "PositionY": -1.31481469,
      "ColourThemeName": "Yellow"
    },
    {
      "Name": "b7",
      "ID": 2098064067,
      "PositionY": -0.8055556,
      "ColourThemeName": "Yellow"
    },
    {
      "Name": "a0",
      "ID": 20424405,
      "PositionY": 0.0185185671,
      "ColourThemeName": "Red"
    },
    {
      "Name": "a1",
      "ID": 1712874516,
      "PositionY": 0.453704,
      "ColourThemeName": "Red"
    },
    {
      "Name": "KEY1",
      "ID": 586070169,
      "PositionY": 4.56481457,
      "ColourThemeName": "Green"
    },
    {
      "Name": "KEY0",
      "ID": 1268563355,
      "PositionY": 4.0462966,
      "ColourThemeName": "Green"
    }
  ],
  "OutputPins": [
    {
      "Name": "OUT7",
      "ID": 1372339468,
      "PositionY": 3.43518519,
      "ColourThemeName": "Red"
    },
    {
      "Name": "OUT6",
      "ID": 1827381005,
      "PositionY": 2.84259272,
      "ColourThemeName": "Red"
    },
    {
      "Name": "OUT5",
      "ID": 1556614178,
      "PositionY": 2.30555534,
      "ColourThemeName": "Red"
    },
    {
      "Name": "OUT4",
      "ID": 492594675,
      "PositionY": 1.67592585,
      "ColourThemeName": "Red"
    },
    {
      "Name": "OUT3",
      "ID": 1385246714,
      "PositionY": 1.12962961,
      "ColourThemeName": "Red"
    },
    {
      "Name": "OUT2",
      "ID": 71669640,
      "PositionY": 0.462962985,
      "ColourThemeName": "Red"
    },
    {
      "Name": "OUT1",
      "ID": 309078357,
      "PositionY": -0.203703344,
      "ColourThemeName": "Red"
    },
    {
      "Name": "OUT0",
      "ID": 744647801,
      "PositionY": -0.92592597,
      "ColourThemeName": "Red"
    }
  ],
  "SubChips": [
    {
      "Name": "8BitMux",
      "ID": 165008708,
      "Points": [
        {
          "X": 3.66666722,
          "Y": 2.08333325
        }
      ],
      "Data": null
    },
    {
      "Name": "AND-OR",
      "ID": 1464238556,
      "Points": [
        {
          "X": -1.99074078,
          "Y": 2.34259248
        }
      ],
      "Data": null
    },
    {
      "Name": "XOR-NOT",
      "ID": 1087699013,
      "Points": [
        {
          "X": -2.037037,
          "Y": -1.972222
        }
      ],
      "Data": null
    }
  ],
  "Connections": [
    {
      "Source": {
        "PinType": 1,
        "SubChipID": 0,
        "PinID": 586070169
      },
      "Target": {
        "PinType": 3,
        "SubChipID": 165008708,
        "PinID": 1619985941
      },
      "WirePoints": [
        {
          "X": -7.837778,
          "Y": 4.56481457
        },
        {
          "X": 1.47222209,
          "Y": 4.57407427
        },
        {
          "X": 1.51851869,
          "Y": 0.305555463
        },
        {
          "X": 2.89166737,
          "Y": 0.1633333
        }
      ],
      "ColourThemeName": "Green"
    },
    {
      "Source": {
        "PinType": 4,
        "SubChipID": 165008708,
        "PinID": 1975669734
      },
      "Target": {
        "PinType": 2,
        "SubChipID": 0,
        "PinID": 1372339468
      },
      "WirePoints": [
        {
          "X": 4.441667,
          "Y": 4.003333
        },
        {
          "X": 7.837778,
          "Y": 3.43518519
        }
      ],
      "ColourThemeName": "Red"
    },
    {
      "Source": {
        "PinType": 4,
        "SubChipID": 165008708,
        "PinID": 1088520793
      },
      "Target": {
        "PinType": 2,
        "SubChipID": 0,
        "PinID": 1827381005
      },
      "WirePoints": [
        {
          "X": 4.441667,
          "Y": 3.45476174
        },
        {
          "X": 7.837778,
          "Y": 2.84259272
        }
      ],
      "ColourThemeName": "Red"
    },
    {
      "Source": {
        "PinType": 4,
        "SubChipID": 165008708,
        "PinID": 605636055
      },
      "Target": {
        "PinType": 2,
        "SubChipID": 0,
        "PinID": 1556614178
      },
      "WirePoints": [
        {
          "X": 4.441667,
          "Y": 2.9061904
        },
        {
          "X": 7.837778,
          "Y": 2.30555534
        }
      ],
      "ColourThemeName": "Red"
    },
    {
      "Source": {
        "PinType": 4,
        "SubChipID": 165008708,
        "PinID": 1631322322
      },
      "Target": {
        "PinType": 2,
        "SubChipID": 0,
        "PinID": 492594675
      },
      "WirePoints": [
        {
          "X": 4.441667,
          "Y": 2.357619
        },
        {
          "X": 7.837778,
          "Y": 1.67592585
        }
      ],
      "ColourThemeName": "Red"
    },
    {
      "Source": {
        "PinType": 4,
        "SubChipID": 165008708,
        "PinID": 1077223519
      },
      "Target": {
        "PinType": 2,
        "SubChipID": 0,
        "PinID": 1385246714
      },
      "WirePoints": [
        {
          "X": 4.441667,
          "Y": 1.80904746
        },
        {
          "X": 7.837778,
          "Y": 1.12962961
        }
      ],
      "ColourThemeName": "Red"
    },
    {
      "Source": {
        "PinType": 4,
        "SubChipID": 165008708,
        "PinID": 1483620419
      },
      "Target": {
        "PinType": 2,
        "SubChipID": 0,
        "PinID": 71669640
      },
      "WirePoints": [
        {
          "X": 4.441667,
          "Y": 1.26047611
        },
        {
          "X": 7.837778,
          "Y": 0.462962985
        }
      ],
      "ColourThemeName": "Red"
    },
    {
      "Source": {
        "PinType": 4,
        "SubChipID": 165008708,
        "PinID": 1908075193
      },
      "Target": {
        "PinType": 2,
        "SubChipID": 0,
        "PinID": 309078357
      },
      "WirePoints": [
        {
          "X": 4.441667,
          "Y": 0.711904645
        },
        {
          "X": 7.837778,
          "Y": -0.203703344
        }
      ],
      "ColourThemeName": "Red"
    },
    {
      "Source": {
        "PinType": 4,
        "SubChipID": 165008708,
        "PinID": 666866987
      },
      "Target": {
        "PinType": 2,
        "SubChipID": 0,
        "PinID": 744647801
      },
      "WirePoints": [
        {
          "X": 4.441667,
          "Y": 0.1633333
        },
        {
          "X": 7.837778,
          "Y": -0.92592597
        }
      ],
      "ColourThemeName": "Red"
    },
    {
      "Source": {
        "PinType": 1,
        "SubChipID": 0,
        "PinID": 1268563355
      },
      "Target": {
        "PinType": 3,
        "SubChipID": 1464238556,
        "PinID": 586070169
      },
      "WirePoints": [
        {
          "X": -7.837778,
          "Y": 4.0462966
        },
        {
          "X": -3.62037039,
          "Y": 4.12037
        },
        {
          "X": -2.69074082,
          "Y": 4.26259232
        }
      ],
      "ColourThemeName": "Green"
    },
    {
      "Source": {
        "PinType": 1,
        "SubChipID": 0,
        "PinID": 1268563355
      },
      "Target": {
        "PinType": 3,
        "SubChipID": 1087699013,
        "PinID": 448838249
      },
      "WirePoints": [
        {
          "X": -7.837778,
          "Y": 4.0462966
        },
        {
          "X": -3.83463049,
          "Y": 4.11660671
        },
        {
          "X": -3.740741,
          "Y": -0.185185075
        },
        {
          "X": -2.812037,
          "Y": -0.0522220135
        }
      ],
      "ColourThemeName": "Green"
    },
    {
      "Source": {
        "PinType": 4,
        "SubChipID": 1464238556,
        "PinID": 1372339468
      },
      "Target": {
        "PinType": 3,
        "SubChipID": 165008708,
        "PinID": 206920431
      },
      "WirePoints": [
        {
          "X": -1.29074073,
          "Y": 4.26259232
        },
        {
          "X": 2.89166737,
          "Y": 2.08333325
        }
      ],
      "ColourThemeName": "Red"
    },
    {
      "Source": {
        "PinType": 4,
        "SubChipID": 1464238556,
        "PinID": 1827381005
      },
      "Target": {
        "PinType": 3,
        "SubChipID": 165008708,
        "PinID": 780551497
      },
      "WirePoints": [
        {
          "X": -1.29074073,
          "Y": 3.714021
        },
        {
          "X": 2.89166737,
          "Y": 1.84333324
        }
      ],
      "ColourThemeName": "Red"
    },
    {
      "Source": {
        "PinType": 4,
        "SubChipID": 1464238556,
        "PinID": 1556614178
      },
      "Target": {
        "PinType": 3,
        "SubChipID": 165008708,
        "PinID": 1986419160
      },
      "WirePoints": [
        {
          "X": -1.29074073,
          "Y": 3.16544962
        },
        {
          "X": 2.89166737,
          "Y": 1.60333323
        }
      ],
      "ColourThemeName": "Red"
    },
    {
      "Source": {
        "PinType": 4,
        "SubChipID": 1464238556,
        "PinID": 492594675
      },
      "Target": {
        "PinType": 3,
        "SubChipID": 165008708,
        "PinID": 362686848
      },
      "WirePoints": [
        {
          "X": -1.29074073,
          "Y": 2.61687827
        },
        {
          "X": 2.89166737,
          "Y": 1.36333323
        }
      ],
      "ColourThemeName": "Red"
    },
    {
      "Source": {
        "PinType": 4,
        "SubChipID": 1464238556,
        "PinID": 1385246714
      },
      "Target": {
        "PinType": 3,
        "SubChipID": 165008708,
        "PinID": 125805864
      },
      "WirePoints": [
        {
          "X": -1.29074073,
          "Y": 2.06830668
        },
        {
          "X": 2.89166737,
          "Y": 1.12333322
        }
      ],
      "ColourThemeName": "Red"
    },
    {
      "Source": {
        "PinType": 4,
        "SubChipID": 1464238556,
        "PinID": 71669640
      },
      "Target": {
        "PinType": 3,
        "SubChipID": 165008708,
        "PinID": 1851187211
      },
      "WirePoints": [
        {
          "X": -1.29074073,
          "Y": 1.51973534
        },
        {
          "X": 2.89166737,
          "Y": 0.8833333
        }
      ],
      "ColourThemeName": "Red"
    },
    {
      "Source": {
        "PinType": 4,
        "SubChipID": 1464238556,
        "PinID": 309078357
      },
      "Target": {
        "PinType": 3,
        "SubChipID": 165008708,
        "PinID": 128778491
      },
      "WirePoints": [
        {
          "X": -1.29074073,
          "Y": 0.971163869
        },
        {
          "X": 2.89166737,
          "Y": 0.6433333
        }
      ],
      "ColourThemeName": "Red"
    },
    {
      "Source": {
        "PinType": 4,
        "SubChipID": 1464238556,
        "PinID": 744647801
      },
      "Target": {
        "PinType": 3,
        "SubChipID": 165008708,
        "PinID": 1079511259
      },
      "WirePoints": [
        {
          "X": -1.29074073,
          "Y": 0.422592521
        },
        {
          "X": 2.89166737,
          "Y": 0.4033333
        }
      ],
      "ColourThemeName": "Red"
    },
    {
      "Source": {
        "PinType": 4,
        "SubChipID": 1087699013,
        "PinID": 1372339468
      },
      "Target": {
        "PinType": 3,
        "SubChipID": 165008708,
        "PinID": 1043422715
      },
      "WirePoints": [
        {
          "X": -1.26203692,
          "Y": -0.0522220135
        },
        {
          "X": 2.89166737,
          "Y": 4.003333
        }
      ],
      "ColourThemeName": "Red"
    },
    {
      "Source": {
        "PinType": 4,
        "SubChipID": 1087699013,
        "PinID": 1827381005
      },
      "Target": {
        "PinType": 3,
        "SubChipID": 165008708,
        "PinID": 1981979729
      },
      "WirePoints": [
        {
          "X": -1.26203692,
          "Y": -0.6007935
        },
        {
          "X": 2.89166737,
          "Y": 3.76333332
        }
      ],
      "ColourThemeName": "Red"
    },
    {
      "Source": {
        "PinType": 4,
        "SubChipID": 1087699013,
        "PinID": 1556614178
      },
      "Target": {
        "PinType": 3,
        "SubChipID": 165008708,
        "PinID": 1055717760
      },
      "WirePoints": [
        {
          "X": -1.26203692,
          "Y": -1.149365
        },
        {
          "X": 2.89166737,
          "Y": 3.523333
        }
      ],
      "ColourThemeName": "Red"
    },
    {
      "Source": {
        "PinType": 4,
        "SubChipID": 1087699013,
        "PinID": 492594675
      },
      "Target": {
        "PinType": 3,
        "SubChipID": 165008708,
        "PinID": 753629729
      },
      "WirePoints": [
        {
          "X": -1.26203692,
          "Y": -1.6979363
        },
        {
          "X": 2.89166737,
          "Y": 3.2833333
        }
      ],
      "ColourThemeName": "Red"
    },
    {
      "Source": {
        "PinType": 4,
        "SubChipID": 1087699013,
        "PinID": 1385246714
      },
      "Target": {
        "PinType": 3,
        "SubChipID": 165008708,
        "PinID": 1316718013
      },
      "WirePoints": [
        {
          "X": -1.26203692,
          "Y": -2.24650764
        },
        {
          "X": 2.89166737,
          "Y": 3.04333329
        }
      ],
      "ColourThemeName": "Red"
    },
    {
      "Source": {
        "PinType": 4,
        "SubChipID": 1087699013,
        "PinID": 71669640
      },
      "Target": {
        "PinType": 3,
        "SubChipID": 165008708,
        "PinID": 1517890443
      },
      "WirePoints": [
        {
          "X": -1.26203692,
          "Y": -2.79507923
        },
        {
          "X": 2.89166737,
          "Y": 2.80333328
        }
      ],
      "ColourThemeName": "Red"
    },
    {
      "Source": {
        "PinType": 4,
        "SubChipID": 1087699013,
        "PinID": 309078357
      },
      "Target": {
        "PinType": 3,
        "SubChipID": 165008708,
        "PinID": 2067416386
      },
      "WirePoints": [
        {
          "X": -1.26203692,
          "Y": -3.34365058
        },
        {
          "X": 2.89166737,
          "Y": 2.56333327
        }
      ],
      "ColourThemeName": "Red"
    },
    {
      "Source": {
        "PinType": 4,
        "SubChipID": 1087699013,
        "PinID": 744647801
      },
      "Target": {
        "PinType": 3,
        "SubChipID": 165008708,
        "PinID": 73132680
      },
      "WirePoints": [
        {
          "X": -1.26203692,
          "Y": -3.892222
        },
        {
          "X": 2.89166737,
          "Y": 2.32333326
        }
      ],
      "ColourThemeName": "Red"
    },
    {
      "Source": {
        "PinType": 1,
        "SubChipID": 0,
        "PinID": 1883297832
      },
      "Target": {
        "PinType": 3,
        "SubChipID": 1464238556,
        "PinID": 1883297832
      },
      "WirePoints": [
        {
          "X": -7.837778,
          "Y": 3.47222233
        },
        {
          "X": -2.69074082,
          "Y": 4.02259254
        }
      ],
      "ColourThemeName": "Red"
    },
    {
      "Source": {
        "PinType": 1,
        "SubChipID": 0,
        "PinID": 880128483
      },
      "Target": {
        "PinType": 3,
        "SubChipID": 1464238556,
        "PinID": 880128483
      },
      "WirePoints": [
        {
          "X": -7.837778,
          "Y": 2.95370388
        },
        {
          "X": -2.69074082,
          "Y": 3.7825923
        }
      ],
      "ColourThemeName": "Red"
    },
    {
      "Source": {
        "PinType": 1,
        "SubChipID": 0,
        "PinID": 1202231930
      },
      "Target": {
        "PinType": 3,
        "SubChipID": 1464238556,
        "PinID": 1202231930
      },
      "WirePoints": [
        {
          "X": -7.837778,
          "Y": 2.49074054
        },
        {
          "X": -2.69074082,
          "Y": 3.54259253
        }
      ],
      "ColourThemeName": "Red"
    },
    {
      "Source": {
        "PinType": 1,
        "SubChipID": 0,
        "PinID": 64031888
      },
      "Target": {
        "PinType": 3,
        "SubChipID": 1464238556,
        "PinID": 64031888
      },
      "WirePoints": [
        {
          "X": -7.837778,
          "Y": 2.046296
        },
        {
          "X": -2.69074082,
          "Y": 3.30259252
        }
      ],
      "ColourThemeName": "Red"
    },
    {
      "Source": {
        "PinType": 1,
        "SubChipID": 0,
        "PinID": 40279871
      },
      "Target": {
        "PinType": 3,
        "SubChipID": 1464238556,
        "PinID": 40279871
      },
      "WirePoints": [
        {
          "X": -7.837778,
          "Y": 1.36111128
        },
        {
          "X": -2.69074082,
          "Y": 3.06259251
        }
      ],
      "ColourThemeName": "Red"
    },
    {
      "Source": {
        "PinType": 1,
        "SubChipID": 0,
        "PinID": 1579090303
      },
      "Target": {
        "PinType": 3,
        "SubChipID": 1464238556,
        "PinID": 1579090303
      },
      "WirePoints": [
        {
          "X": -7.837778,
          "Y": 0.916667
        },
        {
          "X": -2.69074082,
          "Y": 2.8225925
        }
      ],
      "ColourThemeName": "Red"
    },
    {
      "Source": {
        "PinType": 1,
        "SubChipID": 0,
        "PinID": 1712874516
      },
      "Target": {
        "PinType": 3,
        "SubChipID": 1464238556,
        "PinID": 1712874516
      },
      "WirePoints": [
        {
          "X": -7.837778,
          "Y": 0.453704
        },
        {
          "X": -2.69074082,
          "Y": 2.58259249
        }
      ],
      "ColourThemeName": "Red"
    },
    {
      "Source": {
        "PinType": 1,
        "SubChipID": 0,
        "PinID": 20424405
      },
      "Target": {
        "PinType": 3,
        "SubChipID": 1464238556,
        "PinID": 20424405
      },
      "WirePoints": [
        {
          "X": -7.837778,
          "Y": 0.0185185671
        },
        {
          "X": -2.69074082,
          "Y": 2.34259248
        }
      ],
      "ColourThemeName": "Red"
    },
    {
      "Source": {
        "PinType": 1,
        "SubChipID": 0,
        "PinID": 2098064067
      },
      "Target": {
        "PinType": 3,
        "SubChipID": 1464238556,
        "PinID": 2098064067
      },
      "WirePoints": [
        {
          "X": -7.837778,
          "Y": -0.8055556
        },
        {
          "X": -2.69074082,
          "Y": 2.10259247
        }
      ],
      "ColourThemeName": "Yellow"
    },
    {
      "Source": {
        "PinType": 1,
        "SubChipID": 0,
        "PinID": 774949633
      },
      "Target": {
        "PinType": 3,
        "SubChipID": 1464238556,
        "PinID": 774949633
      },
      "WirePoints": [
        {
          "X": -7.837778,
          "Y": -1.31481469
        },
        {
          "X": -2.69074082,
          "Y": 1.86259246
        }
      ],
      "ColourThemeName": "Yellow"
    },
    {
      "Source": {
        "PinType": 1,
        "SubChipID": 0,
        "PinID": 1623627591
      },
      "Target": {
        "PinType": 3,
        "SubChipID": 1464238556,
        "PinID": 1623627591
      },
      "WirePoints": [
        {
          "X": -7.837778,
          "Y": -1.70370364
        },
        {
          "X": -2.69074082,
          "Y": 1.62259245
        }
      ],
      "ColourThemeName": "Yellow"
    },
    {
      "Source": {
        "PinType": 1,
        "SubChipID": 0,
        "PinID": 1693561093
      },
      "Target": {
        "PinType": 3,
        "SubChipID": 1464238556,
        "PinID": 1693561093
      },
      "WirePoints": [
        {
          "X": -7.837778,
          "Y": -2.12037039
        },
        {
          "X": -2.69074082,
          "Y": 1.38259244
        }
      ],
      "ColourThemeName": "Yellow"
    },
    {
      "Source": {
        "PinType": 1,
        "SubChipID": 0,
        "PinID": 295662068
      },
      "Target": {
        "PinType": 3,
        "SubChipID": 1464238556,
        "PinID": 295662068
      },
      "WirePoints": [
        {
          "X": -7.837778,
          "Y": -2.73148155
        },
        {
          "X": -2.69074082,
          "Y": 1.14259255
        }
      ],
      "ColourThemeName": "Yellow"
    },
    {
      "Source": {
        "PinType": 1,
        "SubChipID": 0,
        "PinID": 569061831
      },
      "Target": {
        "PinType": 3,
        "SubChipID": 1464238556,
        "PinID": 569061831
      },
      "WirePoints": [
        {
          "X": -7.837778,
          "Y": -3.12962961
        },
        {
          "X": -2.69074082,
          "Y": 0.90259254
        }
      ],
      "ColourThemeName": "Yellow"
    },
    {
      "Source": {
        "PinType": 1,
        "SubChipID": 0,
        "PinID": 830735945
      },
      "Target": {
        "PinType": 3,
        "SubChipID": 1464238556,
        "PinID": 830735945
      },
      "WirePoints": [
        {
          "X": -7.837778,
          "Y": -3.58333349
        },
        {
          "X": -2.69074082,
          "Y": 0.66259253
        }
      ],
      "ColourThemeName": "Yellow"
    },
    {
      "Source": {
        "PinType": 1,
        "SubChipID": 0,
        "PinID": 1691327257
      },
      "Target": {
        "PinType": 3,
        "SubChipID": 1464238556,
        "PinID": 1691327257
      },
      "WirePoints": [
        {
          "X": -7.837778,
          "Y": -4.0462966
        },
        {
          "X": -2.69074082,
          "Y": 0.422592521
        }
      ],
      "ColourThemeName": "Yellow"
    },
    {
      "Source": {
        "PinType": 1,
        "SubChipID": 0,
        "PinID": 1691327257
      },
      "Target": {
        "PinType": 3,
        "SubChipID": 1087699013,
        "PinID": 1691327257
      },
      "WirePoints": [
        {
          "X": -7.837778,
          "Y": -4.0462966
        },
        {
          "X": -2.812037,
          "Y": -3.892222
        }
      ],
      "ColourThemeName": "Yellow"
    },
    {
      "Source": {
        "PinType": 1,
        "SubChipID": 0,
        "PinID": 830735945
      },
      "Target": {
        "PinType": 3,
        "SubChipID": 1087699013,
        "PinID": 830735945
      },
      "WirePoints": [
        {
          "X": -7.837778,
          "Y": -3.58333349
        },
        {
          "X": -2.812037,
          "Y": -3.652222
        }
      ],
      "ColourThemeName": "Yellow"
    },
    {
      "Source": {
        "PinType": 1,
        "SubChipID": 0,
        "PinID": 569061831
      },
      "Target": {
        "PinType": 3,
        "SubChipID": 1087699013,
        "PinID": 569061831
      },
      "WirePoints": [
        {
          "X": -7.837778,
          "Y": -3.12962961
        },
        {
          "X": -2.812037,
          "Y": -3.412222
        }
      ],
      "ColourThemeName": "Yellow"
    },
    {
      "Source": {
        "PinType": 1,
        "SubChipID": 0,
        "PinID": 295662068
      },
      "Target": {
        "PinType": 3,
        "SubChipID": 1087699013,
        "PinID": 295662068
      },
      "WirePoints": [
        {
          "X": -7.837778,
          "Y": -2.73148155
        },
        {
          "X": -2.812037,
          "Y": -3.172222
        }
      ],
      "ColourThemeName": "Yellow"
    },
    {
      "Source": {
        "PinType": 1,
        "SubChipID": 0,
        "PinID": 1693561093
      },
      "Target": {
        "PinType": 3,
        "SubChipID": 1087699013,
        "PinID": 1693561093
      },
      "WirePoints": [
        {
          "X": -7.837778,
          "Y": -2.12037039
        },
        {
          "X": -2.812037,
          "Y": -2.932222
        }
      ],
      "ColourThemeName": "Yellow"
    },
    {
      "Source": {
        "PinType": 1,
        "SubChipID": 0,
        "PinID": 1623627591
      },
      "Target": {
        "PinType": 3,
        "SubChipID": 1087699013,
        "PinID": 1623627591
      },
      "WirePoints": [
        {
          "X": -7.837778,
          "Y": -1.70370364
        },
        {
          "X": -2.812037,
          "Y": -2.69222188
        }
      ],
      "ColourThemeName": "Yellow"
    },
    {
      "Source": {
        "PinType": 1,
        "SubChipID": 0,
        "PinID": 774949633
      },
      "Target": {
        "PinType": 3,
        "SubChipID": 1087699013,
        "PinID": 774949633
      },
      "WirePoints": [
        {
          "X": -7.837778,
          "Y": -1.31481469
        },
        {
          "X": -2.812037,
          "Y": -2.45222187
        }
      ],
      "ColourThemeName": "Yellow"
    },
    {
      "Source": {
        "PinType": 1,
        "SubChipID": 0,
        "PinID": 2098064067
      },
      "Target": {
        "PinType": 3,
        "SubChipID": 1087699013,
        "PinID": 2098064067
      },
      "WirePoints": [
        {
          "X": -7.837778,
          "Y": -0.8055556
        },
        {
          "X": -2.812037,
          "Y": -2.21222186
        }
      ],
      "ColourThemeName": "Yellow"
    },
    {
      "Source": {
        "PinType": 1,
        "SubChipID": 0,
        "PinID": 20424405
      },
      "Target": {
        "PinType": 3,
        "SubChipID": 1087699013,
        "PinID": 20424405
      },
      "WirePoints": [
        {
          "X": -7.837778,
          "Y": 0.0185185671
        },
        {
          "X": -2.812037,
          "Y": -1.972222
        }
      ],
      "ColourThemeName": "Red"
    },
    {
      "Source": {
        "PinType": 1,
        "SubChipID": 0,
        "PinID": 1712874516
      },
      "Target": {
        "PinType": 3,
        "SubChipID": 1087699013,
        "PinID": 1712874516
      },
      "WirePoints": [
        {
          "X": -7.837778,
          "Y": 0.453704
        },
        {
          "X": -2.812037,
          "Y": -1.732222
        }
      ],
      "ColourThemeName": "Red"
    },
    {
      "Source": {
        "PinType": 1,
        "SubChipID": 0,
        "PinID": 1579090303
      },
      "Target": {
        "PinType": 3,
        "SubChipID": 1087699013,
        "PinID": 1579090303
      },
      "WirePoints": [
        {
          "X": -7.837778,
          "Y": 0.916667
        },
        {
          "X": -2.812037,
          "Y": -1.492222
        }
      ],
      "ColourThemeName": "Red"
    },
    {
      "Source": {
        "PinType": 1,
        "SubChipID": 0,
        "PinID": 40279871
      },
      "Target": {
        "PinType": 3,
        "SubChipID": 1087699013,
        "PinID": 40279871
      },
      "WirePoints": [
        {
          "X": -7.837778,
          "Y": 1.36111128
        },
        {
          "X": -2.812037,
          "Y": -1.25222206
        }
      ],
      "ColourThemeName": "Red"
    },
    {
      "Source": {
        "PinType": 1,
        "SubChipID": 0,
        "PinID": 64031888
      },
      "Target": {
        "PinType": 3,
        "SubChipID": 1087699013,
        "PinID": 64031888
      },
      "WirePoints": [
        {
          "X": -7.837778,
          "Y": 2.046296
        },
        {
          "X": -2.812037,
          "Y": -1.012222
        }
      ],
      "ColourThemeName": "Red"
    },
    {
      "Source": {
        "PinType": 1,
        "SubChipID": 0,
        "PinID": 1202231930
      },
      "Target": {
        "PinType": 3,
        "SubChipID": 1087699013,
        "PinID": 1202231930
      },
      "WirePoints": [
        {
          "X": -7.837778,
          "Y": 2.49074054
        },
        {
          "X": -2.812037,
          "Y": -0.772222042
        }
      ],
      "ColourThemeName": "Red"
    },
    {
      "Source": {
        "PinType": 1,
        "SubChipID": 0,
        "PinID": 880128483
      },
      "Target": {
        "PinType": 3,
        "SubChipID": 1087699013,
        "PinID": 880128483
      },
      "WirePoints": [
        {
          "X": -7.837778,
          "Y": 2.95370388
        },
        {
          "X": -2.812037,
          "Y": -0.532222033
        }
      ],
      "ColourThemeName": "Red"
    },
    {
      "Source": {
        "PinType": 1,
        "SubChipID": 0,
        "PinID": 1883297832
      },
      "Target": {
        "PinType": 3,
        "SubChipID": 1087699013,
        "PinID": 1883297832
      },
      "WirePoints": [
        {
          "X": -7.837778,
          "Y": 3.47222233
        },
        {
          "X": -2.812037,
          "Y": -0.292222023
        }
      ],
      "ColourThemeName": "Red"
    }
  ]
}