{
  "Name": "BINTOBCD",
  "Colour": "#E6A4D5",
  "InputPins": [
    {
      "Name": "A7",
      "ID": 851409271,
      "PositionY": 1.1944443,
      "ColourThemeName": "Red"
    },
    {
      "Name": "A6",
      "ID": 347836472,
      "PositionY": 0.648148656,
      "ColourThemeName": "Red"
    },
    {
      "Name": "A5",
      "ID": 954130551,
      "PositionY": 0.0833332539,
      "ColourThemeName": "Red"
    },
    {
      "Name": "A4",
      "ID": 1256915357,
      "PositionY": -0.499999821,
      "ColourThemeName": "Red"
    },
    {
      "Name": "A3",
      "ID": 952330055,
      "PositionY": -1.89814806,
      "ColourThemeName": "Red"
    },
    {
      "Name": "A2",
      "ID": 1790240673,
      "PositionY": -2.5,
      "ColourThemeName": "Red"
    },
    {
      "Name": "A1",
      "ID": 2036616789,
      "PositionY": -3.12962961,
      "ColourThemeName": "Red"
    },
    {
      "Name": "A0",
      "ID": 1507606675,
      "PositionY": -3.67592573,
      "ColourThemeName": "Red"
    }
  ],
  "OutputPins": [
    {
      "Name": "H3",
      "ID": 662348701,
      "PositionY": 3.66666675,
      "ColourThemeName": "Red"
    },
    {
      "Name": "H2",
      "ID": 267653589,
      "PositionY": 3.05555582,
      "ColourThemeName": "Red"
    },
    {
      "Name": "H1",
      "ID": 4900231,
      "PositionY": 2.46296287,
      "ColourThemeName": "Red"
    },
    {
      "Name": "H0",
      "ID": 1132133122,
      "PositionY": 1.86111093,
      "ColourThemeName": "Red"
    },
    {
      "Name": "T3",
      "ID": 868353119,
      "PositionY": 0.796296,
      "ColourThemeName": "Red"
    },
    {
      "Name": "T2",
      "ID": 924481260,
      "PositionY": 0.175926089,
      "ColourThemeName": "Red"
    },
    {
      "Name": "T1",
      "ID": 1901205113,
      "PositionY": -0.5277777,
      "ColourThemeName": "Red"
    },
    {
      "Name": "T0",
      "ID": 1504072162,
      "PositionY": -1.21296287,
      "ColourThemeName": "Red"
    },
    {
      "Name": "O3",
      "ID": 600276661,
      "PositionY": -2.12962961,
      "ColourThemeName": "Red"
    },
    {
      "Name": "O2",
      "ID": 887408487,
      "PositionY": -2.76851845,
      "ColourThemeName": "Red"
    },
    {
      "Name": "O1",
      "ID": 605889431,
      "PositionY": -3.333333,
      "ColourThemeName": "Red"
    },
    {
      "Name": "O0",
      "ID": 1998200023,
      "PositionY": -3.88888884,
      "ColourThemeName": "Red"
    }
  ],
  "SubChips": [
    {
      "Name": "DOUBLEDABBLE",
      "ID": 1528373855,
      "Points": [
        {
          "X": -5.462962,
          "Y": 0.8550935
        }
      ],
      "Data": null
    },
    {
      "Name": "DOUBLEDABBLE",
      "ID": 2105468743,
      "Points": [
        {
          "X": -2.90740657,
          "Y": 0.5000931
        }
      ],
      "Data": null
    },
    {
      "Name": "DOUBLEDABBLE",
      "ID": 1611991826,
      "Points": [
        {
          "X": -0.231480718,
          "Y": 0.126574278
        }
      ],
      "Data": null
    },
    {
      "Name": "DOUBLEDABBLE",
      "ID": 1761891387,
      "Points": [
        {
          "X": 2.34259224,
          "Y": -0.265461862
        }
      ],
      "Data": null
    },
    {
      "Name": "DOUBLEDABBLE",
      "ID": 316328676,
      "Points": [
        {
          "X": 2.43518472,
          "Y": 1.27768576
        }
      ],
      "Data": null
    },
    {
      "Name": "DOUBLEDABBLE",
      "ID": 1009797118,
      "Points": [
        {
          "X": 4.981479,
          "Y": -0.577314436
        }
      ],
      "Data": null
    },
    {
      "Name": "DOUBLEDABBLE",
      "ID": 1899395957,
      "Points": [
        {
          "X": 5.10185146,
          "Y": 1.02777719
        }
      ],
      "Data": null
    }
  ],
  "Connections": [
    {
      "Source": {
        "PinType": 1,
        "SubChipID": 0,
        "PinID": 851409271
      },
      "Target": {
        "PinType": 3,
        "SubChipID": 1528373855,
        "PinID": 1532938496
      },
      "WirePoints": [
        {
          "X": -7.837778,
          "Y": 1.1944443
        },
        {
          "X": -6.607962,
          "Y": 0.9750935
        }
      ],
      "ColourThemeName": "Red"
    },
    {
      "Source": {
        "PinType": 1,
        "SubChipID": 0,
        "PinID": 347836472
      },
      "Target": {
        "PinType": 3,
        "SubChipID": 1528373855,
        "PinID": 1399204476
      },
      "WirePoints": [
        {
          "X": -7.837778,
          "Y": 0.648148656
        },
        {
          "X": -6.607962,
          "Y": 0.7350935
        }
      ],
      "ColourThemeName": "Red"
    },
    {
      "Source": {
        "PinType": 1,
        "SubChipID": 0,
        "PinID": 954130551
      },
      "Target": {
        "PinType": 3,
        "SubChipID": 1528373855,
        "PinID": 184486127
      },
      "WirePoints": [
        {
          "X": -7.837778,
          "Y": 0.0833332539
        },
        {
          "X": -6.607962,
          "Y": 0.495093465
        }
      ],
      "ColourThemeName": "Red"
    },
    {
      "Source": {
        "PinType": 4,
        "SubChipID": 1528373855,
        "PinID": 538958760
      },
      "Target": {
        "PinType": 3,
        "SubChipID": 2105468743,
        "PinID": 1228987160
      },
      "WirePoints": [
        {
          "X": -4.317962,
          "Y": 0.9750935
        },
        {
          "X": -4.05240631,
          "Y": 0.8600931
        }
      ],
      "ColourThemeName": "Red"
    },
    {
      "Source": {
        "PinType": 4,
        "SubChipID": 1528373855,
        "PinID": 56216641
      },
      "Target": {
        "PinType": 3,
        "SubChipID": 2105468743,
        "PinID": 1532938496
      },
      "WirePoints": [
        {
          "X": -4.317962,
          "Y": 0.7350935
        },
        {
          "X": -4.05240631,
          "Y": 0.6200931
        }
      ],
      "ColourThemeName": "Red"
    },
    {
      "Source": {
        "PinType": 4,
        "SubChipID": 1528373855,
        "PinID": 1892130134
      },
      "Target": {
        "PinType": 3,
        "SubChipID": 2105468743,
        "PinID": 1399204476
      },
      "WirePoints": [
        {
          "X": -4.317962,
          "Y": 0.495093465
        },
        {
          "X": -4.05240631,
          "Y": 0.3800931
        }
      ],
      "ColourThemeName": "Red"
    },
    {
      "Source": {
        "PinType": 1,
        "SubChipID": 0,
        "PinID": 1256915357
      },
      "Target": {
        "PinType": 3,
        "SubChipID": 2105468743,
        "PinID": 184486127
      },
      "WirePoints": [
        {
          "X": -7.837778,
          "Y": -0.499999821
        },
        {
          "X": -4.05240631,
          "Y": 0.140093088
        }
      ],
      "ColourThemeName": "Red"
    },
    {
      "Source": {
        "PinType": 4,
        "SubChipID": 2105468743,
        "PinID": 538958760
      },
      "Target": {
        "PinType": 3,
        "SubChipID": 1611991826,
        "PinID": 1228987160
      },
      "WirePoints": [
        {
          "X": -1.76240659,
          "Y": 0.6200931
        },
        {
          "X": -1.3764807,
          "Y": 0.4865743
        }
      ],
      "ColourThemeName": "Red"
    },
    {
      "Source": {
        "PinType": 4,
        "SubChipID": 2105468743,
        "PinID": 56216641
      },
      "Target": {
        "PinType": 3,
        "SubChipID": 1611991826,
        "PinID": 1532938496
      },
      "WirePoints": [
        {
          "X": -1.76240659,
          "Y": 0.3800931
        },
        {
          "X": -1.3764807,
          "Y": 0.246574283
        }
      ],
      "ColourThemeName": "Red"
    },
    {
      "Source": {
        "PinType": 4,
        "SubChipID": 2105468743,
        "PinID": 1892130134
      },
      "Target": {
        "PinType": 3,
        "SubChipID": 1611991826,
        "PinID": 1399204476
      },
      "WirePoints": [
        {
          "X": -1.76240659,
          "Y": 0.140093088
        },
        {
          "X": -1.3764807,
          "Y": 0.006574258
        }
      ],
      "ColourThemeName": "Red"
    },
    {
      "Source": {
        "PinType": 1,
        "SubChipID": 0,
        "PinID": 952330055
      },
      "Target": {
        "PinType": 3,
        "SubChipID": 1611991826,
        "PinID": 184486127
      },
      "WirePoints": [
        {
          "X": -7.837778,
          "Y": -1.89814806
        },
        {
          "X": -1.3764807,
          "Y": -0.233425736
        }
      ],
      "ColourThemeName": "Red"
    },
    {
      "Source": {
        "PinType": 4,
        "SubChipID": 1611991826,
        "PinID": 538958760
      },
      "Target": {
        "PinType": 3,
        "SubChipID": 1761891387,
        "PinID": 1228987160
      },
      "WirePoints": [
        {
          "X": 0.913519263,
          "Y": 0.246574283
        },
        {
          "X": 1.19759226,
          "Y": 0.09453815
        }
      ],
      "ColourThemeName": "Red"
    },
    {
      "Source": {
        "PinType": 4,
        "SubChipID": 1611991826,
        "PinID": 56216641
      },
      "Target": {
        "PinType": 3,
        "SubChipID": 1761891387,
        "PinID": 1532938496
      },
      "WirePoints": [
        {
          "X": 0.913519263,
          "Y": 0.006574258
        },
        {
          "X": 2.31481457,
          "Y": -0.185185075
        },
        {
          "X": 1.19759226,
          "Y": -0.145461857
        }
      ],
      "ColourThemeName": "Red"
    },
    {
      "Source": {
        "PinType": 4,
        "SubChipID": 1611991826,
        "PinID": 1892130134
      },
      "Target": {
        "PinType": 3,
        "SubChipID": 1761891387,
        "PinID": 1399204476
      },
      "WirePoints": [
        {
          "X": 0.913519263,
          "Y": -0.233425736
        },
        {
          "X": 1.19759226,
          "Y": -0.385461867
        }
      ],
      "ColourThemeName": "Red"
    },
    {
      "Source": {
        "PinType": 1,
        "SubChipID": 0,
        "PinID": 1790240673
      },
      "Target": {
        "PinType": 3,
        "SubChipID": 1761891387,
        "PinID": 184486127
      },
      "WirePoints": [
        {
          "X": -7.837778,
          "Y": -2.5
        },
        {
          "X": 1.19759226,
          "Y": -0.6254619
        }
      ],
      "ColourThemeName": "Red"
    },
    {
      "Source": {
        "PinType": 4,
        "SubChipID": 1528373855,
        "PinID": 178975953
      },
      "Target": {
        "PinType": 3,
        "SubChipID": 316328676,
        "PinID": 1532938496
      },
      "WirePoints": [
        {
          "X": -4.317962,
          "Y": 1.21509349
        },
        {
          "X": -3.72222233,
          "Y": 1.26851857
        },
        {
          "X": -3.65740752,
          "Y": 1.44444466
        },
        {
          "X": 1.29018474,
          "Y": 1.39768577
        }
      ],
      "ColourThemeName": "Red"
    },
    {
      "Source": {
        "PinType": 4,
        "SubChipID": 2105468743,
        "PinID": 178975953
      },
      "Target": {
        "PinType": 3,
        "SubChipID": 316328676,
        "PinID": 1399204476
      },
      "WirePoints": [
        {
          "X": -1.76240659,
          "Y": 0.8600931
        },
        {
          "X": -0.787037253,
          "Y": 0.888888836
        },
        {
          "X": -0.750000238,
          "Y": 1.21296287
        },
        {
          "X": 1.29018474,
          "Y": 1.15768576
        }
      ],
      "ColourThemeName": "Red"
    },
    {
      "Source": {
        "PinType": 4,
        "SubChipID": 1761891387,
        "PinID": 538958760
      },
      "Target": {
        "PinType": 3,
        "SubChipID": 1009797118,
        "PinID": 1228987160
      },
      "WirePoints": [
        {
          "X": 3.48759222,
          "Y": -0.145461857
        },
        {
          "X": 3.83647919,
          "Y": -0.217314422
        }
      ],
      "ColourThemeName": "Red"
    },
    {
      "Source": {
        "PinType": 4,
        "SubChipID": 1761891387,
        "PinID": 56216641
      },
      "Target": {
        "PinType": 3,
        "SubChipID": 1009797118,
        "PinID": 1532938496
      },
      "WirePoints": [
        {
          "X": 3.48759222,
          "Y": -0.385461867
        },
        {
          "X": 3.83647919,
          "Y": -0.457314432
        }
      ],
      "ColourThemeName": "Red"
    },
    {
      "Source": {
        "PinType": 4,
        "SubChipID": 1761891387,
        "PinID": 1892130134
      },
      "Target": {
        "PinType": 3,
        "SubChipID": 1009797118,
        "PinID": 1399204476
      },
      "WirePoints": [
        {
          "X": 3.48759222,
          "Y": -0.6254619
        },
        {
          "X": 3.83647919,
          "Y": -0.697314441
        }
      ],
      "ColourThemeName": "Red"
    },
    {
      "Source": {
        "PinType": 1,
        "SubChipID": 0,
        "PinID": 2036616789
      },
      "Target": {
        "PinType": 3,
        "SubChipID": 1009797118,
        "PinID": 184486127
      },
      "WirePoints": [
        {
          "X": -7.837778,
          "Y": -3.12962961
        },
        {
          "X": 3.83647919,
          "Y": -0.937314451
        }
      ],
      "ColourThemeName": "Red"
    },
    {
      "Source": {
        "PinType": 4,
        "SubChipID": 316328676,
        "PinID": 1892130134
      },
      "Target": {
        "PinType": 3,
        "SubChipID": 1899395957,
        "PinID": 1399204476
      },
      "WirePoints": [
        {
          "X": 3.5801847,
          "Y": 0.917685747
        },
        {
          "X": 3.95685148,
          "Y": 0.9077772
        }
      ],
      "ColourThemeName": "Red"
    },
    {
      "Source": {
        "PinType": 4,
        "SubChipID": 316328676,
        "PinID": 56216641
      },
      "Target": {
        "PinType": 3,
        "SubChipID": 1899395957,
        "PinID": 1532938496
      },
      "WirePoints": [
        {
          "X": 3.5801847,
          "Y": 1.15768576
        },
        {
          "X": 3.95685148,
          "Y": 1.1477772
        }
      ],
      "ColourThemeName": "Red"
    },
    {
      "Source": {
        "PinType": 4,
        "SubChipID": 316328676,
        "PinID": 538958760
      },
      "Target": {
        "PinType": 3,
        "SubChipID": 1899395957,
        "PinID": 1228987160
      },
      "WirePoints": [
        {
          "X": 3.5801847,
          "Y": 1.39768577
        },
        {
          "X": 3.95685148,
          "Y": 1.38777721
        }
      ],
      "ColourThemeName": "Red"
    },
    {
      "Source": {
        "PinType": 1,
        "SubChipID": 0,
        "PinID": 1507606675
      },
      "Target": {
        "PinType": 2,
        "SubChipID": 0,
        "PinID": 1998200023
      },
      "WirePoints": [
        {
          "X": -7.837778,
          "Y": -3.67592573
        },
        {
          "X": 7.837778,
          "Y": -3.88888884
        }
      ],
      "ColourThemeName": "Red"
    },
    {
      "Source": {
        "PinType": 4,
        "SubChipID": 1611991826,
        "PinID": 178975953
      },
      "Target": {
        "PinType": 3,
        "SubChipID": 316328676,
        "PinID": 184486127
      },
      "WirePoints": [
        {
          "X": 0.913519263,
          "Y": 0.4865743
        },
        {
          "X": 1.2407409,
          "Y": 0.537037253
        },
        {
          "X": 0.9259256,
          "Y": 0.92592597
        },
        {
          "X": 1.29018474,
          "Y": 0.917685747
        }
      ],
      "ColourThemeName": "Red"
    },
    {
      "Source": {
        "PinType": 4,
        "SubChipID": 1761891387,
        "PinID": 178975953
      },
      "Target": {
        "PinType": 3,
        "SubChipID": 1899395957,
        "PinID": 184486127
      },
      "WirePoints": [
        {
          "X": 3.48759222,
          "Y": 0.09453815
        },
        {
          "X": 3.75925922,
          "Y": 0.166666508
        },
        {
          "X": 3.70370364,
          "Y": 0.64814806
        },
        {
          "X": 3.95685148,
          "Y": 0.6677772
        }
      ],
      "ColourThemeName": "Red"
    },
    {
      "Source": {
        "PinType": 4,
        "SubChipID": 1009797118,
        "PinID": 1892130134
      },
      "Target": {
        "PinType": 2,
        "SubChipID": 0,
        "PinID": 605889431
      },
      "WirePoints": [
        {
          "X": 6.126479,
          "Y": -0.937314451
        },
        {
          "X": 7.837778,
          "Y": -3.333333
        }
      ],
      "ColourThemeName": "Red"
    },
    {
      "Source": {
        "PinType": 4,
        "SubChipID": 1009797118,
        "PinID": 56216641
      },
      "Target": {
        "PinType": 2,
        "SubChipID": 0,
        "PinID": 887408487
      },
      "WirePoints": [
        {
          "X": 6.126479,
          "Y": -0.697314441
        },
        {
          "X": 7.837778,
          "Y": -2.76851845
        }
      ],
      "ColourThemeName": "Red"
    },
    {
      "Source": {
        "PinType": 4,
        "SubChipID": 1009797118,
        "PinID": 538958760
      },
      "Target": {
        "PinType": 2,
        "SubChipID": 0,
        "PinID": 600276661
      },
      "WirePoints": [
        {
          "X": 6.126479,
          "Y": -0.457314432
        },
        {
          "X": 7.837778,
          "Y": -2.12962961
        }
      ],
      "ColourThemeName": "Red"
    },
    {
      "Source": {
        "PinType": 4,
        "SubChipID": 1009797118,
        "PinID": 178975953
      },
      "Target": {
        "PinType": 2,
        "SubChipID": 0,
        "PinID": 1504072162
      },
      "WirePoints": [
        {
          "X": 6.126479,
          "Y": -0.217314422
        },
        {
          "X": 7.837778,
          "Y": -1.21296287
        }
      ],
      "ColourThemeName": "Red"
    },
    {
      "Source": {
        "PinType": 4,
        "SubChipID": 1899395957,
        "PinID": 1892130134
      },
      "Target": {
        "PinType": 2,
        "SubChipID": 0,
        "PinID": 1901205113
      },
      "WirePoints": [
        {
          "X": 6.24685144,
          "Y": 0.6677772
        },
        {
          "X": 7.837778,
          "Y": -0.5277777
        }
      ],
      "ColourThemeName": "Red"
    },
    {
      "Source": {
        "PinType": 4,
        "SubChipID": 1899395957,
        "PinID": 56216641
      },
      "Target": {
        "PinType": 2,
        "SubChipID": 0,
        "PinID": 924481260
      },
      "WirePoints": [
        {
          "X": 6.24685144,
          "Y": 0.9077772
        },
        {
          "X": 7.837778,
          "Y": 0.175926089
        }
      ],
      "ColourThemeName": "Red"
    },
    {
      "Source": {
        "PinType": 4,
        "SubChipID": 1899395957,
        "PinID": 538958760
      },
      "Target": {
        "PinType": 2,
        "SubChipID": 0,
        "PinID": 868353119
      },
      "WirePoints": [
        {
          "X": 6.24685144,
          "Y": 1.1477772
        },
        {
          "X": 7.837778,
          "Y": 0.796296
        }
      ],
      "ColourThemeName": "Red"
    },
    {
      "Source": {
        "PinType": 4,
        "SubChipID": 1899395957,
        "PinID": 178975953
      },
      "Target": {
        "PinType": 2,
        "SubChipID": 0,
        "PinID": 1132133122
      },
      "WirePoints": [
        {
          "X": 6.24685144,
          "Y": 1.38777721
        },
        {
          "X": 7.837778,
          "Y": 1.86111093
        }
      ],
      "ColourThemeName": "Red"
    },
    {
      "Source": {
        "PinType": 4,
        "SubChipID": 316328676,
        "PinID": 178975953
      },
      "Target": {
        "PinType": 2,
        "SubChipID": 0,
        "PinID": 4900231
      },
      "WirePoints": [
        {
          "X": 3.5801847,
          "Y": 1.63768578
        },
        {
          "X": 4.425926,
          "Y": 1.81481481
        },
        {
          "X": 4.777778,
          "Y": 2.37037063
        },
        {
          "X": 7.837778,
          "Y": 2.46296287
        }
      ],
      "ColourThemeName": "Red"
    }
  ]
}