{
  "Name": "CarryGen",
  "Colour": "#A1AA6B",
  "InputPins": [
    {
      "Name": "Out15",
      "ID": 717397980,
      "PositionY": 4.5,
      "ColourThemeName": "Red"
    },
    {
      "Name": "Out14",
      "ID": 158802945,
      "PositionY": 4.009259,
      "ColourThemeName": "Red"
    },
    {
      "Name": "Out13",
      "ID": 1318645671,
      "PositionY": 3.52777767,
      "ColourThemeName": "Red"
    },
    {
      "Name": "Out12",
      "ID": 451191071,
      "PositionY": 3.01851869,
      "ColourThemeName": "Red"
    },
    {
      "Name": "Out11",
      "ID": 1630267397,
      "PositionY": 2.268519,
      "ColourThemeName": "Red"
    },
    {
      "Name": "Out10",
      "ID": 1488418754,
      "PositionY": 1.81481481,
      "ColourThemeName": "Red"
    },
    {
      "Name": "Out9",
      "ID": 376446018,
      "PositionY": 1.41666651,
      "ColourThemeName": "Red"
    },
    {
      "Name": "Out8",
      "ID": 347888173,
      "PositionY": 1.00925922,
      "ColourThemeName": "Red"
    },
    {
      "Name": "cout",
      "ID": 2086081883,
      "PositionY": -0.444444418,
      "ColourThemeName": "Red"
    },
    {
      "Name": "Key3",
      "ID": 978029180,
      "PositionY": -1.796296,
      "ColourThemeName": "Red"
    },
    {
      "Name": "Key2",
      "ID": 358238888,
      "PositionY": -2.314815,
      "ColourThemeName": "Red"
    }
  ],
  "OutputPins": [
    {
      "Name": "carry",
      "ID": 1674978136,
      "PositionY": 0.138888955,
      "ColourThemeName": "Red"
    },
    {
      "Name": "Divcarry/over",
      "ID": 1411402795,
      "PositionY": 2.1018517,
      "ColourThemeName": "Red"
    }
  ],
  "SubChips": [
    {
      "Name": "NOR",
      "ID": 90439901,
      "Points": [
        {
          "X": -4.00000048,
          "Y": -2.19444466
        }
      ],
      "Data": null
    },
    {
      "Name": "AND",
      "ID": 34296492,
      "Points": [
        {
          "X": -2.02777767,
          "Y": -1.93518519
        }
      ],
      "Data": null
    },
    {
      "Name": "AND",
      "ID": 1293816869,
      "Points": [
        {
          "X": -4.78703737,
          "Y": -0.3425926
        }
      ],
      "Data": null
    },
    {
      "Name": "OR",
      "ID": 71966082,
      "Points": [
        {
          "X": -6.3055563,
          "Y": 3.844907
        }
      ],
      "Data": null
    },
    {
      "Name": "OR",
      "ID": 1421654886,
      "Points": [
        {
          "X": -6.3055563,
          "Y": 3.21990728
        }
      ],
      "Data": null
    },
    {
      "Name": "OR",
      "ID": 1807282871,
      "Points": [
        {
          "X": -6.3055563,
          "Y": 2.59490728
        }
      ],
      "Data": null
    },
    {
      "Name": "OR",
      "ID": 1136290380,
      "Points": [
        {
          "X": -6.3055563,
          "Y": 1.96990752
        }
      ],
      "Data": null
    },
    {
      "Name": "OR",
      "ID": 1429680948,
      "Points": [
        {
          "X": -4.68518543,
          "Y": 3.15509272
        }
      ],
      "Data": null
    },
    {
      "Name": "OR",
      "ID": 1358118354,
      "Points": [
        {
          "X": -4.68518543,
          "Y": 2.53009272
        }
      ],
      "Data": null
    },
    {
      "Name": "AND",
      "ID": 1521821455,
      "Points": [
        {
          "X": -1.09259236,
          "Y": 2.33333349
        }
      ],
      "Data": null
    },
    {
      "Name": "OR",
      "ID": 455186305,
      "Points": [
        {
          "X": -3.26851869,
          "Y": 2.814815
        }
      ],
      "Data": null
    }
  ],
  "Connections": [
    {
      "Source": {
        "PinType": 1,
        "SubChipID": 0,
        "PinID": 358238888
      },
      "Target": {
        "PinType": 3,
        "SubChipID": 90439901,
        "PinID": 823668792
      },
      "WirePoints": [
        {
          "X": -7.837778,
          "Y": -2.314815
        },
        {
          "X": -4.55000067,
          "Y": -2.31444454
        }
      ],
      "ColourThemeName": "Red"
    },
    {
      "Source": {
        "PinType": 1,
        "SubChipID": 0,
        "PinID": 978029180
      },
      "Target": {
        "PinType": 3,
        "SubChipID": 90439901,
        "PinID": 277647251
      },
      "WirePoints": [
        {
          "X": -7.837778,
          "Y": -1.796296
        },
        {
          "X": -4.55000067,
          "Y": -2.07444477
        }
      ],
      "ColourThemeName": "Red"
    },
    {
      "Source": {
        "PinType": 4,
        "SubChipID": 90439901,
        "PinID": 1165047784
      },
      "Target": {
        "PinType": 3,
        "SubChipID": 34296492,
        "PinID": 1
      },
      "WirePoints": [
        {
          "X": -3.45000052,
          "Y": -2.19444466
        },
        {
          "X": -2.57777762,
          "Y": -2.055185
        }
      ],
      "ColourThemeName": "Red"
    },
    {
      "Source": {
        "PinType": 1,
        "SubChipID": 0,
        "PinID": 2086081883
      },
      "Target": {
        "PinType": 3,
        "SubChipID": 34296492,
        "PinID": 0
      },
      "WirePoints": [
        {
          "X": -7.837778,
          "Y": -0.444444418
        },
        {
          "X": -2.57777762,
          "Y": -1.81518519
        }
      ],
      "ColourThemeName": "Red"
    },
    {
      "Source": {
        "PinType": 1,
        "SubChipID": 0,
        "PinID": 978029180
      },
      "Target": {
        "PinType": 3,
        "SubChipID": 1293816869,
        "PinID": 0
      },
      "WirePoints": [
        {
          "X": -7.837778,
          "Y": -1.796296
        },
        {
          "X": -5.33703756,
          "Y": -0.222592592
        }
      ],
      "ColourThemeName": "Red"
    },
    {
      "Source": {
        "PinType": 1,
        "SubChipID": 0,
        "PinID": 358238888
      },
      "Target": {
        "PinType": 3,
        "SubChipID": 1293816869,
        "PinID": 1
      },
      "WirePoints": [
        {
          "X": -7.837778,
          "Y": -2.314815
        },
        {
          "X": -5.33703756,
          "Y": -0.4625926
        }
      ],
      "ColourThemeName": "Red"
    },
    {
      "Source": {
        "PinType": 1,
        "SubChipID": 0,
        "PinID": 717397980
      },
      "Target": {
        "PinType": 3,
        "SubChipID": 71966082,
        "PinID": 1672340165
      },
      "WirePoints": [
        {
          "X": -7.837778,
          "Y": 4.5
        },
        {
          "X": -6.755556,
          "Y": 3.964907
        }
      ],
      "ColourThemeName": "Red"
    },
    {
      "Source": {
        "PinType": 1,
        "SubChipID": 0,
        "PinID": 158802945
      },
      "Target": {
        "PinType": 3,
        "SubChipID": 71966082,
        "PinID": 498880847
      },
      "WirePoints": [
        {
          "X": -7.837778,
          "Y": 4.009259
        },
        {
          "X": -6.755556,
          "Y": 3.72490716
        }
      ],
      "ColourThemeName": "Red"
    },
    {
      "Source": {
        "PinType": 1,
        "SubChipID": 0,
        "PinID": 1318645671
      },
      "Target": {
        "PinType": 3,
        "SubChipID": 1421654886,
        "PinID": 1672340165
      },
      "WirePoints": [
        {
          "X": -7.837778,
          "Y": 3.52777767
        },
        {
          "X": -6.755556,
          "Y": 3.33990717
        }
      ],
      "ColourThemeName": "Red"
    },
    {
      "Source": {
        "PinType": 1,
        "SubChipID": 0,
        "PinID": 451191071
      },
      "Target": {
        "PinType": 3,
        "SubChipID": 1421654886,
        "PinID": 498880847
      },
      "WirePoints": [
        {
          "X": -7.837778,
          "Y": 3.01851869
        },
        {
          "X": -6.755556,
          "Y": 3.0999074
        }
      ],
      "ColourThemeName": "Red"
    },
    {
      "Source": {
        "PinType": 1,
        "SubChipID": 0,
        "PinID": 1630267397
      },
      "Target": {
        "PinType": 3,
        "SubChipID": 1807282871,
        "PinID": 1672340165
      },
      "WirePoints": [
        {
          "X": -7.837778,
          "Y": 2.268519
        },
        {
          "X": -6.755556,
          "Y": 2.71490717
        }
      ],
      "ColourThemeName": "Red"
    },
    {
      "Source": {
        "PinType": 1,
        "SubChipID": 0,
        "PinID": 1488418754
      },
      "Target": {
        "PinType": 3,
        "SubChipID": 1807282871,
        "PinID": 498880847
      },
      "WirePoints": [
        {
          "X": -7.837778,
          "Y": 1.81481481
        },
        {
          "X": -6.755556,
          "Y": 2.4749074
        }
      ],
      "ColourThemeName": "Red"
    },
    {
      "Source": {
        "PinType": 1,
        "SubChipID": 0,
        "PinID": 376446018
      },
      "Target": {
        "PinType": 3,
        "SubChipID": 1136290380,
        "PinID": 1672340165
      },
      "WirePoints": [
        {
          "X": -7.837778,
          "Y": 1.41666651
        },
        {
          "X": -6.851852,
          "Y": 2.15740728
        },
        {
          "X": -6.755556,
          "Y": 2.08990741
        }
      ],
      "ColourThemeName": "Red"
    },
    {
      "Source": {
        "PinType": 1,
        "SubChipID": 0,
        "PinID": 347888173
      },
      "Target": {
        "PinType": 3,
        "SubChipID": 1136290380,
        "PinID": 498880847
      },
      "WirePoints": [
        {
          "X": -7.837778,
          "Y": 1.00925922
        },
        {
          "X": -6.755556,
          "Y": 1.84990752
        }
      ],
      "ColourThemeName": "Red"
    },
    {
      "Source": {
        "PinType": 4,
        "SubChipID": 71966082,
        "PinID": 1118056934
      },
      "Target": {
        "PinType": 3,
        "SubChipID": 1429680948,
        "PinID": 1672340165
      },
      "WirePoints": [
        {
          "X": -5.85555649,
          "Y": 3.844907
        },
        {
          "X": -5.13518524,
          "Y": 3.2750926
        }
      ],
      "ColourThemeName": "Red"
    },
    {
      "Source": {
        "PinType": 4,
        "SubChipID": 1421654886,
        "PinID": 1118056934
      },
      "Target": {
        "PinType": 3,
        "SubChipID": 1429680948,
        "PinID": 498880847
      },
      "WirePoints": [
        {
          "X": -5.85555649,
          "Y": 3.21990728
        },
        {
          "X": -5.13518524,
          "Y": 3.03509283
        }
      ],
      "ColourThemeName": "Red"
    },
    {
      "Source": {
        "PinType": 4,
        "SubChipID": 1807282871,
        "PinID": 1118056934
      },
      "Target": {
        "PinType": 3,
        "SubChipID": 1358118354,
        "PinID": 1672340165
      },
      "WirePoints": [
        {
          "X": -5.85555649,
          "Y": 2.59490728
        },
        {
          "X": -5.13518524,
          "Y": 2.6500926
        }
      ],
      "ColourThemeName": "Red"
    },
    {
      "Source": {
        "PinType": 4,
        "SubChipID": 1136290380,
        "PinID": 1118056934
      },
      "Target": {
        "PinType": 3,
        "SubChipID": 1358118354,
        "PinID": 498880847
      },
      "WirePoints": [
        {
          "X": -5.85555649,
          "Y": 1.96990752
        },
        {
          "X": -5.13518524,
          "Y": 2.41009283
        }
      ],
      "ColourThemeName": "Red"
    },
    {
      "Source": {
        "PinType": 4,
        "SubChipID": 1293816869,
        "PinID": 2
      },
      "Target": {
        "PinType": 3,
        "SubChipID": 1521821455,
        "PinID": 1
      },
      "WirePoints": [
        {
          "X": -4.237037,
          "Y": -0.3425926
        },
        {
          "X": -1.64259243,
          "Y": 2.21333361
        }
      ],
      "ColourThemeName": "Red"
    },
    {
      "Source": {
        "PinType": 4,
        "SubChipID": 455186305,
        "PinID": 1118056934
      },
      "Target": {
        "PinType": 3,
        "SubChipID": 1521821455,
        "PinID": 0
      },
      "WirePoints": [
        {
          "X": -2.81851864,
          "Y": 2.814815
        },
        {
          "X": -1.64259243,
          "Y": 2.45333338
        }
      ],
      "ColourThemeName": "Red"
    },
    {
      "Source": {
        "PinType": 4,
        "SubChipID": 1358118354,
        "PinID": 1118056934
      },
      "Target": {
        "PinType": 3,
        "SubChipID": 455186305,
        "PinID": 498880847
      },
      "WirePoints": [
        {
          "X": -4.23518562,
          "Y": 2.53009272
        },
        {
          "X": -3.71851873,
          "Y": 2.69481516
        }
      ],
      "ColourThemeName": "Red"
    },
    {
      "Source": {
        "PinType": 4,
        "SubChipID": 1429680948,
        "PinID": 1118056934
      },
      "Target": {
        "PinType": 3,
        "SubChipID": 455186305,
        "PinID": 1672340165
      },
      "WirePoints": [
        {
          "X": -4.23518562,
          "Y": 3.15509272
        },
        {
          "X": -3.71851873,
          "Y": 2.934815
        }
      ],
      "ColourThemeName": "Red"
    },
    {
      "Source": {
        "PinType": 4,
        "SubChipID": 1521821455,
        "PinID": 2
      },
      "Target": {
        "PinType": 2,
        "SubChipID": 0,
        "PinID": 1411402795
      },
      "WirePoints": [
        {
          "X": -0.542592347,
          "Y": 2.33333349
        },
        {
          "X": 1.18030548,
          "Y": 2.38486552
        },
        {
          "X": 7.837778,
          "Y": 2.1018517
        }
      ],
      "ColourThemeName": "Red"
    },
    {
      "Source": {
        "PinType": 4,
        "SubChipID": 34296492,
        "PinID": 2
      },
      "Target": {
        "PinType": 2,
        "SubChipID": 0,
        "PinID": 1674978136
      },
      "WirePoints": [
        {
          "X": -1.47777772,
          "Y": -1.93518519
        },
        {
          "X": -1.35185194,
          "Y": -1.87962949
        },
        {
          "X": 7.837778,
          "Y": 0.138888955
        }
      ],
      "ColourThemeName": "Red"
    }
  ],
  "ChipSize": 10.3999958
}