{
  "Name": "DeMux",
  "Colour": "#B63B9D",
  "InputPins": [
    {
      "Name": "Pin",
      "ID": 1510971749,
      "PositionY": 4.305556,
      "ColourThemeName": "Red"
    },
    {
      "Name": "Pin",
      "ID": 122472005,
      "PositionY": 3.78703713,
      "ColourThemeName": "Red"
    },
    {
      "Name": "Pin",
      "ID": 973199545,
      "PositionY": 3.435185,
      "ColourThemeName": "Red"
    },
    {
      "Name": "Pin",
      "ID": 604209881,
      "PositionY": 2.95370388,
      "ColourThemeName": "Red"
    },
    {
      "Name": "Pin",
      "ID": 293643656,
      "PositionY": 2.52777767,
      "ColourThemeName": "Red"
    },
    {
      "Name": "Pin",
      "ID": 1228844851,
      "PositionY": 2.12962985,
      "ColourThemeName": "Red"
    },
    {
      "Name": "Pin",
      "ID": 1955894111,
      "PositionY": 1.69444442,
      "ColourThemeName": "Red"
    },
    {
      "Name": "Pin",
      "ID": 1303361225,
      "PositionY": 1.22222245,
      "ColourThemeName": "Red"
    },
    {
      "Name": "Pin",
      "ID": 1724256216,
      "PositionY": -1.1018517,
      "ColourThemeName": "Red"
    }
  ],
  "OutputPins": [
    {
      "Name": "Pin",
      "ID": 1159281663,
      "PositionY": 4.351852,
      "ColourThemeName": "Red"
    },
    {
      "Name": "Pin",
      "ID": 1911617338,
      "PositionY": 3.851852,
      "ColourThemeName": "Red"
    },
    {
      "Name": "Pin",
      "ID": 1916899633,
      "PositionY": 3.41666651,
      "ColourThemeName": "Red"
    },
    {
      "Name": "Pin",
      "ID": 1862910401,
      "PositionY": 2.99074054,
      "ColourThemeName": "Red"
    },
    {
      "Name": "Pin",
      "ID": 1703149508,
      "PositionY": 2.48148155,
      "ColourThemeName": "Red"
    },
    {
      "Name": "Pin",
      "ID": 1880023547,
      "PositionY": 2.1018517,
      "ColourThemeName": "Red"
    },
    {
      "Name": "Pin",
      "ID": 1118158386,
      "PositionY": 1.703704,
      "ColourThemeName": "Red"
    },
    {
      "Name": "Pin",
      "ID": 364568466,
      "PositionY": 1.22222245,
      "ColourThemeName": "Red"
    },
    {
      "Name": "Pin",
      "ID": 543235860,
      "PositionY": 0.37037015,
      "ColourThemeName": "Red"
    },
    {
      "Name": "Pin",
      "ID": 1581612256,
      "PositionY": 0.0185185671,
      "ColourThemeName": "Red"
    },
    {
      "Name": "Pin",
      "ID": 1801234097,
      "PositionY": -0.416666567,
      "ColourThemeName": "Red"
    },
    {
      "Name": "Pin",
      "ID": 1839593036,
      "PositionY": -0.833333433,
      "ColourThemeName": "Red"
    },
    {
      "Name": "Pin",
      "ID": 27238935,
      "PositionY": -1.35185182,
      "ColourThemeName": "Red"
    },
    {
      "Name": "Pin",
      "ID": 264368701,
      "PositionY": -1.74796271,
      "ColourThemeName": "Red"
    },
    {
      "Name": "Pin",
      "ID": 1131119873,
      "PositionY": -2.16962934,
      "ColourThemeName": "Red"
    },
    {
      "Name": "Pin",
      "ID": 1136398080,
      "PositionY": -2.6370368,
      "ColourThemeName": "Red"
    }
  ],
  "SubChips": [
    {
      "Name": "NOT",
      "ID": 1530811291,
      "Points": [
        {
          "X": -5.34259272,
          "Y": -1.25
        }
      ],
      "Data": null
    },
    {
      "Name": "AND",
      "ID": 1062522691,
      "Points": [
        {
          "X": -2.17592621,
          "Y": 4.53935051
        }
      ],
      "Data": null
    },
    {
      "Name": "AND",
      "ID": 488384408,
      "Points": [
        {
          "X": -2.17592621,
          "Y": 3.914351
        }
      ],
      "Data": null
    },
    {
      "Name": "AND",
      "ID": 1793781508,
      "Points": [
        {
          "X": -2.17592621,
          "Y": 3.28935146
        }
      ],
      "Data": null
    },
    {
      "Name": "AND",
      "ID": 775556895,
      "Points": [
        {
          "X": -2.17592621,
          "Y": 2.6643517
        }
      ],
      "Data": null
    },
    {
      "Name": "AND",
      "ID": 1563910979,
      "Points": [
        {
          "X": -2.17592621,
          "Y": 2.03935218
        }
      ],
      "Data": null
    },
    {
      "Name": "AND",
      "ID": 1775689397,
      "Points": [
        {
          "X": -2.17592621,
          "Y": 1.41435254
        }
      ],
      "Data": null
    },
    {
      "Name": "AND",
      "ID": 1621544784,
      "Points": [
        {
          "X": -2.17592621,
          "Y": 0.7893529
        }
      ],
      "Data": null
    },
    {
      "Name": "AND",
      "ID": 941979291,
      "Points": [
        {
          "X": -2.17592621,
          "Y": 0.164353371
        }
      ],
      "Data": null
    },
    {
      "Name": "AND",
      "ID": 1006013760,
      "Points": [
        {
          "X": -1.88370419,
          "Y": -1.71601939
        }
      ],
      "Data": null
    },
    {
      "Name": "AND",
      "ID": 335850798,
      "Points": [
        {
          "X": -1.88370419,
          "Y": -2.34101963
        }
      ],
      "Data": null
    },
    {
      "Name": "AND",
      "ID": 527508242,
      "Points": [
        {
          "X": -1.88370419,
          "Y": -2.96601963
        }
      ],
      "Data": null
    },
    {
      "Name": "AND",
      "ID": 1943970596,
      "Points": [
        {
          "X": -1.88370419,
          "Y": -3.59101963
        }
      ],
      "Data": null
    },
    {
      "Name": "AND",
      "ID": 1315869617,
      "Points": [
        {
          "X": -1.88370419,
          "Y": -4.21601963
        }
      ],
      "Data": null
    },
    {
      "Name": "AND",
      "ID": 741811210,
      "Points": [
        {
          "X": -1.88370419,
          "Y": -4.82676029
        }
      ],
      "Data": null
    },
    {
      "Name": "AND",
      "ID": 119770392,
      "Points": [
        {
          "X": -1.88370419,
          "Y": -5.46601963
        }
      ],
      "Data": null
    },
    {
      "Name": "AND",
      "ID": 723753310,
      "Points": [
        {
          "X": -1.88370419,
          "Y": -6.09101963
        }
      ],
      "Data": null
    }
  ],
  "Connections": [
    {
      "Source": {
        "PinType": 1,
        "SubChipID": 0,
        "PinID": 1724256216
      },
      "Target": {
        "PinType": 3,
        "SubChipID": 1530811291,
        "PinID": 0
      },
      "WirePoints": [
        {
          "X": -12.6377811,
          "Y": -1.1018517
        },
        {
          "X": -5.892593,
          "Y": -1.25
        }
      ],
      "ColourThemeName": "Red"
    },
    {
      "Source": {
        "PinType": 1,
        "SubChipID": 0,
        "PinID": 1510971749
      },
      "Target": {
        "PinType": 3,
        "SubChipID": 1062522691,
        "PinID": 0
      },
      "WirePoints": [
        {
          "X": -12.6377811,
          "Y": 4.305556
        },
        {
          "X": -2.72592616,
          "Y": 4.6593504
        }
      ],
      "ColourThemeName": "Red"
    },
    {
      "Source": {
        "PinType": 1,
        "SubChipID": 0,
        "PinID": 122472005
      },
      "Target": {
        "PinType": 3,
        "SubChipID": 488384408,
        "PinID": 0
      },
      "WirePoints": [
        {
          "X": -12.6377811,
          "Y": 3.78703713
        },
        {
          "X": -2.72592616,
          "Y": 4.034351
        }
      ],
      "ColourThemeName": "Red"
    },
    {
      "Source": {
        "PinType": 1,
        "SubChipID": 0,
        "PinID": 973199545
      },
      "Target": {
        "PinType": 3,
        "SubChipID": 1793781508,
        "PinID": 0
      },
      "WirePoints": [
        {
          "X": -12.6377811,
          "Y": 3.435185
        },
        {
          "X": -2.72592616,
          "Y": 3.40935135
        }
      ],
      "ColourThemeName": "Red"
    },
    {
      "Source": {
        "PinType": 1,
        "SubChipID": 0,
        "PinID": 604209881
      },
      "Target": {
        "PinType": 3,
        "SubChipID": 775556895,
        "PinID": 0
      },
      "WirePoints": [
        {
          "X": -12.6377811,
          "Y": 2.95370388
        },
        {
          "X": -2.72592616,
          "Y": 2.78435159
        }
      ],
      "ColourThemeName": "Red"
    },
    {
      "Source": {
        "PinType": 1,
        "SubChipID": 0,
        "PinID": 293643656
      },
      "Target": {
        "PinType": 3,
        "SubChipID": 1563910979,
        "PinID": 0
      },
      "WirePoints": [
        {
          "X": -12.6377811,
          "Y": 2.52777767
        },
        {
          "X": -2.72592616,
          "Y": 2.159352
        }
      ],
      "ColourThemeName": "Red"
    },
    {
      "Source": {
        "PinType": 1,
        "SubChipID": 0,
        "PinID": 1228844851
      },
      "Target": {
        "PinType": 3,
        "SubChipID": 1775689397,
        "PinID": 0
      },
      "WirePoints": [
        {
          "X": -12.6377811,
          "Y": 2.12962985
        },
        {
          "X": -2.72592616,
          "Y": 1.53435254
        }
      ],
      "ColourThemeName": "Red"
    },
    {
      "Source": {
        "PinType": 1,
        "SubChipID": 0,
        "PinID": 1955894111
      },
      "Target": {
        "PinType": 3,
        "SubChipID": 1621544784,
        "PinID": 0
      },
      "WirePoints": [
        {
          "X": -12.6377811,
          "Y": 1.69444442
        },
        {
          "X": -2.72592616,
          "Y": 0.9093529
        }
      ],
      "ColourThemeName": "Red"
    },
    {
      "Source": {
        "PinType": 1,
        "SubChipID": 0,
        "PinID": 1303361225
      },
      "Target": {
        "PinType": 3,
        "SubChipID": 941979291,
        "PinID": 0
      },
      "WirePoints": [
        {
          "X": -12.6377811,
          "Y": 1.22222245
        },
        {
          "X": -2.72592616,
          "Y": 0.284353375
        }
      ],
      "ColourThemeName": "Red"
    },
    {
      "Source": {
        "PinType": 4,
        "SubChipID": 1530811291,
        "PinID": 1
      },
      "Target": {
        "PinType": 3,
        "SubChipID": 1062522691,
        "PinID": 1
      },
      "WirePoints": [
        {
          "X": -4.79259253,
          "Y": -1.25
        },
        {
          "X": -3.01851869,
          "Y": -1.12962961
        },
        {
          "X": -3.00925946,
          "Y": 4.36111069
        },
        {
          "X": -2.72592616,
          "Y": 4.41935062
        }
      ],
      "ColourThemeName": "Red"
    },
    {
      "Source": {
        "PinType": 4,
        "SubChipID": 1530811291,
        "PinID": 1
      },
      "Target": {
        "PinType": 3,
        "SubChipID": 488384408,
        "PinID": 1
      },
      "WirePoints": [
        {
          "X": -4.79259253,
          "Y": -1.25
        },
        {
          "X": -3.01851869,
          "Y": -1.12962961
        },
        {
          "X": -3.01038361,
          "Y": 3.69446135
        },
        {
          "X": -2.72592616,
          "Y": 3.794351
        }
      ],
      "ColourThemeName": "Red"
    },
    {
      "Source": {
        "PinType": 4,
        "SubChipID": 1530811291,
        "PinID": 1
      },
      "Target": {
        "PinType": 3,
        "SubChipID": 1793781508,
        "PinID": 1
      },
      "WirePoints": [
        {
          "X": -4.79259253,
          "Y": -1.25
        },
        {
          "X": -3.01851869,
          "Y": -1.12962961
        },
        {
          "X": -3.011461,
          "Y": 3.055575
        },
        {
          "X": -2.72592616,
          "Y": 3.16935158
        }
      ],
      "ColourThemeName": "Red"
    },
    {
      "Source": {
        "PinType": 4,
        "SubChipID": 1530811291,
        "PinID": 1
      },
      "Target": {
        "PinType": 3,
        "SubChipID": 775556895,
        "PinID": 1
      },
      "WirePoints": [
        {
          "X": -4.79259253,
          "Y": -1.25
        },
        {
          "X": -3.01851869,
          "Y": -1.12962961
        },
        {
          "X": -3.0126164,
          "Y": 2.37046981
        },
        {
          "X": -2.72592616,
          "Y": 2.54435182
        }
      ],
      "ColourThemeName": "Red"
    },
    {
      "Source": {
        "PinType": 4,
        "SubChipID": 1530811291,
        "PinID": 1
      },
      "Target": {
        "PinType": 3,
        "SubChipID": 1563910979,
        "PinID": 1
      },
      "WirePoints": [
        {
          "X": -4.79259253,
          "Y": -1.25
        },
        {
          "X": -3.01851869,
          "Y": -1.12962961
        },
        {
          "X": -3.01355338,
          "Y": 1.81483769
        },
        {
          "X": -2.72592616,
          "Y": 1.91935217
        }
      ],
      "ColourThemeName": "Red"
    },
    {
      "Source": {
        "PinType": 4,
        "SubChipID": 1530811291,
        "PinID": 1
      },
      "Target": {
        "PinType": 3,
        "SubChipID": 1775689397,
        "PinID": 1
      },
      "WirePoints": [
        {
          "X": -4.79259253,
          "Y": -1.25
        },
        {
          "X": -3.01851869,
          "Y": -1.12962961
        },
        {
          "X": -3.1111114,
          "Y": 1.27777755
        },
        {
          "X": -2.72592616,
          "Y": 1.29435253
        }
      ],
      "ColourThemeName": "Red"
    },
    {
      "Source": {
        "PinType": 4,
        "SubChipID": 1530811291,
        "PinID": 1
      },
      "Target": {
        "PinType": 3,
        "SubChipID": 1621544784,
        "PinID": 1
      },
      "WirePoints": [
        {
          "X": -4.79259253,
          "Y": -1.25
        },
        {
          "X": -3.01851869,
          "Y": -1.12962961
        },
        {
          "X": -3.08723164,
          "Y": 0.6569016
        },
        {
          "X": -2.72592616,
          "Y": 0.6693529
        }
      ],
      "ColourThemeName": "Red"
    },
    {
      "Source": {
        "PinType": 4,
        "SubChipID": 1530811291,
        "PinID": 1
      },
      "Target": {
        "PinType": 3,
        "SubChipID": 941979291,
        "PinID": 1
      },
      "WirePoints": [
        {
          "X": -4.79259253,
          "Y": -1.25
        },
        {
          "X": -3.01851869,
          "Y": -1.12962961
        },
        {
          "X": -3.06366634,
          "Y": 0.04420364
        },
        {
          "X": -2.72592616,
          "Y": 0.0443533733
        }
      ],
      "ColourThemeName": "Red"
    },
    {
      "Source": {
        "PinType": 4,
        "SubChipID": 1062522691,
        "PinID": 2
      },
      "Target": {
        "PinType": 2,
        "SubChipID": 0,
        "PinID": 1159281663
      },
      "WirePoints": [
        {
          "X": -1.62592626,
          "Y": 4.53935051
        },
        {
          "X": 12.6377811,
          "Y": 4.351852
        }
      ],
      "ColourThemeName": "Red"
    },
    {
      "Source": {
        "PinType": 4,
        "SubChipID": 488384408,
        "PinID": 2
      },
      "Target": {
        "PinType": 2,
        "SubChipID": 0,
        "PinID": 1911617338
      },
      "WirePoints": [
        {
          "X": -1.62592626,
          "Y": 3.914351
        },
        {
          "X": 12.6377811,
          "Y": 3.851852
        }
      ],
      "ColourThemeName": "Red"
    },
    {
      "Source": {
        "PinType": 4,
        "SubChipID": 1793781508,
        "PinID": 2
      },
      "Target": {
        "PinType": 2,
        "SubChipID": 0,
        "PinID": 1916899633
      },
      "WirePoints": [
        {
          "X": -1.62592626,
          "Y": 3.28935146
        },
        {
          "X": 12.6377811,
          "Y": 3.41666651
        }
      ],
      "ColourThemeName": "Red"
    },
    {
      "Source": {
        "PinType": 4,
        "SubChipID": 775556895,
        "PinID": 2
      },
      "Target": {
        "PinType": 2,
        "SubChipID": 0,
        "PinID": 1862910401
      },
      "WirePoints": [
        {
          "X": -1.62592626,
          "Y": 2.6643517
        },
        {
          "X": 12.6377811,
          "Y": 2.99074054
        }
      ],
      "ColourThemeName": "Red"
    },
    {
      "Source": {
        "PinType": 4,
        "SubChipID": 1563910979,
        "PinID": 2
      },
      "Target": {
        "PinType": 2,
        "SubChipID": 0,
        "PinID": 1703149508
      },
      "WirePoints": [
        {
          "X": -1.62592626,
          "Y": 2.03935218
        },
        {
          "X": 12.6377811,
          "Y": 2.48148155
        }
      ],
      "ColourThemeName": "Red"
    },
    {
      "Source": {
        "PinType": 4,
        "SubChipID": 1775689397,
        "PinID": 2
      },
      "Target": {
        "PinType": 2,
        "SubChipID": 0,
        "PinID": 1880023547
      },
      "WirePoints": [
        {
          "X": -1.62592626,
          "Y": 1.41435254
        },
        {
          "X": 12.6377811,
          "Y": 2.1018517
        }
      ],
      "ColourThemeName": "Red"
    },
    {
      "Source": {
        "PinType": 4,
        "SubChipID": 1621544784,
        "PinID": 2
      },
      "Target": {
        "PinType": 2,
        "SubChipID": 0,
        "PinID": 1118158386
      },
      "WirePoints": [
        {
          "X": -1.62592626,
          "Y": 0.7893529
        },
        {
          "X": 12.6377811,
          "Y": 1.703704
        }
      ],
      "ColourThemeName": "Red"
    },
    {
      "Source": {
        "PinType": 4,
        "SubChipID": 941979291,
        "PinID": 2
      },
      "Target": {
        "PinType": 2,
        "SubChipID": 0,
        "PinID": 364568466
      },
      "WirePoints": [
        {
          "X": -1.62592626,
          "Y": 0.164353371
        },
        {
          "X": 12.6377811,
          "Y": 1.22222245
        }
      ],
      "ColourThemeName": "Red"
    },
    {
      "Source": {
        "PinType": 4,
        "SubChipID": 1006013760,
        "PinID": 2
      },
      "Target": {
        "PinType": 2,
        "SubChipID": 0,
        "PinID": 543235860
      },
      "WirePoints": [
        {
          "X": -1.33370423,
          "Y": -1.71601939
        },
        {
          "X": 12.6377811,
          "Y": 0.37037015
        }
      ],
      "ColourThemeName": "Red"
    },
    {
      "Source": {
        "PinType": 4,
        "SubChipID": 335850798,
        "PinID": 2
      },
      "Target": {
        "PinType": 2,
        "SubChipID": 0,
        "PinID": 1581612256
      },
      "WirePoints": [
        {
          "X": -1.33370423,
          "Y": -2.34101963
        },
        {
          "X": 12.6377811,
          "Y": 0.0185185671
        }
      ],
      "ColourThemeName": "Red"
    },
    {
      "Source": {
        "PinType": 4,
        "SubChipID": 527508242,
        "PinID": 2
      },
      "Target": {
        "PinType": 2,
        "SubChipID": 0,
        "PinID": 1801234097
      },
      "WirePoints": [
        {
          "X": -1.33370423,
          "Y": -2.96601963
        },
        {
          "X": 12.6377811,
          "Y": -0.416666567
        }
      ],
      "ColourThemeName": "Red"
    },
    {
      "Source": {
        "PinType": 4,
        "SubChipID": 1943970596,
        "PinID": 2
      },
      "Target": {
        "PinType": 2,
        "SubChipID": 0,
        "PinID": 1839593036
      },
      "WirePoints": [
        {
          "X": -1.33370423,
          "Y": -3.59101963
        },
        {
          "X": 12.6377811,
          "Y": -0.833333433
        }
      ],
      "ColourThemeName": "Red"
    },
    {
      "Source": {
        "PinType": 4,
        "SubChipID": 1315869617,
        "PinID": 2
      },
      "Target": {
        "PinType": 2,
        "SubChipID": 0,
        "PinID": 27238935
      },
      "WirePoints": [
        {
          "X": -1.33370423,
          "Y": -4.21601963
        },
        {
          "X": 12.6377811,
          "Y": -1.35185182
        }
      ],
      "ColourThemeName": "Red"
    },
    {
      "Source": {
        "PinType": 4,
        "SubChipID": 741811210,
        "PinID": 2
      },
      "Target": {
        "PinType": 2,
        "SubChipID": 0,
        "PinID": 264368701
      },
      "WirePoints": [
        {
          "X": -1.33370423,
          "Y": -4.82676029
        },
        {
          "X": 12.6377811,
          "Y": -1.74796271
        }
      ],
      "ColourThemeName": "Red"
    },
    {
      "Source": {
        "PinType": 4,
        "SubChipID": 119770392,
        "PinID": 2
      },
      "Target": {
        "PinType": 2,
        "SubChipID": 0,
        "PinID": 1131119873
      },
      "WirePoints": [
        {
          "X": -1.33370423,
          "Y": -5.46601963
        },
        {
          "X": 12.6377811,
          "Y": -2.16962934
        }
      ],
      "ColourThemeName": "Red"
    },
    {
      "Source": {
        "PinType": 4,
        "SubChipID": 723753310,
        "PinID": 2
      },
      "Target": {
        "PinType": 2,
        "SubChipID": 0,
        "PinID": 1136398080
      },
      "WirePoints": [
        {
          "X": -1.33370423,
          "Y": -6.09101963
        },
        {
          "X": 12.6377811,
          "Y": -2.6370368
        }
      ],
      "ColourThemeName": "Red"
    },
    {
      "Source": {
        "PinType": 1,
        "SubChipID": 0,
        "PinID": 1724256216
      },
      "Target": {
        "PinType": 3,
        "SubChipID": 1006013760,
        "PinID": 1
      },
      "WirePoints": [
        {
          "X": -12.6377811,
          "Y": -1.1018517
        },
        {
          "X": -6.80018473,
          "Y": -1.23006606
        },
        {
          "X": -6.844446,
          "Y": -1.83944464
        },
        {
          "X": -2.43370414,
          "Y": -1.8360194
        }
      ],
      "ColourThemeName": "Red"
    },
    {
      "Source": {
        "PinType": 1,
        "SubChipID": 0,
        "PinID": 1724256216
      },
      "Target": {
        "PinType": 3,
        "SubChipID": 335850798,
        "PinID": 1
      },
      "WirePoints": [
        {
          "X": -12.6377811,
          "Y": -1.1018517
        },
        {
          "X": -6.80018473,
          "Y": -1.23006606
        },
        {
          "X": -6.844446,
          "Y": -1.83944464
        },
        {
          "X": -3.379447,
          "Y": -1.83675385
        },
        {
          "X": -3.379445,
          "Y": -2.566667
        },
        {
          "X": -2.43370414,
          "Y": -2.46101952
        }
      ],
      "ColourThemeName": "Red"
    },
    {
      "Source": {
        "PinType": 1,
        "SubChipID": 0,
        "PinID": 1724256216
      },
      "Target": {
        "PinType": 3,
        "SubChipID": 527508242,
        "PinID": 1
      },
      "WirePoints": [
        {
          "X": -12.6377811,
          "Y": -1.1018517
        },
        {
          "X": -6.80018473,
          "Y": -1.23006606
        },
        {
          "X": -6.844446,
          "Y": -1.83944464
        },
        {
          "X": -3.379447,
          "Y": -1.83675385
        },
        {
          "X": -3.379445,
          "Y": -2.566667
        },
        {
          "X": -3.28563619,
          "Y": -2.55618787
        },
        {
          "X": -3.308149,
          "Y": -3.33666754
        },
        {
          "X": -2.43370414,
          "Y": -3.08601952
        }
      ],
      "ColourThemeName": "Red"
    },
    {
      "Source": {
        "PinType": 1,
        "SubChipID": 0,
        "PinID": 1724256216
      },
      "Target": {
        "PinType": 3,
        "SubChipID": 1943970596,
        "PinID": 1
      },
      "WirePoints": [
        {
          "X": -12.6377811,
          "Y": -1.1018517
        },
        {
          "X": -6.80018473,
          "Y": -1.23006606
        },
        {
          "X": -6.844446,
          "Y": -1.83944464
        },
        {
          "X": -3.379447,
          "Y": -1.83675385
        },
        {
          "X": -3.379445,
          "Y": -2.566667
        },
        {
          "X": -3.28563619,
          "Y": -2.55618787
        },
        {
          "X": -3.30470276,
          "Y": -3.2171855
        },
        {
          "X": -3.308149,
          "Y": -3.907038
        },
        {
          "X": -2.43370414,
          "Y": -3.71101952
        }
      ],
      "ColourThemeName": "Red"
    },
    {
      "Source": {
        "PinType": 1,
        "SubChipID": 0,
        "PinID": 1724256216
      },
      "Target": {
        "PinType": 3,
        "SubChipID": 1315869617,
        "PinID": 1
      },
      "WirePoints": [
        {
          "X": -12.6377811,
          "Y": -1.1018517
        },
        {
          "X": -6.80018473,
          "Y": -1.23006606
        },
        {
          "X": -6.844446,
          "Y": -1.83944464
        },
        {
          "X": -3.379447,
          "Y": -1.83675385
        },
        {
          "X": -3.379445,
          "Y": -2.566667
        },
        {
          "X": -3.28563619,
          "Y": -2.55618787
        },
        {
          "X": -3.30470276,
          "Y": -3.2171855
        },
        {
          "X": -3.308149,
          "Y": -3.907038
        },
        {
          "X": -3.1724968,
          "Y": -3.87662959
        },
        {
          "X": -3.194075,
          "Y": -4.363334
        },
        {
          "X": -2.43370414,
          "Y": -4.33601952
        }
      ],
      "ColourThemeName": "Red"
    },
    {
      "Source": {
        "PinType": 1,
        "SubChipID": 0,
        "PinID": 1724256216
      },
      "Target": {
        "PinType": 3,
        "SubChipID": 741811210,
        "PinID": 1
      },
      "WirePoints": [
        {
          "X": -12.6377811,
          "Y": -1.1018517
        },
        {
          "X": -6.80018473,
          "Y": -1.23006606
        },
        {
          "X": -6.844446,
          "Y": -1.83944464
        },
        {
          "X": -3.379447,
          "Y": -1.83675385
        },
        {
          "X": -3.379445,
          "Y": -2.566667
        },
        {
          "X": -3.28563619,
          "Y": -2.55618787
        },
        {
          "X": -3.30470276,
          "Y": -3.2171855
        },
        {
          "X": -3.308149,
          "Y": -3.907038
        },
        {
          "X": -3.1724968,
          "Y": -3.87662959
        },
        {
          "X": -3.183286,
          "Y": -4.119982
        },
        {
          "X": -3.22259331,
          "Y": -4.862408
        },
        {
          "X": -2.43370414,
          "Y": -4.94676
        }
      ],
      "ColourThemeName": "Red"
    },
    {
      "Source": {
        "PinType": 1,
        "SubChipID": 0,
        "PinID": 1724256216
      },
      "Target": {
        "PinType": 3,
        "SubChipID": 119770392,
        "PinID": 1
      },
      "WirePoints": [
        {
          "X": -12.6377811,
          "Y": -1.1018517
        },
        {
          "X": -6.80018473,
          "Y": -1.23006606
        },
        {
          "X": -6.844446,
          "Y": -1.83944464
        },
        {
          "X": -3.379447,
          "Y": -1.83675385
        },
        {
          "X": -3.379445,
          "Y": -2.566667
        },
        {
          "X": -3.28563619,
          "Y": -2.55618787
        },
        {
          "X": -3.30470276,
          "Y": -3.2171855
        },
        {
          "X": -3.308149,
          "Y": -3.907038
        },
        {
          "X": -3.1724968,
          "Y": -3.87662959
        },
        {
          "X": -3.183286,
          "Y": -4.119982
        },
        {
          "X": -3.21894932,
          "Y": -4.79358149
        },
        {
          "X": -3.22259331,
          "Y": -5.57537174
        },
        {
          "X": -2.5381484,
          "Y": -5.47555637
        },
        {
          "X": -2.43370414,
          "Y": -5.58601952
        }
      ],
      "ColourThemeName": "Red"
    },
    {
      "Source": {
        "PinType": 1,
        "SubChipID": 0,
        "PinID": 1724256216
      },
      "Target": {
        "PinType": 3,
        "SubChipID": 723753310,
        "PinID": 1
      },
      "WirePoints": [
        {
          "X": -12.6377811,
          "Y": -1.1018517
        },
        {
          "X": -6.80018473,
          "Y": -1.23006606
        },
        {
          "X": -6.844446,
          "Y": -1.83944464
        },
        {
          "X": -3.379447,
          "Y": -1.83675385
        },
        {
          "X": -3.28563619,
          "Y": -2.55618787
        },
        {
          "X": -3.30470276,
          "Y": -3.2171855
        },
        {
          "X": -3.308149,
          "Y": -3.907038
        },
        {
          "X": -3.1724968,
          "Y": -3.87662959
        },
        {
          "X": -3.183286,
          "Y": -4.119982
        },
        {
          "X": -3.21894932,
          "Y": -4.79358149
        },
        {
          "X": -3.22192931,
          "Y": -5.43291473
        },
        {
          "X": -3.22259331,
          "Y": -6.217038
        },
        {
          "X": -2.43370414,
          "Y": -6.21101952
        }
      ],
      "ColourThemeName": "Red"
    },
    {
      "Source": {
        "PinType": 1,
        "SubChipID": 0,
        "PinID": 1510971749
      },
      "Target": {
        "PinType": 3,
        "SubChipID": 1006013760,
        "PinID": 0
      },
      "WirePoints": [
        {
          "X": -12.6377811,
          "Y": 4.305556
        },
        {
          "X": -2.43370414,
          "Y": -1.59601939
        }
      ],
      "ColourThemeName": "Red"
    },
    {
      "Source": {
        "PinType": 1,
        "SubChipID": 0,
        "PinID": 122472005
      },
      "Target": {
        "PinType": 3,
        "SubChipID": 335850798,
        "PinID": 0
      },
      "WirePoints": [
        {
          "X": -12.6377811,
          "Y": 3.78703713
        },
        {
          "X": -2.43370414,
          "Y": -2.22101974
        }
      ],
      "ColourThemeName": "Red"
    },
    {
      "Source": {
        "PinType": 1,
        "SubChipID": 0,
        "PinID": 973199545
      },
      "Target": {
        "PinType": 3,
        "SubChipID": 527508242,
        "PinID": 0
      },
      "WirePoints": [
        {
          "X": -12.6377811,
          "Y": 3.435185
        },
        {
          "X": -2.43370414,
          "Y": -2.84601974
        }
      ],
      "ColourThemeName": "Red"
    },
    {
      "Source": {
        "PinType": 1,
        "SubChipID": 0,
        "PinID": 604209881
      },
      "Target": {
        "PinType": 3,
        "SubChipID": 1943970596,
        "PinID": 0
      },
      "WirePoints": [
        {
          "X": -12.6377811,
          "Y": 2.95370388
        },
        {
          "X": -2.43370414,
          "Y": -3.47101974
        }
      ],
      "ColourThemeName": "Red"
    },
    {
      "Source": {
        "PinType": 1,
        "SubChipID": 0,
        "PinID": 293643656
      },
      "Target": {
        "PinType": 3,
        "SubChipID": 1315869617,
        "PinID": 0
      },
      "WirePoints": [
        {
          "X": -12.6377811,
          "Y": 2.52777767
        },
        {
          "X": -2.43370414,
          "Y": -4.09601974
        }
      ],
      "ColourThemeName": "Red"
    },
    {
      "Source": {
        "PinType": 1,
        "SubChipID": 0,
        "PinID": 1228844851
      },
      "Target": {
        "PinType": 3,
        "SubChipID": 741811210,
        "PinID": 0
      },
      "WirePoints": [
        {
          "X": -12.6377811,
          "Y": 2.12962985
        },
        {
          "X": -2.43370414,
          "Y": -4.70676041
        }
      ],
      "ColourThemeName": "Red"
    },
    {
      "Source": {
        "PinType": 1,
        "SubChipID": 0,
        "PinID": 1955894111
      },
      "Target": {
        "PinType": 3,
        "SubChipID": 119770392,
        "PinID": 0
      },
      "WirePoints": [
        {
          "X": -12.6377811,
          "Y": 1.69444442
        },
        {
          "X": -2.43370414,
          "Y": -5.34601974
        }
      ],
      "ColourThemeName": "Red"
    },
    {
      "Source": {
        "PinType": 1,
        "SubChipID": 0,
        "PinID": 1303361225
      },
      "Target": {
        "PinType": 3,
        "SubChipID": 723753310,
        "PinID": 0
      },
      "WirePoints": [
        {
          "X": -12.6377811,
          "Y": 1.22222245
        },
        {
          "X": -2.43370414,
          "Y": -5.97101974
        }
      ],
      "ColourThemeName": "Red"
    }
  ],
  "ChipSize": 7.70000172
}