{
  "Name": "Divider",
  "Colour": "#6A7215",
  "InputPins": [
    {
      "Name": "Dividend7",
      "ID": 1142237728,
      "PositionY": 3.99074078,
      "ColourThemeName": "Red"
    },
    {
      "Name": "Dividend6",
      "ID": 1739499307,
      "PositionY": 3.55555534,
      "ColourThemeName": "Red"
    },
    {
      "Name": "Dividend5",
      "ID": 409406068,
      "PositionY": 3.18518519,
      "ColourThemeName": "Red"
    },
    {
      "Name": "Dividend4",
      "ID": 1059480178,
      "PositionY": 2.80555534,
      "ColourThemeName": "Red"
    },
    {
      "Name": "Dividend3",
      "ID": 1841622804,
      "PositionY": 2.37037063,
      "ColourThemeName": "Red"
    },
    {
      "Name": "Dividend2",
      "ID": 1688146231,
      "PositionY": 1.84259236,
      "ColourThemeName": "Red"
    },
    {
      "Name": "Dividend1",
      "ID": 1754609964,
      "PositionY": 1.41666651,
      "ColourThemeName": "Red"
    },
    {
      "Name": "Dividend0",
      "ID": 1279218191,
      "PositionY": 0.9629631,
      "ColourThemeName": "Red"
    },
    {
      "Name": "Divisor7",
      "ID": 644148187,
      "PositionY": 0.101851821,
      "ColourThemeName": "Red"
    },
    {
      "Name": "Divisor6",
      "ID": 72643545,
      "PositionY": -0.370370448,
      "ColourThemeName": "Red"
    },
    {
      "Name": "Divisor5",
      "ID": 347736263,
      "PositionY": -0.8055556,
      "ColourThemeName": "Red"
    },
    {
      "Name": "Divisor4",
      "ID": 481950479,
      "PositionY": -1.23148143,
      "ColourThemeName": "Red"
    },
    {
      "Name": "Divisor3",
      "ID": 1663844118,
      "PositionY": -1.69444442,
      "ColourThemeName": "Red"
    },
    {
      "Name": "Divisor2",
      "ID": 772316847,
      "PositionY": -2.07407427,
      "ColourThemeName": "Red"
    },
    {
      "Name": "Divisor1",
      "ID": 251250709,
      "PositionY": -2.5,
      "ColourThemeName": "Red"
    },
    {
      "Name": "Divisor0",
      "ID": 359089521,
      "PositionY": -2.916667,
      "ColourThemeName": "Red"
    }
  ],
  "OutputPins": [
    {
      "Name": "Q7",
      "ID": 470530149,
      "PositionY": 4.26851845,
      "ColourThemeName": "Red"
    },
    {
      "Name": "Q6",
      "ID": 503930931,
      "PositionY": 3.83333278,
      "ColourThemeName": "Red"
    },
    {
      "Name": "Q5",
      "ID": 1744349601,
      "PositionY": 3.36111116,
      "ColourThemeName": "Red"
    },
    {
      "Name": "Q4",
      "ID": 634678415,
      "PositionY": 2.87037015,
      "ColourThemeName": "Red"
    },
    {
      "Name": "Q3",
      "ID": 1740522659,
      "PositionY": 2.27777767,
      "ColourThemeName": "Red"
    },
    {
      "Name": "Q2",
      "ID": 200861163,
      "PositionY": 1.74074054,
      "ColourThemeName": "Red"
    },
    {
      "Name": "Q1",
      "ID": 1823948610,
      "PositionY": 1.25925922,
      "ColourThemeName": "Red"
    },
    {
      "Name": "Q0",
      "ID": 1027193755,
      "PositionY": 0.6944445,
      "ColourThemeName": "Red"
    },
    {
      "Name": "R6",
      "ID": 1856024773,
      "PositionY": -0.5185184,
      "ColourThemeName": "Red"
    },
    {
      "Name": "R5",
      "ID": 1787504947,
      "PositionY": -1.07407427,
      "ColourThemeName": "Red"
    },
    {
      "Name": "R4",
      "ID": 1006235666,
      "PositionY": -1.61111116,
      "ColourThemeName": "Red"
    },
    {
      "Name": "R3",
      "ID": 23264151,
      "PositionY": -2.12037039,
      "ColourThemeName": "Red"
    },
    {
      "Name": "R2",
      "ID": 1332163405,
      "PositionY": -2.58333349,
      "ColourThemeName": "Red"
    },
    {
      "Name": "R1",
      "ID": 1006515805,
      "PositionY": -3.17592621,
      "ColourThemeName": "Red"
    },
    {
      "Name": "R0",
      "ID": 2088942068,
      "PositionY": -3.74999976,
      "ColourThemeName": "Red"
    },
    {
      "Name": "R7",
      "ID": 416268773,
      "PositionY": -0.129629672,
      "ColourThemeName": "Red"
    }
  ],
  "SubChips": [
    {
      "Name": "DivisorUnit",
      "ID": 1368727482,
      "Points": [
        {
          "X": -5.84259224,
          "Y": 2.694444
        }
      ],
      "Data": null
    },
    {
      "Name": "DivisorUnit",
      "ID": 968591335,
      "Points": [
        {
          "X": -2.67592621,
          "Y": 2.52777815
        }
      ],
      "Data": null
    },
    {
      "Name": "DivisorUnit",
      "ID": 1105230417,
      "Points": [
        {
          "X": 0.351851761,
          "Y": 2.666667
        }
      ],
      "Data": null
    },
    {
      "Name": "DivisorUnit",
      "ID": 1068855937,
      "Points": [
        {
          "X": 3.24999857,
          "Y": 2.62962961
        }
      ],
      "Data": null
    },
    {
      "Name": "DivisorUnit",
      "ID": 1911756387,
      "Points": [
        {
          "X": 5.73148251,
          "Y": 2.58333349
        }
      ],
      "Data": null
    },
    {
      "Name": "DivisorUnit",
      "ID": 1135771308,
      "Points": [
        {
          "X": -4.972222,
          "Y": -1.87962985
        }
      ],
      "Data": null
    },
    {
      "Name": "DivisorUnit",
      "ID": 787710383,
      "Points": [
        {
          "X": -2.11111116,
          "Y": -1.81481481
        }
      ],
      "Data": null
    },
    {
      "Name": "DivisorUnit",
      "ID": 943714159,
      "Points": [
        {
          "X": 1.42592573,
          "Y": -1.97222185
        }
      ],
      "Data": null
    }
  ],
  "Connections": [
    {
      "Source": {
        "PinType": 1,
        "SubChipID": 0,
        "PinID": 644148187
      },
      "Target": {
        "PinType": 3,
        "SubChipID": 1368727482,
        "PinID": 599491560
      },
      "WirePoints": [
        {
          "X": -7.837778,
          "Y": 0.101851821
        },
        {
          "X": -6.912592,
          "Y": 2.57444382
        }
      ],
      "ColourThemeName": "Red"
    },
    {
      "Source": {
        "PinType": 1,
        "SubChipID": 0,
        "PinID": 72643545
      },
      "Target": {
        "PinType": 3,
        "SubChipID": 1368727482,
        "PinID": 798839307
      },
      "WirePoints": [
        {
          "X": -7.837778,
          "Y": -0.370370448
        },
        {
          "X": -6.912592,
          "Y": 2.33444381
        }
      ],
      "ColourThemeName": "Red"
    },
    {
      "Source": {
        "PinType": 1,
        "SubChipID": 0,
        "PinID": 347736263
      },
      "Target": {
        "PinType": 3,
        "SubChipID": 1368727482,
        "PinID": 1374380509
      },
      "WirePoints": [
        {
          "X": -7.837778,
          "Y": -0.8055556
        },
        {
          "X": -6.912592,
          "Y": 2.0944438
        }
      ],
      "ColourThemeName": "Red"
    },
    {
      "Source": {
        "PinType": 1,
        "SubChipID": 0,
        "PinID": 481950479
      },
      "Target": {
        "PinType": 3,
        "SubChipID": 1368727482,
        "PinID": 1032137107
      },
      "WirePoints": [
        {
          "X": -7.837778,
          "Y": -1.23148143
        },
        {
          "X": -6.912592,
          "Y": 1.85444379
        }
      ],
      "ColourThemeName": "Red"
    },
    {
      "Source": {
        "PinType": 1,
        "SubChipID": 0,
        "PinID": 1663844118
      },
      "Target": {
        "PinType": 3,
        "SubChipID": 1368727482,
        "PinID": 1802461897
      },
      "WirePoints": [
        {
          "X": -7.837778,
          "Y": -1.69444442
        },
        {
          "X": -6.912592,
          "Y": 1.6144439
        }
      ],
      "ColourThemeName": "Red"
    },
    {
      "Source": {
        "PinType": 1,
        "SubChipID": 0,
        "PinID": 772316847
      },
      "Target": {
        "PinType": 3,
        "SubChipID": 1368727482,
        "PinID": 1464223584
      },
      "WirePoints": [
        {
          "X": -7.837778,
          "Y": -2.07407427
        },
        {
          "X": -6.912592,
          "Y": 1.37444389
        }
      ],
      "ColourThemeName": "Red"
    },
    {
      "Source": {
        "PinType": 1,
        "SubChipID": 0,
        "PinID": 251250709
      },
      "Target": {
        "PinType": 3,
        "SubChipID": 1368727482,
        "PinID": 433505808
      },
      "WirePoints": [
        {
          "X": -7.837778,
          "Y": -2.5
        },
        {
          "X": -6.912592,
          "Y": 1.13444388
        }
      ],
      "ColourThemeName": "Red"
    },
    {
      "Source": {
        "PinType": 1,
        "SubChipID": 0,
        "PinID": 359089521
      },
      "Target": {
        "PinType": 3,
        "SubChipID": 1368727482,
        "PinID": 106832052
      },
      "WirePoints": [
        {
          "X": -7.837778,
          "Y": -2.916667
        },
        {
          "X": -6.912592,
          "Y": 0.89444387
        }
      ],
      "ColourThemeName": "Red"
    },
    {
      "Source": {
        "PinType": 1,
        "SubChipID": 0,
        "PinID": 644148187
      },
      "Target": {
        "PinType": 3,
        "SubChipID": 968591335,
        "PinID": 599491560
      },
      "WirePoints": [
        {
          "X": -7.837778,
          "Y": 0.101851821
        },
        {
          "X": -3.74592614,
          "Y": 2.407778
        }
      ],
      "ColourThemeName": "Red"
    },
    {
      "Source": {
        "PinType": 1,
        "SubChipID": 0,
        "PinID": 72643545
      },
      "Target": {
        "PinType": 3,
        "SubChipID": 968591335,
        "PinID": 798839307
      },
      "WirePoints": [
        {
          "X": -7.837778,
          "Y": -0.370370448
        },
        {
          "X": -3.74592614,
          "Y": 2.167778
        }
      ],
      "ColourThemeName": "Red"
    },
    {
      "Source": {
        "PinType": 1,
        "SubChipID": 0,
        "PinID": 347736263
      },
      "Target": {
        "PinType": 3,
        "SubChipID": 968591335,
        "PinID": 1374380509
      },
      "WirePoints": [
        {
          "X": -7.837778,
          "Y": -0.8055556
        },
        {
          "X": -3.74592614,
          "Y": 1.927778
        }
      ],
      "ColourThemeName": "Red"
    },
    {
      "Source": {
        "PinType": 1,
        "SubChipID": 0,
        "PinID": 481950479
      },
      "Target": {
        "PinType": 3,
        "SubChipID": 968591335,
        "PinID": 1032137107
      },
      "WirePoints": [
        {
          "X": -7.837778,
          "Y": -1.23148143
        },
        {
          "X": -3.74592614,
          "Y": 1.687778
        }
      ],
      "ColourThemeName": "Red"
    },
    {
      "Source": {
        "PinType": 1,
        "SubChipID": 0,
        "PinID": 1663844118
      },
      "Target": {
        "PinType": 3,
        "SubChipID": 968591335,
        "PinID": 1802461897
      },
      "WirePoints": [
        {
          "X": -7.837778,
          "Y": -1.69444442
        },
        {
          "X": -3.74592614,
          "Y": 1.44777811
        }
      ],
      "ColourThemeName": "Red"
    },
    {
      "Source": {
        "PinType": 1,
        "SubChipID": 0,
        "PinID": 772316847
      },
      "Target": {
        "PinType": 3,
        "SubChipID": 968591335,
        "PinID": 1464223584
      },
      "WirePoints": [
        {
          "X": -7.837778,
          "Y": -2.07407427
        },
        {
          "X": -3.74592614,
          "Y": 1.2077781
        }
      ],
      "ColourThemeName": "Red"
    },
    {
      "Source": {
        "PinType": 1,
        "SubChipID": 0,
        "PinID": 251250709
      },
      "Target": {
        "PinType": 3,
        "SubChipID": 968591335,
        "PinID": 433505808
      },
      "WirePoints": [
        {
          "X": -7.837778,
          "Y": -2.5
        },
        {
          "X": -3.74592614,
          "Y": 0.9677781
        }
      ],
      "ColourThemeName": "Red"
    },
    {
      "Source": {
        "PinType": 1,
        "SubChipID": 0,
        "PinID": 359089521
      },
      "Target": {
        "PinType": 3,
        "SubChipID": 968591335,
        "PinID": 106832052
      },
      "WirePoints": [
        {
          "X": -7.837778,
          "Y": -2.916667
        },
        {
          "X": -3.74592614,
          "Y": 0.7277781
        }
      ],
      "ColourThemeName": "Red"
    },
    {
      "Source": {
        "PinType": 1,
        "SubChipID": 0,
        "PinID": 1142237728
      },
      "Target": {
        "PinType": 3,
        "SubChipID": 1368727482,
        "PinID": 414166578
      },
      "WirePoints": [
        {
          "X": -7.837778,
          "Y": 3.99074078
        },
        {
          "X": -6.912592,
          "Y": 2.81444383
        }
      ],
      "ColourThemeName": "Red"
    },
    {
      "Source": {
        "PinType": 4,
        "SubChipID": 1368727482,
        "PinID": 1704549693
      },
      "Target": {
        "PinType": 2,
        "SubChipID": 0,
        "PinID": 470530149
      },
      "WirePoints": [
        {
          "X": -4.77259254,
          "Y": 0.89444387
        },
        {
          "X": 7.837778,
          "Y": 4.26851845
        }
      ],
      "ColourThemeName": "Red"
    },
    {
      "Source": {
        "PinType": 4,
        "SubChipID": 968591335,
        "PinID": 1704549693
      },
      "Target": {
        "PinType": 2,
        "SubChipID": 0,
        "PinID": 503930931
      },
      "WirePoints": [
        {
          "X": -1.60592628,
          "Y": 0.7277781
        },
        {
          "X": 7.837778,
          "Y": 3.83333278
        }
      ],
      "ColourThemeName": "Red"
    },
    {
      "Source": {
        "PinType": 1,
        "SubChipID": 0,
        "PinID": 359089521
      },
      "Target": {
        "PinType": 3,
        "SubChipID": 1105230417,
        "PinID": 106832052
      },
      "WirePoints": [
        {
          "X": -7.837778,
          "Y": -2.916667
        },
        {
          "X": -0.7181482,
          "Y": 0.8666669
        }
      ],
      "ColourThemeName": "Red"
    },
    {
      "Source": {
        "PinType": 1,
        "SubChipID": 0,
        "PinID": 251250709
      },
      "Target": {
        "PinType": 3,
        "SubChipID": 1105230417,
        "PinID": 433505808
      },
      "WirePoints": [
        {
          "X": -7.837778,
          "Y": -2.5
        },
        {
          "X": -0.7181482,
          "Y": 1.10666692
        }
      ],
      "ColourThemeName": "Red"
    },
    {
      "Source": {
        "PinType": 1,
        "SubChipID": 0,
        "PinID": 772316847
      },
      "Target": {
        "PinType": 3,
        "SubChipID": 1105230417,
        "PinID": 1464223584
      },
      "WirePoints": [
        {
          "X": -7.837778,
          "Y": -2.07407427
        },
        {
          "X": -0.7181482,
          "Y": 1.34666693
        }
      ],
      "ColourThemeName": "Red"
    },
    {
      "Source": {
        "PinType": 1,
        "SubChipID": 0,
        "PinID": 1663844118
      },
      "Target": {
        "PinType": 3,
        "SubChipID": 1105230417,
        "PinID": 1802461897
      },
      "WirePoints": [
        {
          "X": -7.837778,
          "Y": -1.69444442
        },
        {
          "X": -0.7181482,
          "Y": 1.586667
        }
      ],
      "ColourThemeName": "Red"
    },
    {
      "Source": {
        "PinType": 1,
        "SubChipID": 0,
        "PinID": 481950479
      },
      "Target": {
        "PinType": 3,
        "SubChipID": 1105230417,
        "PinID": 1032137107
      },
      "WirePoints": [
        {
          "X": -7.837778,
          "Y": -1.23148143
        },
        {
          "X": -0.7181482,
          "Y": 1.82666683
        }
      ],
      "ColourThemeName": "Red"
    },
    {
      "Source": {
        "PinType": 1,
        "SubChipID": 0,
        "PinID": 347736263
      },
      "Target": {
        "PinType": 3,
        "SubChipID": 1105230417,
        "PinID": 1374380509
      },
      "WirePoints": [
        {
          "X": -7.837778,
          "Y": -0.8055556
        },
        {
          "X": -0.7181482,
          "Y": 2.06666684
        }
      ],
      "ColourThemeName": "Red"
    },
    {
      "Source": {
        "PinType": 1,
        "SubChipID": 0,
        "PinID": 72643545
      },
      "Target": {
        "PinType": 3,
        "SubChipID": 1105230417,
        "PinID": 798839307
      },
      "WirePoints": [
        {
          "X": -7.837778,
          "Y": -0.370370448
        },
        {
          "X": -0.7181482,
          "Y": 2.30666685
        }
      ],
      "ColourThemeName": "Red"
    },
    {
      "Source": {
        "PinType": 1,
        "SubChipID": 0,
        "PinID": 644148187
      },
      "Target": {
        "PinType": 3,
        "SubChipID": 1105230417,
        "PinID": 599491560
      },
      "WirePoints": [
        {
          "X": -7.837778,
          "Y": 0.101851821
        },
        {
          "X": -0.7181482,
          "Y": 2.54666686
        }
      ],
      "ColourThemeName": "Red"
    },
    {
      "Source": {
        "PinType": 4,
        "SubChipID": 1105230417,
        "PinID": 1704549693
      },
      "Target": {
        "PinType": 2,
        "SubChipID": 0,
        "PinID": 1744349601
      },
      "WirePoints": [
        {
          "X": 1.42185163,
          "Y": 0.8666669
        },
        {
          "X": 7.837778,
          "Y": 3.36111116
        }
      ],
      "ColourThemeName": "Red"
    },
    {
      "Source": {
        "PinType": 1,
        "SubChipID": 0,
        "PinID": 359089521
      },
      "Target": {
        "PinType": 3,
        "SubChipID": 1068855937,
        "PinID": 106832052
      },
      "WirePoints": [
        {
          "X": -7.837778,
          "Y": -2.916667
        },
        {
          "X": 2.17999864,
          "Y": 0.82962954
        }
      ],
      "ColourThemeName": "Red"
    },
    {
      "Source": {
        "PinType": 1,
        "SubChipID": 0,
        "PinID": 251250709
      },
      "Target": {
        "PinType": 3,
        "SubChipID": 1068855937,
        "PinID": 433505808
      },
      "WirePoints": [
        {
          "X": -7.837778,
          "Y": -2.5
        },
        {
          "X": 2.17999864,
          "Y": 1.06962955
        }
      ],
      "ColourThemeName": "Red"
    },
    {
      "Source": {
        "PinType": 1,
        "SubChipID": 0,
        "PinID": 772316847
      },
      "Target": {
        "PinType": 3,
        "SubChipID": 1068855937,
        "PinID": 1464223584
      },
      "WirePoints": [
        {
          "X": -7.837778,
          "Y": -2.07407427
        },
        {
          "X": 2.17999864,
          "Y": 1.30962956
        }
      ],
      "ColourThemeName": "Red"
    },
    {
      "Source": {
        "PinType": 1,
        "SubChipID": 0,
        "PinID": 1663844118
      },
      "Target": {
        "PinType": 3,
        "SubChipID": 1068855937,
        "PinID": 1802461897
      },
      "WirePoints": [
        {
          "X": -7.837778,
          "Y": -1.69444442
        },
        {
          "X": 2.17999864,
          "Y": 1.54962957
        }
      ],
      "ColourThemeName": "Red"
    },
    {
      "Source": {
        "PinType": 1,
        "SubChipID": 0,
        "PinID": 481950479
      },
      "Target": {
        "PinType": 3,
        "SubChipID": 1068855937,
        "PinID": 1032137107
      },
      "WirePoints": [
        {
          "X": -7.837778,
          "Y": -1.23148143
        },
        {
          "X": 2.17999864,
          "Y": 1.78962946
        }
      ],
      "ColourThemeName": "Red"
    },
    {
      "Source": {
        "PinType": 1,
        "SubChipID": 0,
        "PinID": 347736263
      },
      "Target": {
        "PinType": 3,
        "SubChipID": 1068855937,
        "PinID": 1374380509
      },
      "WirePoints": [
        {
          "X": -7.837778,
          "Y": -0.8055556
        },
        {
          "X": 2.17999864,
          "Y": 2.02962947
        }
      ],
      "ColourThemeName": "Red"
    },
    {
      "Source": {
        "PinType": 1,
        "SubChipID": 0,
        "PinID": 72643545
      },
      "Target": {
        "PinType": 3,
        "SubChipID": 1068855937,
        "PinID": 798839307
      },
      "WirePoints": [
        {
          "X": -7.837778,
          "Y": -0.370370448
        },
        {
          "X": 2.17999864,
          "Y": 2.26962948
        }
      ],
      "ColourThemeName": "Red"
    },
    {
      "Source": {
        "PinType": 1,
        "SubChipID": 0,
        "PinID": 644148187
      },
      "Target": {
        "PinType": 3,
        "SubChipID": 1068855937,
        "PinID": 599491560
      },
      "WirePoints": [
        {
          "X": -7.837778,
          "Y": 0.101851821
        },
        {
          "X": 2.17999864,
          "Y": 2.50962949
        }
      ],
      "ColourThemeName": "Red"
    },
    {
      "Source": {
        "PinType": 4,
        "SubChipID": 1368727482,
        "PinID": 1832405363
      },
      "Target": {
        "PinType": 3,
        "SubChipID": 968591335,
        "PinID": 459047697
      },
      "WirePoints": [
        {
          "X": -4.77259254,
          "Y": 4.044444
        },
        {
          "X": -3.74592614,
          "Y": 4.32777834
        }
      ],
      "ColourThemeName": "Red"
    },
    {
      "Source": {
        "PinType": 4,
        "SubChipID": 1368727482,
        "PinID": 240918621
      },
      "Target": {
        "PinType": 3,
        "SubChipID": 968591335,
        "PinID": 1748829658
      },
      "WirePoints": [
        {
          "X": -4.77259254,
          "Y": 3.594444
        },
        {
          "X": -3.74592614,
          "Y": 4.087778
        }
      ],
      "ColourThemeName": "Red"
    },
    {
      "Source": {
        "PinType": 4,
        "SubChipID": 1368727482,
        "PinID": 1940996820
      },
      "Target": {
        "PinType": 3,
        "SubChipID": 968591335,
        "PinID": 687163191
      },
      "WirePoints": [
        {
          "X": -4.77259254,
          "Y": 3.144444
        },
        {
          "X": -3.74592614,
          "Y": 3.84777832
        }
      ],
      "ColourThemeName": "Red"
    },
    {
      "Source": {
        "PinType": 4,
        "SubChipID": 1368727482,
        "PinID": 205697446
      },
      "Target": {
        "PinType": 3,
        "SubChipID": 968591335,
        "PinID": 1320907023
      },
      "WirePoints": [
        {
          "X": -4.77259254,
          "Y": 2.694444
        },
        {
          "X": -3.74592614,
          "Y": 3.607778
        }
      ],
      "ColourThemeName": "Red"
    },
    {
      "Source": {
        "PinType": 4,
        "SubChipID": 1368727482,
        "PinID": 1466776024
      },
      "Target": {
        "PinType": 3,
        "SubChipID": 968591335,
        "PinID": 2114912284
      },
      "WirePoints": [
        {
          "X": -4.77259254,
          "Y": 2.244444
        },
        {
          "X": -3.74592614,
          "Y": 3.367778
        }
      ],
      "ColourThemeName": "Red"
    },
    {
      "Source": {
        "PinType": 4,
        "SubChipID": 1368727482,
        "PinID": 876357393
      },
      "Target": {
        "PinType": 3,
        "SubChipID": 968591335,
        "PinID": 899763692
      },
      "WirePoints": [
        {
          "X": -4.77259254,
          "Y": 1.79444385
        },
        {
          "X": -3.74592614,
          "Y": 3.127778
        }
      ],
      "ColourThemeName": "Red"
    },
    {
      "Source": {
        "PinType": 4,
        "SubChipID": 1368727482,
        "PinID": 1792174419
      },
      "Target": {
        "PinType": 3,
        "SubChipID": 968591335,
        "PinID": 543646680
      },
      "WirePoints": [
        {
          "X": -4.77259254,
          "Y": 1.34444392
        },
        {
          "X": -3.74592614,
          "Y": 2.887778
        }
      ],
      "ColourThemeName": "Red"
    },
    {
      "Source": {
        "PinType": 1,
        "SubChipID": 0,
        "PinID": 1739499307
      },
      "Target": {
        "PinType": 3,
        "SubChipID": 968591335,
        "PinID": 414166578
      },
      "WirePoints": [
        {
          "X": -7.837778,
          "Y": 3.55555534
        },
        {
          "X": -3.74592614,
          "Y": 2.647778
        }
      ],
      "ColourThemeName": "Red"
    },
    {
      "Source": {
        "PinType": 4,
        "SubChipID": 968591335,
        "PinID": 1832405363
      },
      "Target": {
        "PinType": 3,
        "SubChipID": 1105230417,
        "PinID": 459047697
      },
      "WirePoints": [
        {
          "X": -1.60592628,
          "Y": 3.877778
        },
        {
          "X": -0.7181482,
          "Y": 4.466667
        }
      ],
      "ColourThemeName": "Red"
    },
    {
      "Source": {
        "PinType": 4,
        "SubChipID": 968591335,
        "PinID": 240918621
      },
      "Target": {
        "PinType": 3,
        "SubChipID": 1105230417,
        "PinID": 1748829658
      },
      "WirePoints": [
        {
          "X": -1.60592628,
          "Y": 3.42777824
        },
        {
          "X": -0.7181482,
          "Y": 4.226667
        }
      ],
      "ColourThemeName": "Red"
    },
    {
      "Source": {
        "PinType": 4,
        "SubChipID": 968591335,
        "PinID": 1940996820
      },
      "Target": {
        "PinType": 3,
        "SubChipID": 1105230417,
        "PinID": 687163191
      },
      "WirePoints": [
        {
          "X": -1.60592628,
          "Y": 2.9777782
        },
        {
          "X": -0.7181482,
          "Y": 3.98666716
        }
      ],
      "ColourThemeName": "Red"
    },
    {
      "Source": {
        "PinType": 4,
        "SubChipID": 968591335,
        "PinID": 205697446
      },
      "Target": {
        "PinType": 3,
        "SubChipID": 1105230417,
        "PinID": 1320907023
      },
      "WirePoints": [
        {
          "X": -1.60592628,
          "Y": 2.52777815
        },
        {
          "X": -0.7181482,
          "Y": 3.746667
        }
      ],
      "ColourThemeName": "Red"
    },
    {
      "Source": {
        "PinType": 4,
        "SubChipID": 968591335,
        "PinID": 1466776024
      },
      "Target": {
        "PinType": 3,
        "SubChipID": 1105230417,
        "PinID": 2114912284
      },
      "WirePoints": [
        {
          "X": -1.60592628,
          "Y": 2.077778
        },
        {
          "X": -0.7181482,
          "Y": 3.506667
        }
      ],
      "ColourThemeName": "Red"
    },
    {
      "Source": {
        "PinType": 4,
        "SubChipID": 968591335,
        "PinID": 876357393
      },
      "Target": {
        "PinType": 3,
        "SubChipID": 1105230417,
        "PinID": 899763692
      },
      "WirePoints": [
        {
          "X": -1.60592628,
          "Y": 1.627778
        },
        {
          "X": -0.7181482,
          "Y": 3.266667
        }
      ],
      "ColourThemeName": "Red"
    },
    {
      "Source": {
        "PinType": 4,
        "SubChipID": 968591335,
        "PinID": 1792174419
      },
      "Target": {
        "PinType": 3,
        "SubChipID": 1105230417,
        "PinID": 543646680
      },
      "WirePoints": [
        {
          "X": -1.60592628,
          "Y": 1.17777812
        },
        {
          "X": -0.7181482,
          "Y": 3.02666688
        }
      ],
      "ColourThemeName": "Red"
    },
    {
      "Source": {
        "PinType": 1,
        "SubChipID": 0,
        "PinID": 409406068
      },
      "Target": {
        "PinType": 3,
        "SubChipID": 1105230417,
        "PinID": 414166578
      },
      "WirePoints": [
        {
          "X": -7.837778,
          "Y": 3.18518519
        },
        {
          "X": -0.7181482,
          "Y": 2.78666687
        }
      ],
      "ColourThemeName": "Red"
    },
    {
      "Source": {
        "PinType": 4,
        "SubChipID": 1105230417,
        "PinID": 1832405363
      },
      "Target": {
        "PinType": 3,
        "SubChipID": 1068855937,
        "PinID": 459047697
      },
      "WirePoints": [
        {
          "X": 1.42185163,
          "Y": 4.016667
        },
        {
          "X": 2.17999864,
          "Y": 4.42963
        }
      ],
      "ColourThemeName": "Red"
    },
    {
      "Source": {
        "PinType": 4,
        "SubChipID": 1105230417,
        "PinID": 240918621
      },
      "Target": {
        "PinType": 3,
        "SubChipID": 1068855937,
        "PinID": 1748829658
      },
      "WirePoints": [
        {
          "X": 1.42185163,
          "Y": 3.566667
        },
        {
          "X": 2.17999864,
          "Y": 4.18962955
        }
      ],
      "ColourThemeName": "Red"
    },
    {
      "Source": {
        "PinType": 4,
        "SubChipID": 1105230417,
        "PinID": 1940996820
      },
      "Target": {
        "PinType": 3,
        "SubChipID": 1068855937,
        "PinID": 687163191
      },
      "WirePoints": [
        {
          "X": 1.42185163,
          "Y": 3.116667
        },
        {
          "X": 2.17999864,
          "Y": 3.94962978
        }
      ],
      "ColourThemeName": "Red"
    },
    {
      "Source": {
        "PinType": 4,
        "SubChipID": 1105230417,
        "PinID": 205697446
      },
      "Target": {
        "PinType": 3,
        "SubChipID": 1068855937,
        "PinID": 1320907023
      },
      "WirePoints": [
        {
          "X": 1.42185163,
          "Y": 2.666667
        },
        {
          "X": 2.17999864,
          "Y": 3.70962954
        }
      ],
      "ColourThemeName": "Red"
    },
    {
      "Source": {
        "PinType": 4,
        "SubChipID": 1105230417,
        "PinID": 1466776024
      },
      "Target": {
        "PinType": 3,
        "SubChipID": 1068855937,
        "PinID": 2114912284
      },
      "WirePoints": [
        {
          "X": 1.42185163,
          "Y": 2.216667
        },
        {
          "X": 2.17999864,
          "Y": 3.46962953
        }
      ],
      "ColourThemeName": "Red"
    },
    {
      "Source": {
        "PinType": 4,
        "SubChipID": 1105230417,
        "PinID": 876357393
      },
      "Target": {
        "PinType": 3,
        "SubChipID": 1068855937,
        "PinID": 899763692
      },
      "WirePoints": [
        {
          "X": 1.42185163,
          "Y": 1.76666689
        },
        {
          "X": 2.17999864,
          "Y": 3.22962952
        }
      ],
      "ColourThemeName": "Red"
    },
    {
      "Source": {
        "PinType": 4,
        "SubChipID": 1105230417,
        "PinID": 1792174419
      },
      "Target": {
        "PinType": 3,
        "SubChipID": 1068855937,
        "PinID": 543646680
      },
      "WirePoints": [
        {
          "X": 1.42185163,
          "Y": 1.316667
        },
        {
          "X": 2.17999864,
          "Y": 2.98962951
        }
      ],
      "ColourThemeName": "Red"
    },
    {
      "Source": {
        "PinType": 1,
        "SubChipID": 0,
        "PinID": 1059480178
      },
      "Target": {
        "PinType": 3,
        "SubChipID": 1068855937,
        "PinID": 414166578
      },
      "WirePoints": [
        {
          "X": -7.837778,
          "Y": 2.80555534
        },
        {
          "X": 2.17999864,
          "Y": 2.7496295
        }
      ],
      "ColourThemeName": "Red"
    },
    {
      "Source": {
        "PinType": 4,
        "SubChipID": 1068855937,
        "PinID": 1704549693
      },
      "Target": {
        "PinType": 2,
        "SubChipID": 0,
        "PinID": 634678415
      },
      "WirePoints": [
        {
          "X": 4.31999874,
          "Y": 0.82962954
        },
        {
          "X": 7.837778,
          "Y": 2.87037015
        }
      ],
      "ColourThemeName": "Red"
    },
    {
      "Source": {
        "PinType": 4,
        "SubChipID": 1068855937,
        "PinID": 1832405363
      },
      "Target": {
        "PinType": 3,
        "SubChipID": 1911756387,
        "PinID": 459047697
      },
      "WirePoints": [
        {
          "X": 4.31999874,
          "Y": 3.97962952
        },
        {
          "X": 4.661483,
          "Y": 4.38333368
        }
      ],
      "ColourThemeName": "Red"
    },
    {
      "Source": {
        "PinType": 4,
        "SubChipID": 1068855937,
        "PinID": 240918621
      },
      "Target": {
        "PinType": 3,
        "SubChipID": 1911756387,
        "PinID": 1748829658
      },
      "WirePoints": [
        {
          "X": 4.31999874,
          "Y": 3.52962971
        },
        {
          "X": 4.661483,
          "Y": 4.14333344
        }
      ],
      "ColourThemeName": "Red"
    },
    {
      "Source": {
        "PinType": 4,
        "SubChipID": 1068855937,
        "PinID": 1940996820
      },
      "Target": {
        "PinType": 3,
        "SubChipID": 1911756387,
        "PinID": 687163191
      },
      "WirePoints": [
        {
          "X": 4.31999874,
          "Y": 3.07962966
        },
        {
          "X": 4.661483,
          "Y": 3.90333366
        }
      ],
      "ColourThemeName": "Red"
    },
    {
      "Source": {
        "PinType": 4,
        "SubChipID": 1068855937,
        "PinID": 205697446
      },
      "Target": {
        "PinType": 3,
        "SubChipID": 1911756387,
        "PinID": 1320907023
      },
      "WirePoints": [
        {
          "X": 4.31999874,
          "Y": 2.62962961
        },
        {
          "X": 4.661483,
          "Y": 3.66333342
        }
      ],
      "ColourThemeName": "Red"
    },
    {
      "Source": {
        "PinType": 4,
        "SubChipID": 1068855937,
        "PinID": 1466776024
      },
      "Target": {
        "PinType": 3,
        "SubChipID": 1911756387,
        "PinID": 2114912284
      },
      "WirePoints": [
        {
          "X": 4.31999874,
          "Y": 2.17962956
        },
        {
          "X": 4.661483,
          "Y": 3.42333341
        }
      ],
      "ColourThemeName": "Red"
    },
    {
      "Source": {
        "PinType": 4,
        "SubChipID": 1068855937,
        "PinID": 876357393
      },
      "Target": {
        "PinType": 3,
        "SubChipID": 1911756387,
        "PinID": 899763692
      },
      "WirePoints": [
        {
          "X": 4.31999874,
          "Y": 1.72962952
        },
        {
          "X": 6.018519,
          "Y": 0.129629374
        },
        {
          "X": 4.661483,
          "Y": 3.1833334
        }
      ],
      "ColourThemeName": "Red"
    },
    {
      "Source": {
        "PinType": 4,
        "SubChipID": 1068855937,
        "PinID": 1792174419
      },
      "Target": {
        "PinType": 3,
        "SubChipID": 1911756387,
        "PinID": 543646680
      },
      "WirePoints": [
        {
          "X": 4.31999874,
          "Y": 1.27962959
        },
        {
          "X": 4.661483,
          "Y": 2.94333339
        }
      ],
      "ColourThemeName": "Red"
    },
    {
      "Source": {
        "PinType": 1,
        "SubChipID": 0,
        "PinID": 1841622804
      },
      "Target": {
        "PinType": 3,
        "SubChipID": 1911756387,
        "PinID": 414166578
      },
      "WirePoints": [
        {
          "X": -7.837778,
          "Y": 2.37037063
        },
        {
          "X": 4.661483,
          "Y": 2.70333338
        }
      ],
      "ColourThemeName": "Red"
    },
    {
      "Source": {
        "PinType": 1,
        "SubChipID": 0,
        "PinID": 644148187
      },
      "Target": {
        "PinType": 3,
        "SubChipID": 1911756387,
        "PinID": 599491560
      },
      "WirePoints": [
        {
          "X": -7.837778,
          "Y": 0.101851821
        },
        {
          "X": 4.661483,
          "Y": 2.46333337
        }
      ],
      "ColourThemeName": "Red"
    },
    {
      "Source": {
        "PinType": 1,
        "SubChipID": 0,
        "PinID": 72643545
      },
      "Target": {
        "PinType": 3,
        "SubChipID": 1911756387,
        "PinID": 798839307
      },
      "WirePoints": [
        {
          "X": -7.837778,
          "Y": -0.370370448
        },
        {
          "X": 4.661483,
          "Y": 2.22333336
        }
      ],
      "ColourThemeName": "Red"
    },
    {
      "Source": {
        "PinType": 1,
        "SubChipID": 0,
        "PinID": 347736263
      },
      "Target": {
        "PinType": 3,
        "SubChipID": 1911756387,
        "PinID": 1374380509
      },
      "WirePoints": [
        {
          "X": -7.837778,
          "Y": -0.8055556
        },
        {
          "X": 4.661483,
          "Y": 1.98333335
        }
      ],
      "ColourThemeName": "Red"
    },
    {
      "Source": {
        "PinType": 1,
        "SubChipID": 0,
        "PinID": 481950479
      },
      "Target": {
        "PinType": 3,
        "SubChipID": 1911756387,
        "PinID": 1032137107
      },
      "WirePoints": [
        {
          "X": -7.837778,
          "Y": -1.23148143
        },
        {
          "X": 4.661483,
          "Y": 1.74333334
        }
      ],
      "ColourThemeName": "Red"
    },
    {
      "Source": {
        "PinType": 1,
        "SubChipID": 0,
        "PinID": 1663844118
      },
      "Target": {
        "PinType": 3,
        "SubChipID": 1911756387,
        "PinID": 1802461897
      },
      "WirePoints": [
        {
          "X": -7.837778,
          "Y": -1.69444442
        },
        {
          "X": 4.661483,
          "Y": 1.50333345
        }
      ],
      "ColourThemeName": "Red"
    },
    {
      "Source": {
        "PinType": 1,
        "SubChipID": 0,
        "PinID": 772316847
      },
      "Target": {
        "PinType": 3,
        "SubChipID": 1911756387,
        "PinID": 1464223584
      },
      "WirePoints": [
        {
          "X": -7.837778,
          "Y": -2.07407427
        },
        {
          "X": 4.661483,
          "Y": 1.26333344
        }
      ],
      "ColourThemeName": "Red"
    },
    {
      "Source": {
        "PinType": 1,
        "SubChipID": 0,
        "PinID": 251250709
      },
      "Target": {
        "PinType": 3,
        "SubChipID": 1911756387,
        "PinID": 433505808
      },
      "WirePoints": [
        {
          "X": -7.837778,
          "Y": -2.5
        },
        {
          "X": 4.661483,
          "Y": 1.02333343
        }
      ],
      "ColourThemeName": "Red"
    },
    {
      "Source": {
        "PinType": 1,
        "SubChipID": 0,
        "PinID": 359089521
      },
      "Target": {
        "PinType": 3,
        "SubChipID": 1911756387,
        "PinID": 106832052
      },
      "WirePoints": [
        {
          "X": -7.837778,
          "Y": -2.916667
        },
        {
          "X": 4.661483,
          "Y": 0.7833334
        }
      ],
      "ColourThemeName": "Red"
    },
    {
      "Source": {
        "PinType": 4,
        "SubChipID": 1911756387,
        "PinID": 1704549693
      },
      "Target": {
        "PinType": 2,
        "SubChipID": 0,
        "PinID": 1740522659
      },
      "WirePoints": [
        {
          "X": 6.801482,
          "Y": 0.7833334
        },
        {
          "X": 7.837778,
          "Y": 2.27777767
        }
      ],
      "ColourThemeName": "Red"
    },
    {
      "Source": {
        "PinType": 1,
        "SubChipID": 0,
        "PinID": 359089521
      },
      "Target": {
        "PinType": 3,
        "SubChipID": 1135771308,
        "PinID": 106832052
      },
      "WirePoints": [
        {
          "X": -7.837778,
          "Y": -2.916667
        },
        {
          "X": -6.042222,
          "Y": -3.6796298
        }
      ],
      "ColourThemeName": "Red"
    },
    {
      "Source": {
        "PinType": 1,
        "SubChipID": 0,
        "PinID": 251250709
      },
      "Target": {
        "PinType": 3,
        "SubChipID": 1135771308,
        "PinID": 433505808
      },
      "WirePoints": [
        {
          "X": -7.837778,
          "Y": -2.5
        },
        {
          "X": -6.042222,
          "Y": -3.43963
        }
      ],
      "ColourThemeName": "Red"
    },
    {
      "Source": {
        "PinType": 1,
        "SubChipID": 0,
        "PinID": 772316847
      },
      "Target": {
        "PinType": 3,
        "SubChipID": 1135771308,
        "PinID": 1464223584
      },
      "WirePoints": [
        {
          "X": -7.837778,
          "Y": -2.07407427
        },
        {
          "X": -6.042222,
          "Y": -3.19962978
        }
      ],
      "ColourThemeName": "Red"
    },
    {
      "Source": {
        "PinType": 1,
        "SubChipID": 0,
        "PinID": 1663844118
      },
      "Target": {
        "PinType": 3,
        "SubChipID": 1135771308,
        "PinID": 1802461897
      },
      "WirePoints": [
        {
          "X": -7.837778,
          "Y": -1.69444442
        },
        {
          "X": -6.042222,
          "Y": -2.95963
        }
      ],
      "ColourThemeName": "Red"
    },
    {
      "Source": {
        "PinType": 1,
        "SubChipID": 0,
        "PinID": 481950479
      },
      "Target": {
        "PinType": 3,
        "SubChipID": 1135771308,
        "PinID": 1032137107
      },
      "WirePoints": [
        {
          "X": -7.837778,
          "Y": -1.23148143
        },
        {
          "X": -6.042222,
          "Y": -2.71963
        }
      ],
      "ColourThemeName": "Red"
    },
    {
      "Source": {
        "PinType": 1,
        "SubChipID": 0,
        "PinID": 347736263
      },
      "Target": {
        "PinType": 3,
        "SubChipID": 1135771308,
        "PinID": 1374380509
      },
      "WirePoints": [
        {
          "X": -7.837778,
          "Y": -0.8055556
        },
        {
          "X": -6.042222,
          "Y": -2.47963
        }
      ],
      "ColourThemeName": "Red"
    },
    {
      "Source": {
        "PinType": 1,
        "SubChipID": 0,
        "PinID": 72643545
      },
      "Target": {
        "PinType": 3,
        "SubChipID": 1135771308,
        "PinID": 798839307
      },
      "WirePoints": [
        {
          "X": -7.837778,
          "Y": -0.370370448
        },
        {
          "X": -6.042222,
          "Y": -2.23963
        }
      ],
      "ColourThemeName": "Red"
    },
    {
      "Source": {
        "PinType": 1,
        "SubChipID": 0,
        "PinID": 644148187
      },
      "Target": {
        "PinType": 3,
        "SubChipID": 1135771308,
        "PinID": 599491560
      },
      "WirePoints": [
        {
          "X": -7.837778,
          "Y": 0.101851821
        },
        {
          "X": -6.042222,
          "Y": -1.99963
        }
      ],
      "ColourThemeName": "Red"
    },
    {
      "Source": {
        "PinType": 4,
        "SubChipID": 1911756387,
        "PinID": 1832405363
      },
      "Target": {
        "PinType": 3,
        "SubChipID": 1135771308,
        "PinID": 459047697
      },
      "WirePoints": [
        {
          "X": 6.801482,
          "Y": 3.9333334
        },
        {
          "X": -6.042222,
          "Y": -0.07962978
        }
      ],
      "ColourThemeName": "Red"
    },
    {
      "Source": {
        "PinType": 4,
        "SubChipID": 1911756387,
        "PinID": 240918621
      },
      "Target": {
        "PinType": 3,
        "SubChipID": 1135771308,
        "PinID": 1748829658
      },
      "WirePoints": [
        {
          "X": 6.801482,
          "Y": 3.48333359
        },
        {
          "X": -6.042222,
          "Y": -0.3196298
        }
      ],
      "ColourThemeName": "Red"
    },
    {
      "Source": {
        "PinType": 4,
        "SubChipID": 1911756387,
        "PinID": 1940996820
      },
      "Target": {
        "PinType": 3,
        "SubChipID": 1135771308,
        "PinID": 687163191
      },
      "WirePoints": [
        {
          "X": 6.801482,
          "Y": 3.03333354
        },
        {
          "X": -6.042222,
          "Y": -0.5596298
        }
      ],
      "ColourThemeName": "Red"
    },
    {
      "Source": {
        "PinType": 4,
        "SubChipID": 1911756387,
        "PinID": 205697446
      },
      "Target": {
        "PinType": 3,
        "SubChipID": 1135771308,
        "PinID": 1320907023
      },
      "WirePoints": [
        {
          "X": 6.801482,
          "Y": 2.58333349
        },
        {
          "X": -6.042222,
          "Y": -0.7996298
        }
      ],
      "ColourThemeName": "Red"
    },
    {
      "Source": {
        "PinType": 4,
        "SubChipID": 1911756387,
        "PinID": 1466776024
      },
      "Target": {
        "PinType": 3,
        "SubChipID": 1135771308,
        "PinID": 2114912284
      },
      "WirePoints": [
        {
          "X": 6.801482,
          "Y": 2.13333344
        },
        {
          "X": -6.042222,
          "Y": -1.03962994
        }
      ],
      "ColourThemeName": "Red"
    },
    {
      "Source": {
        "PinType": 4,
        "SubChipID": 1911756387,
        "PinID": 876357393
      },
      "Target": {
        "PinType": 3,
        "SubChipID": 1135771308,
        "PinID": 899763692
      },
      "WirePoints": [
        {
          "X": 6.801482,
          "Y": 1.6833334
        },
        {
          "X": -6.042222,
          "Y": -1.27963
        }
      ],
      "ColourThemeName": "Red"
    },
    {
      "Source": {
        "PinType": 4,
        "SubChipID": 1911756387,
        "PinID": 1792174419
      },
      "Target": {
        "PinType": 3,
        "SubChipID": 1135771308,
        "PinID": 543646680
      },
      "WirePoints": [
        {
          "X": 6.801482,
          "Y": 1.23333347
        },
        {
          "X": -6.042222,
          "Y": -1.51962984
        }
      ],
      "ColourThemeName": "Red"
    },
    {
      "Source": {
        "PinType": 1,
        "SubChipID": 0,
        "PinID": 1688146231
      },
      "Target": {
        "PinType": 3,
        "SubChipID": 1135771308,
        "PinID": 414166578
      },
      "WirePoints": [
        {
          "X": -7.837778,
          "Y": 1.84259236
        },
        {
          "X": -6.042222,
          "Y": -1.75962985
        }
      ],
      "ColourThemeName": "Red"
    },
    {
      "Source": {
        "PinType": 4,
        "SubChipID": 1135771308,
        "PinID": 1704549693
      },
      "Target": {
        "PinType": 2,
        "SubChipID": 0,
        "PinID": 200861163
      },
      "WirePoints": [
        {
          "X": -3.902222,
          "Y": -3.6796298
        },
        {
          "X": 7.837778,
          "Y": 1.74074054
        }
      ],
      "ColourThemeName": "Red"
    },
    {
      "Source": {
        "PinType": 4,
        "SubChipID": 1135771308,
        "PinID": 1832405363
      },
      "Target": {
        "PinType": 3,
        "SubChipID": 787710383,
        "PinID": 459047697
      },
      "WirePoints": [
        {
          "X": -3.902222,
          "Y": -0.5296298
        },
        {
          "X": -3.181111,
          "Y": -0.0148147345
        }
      ],
      "ColourThemeName": "Red"
    },
    {
      "Source": {
        "PinType": 4,
        "SubChipID": 1135771308,
        "PinID": 240918621
      },
      "Target": {
        "PinType": 3,
        "SubChipID": 787710383,
        "PinID": 1748829658
      },
      "WirePoints": [
        {
          "X": -3.902222,
          "Y": -0.9796298
        },
        {
          "X": -3.181111,
          "Y": -0.254814744
        }
      ],
      "ColourThemeName": "Red"
    },
    {
      "Source": {
        "PinType": 4,
        "SubChipID": 1135771308,
        "PinID": 1940996820
      },
      "Target": {
        "PinType": 3,
        "SubChipID": 787710383,
        "PinID": 687163191
      },
      "WirePoints": [
        {
          "X": -3.902222,
          "Y": -1.4296298
        },
        {
          "X": -3.181111,
          "Y": -0.494814754
        }
      ],
      "ColourThemeName": "Red"
    },
    {
      "Source": {
        "PinType": 4,
        "SubChipID": 1135771308,
        "PinID": 205697446
      },
      "Target": {
        "PinType": 3,
        "SubChipID": 787710383,
        "PinID": 1320907023
      },
      "WirePoints": [
        {
          "X": -3.902222,
          "Y": -1.87962985
        },
        {
          "X": -3.181111,
          "Y": -0.734814763
        }
      ],
      "ColourThemeName": "Red"
    },
    {
      "Source": {
        "PinType": 4,
        "SubChipID": 1135771308,
        "PinID": 1466776024
      },
      "Target": {
        "PinType": 3,
        "SubChipID": 787710383,
        "PinID": 2114912284
      },
      "WirePoints": [
        {
          "X": -3.902222,
          "Y": -2.32963
        },
        {
          "X": -3.181111,
          "Y": -0.974814832
        }
      ],
      "ColourThemeName": "Red"
    },
    {
      "Source": {
        "PinType": 4,
        "SubChipID": 1135771308,
        "PinID": 876357393
      },
      "Target": {
        "PinType": 3,
        "SubChipID": 787710383,
        "PinID": 899763692
      },
      "WirePoints": [
        {
          "X": -3.902222,
          "Y": -2.77963
        },
        {
          "X": -3.181111,
          "Y": -1.2148149
        }
      ],
      "ColourThemeName": "Red"
    },
    {
      "Source": {
        "PinType": 4,
        "SubChipID": 1135771308,
        "PinID": 1792174419
      },
      "Target": {
        "PinType": 3,
        "SubChipID": 787710383,
        "PinID": 543646680
      },
      "WirePoints": [
        {
          "X": -3.902222,
          "Y": -3.22963
        },
        {
          "X": -3.181111,
          "Y": -1.45481479
        }
      ],
      "ColourThemeName": "Red"
    },
    {
      "Source": {
        "PinType": 1,
        "SubChipID": 0,
        "PinID": 1754609964
      },
      "Target": {
        "PinType": 3,
        "SubChipID": 787710383,
        "PinID": 414166578
      },
      "WirePoints": [
        {
          "X": -7.837778,
          "Y": 1.41666651
        },
        {
          "X": -3.181111,
          "Y": -1.6948148
        }
      ],
      "ColourThemeName": "Red"
    },
    {
      "Source": {
        "PinType": 1,
        "SubChipID": 0,
        "PinID": 644148187
      },
      "Target": {
        "PinType": 3,
        "SubChipID": 787710383,
        "PinID": 599491560
      },
      "WirePoints": [
        {
          "X": -7.837778,
          "Y": 0.101851821
        },
        {
          "X": -3.181111,
          "Y": -1.93481493
        }
      ],
      "ColourThemeName": "Red"
    },
    {
      "Source": {
        "PinType": 1,
        "SubChipID": 0,
        "PinID": 72643545
      },
      "Target": {
        "PinType": 3,
        "SubChipID": 787710383,
        "PinID": 798839307
      },
      "WirePoints": [
        {
          "X": -7.837778,
          "Y": -0.370370448
        },
        {
          "X": -3.181111,
          "Y": -2.174815
        }
      ],
      "ColourThemeName": "Red"
    },
    {
      "Source": {
        "PinType": 1,
        "SubChipID": 0,
        "PinID": 347736263
      },
      "Target": {
        "PinType": 3,
        "SubChipID": 787710383,
        "PinID": 1374380509
      },
      "WirePoints": [
        {
          "X": -7.837778,
          "Y": -0.8055556
        },
        {
          "X": -3.181111,
          "Y": -2.414815
        }
      ],
      "ColourThemeName": "Red"
    },
    {
      "Source": {
        "PinType": 1,
        "SubChipID": 0,
        "PinID": 481950479
      },
      "Target": {
        "PinType": 3,
        "SubChipID": 787710383,
        "PinID": 1032137107
      },
      "WirePoints": [
        {
          "X": -7.837778,
          "Y": -1.23148143
        },
        {
          "X": -3.181111,
          "Y": -2.654815
        }
      ],
      "ColourThemeName": "Red"
    },
    {
      "Source": {
        "PinType": 1,
        "SubChipID": 0,
        "PinID": 1663844118
      },
      "Target": {
        "PinType": 3,
        "SubChipID": 787710383,
        "PinID": 1802461897
      },
      "WirePoints": [
        {
          "X": -7.837778,
          "Y": -1.69444442
        },
        {
          "X": -3.181111,
          "Y": -2.894815
        }
      ],
      "ColourThemeName": "Red"
    },
    {
      "Source": {
        "PinType": 1,
        "SubChipID": 0,
        "PinID": 772316847
      },
      "Target": {
        "PinType": 3,
        "SubChipID": 787710383,
        "PinID": 1464223584
      },
      "WirePoints": [
        {
          "X": -7.837778,
          "Y": -2.07407427
        },
        {
          "X": -3.181111,
          "Y": -3.13481474
        }
      ],
      "ColourThemeName": "Red"
    },
    {
      "Source": {
        "PinType": 1,
        "SubChipID": 0,
        "PinID": 251250709
      },
      "Target": {
        "PinType": 3,
        "SubChipID": 787710383,
        "PinID": 433505808
      },
      "WirePoints": [
        {
          "X": -7.837778,
          "Y": -2.5
        },
        {
          "X": -3.181111,
          "Y": -3.374815
        }
      ],
      "ColourThemeName": "Red"
    },
    {
      "Source": {
        "PinType": 1,
        "SubChipID": 0,
        "PinID": 359089521
      },
      "Target": {
        "PinType": 3,
        "SubChipID": 787710383,
        "PinID": 106832052
      },
      "WirePoints": [
        {
          "X": -7.837778,
          "Y": -2.916667
        },
        {
          "X": -3.181111,
          "Y": -3.61481476
        }
      ],
      "ColourThemeName": "Red"
    },
    {
      "Source": {
        "PinType": 4,
        "SubChipID": 787710383,
        "PinID": 1704549693
      },
      "Target": {
        "PinType": 2,
        "SubChipID": 0,
        "PinID": 1823948610
      },
      "WirePoints": [
        {
          "X": -1.04111123,
          "Y": -3.61481476
        },
        {
          "X": 7.837778,
          "Y": 1.25925922
        }
      ],
      "ColourThemeName": "Red"
    },
    {
      "Source": {
        "PinType": 4,
        "SubChipID": 787710383,
        "PinID": 1832405363
      },
      "Target": {
        "PinType": 3,
        "SubChipID": 943714159,
        "PinID": 459047697
      },
      "WirePoints": [
        {
          "X": -1.04111123,
          "Y": -0.464814782
        },
        {
          "X": 0.3559258,
          "Y": -0.17222178
        }
      ],
      "ColourThemeName": "Red"
    },
    {
      "Source": {
        "PinType": 4,
        "SubChipID": 787710383,
        "PinID": 240918621
      },
      "Target": {
        "PinType": 3,
        "SubChipID": 943714159,
        "PinID": 1748829658
      },
      "WirePoints": [
        {
          "X": -1.04111123,
          "Y": -0.9148148
        },
        {
          "X": 0.3559258,
          "Y": -0.4122218
        }
      ],
      "ColourThemeName": "Red"
    },
    {
      "Source": {
        "PinType": 4,
        "SubChipID": 787710383,
        "PinID": 1940996820
      },
      "Target": {
        "PinType": 3,
        "SubChipID": 943714159,
        "PinID": 687163191
      },
      "WirePoints": [
        {
          "X": -1.04111123,
          "Y": -1.36481476
        },
        {
          "X": 0.3559258,
          "Y": -0.6522218
        }
      ],
      "ColourThemeName": "Red"
    },
    {
      "Source": {
        "PinType": 4,
        "SubChipID": 787710383,
        "PinID": 205697446
      },
      "Target": {
        "PinType": 3,
        "SubChipID": 943714159,
        "PinID": 1320907023
      },
      "WirePoints": [
        {
          "X": -1.04111123,
          "Y": -1.81481481
        },
        {
          "X": 0.3559258,
          "Y": -0.8922218
        }
      ],
      "ColourThemeName": "Red"
    },
    {
      "Source": {
        "PinType": 4,
        "SubChipID": 787710383,
        "PinID": 1466776024
      },
      "Target": {
        "PinType": 3,
        "SubChipID": 943714159,
        "PinID": 2114912284
      },
      "WirePoints": [
        {
          "X": -1.04111123,
          "Y": -2.26481485
        },
        {
          "X": 0.3559258,
          "Y": -1.13222194
        }
      ],
      "ColourThemeName": "Red"
    },
    {
      "Source": {
        "PinType": 4,
        "SubChipID": 787710383,
        "PinID": 876357393
      },
      "Target": {
        "PinType": 3,
        "SubChipID": 943714159,
        "PinID": 899763692
      },
      "WirePoints": [
        {
          "X": -1.04111123,
          "Y": -2.714815
        },
        {
          "X": 0.3559258,
          "Y": -1.372222
        }
      ],
      "ColourThemeName": "Red"
    },
    {
      "Source": {
        "PinType": 4,
        "SubChipID": 787710383,
        "PinID": 1792174419
      },
      "Target": {
        "PinType": 3,
        "SubChipID": 943714159,
        "PinID": 543646680
      },
      "WirePoints": [
        {
          "X": -1.04111123,
          "Y": -3.164815
        },
        {
          "X": 0.3559258,
          "Y": -1.61222184
        }
      ],
      "ColourThemeName": "Red"
    },
    {
      "Source": {
        "PinType": 1,
        "SubChipID": 0,
        "PinID": 1279218191
      },
      "Target": {
        "PinType": 3,
        "SubChipID": 943714159,
        "PinID": 414166578
      },
      "WirePoints": [
        {
          "X": -7.837778,
          "Y": 0.9629631
        },
        {
          "X": 0.3559258,
          "Y": -1.85222185
        }
      ],
      "ColourThemeName": "Red"
    },
    {
      "Source": {
        "PinType": 1,
        "SubChipID": 0,
        "PinID": 644148187
      },
      "Target": {
        "PinType": 3,
        "SubChipID": 943714159,
        "PinID": 599491560
      },
      "WirePoints": [
        {
          "X": -7.837778,
          "Y": 0.101851821
        },
        {
          "X": 0.3559258,
          "Y": -2.092222
        }
      ],
      "ColourThemeName": "Red"
    },
    {
      "Source": {
        "PinType": 1,
        "SubChipID": 0,
        "PinID": 72643545
      },
      "Target": {
        "PinType": 3,
        "SubChipID": 943714159,
        "PinID": 798839307
      },
      "WirePoints": [
        {
          "X": -7.837778,
          "Y": -0.370370448
        },
        {
          "X": 0.3559258,
          "Y": -2.332222
        }
      ],
      "ColourThemeName": "Red"
    },
    {
      "Source": {
        "PinType": 1,
        "SubChipID": 0,
        "PinID": 347736263
      },
      "Target": {
        "PinType": 3,
        "SubChipID": 943714159,
        "PinID": 1374380509
      },
      "WirePoints": [
        {
          "X": -7.837778,
          "Y": -0.8055556
        },
        {
          "X": 0.3559258,
          "Y": -2.572222
        }
      ],
      "ColourThemeName": "Red"
    },
    {
      "Source": {
        "PinType": 1,
        "SubChipID": 0,
        "PinID": 481950479
      },
      "Target": {
        "PinType": 3,
        "SubChipID": 943714159,
        "PinID": 1032137107
      },
      "WirePoints": [
        {
          "X": -7.837778,
          "Y": -1.23148143
        },
        {
          "X": 0.3559258,
          "Y": -2.812222
        }
      ],
      "ColourThemeName": "Red"
    },
    {
      "Source": {
        "PinType": 1,
        "SubChipID": 0,
        "PinID": 1663844118
      },
      "Target": {
        "PinType": 3,
        "SubChipID": 943714159,
        "PinID": 1802461897
      },
      "WirePoints": [
        {
          "X": -7.837778,
          "Y": -1.69444442
        },
        {
          "X": 0.3559258,
          "Y": -3.05222178
        }
      ],
      "ColourThemeName": "Red"
    },
    {
      "Source": {
        "PinType": 1,
        "SubChipID": 0,
        "PinID": 772316847
      },
      "Target": {
        "PinType": 3,
        "SubChipID": 943714159,
        "PinID": 1464223584
      },
      "WirePoints": [
        {
          "X": -7.837778,
          "Y": -2.07407427
        },
        {
          "X": 0.3559258,
          "Y": -3.292222
        }
      ],
      "ColourThemeName": "Red"
    },
    {
      "Source": {
        "PinType": 1,
        "SubChipID": 0,
        "PinID": 251250709
      },
      "Target": {
        "PinType": 3,
        "SubChipID": 943714159,
        "PinID": 433505808
      },
      "WirePoints": [
        {
          "X": -7.837778,
          "Y": -2.5
        },
        {
          "X": 0.3559258,
          "Y": -3.53222179
        }
      ],
      "ColourThemeName": "Red"
    },
    {
      "Source": {
        "PinType": 1,
        "SubChipID": 0,
        "PinID": 359089521
      },
      "Target": {
        "PinType": 3,
        "SubChipID": 943714159,
        "PinID": 106832052
      },
      "WirePoints": [
        {
          "X": -7.837778,
          "Y": -2.916667
        },
        {
          "X": 0.3559258,
          "Y": -3.772222
        }
      ],
      "ColourThemeName": "Red"
    },
    {
      "Source": {
        "PinType": 4,
        "SubChipID": 943714159,
        "PinID": 1704549693
      },
      "Target": {
        "PinType": 2,
        "SubChipID": 0,
        "PinID": 1027193755
      },
      "WirePoints": [
        {
          "X": 2.49592566,
          "Y": -3.772222
        },
        {
          "X": 7.837778,
          "Y": 0.6944445
        }
      ],
      "ColourThemeName": "Red"
    },
    {
      "Source": {
        "PinType": 4,
        "SubChipID": 943714159,
        "PinID": 1798595384
      },
      "Target": {
        "PinType": 2,
        "SubChipID": 0,
        "PinID": 416268773
      },
      "WirePoints": [
        {
          "X": 2.49592566,
          "Y": -0.17222178
        },
        {
          "X": 7.837778,
          "Y": -0.129629672
        }
      ],
      "ColourThemeName": "Red"
    },
    {
      "Source": {
        "PinType": 4,
        "SubChipID": 943714159,
        "PinID": 1832405363
      },
      "Target": {
        "PinType": 2,
        "SubChipID": 0,
        "PinID": 1856024773
      },
      "WirePoints": [
        {
          "X": 2.49592566,
          "Y": -0.6222218
        },
        {
          "X": 7.837778,
          "Y": -0.5185184
        }
      ],
      "ColourThemeName": "Red"
    },
    {
      "Source": {
        "PinType": 4,
        "SubChipID": 943714159,
        "PinID": 240918621
      },
      "Target": {
        "PinType": 2,
        "SubChipID": 0,
        "PinID": 1787504947
      },
      "WirePoints": [
        {
          "X": 2.49592566,
          "Y": -1.07222176
        },
        {
          "X": 7.837778,
          "Y": -1.07407427
        }
      ],
      "ColourThemeName": "Red"
    },
    {
      "Source": {
        "PinType": 4,
        "SubChipID": 943714159,
        "PinID": 1940996820
      },
      "Target": {
        "PinType": 2,
        "SubChipID": 0,
        "PinID": 1006235666
      },
      "WirePoints": [
        {
          "X": 2.49592566,
          "Y": -1.5222218
        },
        {
          "X": 7.837778,
          "Y": -1.61111116
        }
      ],
      "ColourThemeName": "Red"
    },
    {
      "Source": {
        "PinType": 4,
        "SubChipID": 943714159,
        "PinID": 205697446
      },
      "Target": {
        "PinType": 2,
        "SubChipID": 0,
        "PinID": 23264151
      },
      "WirePoints": [
        {
          "X": 2.49592566,
          "Y": -1.97222185
        },
        {
          "X": 7.837778,
          "Y": -2.12037039
        }
      ],
      "ColourThemeName": "Red"
    },
    {
      "Source": {
        "PinType": 4,
        "SubChipID": 943714159,
        "PinID": 1466776024
      },
      "Target": {
        "PinType": 2,
        "SubChipID": 0,
        "PinID": 1332163405
      },
      "WirePoints": [
        {
          "X": 2.49592566,
          "Y": -2.422222
        },
        {
          "X": 7.837778,
          "Y": -2.58333349
        }
      ],
      "ColourThemeName": "Red"
    },
    {
      "Source": {
        "PinType": 4,
        "SubChipID": 943714159,
        "PinID": 876357393
      },
      "Target": {
        "PinType": 2,
        "SubChipID": 0,
        "PinID": 1006515805
      },
      "WirePoints": [
        {
          "X": 2.49592566,
          "Y": -2.872222
        },
        {
          "X": 7.837778,
          "Y": -3.17592621
        }
      ],
      "ColourThemeName": "Red"
    },
    {
      "Source": {
        "PinType": 4,
        "SubChipID": 943714159,
        "PinID": 1792174419
      },
      "Target": {
        "PinType": 2,
        "SubChipID": 0,
        "PinID": 2088942068
      },
      "WirePoints": [
        {
          "X": 2.49592566,
          "Y": -3.32222176
        },
        {
          "X": 7.837778,
          "Y": -3.74999976
        }
      ],
      "ColourThemeName": "Red"
    }
  ]
}