{
  "Name": "DivisorUnit",
  "Colour": "#51531F",
  "InputPins": [
    {
      "Name": "A7",
      "ID": 459047697,
      "PositionY": 3.79629612,
      "ColourThemeName": "Red"
    },
    {
      "Name": "A6",
      "ID": 1748829658,
      "PositionY": 3.29629612,
      "ColourThemeName": "Red"
    },
    {
      "Name": "A5",
      "ID": 687163191,
      "PositionY": 2.85185146,
      "ColourThemeName": "Red"
    },
    {
      "Name": "A4",
      "ID": 1320907023,
      "PositionY": 2.3888886,
      "ColourThemeName": "Red"
    },
    {
      "Name": "A3",
      "ID": 2114912284,
      "PositionY": 1.93518519,
      "ColourThemeName": "Red"
    },
    {
      "Name": "A2",
      "ID": 899763692,
      "PositionY": 1.55555546,
      "ColourThemeName": "Red"
    },
    {
      "Name": "A1",
      "ID": 543646680,
      "PositionY": 1.02777779,
      "ColourThemeName": "Red"
    },
    {
      "Name": "A0",
      "ID": 414166578,
      "PositionY": 0.481481552,
      "ColourThemeName": "Red"
    },
    {
      "Name": "B7",
      "ID": 599491560,
      "PositionY": -0.444444418,
      "ColourThemeName": "Red"
    },
    {
      "Name": "B6",
      "ID": 798839307,
      "PositionY": -1.0092591,
      "ColourThemeName": "Red"
    },
    {
      "Name": "B5",
      "ID": 1374380509,
      "PositionY": -1.45370364,
      "ColourThemeName": "Red"
    },
    {
      "Name": "B4",
      "ID": 1032137107,
      "PositionY": -1.84259272,
      "ColourThemeName": "Red"
    },
    {
      "Name": "B3",
      "ID": 1802461897,
      "PositionY": -2.22222185,
      "ColourThemeName": "Red"
    },
    {
      "Name": "B2",
      "ID": 1464223584,
      "PositionY": -2.69444466,
      "ColourThemeName": "Red"
    },
    {
      "Name": "B1",
      "ID": 433505808,
      "PositionY": -3.09259272,
      "ColourThemeName": "Red"
    },
    {
      "Name": "B0",
      "ID": 106832052,
      "PositionY": -3.564815,
      "ColourThemeName": "Red"
    }
  ],
  "OutputPins": [
    {
      "Name": "Out7",
      "ID": 1798595384,
      "PositionY": 2.93518543,
      "ColourThemeName": "Red"
    },
    {
      "Name": "Out6",
      "ID": 1832405363,
      "PositionY": 2.33333349,
      "ColourThemeName": "Red"
    },
    {
      "Name": "Out5",
      "ID": 240918621,
      "PositionY": 1.88888907,
      "ColourThemeName": "Red"
    },
    {
      "Name": "Out4",
      "ID": 1940996820,
      "PositionY": 1.46296322,
      "ColourThemeName": "Red"
    },
    {
      "Name": "Out3",
      "ID": 205697446,
      "PositionY": 0.9629631,
      "ColourThemeName": "Red"
    },
    {
      "Name": "Out2",
      "ID": 1466776024,
      "PositionY": 0.435185432,
      "ColourThemeName": "Red"
    },
    {
      "Name": "Out1",
      "ID": 876357393,
      "PositionY": 0.0185185671,
      "ColourThemeName": "Red"
    },
    {
      "Name": "Out0",
      "ID": 1792174419,
      "PositionY": -0.444444418,
      "ColourThemeName": "Red"
    },
    {
      "Name": "Quotient",
      "ID": 1704549693,
      "PositionY": -2.009259,
      "ColourThemeName": "Red"
    }
  ],
  "SubChips": [
    {
      "Name": "8BITADDSUB",
      "ID": 2007435137,
      "Points": [
        {
          "X": -2.37037015,
          "Y": 0.9629625
        }
      ],
      "Data": null
    },
    {
      "Name": "NOT",
      "ID": 558912824,
      "Points": [
        {
          "X": -4.685186,
          "Y": -2.453704
        }
      ],
      "Data": null
    },
    {
      "Name": "8BitMux",
      "ID": 2123340022,
      "Points": [
        {
          "X": 2.35185218,
          "Y": 1.18518531
        }
      ],
      "Data": null
    },
    {
      "Name": "NOT",
      "ID": 689359136,
      "Points": [
        {
          "X": 4.37037039,
          "Y": -1.92592561
        }
      ],
      "Data": null
    },
    {
      "Name": "OR",
      "ID": 1666161645,
      "Points": [
        {
          "X": -2.648148,
          "Y": -1.59027767
        }
      ],
      "Data": null
    },
    {
      "Name": "OR",
      "ID": 1132527675,
      "Points": [
        {
          "X": -2.648148,
          "Y": -2.21527743
        }
      ],
      "Data": null
    },
    {
      "Name": "OR",
      "ID": 845716434,
      "Points": [
        {
          "X": -2.648148,
          "Y": -2.84027743
        }
      ],
      "Data": null
    },
    {
      "Name": "OR",
      "ID": 551774794,
      "Points": [
        {
          "X": -2.648148,
          "Y": -3.46527719
        }
      ],
      "Data": null
    },
    {
      "Name": "OR",
      "ID": 231263103,
      "Points": [
        {
          "X": -1.064815,
          "Y": -2.20601845
        }
      ],
      "Data": null
    },
    {
      "Name": "OR",
      "ID": 375492044,
      "Points": [
        {
          "X": -1.064815,
          "Y": -2.83101845
        }
      ],
      "Data": null
    },
    {
      "Name": "OR",
      "ID": 1197731681,
      "Points": [
        {
          "X": 0.2685187,
          "Y": -2.55555582
        }
      ],
      "Data": null
    },
    {
      "Name": "AND",
      "ID": 1174284496,
      "Points": [
        {
          "X": 6.2592597,
          "Y": -2.88888884
        }
      ],
      "Data": null
    }
  ],
  "Connections": [
    {
      "Source": {
        "PinType": 1,
        "SubChipID": 0,
        "PinID": 459047697
      },
      "Target": {
        "PinType": 3,
        "SubChipID": 2007435137,
        "PinID": 416698712
      },
      "WirePoints": [
        {
          "X": -7.837778,
          "Y": 3.79629612
        },
        {
          "X": -3.36537027,
          "Y": 2.88296247
        }
      ],
      "ColourThemeName": "Red"
    },
    {
      "Source": {
        "PinType": 1,
        "SubChipID": 0,
        "PinID": 1748829658
      },
      "Target": {
        "PinType": 3,
        "SubChipID": 2007435137,
        "PinID": 638889963
      },
      "WirePoints": [
        {
          "X": -7.837778,
          "Y": 3.29629612
        },
        {
          "X": -3.36537027,
          "Y": 2.64296246
        }
      ],
      "ColourThemeName": "Red"
    },
    {
      "Source": {
        "PinType": 1,
        "SubChipID": 0,
        "PinID": 687163191
      },
      "Target": {
        "PinType": 3,
        "SubChipID": 2007435137,
        "PinID": 1477945277
      },
      "WirePoints": [
        {
          "X": -7.837778,
          "Y": 2.85185146
        },
        {
          "X": -3.36537027,
          "Y": 2.40296245
        }
      ],
      "ColourThemeName": "Red"
    },
    {
      "Source": {
        "PinType": 1,
        "SubChipID": 0,
        "PinID": 2114912284
      },
      "Target": {
        "PinType": 3,
        "SubChipID": 2007435137,
        "PinID": 1561145228
      },
      "WirePoints": [
        {
          "X": -7.837778,
          "Y": 1.93518519
        },
        {
          "X": -3.36537027,
          "Y": 1.92296243
        }
      ],
      "ColourThemeName": "Red"
    },
    {
      "Source": {
        "PinType": 1,
        "SubChipID": 0,
        "PinID": 1320907023
      },
      "Target": {
        "PinType": 3,
        "SubChipID": 2007435137,
        "PinID": 1317643932
      },
      "WirePoints": [
        {
          "X": -7.837778,
          "Y": 2.3888886
        },
        {
          "X": -3.36537027,
          "Y": 2.16296244
        }
      ],
      "ColourThemeName": "Red"
    },
    {
      "Source": {
        "PinType": 1,
        "SubChipID": 0,
        "PinID": 899763692
      },
      "Target": {
        "PinType": 3,
        "SubChipID": 2007435137,
        "PinID": 1984232835
      },
      "WirePoints": [
        {
          "X": -7.837778,
          "Y": 1.55555546
        },
        {
          "X": -3.36537027,
          "Y": 1.68296242
        }
      ],
      "ColourThemeName": "Red"
    },
    {
      "Source": {
        "PinType": 1,
        "SubChipID": 0,
        "PinID": 543646680
      },
      "Target": {
        "PinType": 3,
        "SubChipID": 2007435137,
        "PinID": 1863159086
      },
      "WirePoints": [
        {
          "X": -7.837778,
          "Y": 1.02777779
        },
        {
          "X": -3.36537027,
          "Y": 1.44296253
        }
      ],
      "ColourThemeName": "Red"
    },
    {
      "Source": {
        "PinType": 1,
        "SubChipID": 0,
        "PinID": 414166578
      },
      "Target": {
        "PinType": 3,
        "SubChipID": 2007435137,
        "PinID": 2005239591
      },
      "WirePoints": [
        {
          "X": -7.837778,
          "Y": 0.481481552
        },
        {
          "X": -3.36537027,
          "Y": 1.20296252
        }
      ],
      "ColourThemeName": "Red"
    },
    {
      "Source": {
        "PinType": 1,
        "SubChipID": 0,
        "PinID": 599491560
      },
      "Target": {
        "PinType": 3,
        "SubChipID": 2007435137,
        "PinID": 2010999437
      },
      "WirePoints": [
        {
          "X": -7.837778,
          "Y": -0.444444418
        },
        {
          "X": -3.36537027,
          "Y": 0.9629625
        }
      ],
      "ColourThemeName": "Red"
    },
    {
      "Source": {
        "PinType": 1,
        "SubChipID": 0,
        "PinID": 798839307
      },
      "Target": {
        "PinType": 3,
        "SubChipID": 2007435137,
        "PinID": 1518461986
      },
      "WirePoints": [
        {
          "X": -7.837778,
          "Y": -1.0092591
        },
        {
          "X": -3.36537027,
          "Y": 0.7229625
        }
      ],
      "ColourThemeName": "Red"
    },
    {
      "Source": {
        "PinType": 1,
        "SubChipID": 0,
        "PinID": 1374380509
      },
      "Target": {
        "PinType": 3,
        "SubChipID": 2007435137,
        "PinID": 1917991837
      },
      "WirePoints": [
        {
          "X": -7.837778,
          "Y": -1.45370364
        },
        {
          "X": -3.36537027,
          "Y": 0.482962519
        }
      ],
      "ColourThemeName": "Red"
    },
    {
      "Source": {
        "PinType": 1,
        "SubChipID": 0,
        "PinID": 1032137107
      },
      "Target": {
        "PinType": 3,
        "SubChipID": 2007435137,
        "PinID": 788306586
      },
      "WirePoints": [
        {
          "X": -7.837778,
          "Y": -1.84259272
        },
        {
          "X": -3.36537027,
          "Y": 0.242962539
        }
      ],
      "ColourThemeName": "Red"
    },
    {
      "Source": {
        "PinType": 1,
        "SubChipID": 0,
        "PinID": 1802461897
      },
      "Target": {
        "PinType": 3,
        "SubChipID": 2007435137,
        "PinID": 1712891911
      },
      "WirePoints": [
        {
          "X": -7.837778,
          "Y": -2.22222185
        },
        {
          "X": -3.36537027,
          "Y": 0.00296252966
        }
      ],
      "ColourThemeName": "Red"
    },
    {
      "Source": {
        "PinType": 1,
        "SubChipID": 0,
        "PinID": 1464223584
      },
      "Target": {
        "PinType": 3,
        "SubChipID": 2007435137,
        "PinID": 1760223819
      },
      "WirePoints": [
        {
          "X": -7.837778,
          "Y": -2.69444466
        },
        {
          "X": -3.36537027,
          "Y": -0.23703742
        }
      ],
      "ColourThemeName": "Red"
    },
    {
      "Source": {
        "PinType": 1,
        "SubChipID": 0,
        "PinID": 433505808
      },
      "Target": {
        "PinType": 3,
        "SubChipID": 2007435137,
        "PinID": 1384854833
      },
      "WirePoints": [
        {
          "X": -7.837778,
          "Y": -3.09259272
        },
        {
          "X": -3.36537027,
          "Y": -0.47703743
        }
      ],
      "ColourThemeName": "Red"
    },
    {
      "Source": {
        "PinType": 1,
        "SubChipID": 0,
        "PinID": 106832052
      },
      "Target": {
        "PinType": 3,
        "SubChipID": 2007435137,
        "PinID": 542566538
      },
      "WirePoints": [
        {
          "X": -7.837778,
          "Y": -3.564815
        },
        {
          "X": -3.36537027,
          "Y": -0.717037439
        }
      ],
      "ColourThemeName": "Red"
    },
    {
      "Source": {
        "PinType": 4,
        "SubChipID": 558912824,
        "PinID": 1
      },
      "Target": {
        "PinType": 3,
        "SubChipID": 2007435137,
        "PinID": 702714990
      },
      "WirePoints": [
        {
          "X": -4.13518572,
          "Y": -2.453704
        },
        {
          "X": -3.90740776,
          "Y": -2.27777767
        },
        {
          "X": -3.888889,
          "Y": -1.87962949
        },
        {
          "X": -3.916667,
          "Y": -1.28703713
        },
        {
          "X": -3.36537027,
          "Y": -0.957037449
        }
      ],
      "ColourThemeName": "Red"
    },
    {
      "Source": {
        "PinType": 4,
        "SubChipID": 2007435137,
        "PinID": 310624871
      },
      "Target": {
        "PinType": 3,
        "SubChipID": 2123340022,
        "PinID": 1619985941
      },
      "WirePoints": [
        {
          "X": -1.37537014,
          "Y": -0.957037449
        },
        {
          "X": 1.5768522,
          "Y": -0.734814644
        }
      ],
      "ColourThemeName": "Red"
    },
    {
      "Source": {
        "PinType": 4,
        "SubChipID": 2007435137,
        "PinID": 543863550
      },
      "Target": {
        "PinType": 3,
        "SubChipID": 2123340022,
        "PinID": 1079511259
      },
      "WirePoints": [
        {
          "X": -1.37537014,
          "Y": -0.47703743
        },
        {
          "X": 1.5768522,
          "Y": -0.494814634
        }
      ],
      "ColourThemeName": "Red"
    },
    {
      "Source": {
        "PinType": 4,
        "SubChipID": 2007435137,
        "PinID": 1799133754
      },
      "Target": {
        "PinType": 3,
        "SubChipID": 2123340022,
        "PinID": 128778491
      },
      "WirePoints": [
        {
          "X": -1.37537014,
          "Y": 0.00296252966
        },
        {
          "X": 1.5768522,
          "Y": -0.254814625
        }
      ],
      "ColourThemeName": "Red"
    },
    {
      "Source": {
        "PinType": 4,
        "SubChipID": 2007435137,
        "PinID": 738182905
      },
      "Target": {
        "PinType": 3,
        "SubChipID": 2123340022,
        "PinID": 1851187211
      },
      "WirePoints": [
        {
          "X": -1.37537014,
          "Y": 0.482962519
        },
        {
          "X": 1.5768522,
          "Y": -0.0148146152
        }
      ],
      "ColourThemeName": "Red"
    },
    {
      "Source": {
        "PinType": 4,
        "SubChipID": 2007435137,
        "PinID": 2037346425
      },
      "Target": {
        "PinType": 3,
        "SubChipID": 2123340022,
        "PinID": 125805864
      },
      "WirePoints": [
        {
          "X": -1.37537014,
          "Y": 0.9629625
        },
        {
          "X": 1.5768522,
          "Y": 0.225185335
        }
      ],
      "ColourThemeName": "Red"
    },
    {
      "Source": {
        "PinType": 4,
        "SubChipID": 2007435137,
        "PinID": 1214539231
      },
      "Target": {
        "PinType": 3,
        "SubChipID": 2123340022,
        "PinID": 362686848
      },
      "WirePoints": [
        {
          "X": -1.37537014,
          "Y": 1.44296253
        },
        {
          "X": 1.5768522,
          "Y": 0.465185344
        }
      ],
      "ColourThemeName": "Red"
    },
    {
      "Source": {
        "PinType": 4,
        "SubChipID": 2007435137,
        "PinID": 825990921
      },
      "Target": {
        "PinType": 3,
        "SubChipID": 2123340022,
        "PinID": 1986419160
      },
      "WirePoints": [
        {
          "X": -1.37537014,
          "Y": 1.92296243
        },
        {
          "X": 1.5768522,
          "Y": 0.7051853
        }
      ],
      "ColourThemeName": "Red"
    },
    {
      "Source": {
        "PinType": 4,
        "SubChipID": 2007435137,
        "PinID": 1632501029
      },
      "Target": {
        "PinType": 3,
        "SubChipID": 2123340022,
        "PinID": 780551497
      },
      "WirePoints": [
        {
          "X": -1.37537014,
          "Y": 2.40296245
        },
        {
          "X": 1.5768522,
          "Y": 0.9451853
        }
      ],
      "ColourThemeName": "Red"
    },
    {
      "Source": {
        "PinType": 4,
        "SubChipID": 2007435137,
        "PinID": 956618610
      },
      "Target": {
        "PinType": 3,
        "SubChipID": 2123340022,
        "PinID": 206920431
      },
      "WirePoints": [
        {
          "X": -1.37537014,
          "Y": 2.88296247
        },
        {
          "X": 1.5768522,
          "Y": 1.18518531
        }
      ],
      "ColourThemeName": "Red"
    },
    {
      "Source": {
        "PinType": 1,
        "SubChipID": 0,
        "PinID": 414166578
      },
      "Target": {
        "PinType": 3,
        "SubChipID": 2123340022,
        "PinID": 73132680
      },
      "WirePoints": [
        {
          "X": -7.837778,
          "Y": 0.481481552
        },
        {
          "X": -3.740128,
          "Y": 1.14250731
        },
        {
          "X": -3.740741,
          "Y": 3.48148155
        },
        {
          "X": -1.12963,
          "Y": 3.40740728
        },
        {
          "X": -1.12963,
          "Y": 2.93518543
        },
        {
          "X": 1.5768522,
          "Y": 1.42518532
        }
      ],
      "ColourThemeName": "Red"
    },
    {
      "Source": {
        "PinType": 1,
        "SubChipID": 0,
        "PinID": 543646680
      },
      "Target": {
        "PinType": 3,
        "SubChipID": 2123340022,
        "PinID": 2067416386
      },
      "WirePoints": [
        {
          "X": -7.837778,
          "Y": 1.02777779
        },
        {
          "X": -4.01621056,
          "Y": 1.38254333
        },
        {
          "X": -4.018519,
          "Y": 3.759259
        },
        {
          "X": -0.972222269,
          "Y": 3.65740728
        },
        {
          "X": -0.962963164,
          "Y": 3.18518519
        },
        {
          "X": 1.5768522,
          "Y": 1.66518533
        }
      ],
      "ColourThemeName": "Red"
    },
    {
      "Source": {
        "PinType": 1,
        "SubChipID": 0,
        "PinID": 899763692
      },
      "Target": {
        "PinType": 3,
        "SubChipID": 2123340022,
        "PinID": 1517890443
      },
      "WirePoints": [
        {
          "X": -7.837778,
          "Y": 1.55555546
        },
        {
          "X": -4.407817,
          "Y": 1.653266
        },
        {
          "X": -4.36111164,
          "Y": 3.87962937
        },
        {
          "X": -0.7777776,
          "Y": 3.76851845
        },
        {
          "X": -0.8148146,
          "Y": 3.425926
        },
        {
          "X": 1.45370388,
          "Y": 1.89814806
        },
        {
          "X": 1.5768522,
          "Y": 1.90518522
        }
      ],
      "ColourThemeName": "Red"
    },
    {
      "Source": {
        "PinType": 1,
        "SubChipID": 0,
        "PinID": 2114912284
      },
      "Target": {
        "PinType": 3,
        "SubChipID": 2123340022,
        "PinID": 1316718013
      },
      "WirePoints": [
        {
          "X": -7.837778,
          "Y": 1.93518519
        },
        {
          "X": -4.8426156,
          "Y": 1.92699969
        },
        {
          "X": -4.78703737,
          "Y": 4.05555534
        },
        {
          "X": -0.6851854,
          "Y": 3.935185
        },
        {
          "X": -0.657407463,
          "Y": 3.648148
        },
        {
          "X": 1.5768522,
          "Y": 2.14518523
        }
      ],
      "ColourThemeName": "Red"
    },
    {
      "Source": {
        "PinType": 1,
        "SubChipID": 0,
        "PinID": 1320907023
      },
      "Target": {
        "PinType": 3,
        "SubChipID": 2123340022,
        "PinID": 753629729
      },
      "WirePoints": [
        {
          "X": -7.837778,
          "Y": 2.3888886
        },
        {
          "X": -5.04827,
          "Y": 2.247975
        },
        {
          "X": -5.0,
          "Y": 4.19444466
        },
        {
          "X": -0.361110926,
          "Y": 4.111111
        },
        {
          "X": -0.407407582,
          "Y": 3.75
        },
        {
          "X": 1.5768522,
          "Y": 2.38518524
        }
      ],
      "ColourThemeName": "Red"
    },
    {
      "Source": {
        "PinType": 1,
        "SubChipID": 0,
        "PinID": 687163191
      },
      "Target": {
        "PinType": 3,
        "SubChipID": 2123340022,
        "PinID": 1055717760
      },
      "WirePoints": [
        {
          "X": -7.837778,
          "Y": 2.85185146
        },
        {
          "X": -5.300482,
          "Y": 2.5971868
        },
        {
          "X": -5.277778,
          "Y": 4.398148
        },
        {
          "X": -0.1759259,
          "Y": 4.34259224
        },
        {
          "X": -0.166666776,
          "Y": 3.88888884
        },
        {
          "X": 1.5768522,
          "Y": 2.62518525
        }
      ],
      "ColourThemeName": "Red"
    },
    {
      "Source": {
        "PinType": 1,
        "SubChipID": 0,
        "PinID": 1748829658
      },
      "Target": {
        "PinType": 3,
        "SubChipID": 2123340022,
        "PinID": 1981979729
      },
      "WirePoints": [
        {
          "X": -7.837778,
          "Y": 3.29629612
        },
        {
          "X": -5.520625,
          "Y": 2.9578042
        },
        {
          "X": -5.555556,
          "Y": 4.537037
        },
        {
          "X": 0.0185182374,
          "Y": 4.47222233
        },
        {
          "X": 0.120370656,
          "Y": 3.94444466
        },
        {
          "X": 1.5768522,
          "Y": 2.86518526
        }
      ],
      "ColourThemeName": "Red"
    },
    {
      "Source": {
        "PinType": 1,
        "SubChipID": 0,
        "PinID": 459047697
      },
      "Target": {
        "PinType": 3,
        "SubChipID": 2123340022,
        "PinID": 1043422715
      },
      "WirePoints": [
        {
          "X": -7.837778,
          "Y": 3.79629612
        },
        {
          "X": -5.774935,
          "Y": 3.37503219
        },
        {
          "X": -5.77777767,
          "Y": 4.73148155
        },
        {
          "X": 0.3425927,
          "Y": 4.65740728
        },
        {
          "X": 0.361110926,
          "Y": 4.08333349
        },
        {
          "X": 1.5768522,
          "Y": 3.10518527
        }
      ],
      "ColourThemeName": "Red"
    },
    {
      "Source": {
        "PinType": 4,
        "SubChipID": 2123340022,
        "PinID": 666866987
      },
      "Target": {
        "PinType": 2,
        "SubChipID": 0,
        "PinID": 1792174419
      },
      "WirePoints": [
        {
          "X": 3.126852,
          "Y": -0.734814644
        },
        {
          "X": 7.837778,
          "Y": -0.444444418
        }
      ],
      "ColourThemeName": "Red"
    },
    {
      "Source": {
        "PinType": 4,
        "SubChipID": 2123340022,
        "PinID": 1908075193
      },
      "Target": {
        "PinType": 2,
        "SubChipID": 0,
        "PinID": 876357393
      },
      "WirePoints": [
        {
          "X": 3.126852,
          "Y": -0.1862433
        },
        {
          "X": 7.837778,
          "Y": 0.0185185671
        }
      ],
      "ColourThemeName": "Red"
    },
    {
      "Source": {
        "PinType": 4,
        "SubChipID": 2123340022,
        "PinID": 1483620419
      },
      "Target": {
        "PinType": 2,
        "SubChipID": 0,
        "PinID": 1466776024
      },
      "WirePoints": [
        {
          "X": 3.126852,
          "Y": 0.3623281
        },
        {
          "X": 7.837778,
          "Y": 0.435185432
        }
      ],
      "ColourThemeName": "Red"
    },
    {
      "Source": {
        "PinType": 4,
        "SubChipID": 2123340022,
        "PinID": 1077223519
      },
      "Target": {
        "PinType": 2,
        "SubChipID": 0,
        "PinID": 205697446
      },
      "WirePoints": [
        {
          "X": 3.126852,
          "Y": 0.9108995
        },
        {
          "X": 7.837778,
          "Y": 0.9629631
        }
      ],
      "ColourThemeName": "Red"
    },
    {
      "Source": {
        "PinType": 4,
        "SubChipID": 2123340022,
        "PinID": 1631322322
      },
      "Target": {
        "PinType": 2,
        "SubChipID": 0,
        "PinID": 1940996820
      },
      "WirePoints": [
        {
          "X": 3.126852,
          "Y": 1.459471
        },
        {
          "X": 7.837778,
          "Y": 1.46296322
        }
      ],
      "ColourThemeName": "Red"
    },
    {
      "Source": {
        "PinType": 4,
        "SubChipID": 2123340022,
        "PinID": 605636055
      },
      "Target": {
        "PinType": 2,
        "SubChipID": 0,
        "PinID": 240918621
      },
      "WirePoints": [
        {
          "X": 3.126852,
          "Y": 2.00804234
        },
        {
          "X": 7.837778,
          "Y": 1.88888907
        }
      ],
      "ColourThemeName": "Red"
    },
    {
      "Source": {
        "PinType": 4,
        "SubChipID": 2123340022,
        "PinID": 1088520793
      },
      "Target": {
        "PinType": 2,
        "SubChipID": 0,
        "PinID": 1832405363
      },
      "WirePoints": [
        {
          "X": 3.126852,
          "Y": 2.556614
        },
        {
          "X": 7.837778,
          "Y": 2.33333349
        }
      ],
      "ColourThemeName": "Red"
    },
    {
      "Source": {
        "PinType": 4,
        "SubChipID": 2123340022,
        "PinID": 1975669734
      },
      "Target": {
        "PinType": 2,
        "SubChipID": 0,
        "PinID": 1798595384
      },
      "WirePoints": [
        {
          "X": 3.126852,
          "Y": 3.10518527
        },
        {
          "X": 7.837778,
          "Y": 2.93518543
        }
      ],
      "ColourThemeName": "Red"
    },
    {
      "Source": {
        "PinType": 4,
        "SubChipID": 2007435137,
        "PinID": 310624871
      },
      "Target": {
        "PinType": 3,
        "SubChipID": 689359136,
        "PinID": 0
      },
      "WirePoints": [
        {
          "X": -1.37537014,
          "Y": -0.957037449
        },
        {
          "X": 1.02280486,
          "Y": -0.7765195
        },
        {
          "X": 1.166667,
          "Y": -1.70370364
        },
        {
          "X": 3.82037044,
          "Y": -1.92592561
        }
      ],
      "ColourThemeName": "Red"
    },
    {
      "Source": {
        "PinType": 1,
        "SubChipID": 0,
        "PinID": 599491560
      },
      "Target": {
        "PinType": 3,
        "SubChipID": 1666161645,
        "PinID": 1672340165
      },
      "WirePoints": [
        {
          "X": -7.837778,
          "Y": -0.444444418
        },
        {
          "X": -5.94224262,
          "Y": 0.1520552
        },
        {
          "X": -3.098148,
          "Y": -1.47027767
        }
      ],
      "ColourThemeName": "Red"
    },
    {
      "Source": {
        "PinType": 1,
        "SubChipID": 0,
        "PinID": 798839307
      },
      "Target": {
        "PinType": 3,
        "SubChipID": 1666161645,
        "PinID": 498880847
      },
      "WirePoints": [
        {
          "X": -7.837778,
          "Y": -1.0092591
        },
        {
          "X": -5.86063576,
          "Y": -0.243486226
        },
        {
          "X": -3.098148,
          "Y": -1.71027768
        }
      ],
      "ColourThemeName": "Red"
    },
    {
      "Source": {
        "PinType": 1,
        "SubChipID": 0,
        "PinID": 1374380509
      },
      "Target": {
        "PinType": 3,
        "SubChipID": 1132527675,
        "PinID": 1672340165
      },
      "WirePoints": [
        {
          "X": -7.837778,
          "Y": -1.45370364
        },
        {
          "X": -5.778924,
          "Y": -0.5621676
        },
        {
          "X": -3.098148,
          "Y": -2.09527755
        }
      ],
      "ColourThemeName": "Red"
    },
    {
      "Source": {
        "PinType": 1,
        "SubChipID": 0,
        "PinID": 1032137107
      },
      "Target": {
        "PinType": 3,
        "SubChipID": 1132527675,
        "PinID": 498880847
      },
      "WirePoints": [
        {
          "X": -7.837778,
          "Y": -1.84259272
        },
        {
          "X": -5.765725,
          "Y": -0.876361251
        },
        {
          "X": -3.098148,
          "Y": -2.33527732
        }
      ],
      "ColourThemeName": "Red"
    },
    {
      "Source": {
        "PinType": 1,
        "SubChipID": 0,
        "PinID": 1802461897
      },
      "Target": {
        "PinType": 3,
        "SubChipID": 845716434,
        "PinID": 1672340165
      },
      "WirePoints": [
        {
          "X": -7.837778,
          "Y": -2.22222185
        },
        {
          "X": -5.79876041,
          "Y": -1.20773673
        },
        {
          "X": -3.098148,
          "Y": -2.72027755
        }
      ],
      "ColourThemeName": "Red"
    },
    {
      "Source": {
        "PinType": 1,
        "SubChipID": 0,
        "PinID": 1464223584
      },
      "Target": {
        "PinType": 3,
        "SubChipID": 845716434,
        "PinID": 498880847
      },
      "WirePoints": [
        {
          "X": -7.837778,
          "Y": -2.69444466
        },
        {
          "X": -5.73574448,
          "Y": -1.53946221
        },
        {
          "X": -3.098148,
          "Y": -2.96027732
        }
      ],
      "ColourThemeName": "Red"
    },
    {
      "Source": {
        "PinType": 1,
        "SubChipID": 0,
        "PinID": 433505808
      },
      "Target": {
        "PinType": 3,
        "SubChipID": 551774794,
        "PinID": 1672340165
      },
      "WirePoints": [
        {
          "X": -7.837778,
          "Y": -3.09259272
        },
        {
          "X": -5.710924,
          "Y": -1.84876513
        },
        {
          "X": -3.098148,
          "Y": -3.34527731
        }
      ],
      "ColourThemeName": "Red"
    },
    {
      "Source": {
        "PinType": 1,
        "SubChipID": 0,
        "PinID": 106832052
      },
      "Target": {
        "PinType": 3,
        "SubChipID": 551774794,
        "PinID": 498880847
      },
      "WirePoints": [
        {
          "X": -7.837778,
          "Y": -3.564815
        },
        {
          "X": -5.762595,
          "Y": -2.24345541
        },
        {
          "X": -3.098148,
          "Y": -3.585277
        }
      ],
      "ColourThemeName": "Red"
    },
    {
      "Source": {
        "PinType": 4,
        "SubChipID": 1666161645,
        "PinID": 1118056934
      },
      "Target": {
        "PinType": 3,
        "SubChipID": 231263103,
        "PinID": 1672340165
      },
      "WirePoints": [
        {
          "X": -2.198148,
          "Y": -1.59027767
        },
        {
          "X": -1.51481509,
          "Y": -2.08601856
        }
      ],
      "ColourThemeName": "Red"
    },
    {
      "Source": {
        "PinType": 4,
        "SubChipID": 1132527675,
        "PinID": 1118056934
      },
      "Target": {
        "PinType": 3,
        "SubChipID": 231263103,
        "PinID": 498880847
      },
      "WirePoints": [
        {
          "X": -2.198148,
          "Y": -2.21527743
        },
        {
          "X": -1.51481509,
          "Y": -2.32601833
        }
      ],
      "ColourThemeName": "Red"
    },
    {
      "Source": {
        "PinType": 4,
        "SubChipID": 845716434,
        "PinID": 1118056934
      },
      "Target": {
        "PinType": 3,
        "SubChipID": 375492044,
        "PinID": 1672340165
      },
      "WirePoints": [
        {
          "X": -2.198148,
          "Y": -2.84027743
        },
        {
          "X": -1.51481509,
          "Y": -2.71101856
        }
      ],
      "ColourThemeName": "Red"
    },
    {
      "Source": {
        "PinType": 4,
        "SubChipID": 551774794,
        "PinID": 1118056934
      },
      "Target": {
        "PinType": 3,
        "SubChipID": 375492044,
        "PinID": 498880847
      },
      "WirePoints": [
        {
          "X": -2.198148,
          "Y": -3.46527719
        },
        {
          "X": -1.51481509,
          "Y": -2.95101833
        }
      ],
      "ColourThemeName": "Red"
    },
    {
      "Source": {
        "PinType": 4,
        "SubChipID": 231263103,
        "PinID": 1118056934
      },
      "Target": {
        "PinType": 3,
        "SubChipID": 1197731681,
        "PinID": 1672340165
      },
      "WirePoints": [
        {
          "X": -0.614815056,
          "Y": -2.20601845
        },
        {
          "X": -0.1814813,
          "Y": -2.435556
        }
      ],
      "ColourThemeName": "Red"
    },
    {
      "Source": {
        "PinType": 4,
        "SubChipID": 375492044,
        "PinID": 1118056934
      },
      "Target": {
        "PinType": 3,
        "SubChipID": 1197731681,
        "PinID": 498880847
      },
      "WirePoints": [
        {
          "X": -0.614815056,
          "Y": -2.83101845
        },
        {
          "X": -0.1814813,
          "Y": -2.67555571
        }
      ],
      "ColourThemeName": "Red"
    },
    {
      "Source": {
        "PinType": 4,
        "SubChipID": 1174284496,
        "PinID": 2
      },
      "Target": {
        "PinType": 2,
        "SubChipID": 0,
        "PinID": 1704549693
      },
      "WirePoints": [
        {
          "X": 6.80926,
          "Y": -2.88888884
        },
        {
          "X": 7.837778,
          "Y": -2.009259
        }
      ],
      "ColourThemeName": "Red"
    },
    {
      "Source": {
        "PinType": 4,
        "SubChipID": 689359136,
        "PinID": 1
      },
      "Target": {
        "PinType": 3,
        "SubChipID": 1174284496,
        "PinID": 0
      },
      "WirePoints": [
        {
          "X": 4.92037058,
          "Y": -1.92592561
        },
        {
          "X": 5.70925951,
          "Y": -2.768889
        }
      ],
      "ColourThemeName": "Red"
    },
    {
      "Source": {
        "PinType": 4,
        "SubChipID": 1197731681,
        "PinID": 1118056934
      },
      "Target": {
        "PinType": 3,
        "SubChipID": 1174284496,
        "PinID": 1
      },
      "WirePoints": [
        {
          "X": 0.7185187,
          "Y": -2.55555582
        },
        {
          "X": 5.70925951,
          "Y": -3.00888872
        }
      ],
      "ColourThemeName": "Red"
    }
  ]
}