{
  "Name": "Divider7seg",
  "Colour": "#6B16EB",
  "InputPins": [
    {
      "Name": "Pin",
      "ID": 2113203076,
      "PositionY": 4.40740776,
      "ColourThemeName": "Red"
    },
    {
      "Name": "Pin",
      "ID": 114604108,
      "PositionY": 4.037037,
      "ColourThemeName": "Red"
    },
    {
      "Name": "Pin",
      "ID": 1018957508,
      "PositionY": 3.65740728,
      "ColourThemeName": "Red"
    },
    {
      "Name": "Pin",
      "ID": 524584010,
      "PositionY": 3.25,
      "ColourThemeName": "Red"
    },
    {
      "Name": "Pin",
      "ID": 236944124,
      "PositionY": 2.75925922,
      "ColourThemeName": "Red"
    },
    {
      "Name": "Pin",
      "ID": 1732795482,
      "PositionY": 2.30555534,
      "ColourThemeName": "Red"
    },
    {
      "Name": "Pin",
      "ID": 1734726131,
      "PositionY": 1.90740764,
      "ColourThemeName": "Red"
    },
    {
      "Name": "Pin",
      "ID": 559534596,
      "PositionY": 1.51851833,
      "ColourThemeName": "Red"
    },
    {
      "Name": "Pin",
      "ID": 2099794819,
      "PositionY": 0.379629731,
      "ColourThemeName": "Red"
    },
    {
      "Name": "Pin",
      "ID": 342859126,
      "PositionY": -0.148148239,
      "ColourThemeName": "Red"
    },
    {
      "Name": "Pin",
      "ID": 1097505020,
      "PositionY": -0.5740741,
      "ColourThemeName": "Red"
    },
    {
      "Name": "Pin",
      "ID": 544195937,
      "PositionY": -0.9814814,
      "ColourThemeName": "Red"
    },
    {
      "Name": "Pin",
      "ID": 1037981696,
      "PositionY": -1.37037039,
      "ColourThemeName": "Red"
    },
    {
      "Name": "Pin",
      "ID": 90125516,
      "PositionY": -1.87962949,
      "ColourThemeName": "Red"
    },
    {
      "Name": "Pin",
      "ID": 1373552786,
      "PositionY": -2.32407427,
      "ColourThemeName": "Red"
    },
    {
      "Name": "Pin",
      "ID": 659842226,
      "PositionY": -2.851852,
      "ColourThemeName": "Red"
    }
  ],
  "OutputPins": [],
  "SubChips": [
    {
      "Name": "Divider",
      "ID": 1440050873,
      "Points": [
        {
          "X": -4.175926,
          "Y": 0.990741253
        }
      ],
      "Data": null
    },
    {
      "Name": "8bitSignPosbinbcd",
      "ID": 7318108,
      "Points": [
        {
          "X": -0.620372653,
          "Y": 1.69444489
        }
      ],
      "Data": null
    },
    {
      "Name": "7-SEGMENT DISPLAY",
      "ID": 657134968,
      "Points": [
        {
          "X": 1.90740716,
          "Y": 3.77796316
        }
      ],
      "Data": null
    },
    {
      "Name": "7-SEGMENT DISPLAY",
      "ID": 1866972546,
      "Points": [
        {
          "X": 1.90740716,
          "Y": 1.7129631
        }
      ],
      "Data": null
    },
    {
      "Name": "7-SEGMENT DISPLAY",
      "ID": 1191359187,
      "Points": [
        {
          "X": 1.90740716,
          "Y": -0.352036953
        }
      ],
      "Data": null
    },
    {
      "Name": "8bitSignPosbinbcd",
      "ID": 1223435304,
      "Points": [
        {
          "X": 4.9537034,
          "Y": -1.05555534
        }
      ],
      "Data": null
    },
    {
      "Name": "7-SEGMENT DISPLAY",
      "ID": 797025892,
      "Points": [
        {
          "X": 7.4444437,
          "Y": 0.93083334
        }
      ],
      "Data": null
    },
    {
      "Name": "7-SEGMENT DISPLAY",
      "ID": 840625419,
      "Points": [
        {
          "X": 7.4444437,
          "Y": -1.134167
        }
      ],
      "Data": null
    },
    {
      "Name": "7-SEGMENT DISPLAY",
      "ID": 1608159244,
      "Points": [
        {
          "X": 7.4444437,
          "Y": -3.199167
        }
      ],
      "Data": null
    }
  ],
  "Connections": [
    {
      "Source": {
        "PinType": 1,
        "SubChipID": 0,
        "PinID": 659842226
      },
      "Target": {
        "PinType": 3,
        "SubChipID": 1440050873,
        "PinID": 359089521
      },
      "WirePoints": [
        {
          "X": -7.837778,
          "Y": -2.851852
        },
        {
          "X": -4.9509263,
          "Y": -0.8092588
        }
      ],
      "ColourThemeName": "Red"
    },
    {
      "Source": {
        "PinType": 1,
        "SubChipID": 0,
        "PinID": 1373552786
      },
      "Target": {
        "PinType": 3,
        "SubChipID": 1440050873,
        "PinID": 251250709
      },
      "WirePoints": [
        {
          "X": -7.837778,
          "Y": -2.32407427
        },
        {
          "X": -4.9509263,
          "Y": -0.5692588
        }
      ],
      "ColourThemeName": "Red"
    },
    {
      "Source": {
        "PinType": 1,
        "SubChipID": 0,
        "PinID": 90125516
      },
      "Target": {
        "PinType": 3,
        "SubChipID": 1440050873,
        "PinID": 772316847
      },
      "WirePoints": [
        {
          "X": -7.837778,
          "Y": -1.87962949
        },
        {
          "X": -4.9509263,
          "Y": -0.3292588
        }
      ],
      "ColourThemeName": "Red"
    },
    {
      "Source": {
        "PinType": 1,
        "SubChipID": 0,
        "PinID": 1037981696
      },
      "Target": {
        "PinType": 3,
        "SubChipID": 1440050873,
        "PinID": 1663844118
      },
      "WirePoints": [
        {
          "X": -7.837778,
          "Y": -1.37037039
        },
        {
          "X": -4.9509263,
          "Y": -0.08925879
        }
      ],
      "ColourThemeName": "Red"
    },
    {
      "Source": {
        "PinType": 1,
        "SubChipID": 0,
        "PinID": 544195937
      },
      "Target": {
        "PinType": 3,
        "SubChipID": 1440050873,
        "PinID": 481950479
      },
      "WirePoints": [
        {
          "X": -7.837778,
          "Y": -0.9814814
        },
        {
          "X": -4.9509263,
          "Y": 0.15074116
        }
      ],
      "ColourThemeName": "Red"
    },
    {
      "Source": {
        "PinType": 1,
        "SubChipID": 0,
        "PinID": 1097505020
      },
      "Target": {
        "PinType": 3,
        "SubChipID": 1440050873,
        "PinID": 347736263
      },
      "WirePoints": [
        {
          "X": -7.837778,
          "Y": -0.5740741
        },
        {
          "X": -4.9509263,
          "Y": 0.390741169
        }
      ],
      "ColourThemeName": "Red"
    },
    {
      "Source": {
        "PinType": 1,
        "SubChipID": 0,
        "PinID": 342859126
      },
      "Target": {
        "PinType": 3,
        "SubChipID": 1440050873,
        "PinID": 72643545
      },
      "WirePoints": [
        {
          "X": -7.837778,
          "Y": -0.148148239
        },
        {
          "X": -4.9509263,
          "Y": 0.6307411
        }
      ],
      "ColourThemeName": "Red"
    },
    {
      "Source": {
        "PinType": 1,
        "SubChipID": 0,
        "PinID": 2099794819
      },
      "Target": {
        "PinType": 3,
        "SubChipID": 1440050873,
        "PinID": 644148187
      },
      "WirePoints": [
        {
          "X": -7.837778,
          "Y": 0.379629731
        },
        {
          "X": -4.9509263,
          "Y": 0.8707411
        }
      ],
      "ColourThemeName": "Red"
    },
    {
      "Source": {
        "PinType": 1,
        "SubChipID": 0,
        "PinID": 559534596
      },
      "Target": {
        "PinType": 3,
        "SubChipID": 1440050873,
        "PinID": 1279218191
      },
      "WirePoints": [
        {
          "X": -7.837778,
          "Y": 1.51851833
        },
        {
          "X": -5.07407427,
          "Y": 1.101852
        },
        {
          "X": -4.9509263,
          "Y": 1.11074126
        }
      ],
      "ColourThemeName": "Red"
    },
    {
      "Source": {
        "PinType": 1,
        "SubChipID": 0,
        "PinID": 1734726131
      },
      "Target": {
        "PinType": 3,
        "SubChipID": 1440050873,
        "PinID": 1754609964
      },
      "WirePoints": [
        {
          "X": -7.837778,
          "Y": 1.90740764
        },
        {
          "X": -4.9509263,
          "Y": 1.35074127
        }
      ],
      "ColourThemeName": "Red"
    },
    {
      "Source": {
        "PinType": 1,
        "SubChipID": 0,
        "PinID": 1732795482
      },
      "Target": {
        "PinType": 3,
        "SubChipID": 1440050873,
        "PinID": 1688146231
      },
      "WirePoints": [
        {
          "X": -7.837778,
          "Y": 2.30555534
        },
        {
          "X": -4.9509263,
          "Y": 1.59074116
        }
      ],
      "ColourThemeName": "Red"
    },
    {
      "Source": {
        "PinType": 1,
        "SubChipID": 0,
        "PinID": 236944124
      },
      "Target": {
        "PinType": 3,
        "SubChipID": 1440050873,
        "PinID": 1841622804
      },
      "WirePoints": [
        {
          "X": -7.837778,
          "Y": 2.75925922
        },
        {
          "X": -4.9509263,
          "Y": 1.83074117
        }
      ],
      "ColourThemeName": "Red"
    },
    {
      "Source": {
        "PinType": 1,
        "SubChipID": 0,
        "PinID": 524584010
      },
      "Target": {
        "PinType": 3,
        "SubChipID": 1440050873,
        "PinID": 1059480178
      },
      "WirePoints": [
        {
          "X": -7.837778,
          "Y": 3.25
        },
        {
          "X": -4.9509263,
          "Y": 2.07074118
        }
      ],
      "ColourThemeName": "Red"
    },
    {
      "Source": {
        "PinType": 1,
        "SubChipID": 0,
        "PinID": 1018957508
      },
      "Target": {
        "PinType": 3,
        "SubChipID": 1440050873,
        "PinID": 409406068
      },
      "WirePoints": [
        {
          "X": -7.837778,
          "Y": 3.65740728
        },
        {
          "X": -4.9509263,
          "Y": 2.31074142
        }
      ],
      "ColourThemeName": "Red"
    },
    {
      "Source": {
        "PinType": 1,
        "SubChipID": 0,
        "PinID": 114604108
      },
      "Target": {
        "PinType": 3,
        "SubChipID": 1440050873,
        "PinID": 1739499307
      },
      "WirePoints": [
        {
          "X": -7.837778,
          "Y": 4.037037
        },
        {
          "X": -4.9509263,
          "Y": 2.5507412
        }
      ],
      "ColourThemeName": "Red"
    },
    {
      "Source": {
        "PinType": 1,
        "SubChipID": 0,
        "PinID": 2113203076
      },
      "Target": {
        "PinType": 3,
        "SubChipID": 1440050873,
        "PinID": 1142237728
      },
      "WirePoints": [
        {
          "X": -7.837778,
          "Y": 4.40740776
        },
        {
          "X": -4.9509263,
          "Y": 2.79074144
        }
      ],
      "ColourThemeName": "Red"
    },
    {
      "Source": {
        "PinType": 4,
        "SubChipID": 1440050873,
        "PinID": 470530149
      },
      "Target": {
        "PinType": 3,
        "SubChipID": 7318108,
        "PinID": 1191278795
      },
      "WirePoints": [
        {
          "X": -3.400926,
          "Y": 2.79074144
        },
        {
          "X": -2.14037275,
          "Y": 4.454445
        }
      ],
      "ColourThemeName": "Red"
    },
    {
      "Source": {
        "PinType": 4,
        "SubChipID": 1440050873,
        "PinID": 503930931
      },
      "Target": {
        "PinType": 3,
        "SubChipID": 7318108,
        "PinID": 1304038054
      },
      "WirePoints": [
        {
          "X": -3.400926,
          "Y": 2.5507412
        },
        {
          "X": -2.14037275,
          "Y": 3.84111166
        }
      ],
      "ColourThemeName": "Red"
    },
    {
      "Source": {
        "PinType": 4,
        "SubChipID": 1440050873,
        "PinID": 1744349601
      },
      "Target": {
        "PinType": 3,
        "SubChipID": 7318108,
        "PinID": 1836195019
      },
      "WirePoints": [
        {
          "X": -3.400926,
          "Y": 2.31074142
        },
        {
          "X": -2.14037275,
          "Y": 3.2277782
        }
      ],
      "ColourThemeName": "Red"
    },
    {
      "Source": {
        "PinType": 4,
        "SubChipID": 1440050873,
        "PinID": 634678415
      },
      "Target": {
        "PinType": 3,
        "SubChipID": 7318108,
        "PinID": 115230913
      },
      "WirePoints": [
        {
          "X": -3.400926,
          "Y": 2.07074118
        },
        {
          "X": -2.14037275,
          "Y": 2.61444473
        }
      ],
      "ColourThemeName": "Red"
    },
    {
      "Source": {
        "PinType": 4,
        "SubChipID": 1440050873,
        "PinID": 1740522659
      },
      "Target": {
        "PinType": 3,
        "SubChipID": 7318108,
        "PinID": 335469365
      },
      "WirePoints": [
        {
          "X": -3.400926,
          "Y": 1.83074117
        },
        {
          "X": -2.14037275,
          "Y": 2.00111151
        }
      ],
      "ColourThemeName": "Red"
    },
    {
      "Source": {
        "PinType": 4,
        "SubChipID": 1440050873,
        "PinID": 200861163
      },
      "Target": {
        "PinType": 3,
        "SubChipID": 7318108,
        "PinID": 490821396
      },
      "WirePoints": [
        {
          "X": -3.400926,
          "Y": 1.59074116
        },
        {
          "X": -3.30555558,
          "Y": 1.51851833
        },
        {
          "X": -2.14037275,
          "Y": 1.387778
        }
      ],
      "ColourThemeName": "Red"
    },
    {
      "Source": {
        "PinType": 4,
        "SubChipID": 1440050873,
        "PinID": 1823948610
      },
      "Target": {
        "PinType": 3,
        "SubChipID": 7318108,
        "PinID": 1580762635
      },
      "WirePoints": [
        {
          "X": -3.400926,
          "Y": 1.35074127
        },
        {
          "X": -2.14037275,
          "Y": 0.774444759
        }
      ],
      "ColourThemeName": "Red"
    },
    {
      "Source": {
        "PinType": 4,
        "SubChipID": 1440050873,
        "PinID": 1027193755
      },
      "Target": {
        "PinType": 3,
        "SubChipID": 7318108,
        "PinID": 1218748488
      },
      "WirePoints": [
        {
          "X": -3.400926,
          "Y": 1.11074126
        },
        {
          "X": -2.14037275,
          "Y": 0.161111474
        }
      ],
      "ColourThemeName": "Red"
    },
    {
      "Source": {
        "PinType": 4,
        "SubChipID": 7318108,
        "PinID": 1311102793
      },
      "Target": {
        "PinType": 3,
        "SubChipID": 657134968,
        "PinID": 0
      },
      "WirePoints": [
        {
          "X": 0.8996273,
          "Y": 4.454445
        },
        {
          "X": 1.09190083,
          "Y": 4.61796331
        }
      ],
      "ColourThemeName": "Red"
    },
    {
      "Source": {
        "PinType": 4,
        "SubChipID": 7318108,
        "PinID": 447781157
      },
      "Target": {
        "PinType": 3,
        "SubChipID": 657134968,
        "PinID": 1
      },
      "WirePoints": [
        {
          "X": 0.8996273,
          "Y": 4.214445
        },
        {
          "X": 1.09190083,
          "Y": 4.377963
        }
      ],
      "ColourThemeName": "Red"
    },
    {
      "Source": {
        "PinType": 4,
        "SubChipID": 7318108,
        "PinID": 143970309
      },
      "Target": {
        "PinType": 3,
        "SubChipID": 657134968,
        "PinID": 2
      },
      "WirePoints": [
        {
          "X": 0.8996273,
          "Y": 3.97444487
        },
        {
          "X": 1.09190083,
          "Y": 4.13796329
        }
      ],
      "ColourThemeName": "Red"
    },
    {
      "Source": {
        "PinType": 4,
        "SubChipID": 7318108,
        "PinID": 219040671
      },
      "Target": {
        "PinType": 3,
        "SubChipID": 657134968,
        "PinID": 3
      },
      "WirePoints": [
        {
          "X": 0.8996273,
          "Y": 3.73444486
        },
        {
          "X": 1.09190083,
          "Y": 3.897963
        }
      ],
      "ColourThemeName": "Red"
    },
    {
      "Source": {
        "PinType": 4,
        "SubChipID": 7318108,
        "PinID": 1251531328
      },
      "Target": {
        "PinType": 3,
        "SubChipID": 657134968,
        "PinID": 4
      },
      "WirePoints": [
        {
          "X": 0.8996273,
          "Y": 3.49444485
        },
        {
          "X": 1.09190083,
          "Y": 3.657963
        }
      ],
      "ColourThemeName": "Red"
    },
    {
      "Source": {
        "PinType": 4,
        "SubChipID": 7318108,
        "PinID": 739767476
      },
      "Target": {
        "PinType": 3,
        "SubChipID": 657134968,
        "PinID": 6
      },
      "WirePoints": [
        {
          "X": 0.8996273,
          "Y": 3.01444483
        },
        {
          "X": 1.09190083,
          "Y": 3.17796326
        }
      ],
      "ColourThemeName": "Red"
    },
    {
      "Source": {
        "PinType": 4,
        "SubChipID": 7318108,
        "PinID": 1698096958
      },
      "Target": {
        "PinType": 3,
        "SubChipID": 657134968,
        "PinID": 5
      },
      "WirePoints": [
        {
          "X": 0.8996273,
          "Y": 3.254445
        },
        {
          "X": 1.09190083,
          "Y": 3.417963
        }
      ],
      "ColourThemeName": "Red"
    },
    {
      "Source": {
        "PinType": 4,
        "SubChipID": 7318108,
        "PinID": 1009657197
      },
      "Target": {
        "PinType": 3,
        "SubChipID": 657134968,
        "PinID": 7
      },
      "WirePoints": [
        {
          "X": 0.8996273,
          "Y": 2.774445
        },
        {
          "X": 1.09190083,
          "Y": 2.93796325
        }
      ],
      "ColourThemeName": "Red"
    },
    {
      "Source": {
        "PinType": 4,
        "SubChipID": 7318108,
        "PinID": 1344259140
      },
      "Target": {
        "PinType": 3,
        "SubChipID": 1866972546,
        "PinID": 0
      },
      "WirePoints": [
        {
          "X": 0.8996273,
          "Y": 2.53444481
        },
        {
          "X": 1.09190083,
          "Y": 2.552963
        }
      ],
      "ColourThemeName": "Red"
    },
    {
      "Source": {
        "PinType": 4,
        "SubChipID": 7318108,
        "PinID": 734475924
      },
      "Target": {
        "PinType": 3,
        "SubChipID": 1866972546,
        "PinID": 1
      },
      "WirePoints": [
        {
          "X": 0.8996273,
          "Y": 2.294445
        },
        {
          "X": 1.09190083,
          "Y": 2.312963
        }
      ],
      "ColourThemeName": "Red"
    },
    {
      "Source": {
        "PinType": 4,
        "SubChipID": 7318108,
        "PinID": 1699971168
      },
      "Target": {
        "PinType": 3,
        "SubChipID": 1866972546,
        "PinID": 2
      },
      "WirePoints": [
        {
          "X": 0.8996273,
          "Y": 2.054445
        },
        {
          "X": 1.09190083,
          "Y": 2.072963
        }
      ],
      "ColourThemeName": "Red"
    },
    {
      "Source": {
        "PinType": 4,
        "SubChipID": 7318108,
        "PinID": 1604719958
      },
      "Target": {
        "PinType": 3,
        "SubChipID": 1866972546,
        "PinID": 3
      },
      "WirePoints": [
        {
          "X": 0.8996273,
          "Y": 1.8144449
        },
        {
          "X": 1.09190083,
          "Y": 1.83296311
        }
      ],
      "ColourThemeName": "Red"
    },
    {
      "Source": {
        "PinType": 4,
        "SubChipID": 7318108,
        "PinID": 1929318582
      },
      "Target": {
        "PinType": 3,
        "SubChipID": 1866972546,
        "PinID": 4
      },
      "WirePoints": [
        {
          "X": 0.8996273,
          "Y": 1.57444489
        },
        {
          "X": 1.09190083,
          "Y": 1.5929631
        }
      ],
      "ColourThemeName": "Red"
    },
    {
      "Source": {
        "PinType": 4,
        "SubChipID": 7318108,
        "PinID": 2124854602
      },
      "Target": {
        "PinType": 3,
        "SubChipID": 1866972546,
        "PinID": 5
      },
      "WirePoints": [
        {
          "X": 0.8996273,
          "Y": 1.334445
        },
        {
          "X": 1.09190083,
          "Y": 1.35296309
        }
      ],
      "ColourThemeName": "Red"
    },
    {
      "Source": {
        "PinType": 4,
        "SubChipID": 7318108,
        "PinID": 203559998
      },
      "Target": {
        "PinType": 3,
        "SubChipID": 1866972546,
        "PinID": 6
      },
      "WirePoints": [
        {
          "X": 0.8996273,
          "Y": 1.094445
        },
        {
          "X": 1.09190083,
          "Y": 1.11296308
        }
      ],
      "ColourThemeName": "Red"
    },
    {
      "Source": {
        "PinType": 4,
        "SubChipID": 7318108,
        "PinID": 2029938383
      },
      "Target": {
        "PinType": 3,
        "SubChipID": 1866972546,
        "PinID": 7
      },
      "WirePoints": [
        {
          "X": 0.8996273,
          "Y": 0.854444742
        },
        {
          "X": 1.09190083,
          "Y": 0.87296313
        }
      ],
      "ColourThemeName": "Red"
    },
    {
      "Source": {
        "PinType": 4,
        "SubChipID": 7318108,
        "PinID": 1932520272
      },
      "Target": {
        "PinType": 3,
        "SubChipID": 1191359187,
        "PinID": 0
      },
      "WirePoints": [
        {
          "X": 0.8996273,
          "Y": 0.614444852
        },
        {
          "X": 1.09190083,
          "Y": 0.487963021
        }
      ],
      "ColourThemeName": "Red"
    },
    {
      "Source": {
        "PinType": 4,
        "SubChipID": 7318108,
        "PinID": 1185432948
      },
      "Target": {
        "PinType": 3,
        "SubChipID": 1191359187,
        "PinID": 1
      },
      "WirePoints": [
        {
          "X": 0.8996273,
          "Y": 0.374444842
        },
        {
          "X": 1.09190083,
          "Y": 0.247963011
        }
      ],
      "ColourThemeName": "Red"
    },
    {
      "Source": {
        "PinType": 4,
        "SubChipID": 7318108,
        "PinID": 1374618888
      },
      "Target": {
        "PinType": 3,
        "SubChipID": 1191359187,
        "PinID": 2
      },
      "WirePoints": [
        {
          "X": 0.8996273,
          "Y": 0.134444952
        },
        {
          "X": 1.09190083,
          "Y": 0.007963002
        }
      ],
      "ColourThemeName": "Red"
    },
    {
      "Source": {
        "PinType": 4,
        "SubChipID": 7318108,
        "PinID": 1730344173
      },
      "Target": {
        "PinType": 3,
        "SubChipID": 1191359187,
        "PinID": 3
      },
      "WirePoints": [
        {
          "X": 0.8996273,
          "Y": -0.105555058
        },
        {
          "X": 1.09190083,
          "Y": -0.232036963
        }
      ],
      "ColourThemeName": "Red"
    },
    {
      "Source": {
        "PinType": 4,
        "SubChipID": 7318108,
        "PinID": 1832083211
      },
      "Target": {
        "PinType": 3,
        "SubChipID": 1191359187,
        "PinID": 4
      },
      "WirePoints": [
        {
          "X": 0.8996273,
          "Y": -0.345554829
        },
        {
          "X": 1.09190083,
          "Y": -0.472037
        }
      ],
      "ColourThemeName": "Red"
    },
    {
      "Source": {
        "PinType": 4,
        "SubChipID": 7318108,
        "PinID": 43561847
      },
      "Target": {
        "PinType": 3,
        "SubChipID": 1191359187,
        "PinID": 5
      },
      "WirePoints": [
        {
          "X": 0.8996273,
          "Y": -0.5855553
        },
        {
          "X": 1.09190083,
          "Y": -0.712036967
        }
      ],
      "ColourThemeName": "Red"
    },
    {
      "Source": {
        "PinType": 4,
        "SubChipID": 7318108,
        "PinID": 1049638753
      },
      "Target": {
        "PinType": 3,
        "SubChipID": 1191359187,
        "PinID": 6
      },
      "WirePoints": [
        {
          "X": 0.8996273,
          "Y": -0.8255551
        },
        {
          "X": 1.09190083,
          "Y": -0.952037
        }
      ],
      "ColourThemeName": "Red"
    },
    {
      "Source": {
        "PinType": 4,
        "SubChipID": 7318108,
        "PinID": 1765882428
      },
      "Target": {
        "PinType": 3,
        "SubChipID": 1191359187,
        "PinID": 7
      },
      "WirePoints": [
        {
          "X": 0.8996273,
          "Y": -1.0655551
        },
        {
          "X": 1.09190083,
          "Y": -1.19203687
        }
      ],
      "ColourThemeName": "Red"
    },
    {
      "Source": {
        "PinType": 4,
        "SubChipID": 1223435304,
        "PinID": 1311102793
      },
      "Target": {
        "PinType": 3,
        "SubChipID": 797025892,
        "PinID": 0
      },
      "WirePoints": [
        {
          "X": 6.47370338,
          "Y": 1.70444465
        },
        {
          "X": 6.62893724,
          "Y": 1.77083325
        }
      ],
      "ColourThemeName": "Red"
    },
    {
      "Source": {
        "PinType": 4,
        "SubChipID": 1223435304,
        "PinID": 447781157
      },
      "Target": {
        "PinType": 3,
        "SubChipID": 797025892,
        "PinID": 1
      },
      "WirePoints": [
        {
          "X": 6.47370338,
          "Y": 1.46444464
        },
        {
          "X": 6.62893724,
          "Y": 1.53083324
        }
      ],
      "ColourThemeName": "Red"
    },
    {
      "Source": {
        "PinType": 4,
        "SubChipID": 1223435304,
        "PinID": 143970309
      },
      "Target": {
        "PinType": 3,
        "SubChipID": 797025892,
        "PinID": 2
      },
      "WirePoints": [
        {
          "X": 6.47370338,
          "Y": 1.22444463
        },
        {
          "X": 6.62893724,
          "Y": 1.29083323
        }
      ],
      "ColourThemeName": "Red"
    },
    {
      "Source": {
        "PinType": 4,
        "SubChipID": 1223435304,
        "PinID": 219040671
      },
      "Target": {
        "PinType": 3,
        "SubChipID": 797025892,
        "PinID": 3
      },
      "WirePoints": [
        {
          "X": 6.47370338,
          "Y": 0.9844446
        },
        {
          "X": 6.62893724,
          "Y": 1.05083334
        }
      ],
      "ColourThemeName": "Red"
    },
    {
      "Source": {
        "PinType": 4,
        "SubChipID": 1223435304,
        "PinID": 1251531328
      },
      "Target": {
        "PinType": 3,
        "SubChipID": 797025892,
        "PinID": 4
      },
      "WirePoints": [
        {
          "X": 6.47370338,
          "Y": 0.7444446
        },
        {
          "X": 6.62893724,
          "Y": 0.8108333
        }
      ],
      "ColourThemeName": "Red"
    },
    {
      "Source": {
        "PinType": 4,
        "SubChipID": 1223435304,
        "PinID": 1698096958
      },
      "Target": {
        "PinType": 3,
        "SubChipID": 797025892,
        "PinID": 5
      },
      "WirePoints": [
        {
          "X": 6.47370338,
          "Y": 0.5044447
        },
        {
          "X": 6.62893724,
          "Y": 0.5708333
        }
      ],
      "ColourThemeName": "Red"
    },
    {
      "Source": {
        "PinType": 4,
        "SubChipID": 1223435304,
        "PinID": 739767476
      },
      "Target": {
        "PinType": 3,
        "SubChipID": 797025892,
        "PinID": 6
      },
      "WirePoints": [
        {
          "X": 6.47370338,
          "Y": 0.2644447
        },
        {
          "X": 6.62893724,
          "Y": 0.330833316
        }
      ],
      "ColourThemeName": "Red"
    },
    {
      "Source": {
        "PinType": 4,
        "SubChipID": 1223435304,
        "PinID": 1009657197
      },
      "Target": {
        "PinType": 3,
        "SubChipID": 797025892,
        "PinID": 7
      },
      "WirePoints": [
        {
          "X": 6.47370338,
          "Y": 0.0244447
        },
        {
          "X": 6.62893724,
          "Y": 0.0908333659
        }
      ],
      "ColourThemeName": "Red"
    },
    {
      "Source": {
        "PinType": 4,
        "SubChipID": 1223435304,
        "PinID": 1344259140
      },
      "Target": {
        "PinType": 3,
        "SubChipID": 840625419,
        "PinID": 0
      },
      "WirePoints": [
        {
          "X": 6.47370338,
          "Y": -0.21555537
        },
        {
          "X": 6.62893724,
          "Y": -0.294166982
        }
      ],
      "ColourThemeName": "Red"
    },
    {
      "Source": {
        "PinType": 4,
        "SubChipID": 1223435304,
        "PinID": 734475924
      },
      "Target": {
        "PinType": 3,
        "SubChipID": 840625419,
        "PinID": 1
      },
      "WirePoints": [
        {
          "X": 6.47370338,
          "Y": -0.45555532
        },
        {
          "X": 6.62893724,
          "Y": -0.534167
        }
      ],
      "ColourThemeName": "Red"
    },
    {
      "Source": {
        "PinType": 4,
        "SubChipID": 1223435304,
        "PinID": 1699971168
      },
      "Target": {
        "PinType": 3,
        "SubChipID": 840625419,
        "PinID": 2
      },
      "WirePoints": [
        {
          "X": 6.47370338,
          "Y": -0.69555527
        },
        {
          "X": 6.62893724,
          "Y": -0.774167
        }
      ],
      "ColourThemeName": "Red"
    },
    {
      "Source": {
        "PinType": 4,
        "SubChipID": 1223435304,
        "PinID": 1604719958
      },
      "Target": {
        "PinType": 3,
        "SubChipID": 840625419,
        "PinID": 3
      },
      "WirePoints": [
        {
          "X": 6.47370338,
          "Y": -0.9355554
        },
        {
          "X": 6.62893724,
          "Y": -1.014167
        }
      ],
      "ColourThemeName": "Red"
    },
    {
      "Source": {
        "PinType": 4,
        "SubChipID": 1223435304,
        "PinID": 1929318582
      },
      "Target": {
        "PinType": 3,
        "SubChipID": 840625419,
        "PinID": 4
      },
      "WirePoints": [
        {
          "X": 6.47370338,
          "Y": -1.17555535
        },
        {
          "X": 6.62893724,
          "Y": -1.254167
        }
      ],
      "ColourThemeName": "Red"
    },
    {
      "Source": {
        "PinType": 4,
        "SubChipID": 1223435304,
        "PinID": 2124854602
      },
      "Target": {
        "PinType": 3,
        "SubChipID": 840625419,
        "PinID": 5
      },
      "WirePoints": [
        {
          "X": 6.47370338,
          "Y": -1.41555524
        },
        {
          "X": 6.62893724,
          "Y": -1.494167
        }
      ],
      "ColourThemeName": "Red"
    },
    {
      "Source": {
        "PinType": 4,
        "SubChipID": 1223435304,
        "PinID": 203559998
      },
      "Target": {
        "PinType": 3,
        "SubChipID": 840625419,
        "PinID": 6
      },
      "WirePoints": [
        {
          "X": 6.47370338,
          "Y": -1.65555525
        },
        {
          "X": 6.62893724,
          "Y": -1.734167
        }
      ],
      "ColourThemeName": "Red"
    },
    {
      "Source": {
        "PinType": 4,
        "SubChipID": 1223435304,
        "PinID": 2029938383
      },
      "Target": {
        "PinType": 3,
        "SubChipID": 840625419,
        "PinID": 7
      },
      "WirePoints": [
        {
          "X": 6.47370338,
          "Y": -1.8955555
        },
        {
          "X": 6.62893724,
          "Y": -1.97416687
        }
      ],
      "ColourThemeName": "Red"
    },
    {
      "Source": {
        "PinType": 4,
        "SubChipID": 1223435304,
        "PinID": 1932520272
      },
      "Target": {
        "PinType": 3,
        "SubChipID": 1608159244,
        "PinID": 0
      },
      "WirePoints": [
        {
          "X": 6.47370338,
          "Y": -2.13555527
        },
        {
          "X": 6.62893724,
          "Y": -2.359167
        }
      ],
      "ColourThemeName": "Red"
    },
    {
      "Source": {
        "PinType": 4,
        "SubChipID": 1223435304,
        "PinID": 1185432948
      },
      "Target": {
        "PinType": 3,
        "SubChipID": 1608159244,
        "PinID": 1
      },
      "WirePoints": [
        {
          "X": 6.47370338,
          "Y": -2.37555552
        },
        {
          "X": 6.62893724,
          "Y": -2.599167
        }
      ],
      "ColourThemeName": "Red"
    },
    {
      "Source": {
        "PinType": 4,
        "SubChipID": 1223435304,
        "PinID": 1374618888
      },
      "Target": {
        "PinType": 3,
        "SubChipID": 1608159244,
        "PinID": 2
      },
      "WirePoints": [
        {
          "X": 6.47370338,
          "Y": -2.61555529
        },
        {
          "X": 6.62893724,
          "Y": -2.839167
        }
      ],
      "ColourThemeName": "Red"
    },
    {
      "Source": {
        "PinType": 4,
        "SubChipID": 1223435304,
        "PinID": 1730344173
      },
      "Target": {
        "PinType": 3,
        "SubChipID": 1608159244,
        "PinID": 3
      },
      "WirePoints": [
        {
          "X": 6.47370338,
          "Y": -2.8555553
        },
        {
          "X": 6.62893724,
          "Y": -3.07916713
        }
      ],
      "ColourThemeName": "Red"
    },
    {
      "Source": {
        "PinType": 4,
        "SubChipID": 1223435304,
        "PinID": 1832083211
      },
      "Target": {
        "PinType": 3,
        "SubChipID": 1608159244,
        "PinID": 4
      },
      "WirePoints": [
        {
          "X": 6.47370338,
          "Y": -3.095555
        },
        {
          "X": 6.62893724,
          "Y": -3.31916714
        }
      ],
      "ColourThemeName": "Red"
    },
    {
      "Source": {
        "PinType": 4,
        "SubChipID": 1223435304,
        "PinID": 43561847
      },
      "Target": {
        "PinType": 3,
        "SubChipID": 1608159244,
        "PinID": 5
      },
      "WirePoints": [
        {
          "X": 6.47370338,
          "Y": -3.33555555
        },
        {
          "X": 6.62893724,
          "Y": -3.559167
        }
      ],
      "ColourThemeName": "Red"
    },
    {
      "Source": {
        "PinType": 4,
        "SubChipID": 1223435304,
        "PinID": 1049638753
      },
      "Target": {
        "PinType": 3,
        "SubChipID": 1608159244,
        "PinID": 6
      },
      "WirePoints": [
        {
          "X": 6.47370338,
          "Y": -3.57555532
        },
        {
          "X": 6.62893724,
          "Y": -3.79916716
        }
      ],
      "ColourThemeName": "Red"
    },
    {
      "Source": {
        "PinType": 4,
        "SubChipID": 1223435304,
        "PinID": 1765882428
      },
      "Target": {
        "PinType": 3,
        "SubChipID": 1608159244,
        "PinID": 7
      },
      "WirePoints": [
        {
          "X": 6.47370338,
          "Y": -3.81555533
        },
        {
          "X": 6.62893724,
          "Y": -4.039167
        }
      ],
      "ColourThemeName": "Red"
    },
    {
      "Source": {
        "PinType": 4,
        "SubChipID": 1440050873,
        "PinID": 416268773
      },
      "Target": {
        "PinType": 3,
        "SubChipID": 1223435304,
        "PinID": 1191278795
      },
      "WirePoints": [
        {
          "X": -3.400926,
          "Y": 0.8707411
        },
        {
          "X": -2.43518519,
          "Y": 0.07407427
        },
        {
          "X": -2.240741,
          "Y": -1.72222233
        },
        {
          "X": 2.91666675,
          "Y": -1.66666651
        },
        {
          "X": 2.82407451,
          "Y": 1.67592585
        },
        {
          "X": 3.43370342,
          "Y": 1.70444465
        }
      ],
      "ColourThemeName": "Red"
    },
    {
      "Source": {
        "PinType": 4,
        "SubChipID": 1440050873,
        "PinID": 1856024773
      },
      "Target": {
        "PinType": 3,
        "SubChipID": 1223435304,
        "PinID": 1304038054
      },
      "WirePoints": [
        {
          "X": -3.400926,
          "Y": 0.6307411
        },
        {
          "X": -2.58333325,
          "Y": -0.0555557
        },
        {
          "X": -2.45370388,
          "Y": -1.85185194
        },
        {
          "X": 2.98148179,
          "Y": -1.80555558
        },
        {
          "X": 2.935185,
          "Y": 1.12037063
        },
        {
          "X": 3.43370342,
          "Y": 1.09111142
        }
      ],
      "ColourThemeName": "Red"
    },
    {
      "Source": {
        "PinType": 4,
        "SubChipID": 1440050873,
        "PinID": 1787504947
      },
      "Target": {
        "PinType": 3,
        "SubChipID": 1223435304,
        "PinID": 1836195019
      },
      "WirePoints": [
        {
          "X": -3.400926,
          "Y": 0.390741169
        },
        {
          "X": -2.722222,
          "Y": -0.203703642
        },
        {
          "X": -2.490741,
          "Y": -2.111111
        },
        {
          "X": 3.009259,
          "Y": -1.98148155
        },
        {
          "X": 3.03703737,
          "Y": 0.5092591
        },
        {
          "X": 3.43370342,
          "Y": 0.477777958
        }
      ],
      "ColourThemeName": "Red"
    },
    {
      "Source": {
        "PinType": 4,
        "SubChipID": 1440050873,
        "PinID": 1006235666
      },
      "Target": {
        "PinType": 3,
        "SubChipID": 1223435304,
        "PinID": 115230913
      },
      "WirePoints": [
        {
          "X": -3.400926,
          "Y": 0.15074116
        },
        {
          "X": -2.99074078,
          "Y": -0.203703642
        },
        {
          "X": -2.75,
          "Y": -2.27777767
        },
        {
          "X": 3.148148,
          "Y": -2.398148
        },
        {
          "X": 3.12962961,
          "Y": -0.0555557
        },
        {
          "X": 3.43370342,
          "Y": -0.135555387
        }
      ],
      "ColourThemeName": "Red"
    },
    {
      "Source": {
        "PinType": 4,
        "SubChipID": 1440050873,
        "PinID": 23264151
      },
      "Target": {
        "PinType": 3,
        "SubChipID": 1223435304,
        "PinID": 335469365
      },
      "WirePoints": [
        {
          "X": -3.400926,
          "Y": -0.08925879
        },
        {
          "X": -3.12037063,
          "Y": -0.5092594
        },
        {
          "X": -2.75925922,
          "Y": -2.46296287
        },
        {
          "X": 3.18518543,
          "Y": -2.50925922
        },
        {
          "X": 3.25925946,
          "Y": -0.6388888
        },
        {
          "X": 3.43370342,
          "Y": -0.748888731
        }
      ],
      "ColourThemeName": "Red"
    },
    {
      "Source": {
        "PinType": 4,
        "SubChipID": 1440050873,
        "PinID": 1332163405
      },
      "Target": {
        "PinType": 3,
        "SubChipID": 1223435304,
        "PinID": 490821396
      },
      "WirePoints": [
        {
          "X": -3.400926,
          "Y": -0.3292588
        },
        {
          "X": -2.7962966,
          "Y": -2.648148
        },
        {
          "X": 2.40740776,
          "Y": -2.72222233
        },
        {
          "X": 3.43370342,
          "Y": -1.36222219
        }
      ],
      "ColourThemeName": "Red"
    },
    {
      "Source": {
        "PinType": 4,
        "SubChipID": 1440050873,
        "PinID": 1006515805
      },
      "Target": {
        "PinType": 3,
        "SubChipID": 1223435304,
        "PinID": 1580762635
      },
      "WirePoints": [
        {
          "X": -3.400926,
          "Y": -0.5692588
        },
        {
          "X": -2.898148,
          "Y": -2.90740728
        },
        {
          "X": 2.51851845,
          "Y": -2.98148155
        },
        {
          "X": 3.43370342,
          "Y": -1.97555542
        }
      ],
      "ColourThemeName": "Red"
    },
    {
      "Source": {
        "PinType": 4,
        "SubChipID": 1440050873,
        "PinID": 2088942068
      },
      "Target": {
        "PinType": 3,
        "SubChipID": 1223435304,
        "PinID": 1218748488
      },
      "WirePoints": [
        {
          "X": -3.400926,
          "Y": -0.8092588
        },
        {
          "X": -3.31481481,
          "Y": -3.12962961
        },
        {
          "X": 2.48148179,
          "Y": -3.27777767
        },
        {
          "X": 3.43370342,
          "Y": -2.58888865
        }
      ],
      "ColourThemeName": "Red"
    }
  ]
}