{
  "Name": "DivMul",
  "Colour": "#6B8164",
  "InputPins": [
    {
      "Name": "A7",
      "ID": 883667784,
      "PositionY": 4.64814854,
      "ColourThemeName": "Red"
    },
    {
      "Name": "A6",
      "ID": 53533630,
      "PositionY": 4.27777767,
      "ColourThemeName": "Red"
    },
    {
      "Name": "A5",
      "ID": 961659220,
      "PositionY": 3.851852,
      "ColourThemeName": "Red"
    },
    {
      "Name": "A4",
      "ID": 1739099882,
      "PositionY": 3.462963,
      "ColourThemeName": "Red"
    },
    {
      "Name": "A3",
      "ID": 1683603571,
      "PositionY": 2.87962961,
      "ColourThemeName": "Red"
    },
    {
      "Name": "A2",
      "ID": 1679338444,
      "PositionY": 2.51851845,
      "ColourThemeName": "Red"
    },
    {
      "Name": "A1",
      "ID": 97216253,
      "PositionY": 2.12962985,
      "ColourThemeName": "Red"
    },
    {
      "Name": "A0",
      "ID": 1425971589,
      "PositionY": 1.712963,
      "ColourThemeName": "Red"
    },
    {
      "Name": "B7",
      "ID": 874685189,
      "PositionY": 0.5185187,
      "ColourThemeName": "Red"
    },
    {
      "Name": "B6",
      "ID": 651417579,
      "PositionY": 0.0370365381,
      "ColourThemeName": "Red"
    },
    {
      "Name": "B5",
      "ID": 746862517,
      "PositionY": -0.416666865,
      "ColourThemeName": "Red"
    },
    {
      "Name": "B4",
      "ID": 2133627366,
      "PositionY": -0.9351852,
      "ColourThemeName": "Red"
    },
    {
      "Name": "B3",
      "ID": 1568068848,
      "PositionY": -1.47222209,
      "ColourThemeName": "Red"
    },
    {
      "Name": "B2",
      "ID": 454114512,
      "PositionY": -1.92592573,
      "ColourThemeName": "Red"
    },
    {
      "Name": "B1",
      "ID": 1330449095,
      "PositionY": -2.40740752,
      "ColourThemeName": "Red"
    },
    {
      "Name": "B0",
      "ID": 1858936013,
      "PositionY": -2.87962961,
      "ColourThemeName": "Red"
    },
    {
      "Name": "Key",
      "ID": 210613552,
      "PositionY": -3.68518543,
      "ColourThemeName": "Red"
    }
  ],
  "OutputPins": [
    {
      "Name": "r7/m15",
      "ID": 346846581,
      "PositionY": 4.47222233,
      "ColourThemeName": "Red"
    },
    {
      "Name": "r6/m14",
      "ID": 1909455515,
      "PositionY": 3.93518519,
      "ColourThemeName": "Red"
    },
    {
      "Name": "r5/m13",
      "ID": 315688221,
      "PositionY": 3.490741,
      "ColourThemeName": "Red"
    },
    {
      "Name": "r4/m12",
      "ID": 909654572,
      "PositionY": 2.962963,
      "ColourThemeName": "Red"
    },
    {
      "Name": "r3/m11",
      "ID": 1660957165,
      "PositionY": 2.28703737,
      "ColourThemeName": "Red"
    },
    {
      "Name": "r2/m10",
      "ID": 1937711573,
      "PositionY": 1.76851869,
      "ColourThemeName": "Red"
    },
    {
      "Name": "r1/m9",
      "ID": 1537887887,
      "PositionY": 1.29629683,
      "ColourThemeName": "Red"
    },
    {
      "Name": "r0/m8",
      "ID": 2054037244,
      "PositionY": 0.768518448,
      "ColourThemeName": "Red"
    },
    {
      "Name": "q7/m7",
      "ID": 41062455,
      "PositionY": -0.16666621,
      "ColourThemeName": "Red"
    },
    {
      "Name": "q6/m6",
      "ID": 770614376,
      "PositionY": -0.601851642,
      "ColourThemeName": "Red"
    },
    {
      "Name": "q5/m5",
      "ID": 536582219,
      "PositionY": -1.07407355,
      "ColourThemeName": "Red"
    },
    {
      "Name": "q4/m4",
      "ID": 2039595826,
      "PositionY": -1.51851821,
      "ColourThemeName": "Red"
    },
    {
      "Name": "q3/m3",
      "ID": 737585442,
      "PositionY": -2.24999952,
      "ColourThemeName": "Red"
    },
    {
      "Name": "q2/m2",
      "ID": 264213854,
      "PositionY": -2.722222,
      "ColourThemeName": "Red"
    },
    {
      "Name": "q1/m1",
      "ID": 1400380488,
      "PositionY": -3.15740752,
      "ColourThemeName": "Red"
    },
    {
      "Name": "q0/m0",
      "ID": 1234745730,
      "PositionY": -3.62962961,
      "ColourThemeName": "Red"
    }
  ],
  "SubChips": [
    {
      "Name": "Divider",
      "ID": 1422404872,
      "Points": [
        {
          "X": -4.361111,
          "Y": 2.509259
        }
      ],
      "Data": null
    },
    {
      "Name": "8to8mul",
      "ID": 961599359,
      "Points": [
        {
          "X": -4.37037,
          "Y": -1.7870369
        }
      ],
      "Data": null
    },
    {
      "Name": "8BitMux",
      "ID": 504838084,
      "Points": [
        {
          "X": -0.41666466,
          "Y": 2.39814854
        }
      ],
      "Data": null
    },
    {
      "Name": "8BitMux",
      "ID": 1520644124,
      "Points": [
        {
          "X": -0.2870375,
          "Y": -1.93518543
        }
      ],
      "Data": null
    },
    {
      "Name": "BUS",
      "ID": 819880421,
      "Points": [
        {
          "X": -5.63342428,
          "Y": 2.0067966
        },
        {
          "X": -6.846387,
          "Y": 1.82161164
        }
      ],
      "Data": null
    },
    {
      "Name": "BUS",
      "ID": 1831087114,
      "Points": [
        {
          "X": -5.60323954,
          "Y": 1.80908751
        },
        {
          "X": -6.816202,
          "Y": 1.62390244
        }
      ],
      "Data": null
    },
    {
      "Name": "BUS",
      "ID": 1175568046,
      "Points": [
        {
          "X": -5.57305527,
          "Y": 1.61137843
        },
        {
          "X": -6.78601742,
          "Y": 1.42619324
        }
      ],
      "Data": null
    },
    {
      "Name": "BUS",
      "ID": 455973818,
      "Points": [
        {
          "X": -5.54287052,
          "Y": 1.41366923
        },
        {
          "X": -6.755833,
          "Y": 1.22848415
        }
      ],
      "Data": null
    },
    {
      "Name": "BUS",
      "ID": 1825398439,
      "Points": [
        {
          "X": -5.512686,
          "Y": 1.21596014
        },
        {
          "X": -6.7256484,
          "Y": 1.03077507
        }
      ],
      "Data": null
    },
    {
      "Name": "BUS",
      "ID": 1673353825,
      "Points": [
        {
          "X": -5.482501,
          "Y": 1.018251
        },
        {
          "X": -6.695464,
          "Y": 0.8330659
        }
      ],
      "Data": null
    },
    {
      "Name": "BUS",
      "ID": 72582577,
      "Points": [
        {
          "X": -5.45231676,
          "Y": 0.820541859
        },
        {
          "X": -6.66527939,
          "Y": 0.6353568
        }
      ],
      "Data": null
    },
    {
      "Name": "BUS",
      "ID": 1325622224,
      "Points": [
        {
          "X": -5.422132,
          "Y": 0.6228327
        },
        {
          "X": -6.63509464,
          "Y": 0.437647641
        }
      ],
      "Data": null
    },
    {
      "Name": "BUS",
      "ID": 889410812,
      "Points": [
        {
          "X": -5.49667263,
          "Y": 0.0240489841
        },
        {
          "X": -6.589266,
          "Y": 0.0147897005
        }
      ],
      "Data": null
    },
    {
      "Name": "BUS",
      "ID": 1051410926,
      "Points": [
        {
          "X": -5.494978,
          "Y": -0.175943822
        },
        {
          "X": -6.587571,
          "Y": -0.1852031
        }
      ],
      "Data": null
    },
    {
      "Name": "BUS",
      "ID": 1451511433,
      "Points": [
        {
          "X": -5.49328327,
          "Y": -0.3759367
        },
        {
          "X": -6.58587646,
          "Y": -0.385195971
        }
      ],
      "Data": null
    },
    {
      "Name": "BUS",
      "ID": 934036527,
      "Points": [
        {
          "X": -5.491588,
          "Y": -0.5759295
        },
        {
          "X": -6.58418131,
          "Y": -0.5851888
        }
      ],
      "Data": null
    },
    {
      "Name": "BUS",
      "ID": 2012934495,
      "Points": [
        {
          "X": -5.48989344,
          "Y": -0.7759223
        },
        {
          "X": -6.58248663,
          "Y": -0.7851816
        }
      ],
      "Data": null
    },
    {
      "Name": "BUS",
      "ID": 1636409583,
      "Points": [
        {
          "X": -5.48819828,
          "Y": -0.975915134
        },
        {
          "X": -6.58079147,
          "Y": -0.9851744
        }
      ],
      "Data": null
    },
    {
      "Name": "BUS",
      "ID": 1292227677,
      "Points": [
        {
          "X": -5.4865036,
          "Y": -1.175908
        },
        {
          "X": -6.579097,
          "Y": -1.18516731
        }
      ],
      "Data": null
    },
    {
      "Name": "BUS",
      "ID": 111197103,
      "Points": [
        {
          "X": -5.484809,
          "Y": -1.37590075
        },
        {
          "X": -6.577402,
          "Y": -1.38516009
        }
      ],
      "Data": null
    }
  ],
  "Connections": [
    {
      "Source": {
        "PinType": 4,
        "SubChipID": 961599359,
        "PinID": 6412359
      },
      "Target": {
        "PinType": 3,
        "SubChipID": 504838084,
        "PinID": 206920431
      },
      "WirePoints": [
        {
          "X": -3.59536982,
          "Y": 0.0129631758
        },
        {
          "X": -1.1916647,
          "Y": 2.39814854
        }
      ],
      "ColourThemeName": "Red"
    },
    {
      "Source": {
        "PinType": 4,
        "SubChipID": 961599359,
        "PinID": 798436539
      },
      "Target": {
        "PinType": 3,
        "SubChipID": 504838084,
        "PinID": 780551497
      },
      "WirePoints": [
        {
          "X": -3.59536982,
          "Y": -0.227036834
        },
        {
          "X": -1.1916647,
          "Y": 2.15814853
        }
      ],
      "ColourThemeName": "Red"
    },
    {
      "Source": {
        "PinType": 4,
        "SubChipID": 961599359,
        "PinID": 1074342236
      },
      "Target": {
        "PinType": 3,
        "SubChipID": 504838084,
        "PinID": 1986419160
      },
      "WirePoints": [
        {
          "X": -3.59536982,
          "Y": -0.467036843
        },
        {
          "X": -1.1916647,
          "Y": 1.91814852
        }
      ],
      "ColourThemeName": "Red"
    },
    {
      "Source": {
        "PinType": 4,
        "SubChipID": 961599359,
        "PinID": 1203143155
      },
      "Target": {
        "PinType": 3,
        "SubChipID": 504838084,
        "PinID": 362686848
      },
      "WirePoints": [
        {
          "X": -3.59536982,
          "Y": -0.707036853
        },
        {
          "X": -1.1916647,
          "Y": 1.67814851
        }
      ],
      "ColourThemeName": "Red"
    },
    {
      "Source": {
        "PinType": 4,
        "SubChipID": 961599359,
        "PinID": 250486943
      },
      "Target": {
        "PinType": 3,
        "SubChipID": 504838084,
        "PinID": 125805864
      },
      "WirePoints": [
        {
          "X": -3.59536982,
          "Y": -0.9470369
        },
        {
          "X": -1.1916647,
          "Y": 1.4381485
        }
      ],
      "ColourThemeName": "Red"
    },
    {
      "Source": {
        "PinType": 4,
        "SubChipID": 961599359,
        "PinID": 1453255947
      },
      "Target": {
        "PinType": 3,
        "SubChipID": 504838084,
        "PinID": 1851187211
      },
      "WirePoints": [
        {
          "X": -3.59536982,
          "Y": -1.187037
        },
        {
          "X": -1.1916647,
          "Y": 1.19814861
        }
      ],
      "ColourThemeName": "Red"
    },
    {
      "Source": {
        "PinType": 4,
        "SubChipID": 961599359,
        "PinID": 120703857
      },
      "Target": {
        "PinType": 3,
        "SubChipID": 504838084,
        "PinID": 128778491
      },
      "WirePoints": [
        {
          "X": -3.59536982,
          "Y": -1.42703688
        },
        {
          "X": -1.1916647,
          "Y": 0.9581486
        }
      ],
      "ColourThemeName": "Red"
    },
    {
      "Source": {
        "PinType": 4,
        "SubChipID": 961599359,
        "PinID": 1790996031
      },
      "Target": {
        "PinType": 3,
        "SubChipID": 504838084,
        "PinID": 1079511259
      },
      "WirePoints": [
        {
          "X": -3.59536982,
          "Y": -1.66703689
        },
        {
          "X": -1.1916647,
          "Y": 0.7181486
        }
      ],
      "ColourThemeName": "Red"
    },
    {
      "Source": {
        "PinType": 4,
        "SubChipID": 504838084,
        "PinID": 1975669734
      },
      "Target": {
        "PinType": 2,
        "SubChipID": 0,
        "PinID": 346846581
      },
      "WirePoints": [
        {
          "X": 0.358335316,
          "Y": 4.31814861
        },
        {
          "X": 7.837778,
          "Y": 4.47222233
        }
      ],
      "ColourThemeName": "Red"
    },
    {
      "Source": {
        "PinType": 4,
        "SubChipID": 504838084,
        "PinID": 1088520793
      },
      "Target": {
        "PinType": 2,
        "SubChipID": 0,
        "PinID": 1909455515
      },
      "WirePoints": [
        {
          "X": 0.358335316,
          "Y": 3.769577
        },
        {
          "X": 7.837778,
          "Y": 3.93518519
        }
      ],
      "ColourThemeName": "Red"
    },
    {
      "Source": {
        "PinType": 4,
        "SubChipID": 504838084,
        "PinID": 605636055
      },
      "Target": {
        "PinType": 2,
        "SubChipID": 0,
        "PinID": 315688221
      },
      "WirePoints": [
        {
          "X": 0.358335316,
          "Y": 3.22100568
        },
        {
          "X": 7.837778,
          "Y": 3.490741
        }
      ],
      "ColourThemeName": "Red"
    },
    {
      "Source": {
        "PinType": 4,
        "SubChipID": 504838084,
        "PinID": 1631322322
      },
      "Target": {
        "PinType": 2,
        "SubChipID": 0,
        "PinID": 909654572
      },
      "WirePoints": [
        {
          "X": 0.358335316,
          "Y": 2.67243433
        },
        {
          "X": 7.837778,
          "Y": 2.962963
        }
      ],
      "ColourThemeName": "Red"
    },
    {
      "Source": {
        "PinType": 4,
        "SubChipID": 504838084,
        "PinID": 1077223519
      },
      "Target": {
        "PinType": 2,
        "SubChipID": 0,
        "PinID": 1660957165
      },
      "WirePoints": [
        {
          "X": 0.358335316,
          "Y": 2.12386274
        },
        {
          "X": 7.837778,
          "Y": 2.28703737
        }
      ],
      "ColourThemeName": "Red"
    },
    {
      "Source": {
        "PinType": 4,
        "SubChipID": 504838084,
        "PinID": 1483620419
      },
      "Target": {
        "PinType": 2,
        "SubChipID": 0,
        "PinID": 1937711573
      },
      "WirePoints": [
        {
          "X": 0.358335316,
          "Y": 1.5752914
        },
        {
          "X": 7.837778,
          "Y": 1.76851869
        }
      ],
      "ColourThemeName": "Red"
    },
    {
      "Source": {
        "PinType": 4,
        "SubChipID": 504838084,
        "PinID": 666866987
      },
      "Target": {
        "PinType": 2,
        "SubChipID": 0,
        "PinID": 2054037244
      },
      "WirePoints": [
        {
          "X": 0.358335316,
          "Y": 0.47814858
        },
        {
          "X": 7.837778,
          "Y": 0.768518448
        }
      ],
      "ColourThemeName": "Red"
    },
    {
      "Source": {
        "PinType": 4,
        "SubChipID": 961599359,
        "PinID": 828790599
      },
      "Target": {
        "PinType": 3,
        "SubChipID": 1520644124,
        "PinID": 206920431
      },
      "WirePoints": [
        {
          "X": -3.59536982,
          "Y": -1.907037
        },
        {
          "X": -1.06203747,
          "Y": -1.93518543
        }
      ],
      "ColourThemeName": "Red"
    },
    {
      "Source": {
        "PinType": 4,
        "SubChipID": 961599359,
        "PinID": 680624591
      },
      "Target": {
        "PinType": 3,
        "SubChipID": 1520644124,
        "PinID": 780551497
      },
      "WirePoints": [
        {
          "X": -3.59536982,
          "Y": -2.147037
        },
        {
          "X": -1.06203747,
          "Y": -2.17518544
        }
      ],
      "ColourThemeName": "Red"
    },
    {
      "Source": {
        "PinType": 4,
        "SubChipID": 961599359,
        "PinID": 758226313
      },
      "Target": {
        "PinType": 3,
        "SubChipID": 1520644124,
        "PinID": 1986419160
      },
      "WirePoints": [
        {
          "X": -3.59536982,
          "Y": -2.387037
        },
        {
          "X": -1.06203747,
          "Y": -2.41518545
        }
      ],
      "ColourThemeName": "Red"
    },
    {
      "Source": {
        "PinType": 4,
        "SubChipID": 961599359,
        "PinID": 1749831627
      },
      "Target": {
        "PinType": 3,
        "SubChipID": 1520644124,
        "PinID": 362686848
      },
      "WirePoints": [
        {
          "X": -3.59536982,
          "Y": -2.627037
        },
        {
          "X": -1.06203747,
          "Y": -2.65518546
        }
      ],
      "ColourThemeName": "Red"
    },
    {
      "Source": {
        "PinType": 4,
        "SubChipID": 961599359,
        "PinID": 1243176955
      },
      "Target": {
        "PinType": 3,
        "SubChipID": 1520644124,
        "PinID": 125805864
      },
      "WirePoints": [
        {
          "X": -3.59536982,
          "Y": -2.86703682
        },
        {
          "X": -1.06203747,
          "Y": -2.89518547
        }
      ],
      "ColourThemeName": "Red"
    },
    {
      "Source": {
        "PinType": 4,
        "SubChipID": 961599359,
        "PinID": 1946432634
      },
      "Target": {
        "PinType": 3,
        "SubChipID": 1520644124,
        "PinID": 1851187211
      },
      "WirePoints": [
        {
          "X": -3.59536982,
          "Y": -3.107037
        },
        {
          "X": -1.06203747,
          "Y": -3.13518524
        }
      ],
      "ColourThemeName": "Red"
    },
    {
      "Source": {
        "PinType": 4,
        "SubChipID": 961599359,
        "PinID": 1887469828
      },
      "Target": {
        "PinType": 3,
        "SubChipID": 1520644124,
        "PinID": 128778491
      },
      "WirePoints": [
        {
          "X": -3.59536982,
          "Y": -3.34703684
        },
        {
          "X": -1.06203747,
          "Y": -3.37518549
        }
      ],
      "ColourThemeName": "Red"
    },
    {
      "Source": {
        "PinType": 4,
        "SubChipID": 961599359,
        "PinID": 237035187
      },
      "Target": {
        "PinType": 3,
        "SubChipID": 1520644124,
        "PinID": 1079511259
      },
      "WirePoints": [
        {
          "X": -3.59536982,
          "Y": -3.587037
        },
        {
          "X": -1.06203747,
          "Y": -3.61518526
        }
      ],
      "ColourThemeName": "Red"
    },
    {
      "Source": {
        "PinType": 1,
        "SubChipID": 0,
        "PinID": 1858936013
      },
      "Target": {
        "PinType": 3,
        "SubChipID": 961599359,
        "PinID": 1650766723
      },
      "WirePoints": [
        {
          "X": -7.837778,
          "Y": -2.87962961
        },
        {
          "X": -5.14537,
          "Y": -3.587037
        }
      ],
      "ColourThemeName": "Red"
    },
    {
      "Source": {
        "PinType": 1,
        "SubChipID": 0,
        "PinID": 454114512
      },
      "Target": {
        "PinType": 3,
        "SubChipID": 961599359,
        "PinID": 638265186
      },
      "WirePoints": [
        {
          "X": -7.837778,
          "Y": -1.92592573
        },
        {
          "X": -5.14537,
          "Y": -3.107037
        }
      ],
      "ColourThemeName": "Red"
    },
    {
      "Source": {
        "PinType": 1,
        "SubChipID": 0,
        "PinID": 1568068848
      },
      "Target": {
        "PinType": 3,
        "SubChipID": 961599359,
        "PinID": 877232158
      },
      "WirePoints": [
        {
          "X": -7.837778,
          "Y": -1.47222209
        },
        {
          "X": -5.14537,
          "Y": -2.86703682
        }
      ],
      "ColourThemeName": "Red"
    },
    {
      "Source": {
        "PinType": 1,
        "SubChipID": 0,
        "PinID": 2133627366
      },
      "Target": {
        "PinType": 3,
        "SubChipID": 961599359,
        "PinID": 920506133
      },
      "WirePoints": [
        {
          "X": -7.837778,
          "Y": -0.9351852
        },
        {
          "X": -5.14537,
          "Y": -2.627037
        }
      ],
      "ColourThemeName": "Red"
    },
    {
      "Source": {
        "PinType": 1,
        "SubChipID": 0,
        "PinID": 746862517
      },
      "Target": {
        "PinType": 3,
        "SubChipID": 961599359,
        "PinID": 1768037403
      },
      "WirePoints": [
        {
          "X": -7.837778,
          "Y": -0.416666865
        },
        {
          "X": -5.14537,
          "Y": -2.387037
        }
      ],
      "ColourThemeName": "Red"
    },
    {
      "Source": {
        "PinType": 1,
        "SubChipID": 0,
        "PinID": 651417579
      },
      "Target": {
        "PinType": 3,
        "SubChipID": 961599359,
        "PinID": 170334227
      },
      "WirePoints": [
        {
          "X": -7.837778,
          "Y": 0.0370365381
        },
        {
          "X": -5.14537,
          "Y": -2.147037
        }
      ],
      "ColourThemeName": "Red"
    },
    {
      "Source": {
        "PinType": 1,
        "SubChipID": 0,
        "PinID": 874685189
      },
      "Target": {
        "PinType": 3,
        "SubChipID": 961599359,
        "PinID": 89881589
      },
      "WirePoints": [
        {
          "X": -7.837778,
          "Y": 0.5185187
        },
        {
          "X": -5.14537,
          "Y": -1.907037
        }
      ],
      "ColourThemeName": "Red"
    },
    {
      "Source": {
        "PinType": 1,
        "SubChipID": 0,
        "PinID": 1425971589
      },
      "Target": {
        "PinType": 3,
        "SubChipID": 1422404872,
        "PinID": 1279218191
      },
      "WirePoints": [
        {
          "X": -7.837778,
          "Y": 1.712963
        },
        {
          "X": -5.13611126,
          "Y": 2.62925887
        }
      ],
      "ColourThemeName": "Red"
    },
    {
      "Source": {
        "PinType": 1,
        "SubChipID": 0,
        "PinID": 97216253
      },
      "Target": {
        "PinType": 3,
        "SubChipID": 1422404872,
        "PinID": 1754609964
      },
      "WirePoints": [
        {
          "X": -7.837778,
          "Y": 2.12962985
        },
        {
          "X": -5.13611126,
          "Y": 2.86925888
        }
      ],
      "ColourThemeName": "Red"
    },
    {
      "Source": {
        "PinType": 1,
        "SubChipID": 0,
        "PinID": 1679338444
      },
      "Target": {
        "PinType": 3,
        "SubChipID": 1422404872,
        "PinID": 1688146231
      },
      "WirePoints": [
        {
          "X": -7.837778,
          "Y": 2.51851845
        },
        {
          "X": -5.13611126,
          "Y": 3.109259
        }
      ],
      "ColourThemeName": "Red"
    },
    {
      "Source": {
        "PinType": 1,
        "SubChipID": 0,
        "PinID": 1683603571
      },
      "Target": {
        "PinType": 3,
        "SubChipID": 1422404872,
        "PinID": 1841622804
      },
      "WirePoints": [
        {
          "X": -7.837778,
          "Y": 2.87962961
        },
        {
          "X": -5.13611126,
          "Y": 3.349259
        }
      ],
      "ColourThemeName": "Red"
    },
    {
      "Source": {
        "PinType": 1,
        "SubChipID": 0,
        "PinID": 961659220
      },
      "Target": {
        "PinType": 3,
        "SubChipID": 1422404872,
        "PinID": 409406068
      },
      "WirePoints": [
        {
          "X": -7.837778,
          "Y": 3.851852
        },
        {
          "X": -5.13611126,
          "Y": 3.829259
        }
      ],
      "ColourThemeName": "Red"
    },
    {
      "Source": {
        "PinType": 1,
        "SubChipID": 0,
        "PinID": 1739099882
      },
      "Target": {
        "PinType": 3,
        "SubChipID": 1422404872,
        "PinID": 1059480178
      },
      "WirePoints": [
        {
          "X": -7.837778,
          "Y": 3.462963
        },
        {
          "X": -5.13611126,
          "Y": 3.58925915
        }
      ],
      "ColourThemeName": "Red"
    },
    {
      "Source": {
        "PinType": 1,
        "SubChipID": 0,
        "PinID": 53533630
      },
      "Target": {
        "PinType": 3,
        "SubChipID": 1422404872,
        "PinID": 1739499307
      },
      "WirePoints": [
        {
          "X": -7.837778,
          "Y": 4.27777767
        },
        {
          "X": -5.13611126,
          "Y": 4.069259
        }
      ],
      "ColourThemeName": "Red"
    },
    {
      "Source": {
        "PinType": 1,
        "SubChipID": 0,
        "PinID": 883667784
      },
      "Target": {
        "PinType": 3,
        "SubChipID": 1422404872,
        "PinID": 1142237728
      },
      "WirePoints": [
        {
          "X": -7.837778,
          "Y": 4.64814854
        },
        {
          "X": -5.13611126,
          "Y": 4.309259
        }
      ],
      "ColourThemeName": "Red"
    },
    {
      "Source": {
        "PinType": 1,
        "SubChipID": 0,
        "PinID": 1330449095
      },
      "Target": {
        "PinType": 3,
        "SubChipID": 961599359,
        "PinID": 1507260882
      },
      "WirePoints": [
        {
          "X": -7.837778,
          "Y": -2.40740752
        },
        {
          "X": -5.14537,
          "Y": -3.34703684
        }
      ],
      "ColourThemeName": "Red"
    },
    {
      "Source": {
        "PinType": 1,
        "SubChipID": 0,
        "PinID": 874685189
      },
      "Target": {
        "PinType": 3,
        "SubChipID": 819880421,
        "PinID": 0
      },
      "WirePoints": [
        {
          "X": -7.837778,
          "Y": 0.5185187
        }
      ],
      "ColourThemeName": "Red"
    },
    {
      "Source": {
        "PinType": 1,
        "SubChipID": 0,
        "PinID": 651417579
      },
      "Target": {
        "PinType": 3,
        "SubChipID": 1831087114,
        "PinID": 0
      },
      "WirePoints": [
        {
          "X": -7.837778,
          "Y": 0.0370365381
        }
      ],
      "ColourThemeName": "Red"
    },
    {
      "Source": {
        "PinType": 1,
        "SubChipID": 0,
        "PinID": 746862517
      },
      "Target": {
        "PinType": 3,
        "SubChipID": 1175568046,
        "PinID": 0
      },
      "WirePoints": [
        {
          "X": -7.837778,
          "Y": -0.416666865
        }
      ],
      "ColourThemeName": "Red"
    },
    {
      "Source": {
        "PinType": 1,
        "SubChipID": 0,
        "PinID": 2133627366
      },
      "Target": {
        "PinType": 3,
        "SubChipID": 455973818,
        "PinID": 0
      },
      "WirePoints": [
        {
          "X": -7.837778,
          "Y": -0.9351852
        }
      ],
      "ColourThemeName": "Red"
    },
    {
      "Source": {
        "PinType": 1,
        "SubChipID": 0,
        "PinID": 1568068848
      },
      "Target": {
        "PinType": 3,
        "SubChipID": 1825398439,
        "PinID": 0
      },
      "WirePoints": [
        {
          "X": -7.837778,
          "Y": -1.47222209
        }
      ],
      "ColourThemeName": "Red"
    },
    {
      "Source": {
        "PinType": 1,
        "SubChipID": 0,
        "PinID": 454114512
      },
      "Target": {
        "PinType": 3,
        "SubChipID": 1673353825,
        "PinID": 0
      },
      "WirePoints": [
        {
          "X": -7.837778,
          "Y": -1.92592573
        }
      ],
      "ColourThemeName": "Red"
    },
    {
      "Source": {
        "PinType": 1,
        "SubChipID": 0,
        "PinID": 1330449095
      },
      "Target": {
        "PinType": 3,
        "SubChipID": 72582577,
        "PinID": 0
      },
      "WirePoints": [
        {
          "X": -7.837778,
          "Y": -2.40740752
        }
      ],
      "ColourThemeName": "Red"
    },
    {
      "Source": {
        "PinType": 1,
        "SubChipID": 0,
        "PinID": 1858936013
      },
      "Target": {
        "PinType": 3,
        "SubChipID": 1325622224,
        "PinID": 0
      },
      "WirePoints": [
        {
          "X": -7.837778,
          "Y": -2.87962961
        }
      ],
      "ColourThemeName": "Red"
    },
    {
      "Source": {
        "PinType": 4,
        "SubChipID": 819880421,
        "PinID": 1
      },
      "Target": {
        "PinType": 3,
        "SubChipID": 1422404872,
        "PinID": 644148187
      },
      "WirePoints": [
        {
          "X": -5.13611126,
          "Y": 2.38925886
        }
      ],
      "ColourThemeName": "Red"
    },
    {
      "Source": {
        "PinType": 4,
        "SubChipID": 1831087114,
        "PinID": 1
      },
      "Target": {
        "PinType": 3,
        "SubChipID": 1422404872,
        "PinID": 72643545
      },
      "WirePoints": [
        {
          "X": -5.13611126,
          "Y": 2.14925885
        }
      ],
      "ColourThemeName": "Red"
    },
    {
      "Source": {
        "PinType": 4,
        "SubChipID": 1175568046,
        "PinID": 1
      },
      "Target": {
        "PinType": 3,
        "SubChipID": 1422404872,
        "PinID": 347736263
      },
      "WirePoints": [
        {
          "X": -5.13611126,
          "Y": 1.90925884
        }
      ],
      "ColourThemeName": "Red"
    },
    {
      "Source": {
        "PinType": 4,
        "SubChipID": 455973818,
        "PinID": 1
      },
      "Target": {
        "PinType": 3,
        "SubChipID": 1422404872,
        "PinID": 481950479
      },
      "WirePoints": [
        {
          "X": -5.13611126,
          "Y": 1.66925883
        }
      ],
      "ColourThemeName": "Red"
    },
    {
      "Source": {
        "PinType": 4,
        "SubChipID": 1825398439,
        "PinID": 1
      },
      "Target": {
        "PinType": 3,
        "SubChipID": 1422404872,
        "PinID": 1663844118
      },
      "WirePoints": [
        {
          "X": -5.13611126,
          "Y": 1.429259
        }
      ],
      "ColourThemeName": "Red"
    },
    {
      "Source": {
        "PinType": 4,
        "SubChipID": 1673353825,
        "PinID": 1
      },
      "Target": {
        "PinType": 3,
        "SubChipID": 1422404872,
        "PinID": 772316847
      },
      "WirePoints": [
        {
          "X": -5.13611126,
          "Y": 1.18925893
        }
      ],
      "ColourThemeName": "Red"
    },
    {
      "Source": {
        "PinType": 4,
        "SubChipID": 72582577,
        "PinID": 1
      },
      "Target": {
        "PinType": 3,
        "SubChipID": 1422404872,
        "PinID": 251250709
      },
      "WirePoints": [
        {
          "X": -5.13611126,
          "Y": 0.9492589
        }
      ],
      "ColourThemeName": "Red"
    },
    {
      "Source": {
        "PinType": 4,
        "SubChipID": 1325622224,
        "PinID": 1
      },
      "Target": {
        "PinType": 3,
        "SubChipID": 1422404872,
        "PinID": 359089521
      },
      "WirePoints": [
        {
          "X": -5.13611126,
          "Y": 0.7092589
        }
      ],
      "ColourThemeName": "Red"
    },
    {
      "Source": {
        "PinType": 1,
        "SubChipID": 0,
        "PinID": 883667784
      },
      "Target": {
        "PinType": 3,
        "SubChipID": 889410812,
        "PinID": 0
      },
      "WirePoints": [
        {
          "X": -7.837778,
          "Y": 4.64814854
        }
      ],
      "ColourThemeName": "Red"
    },
    {
      "Source": {
        "PinType": 1,
        "SubChipID": 0,
        "PinID": 53533630
      },
      "Target": {
        "PinType": 3,
        "SubChipID": 1051410926,
        "PinID": 0
      },
      "WirePoints": [
        {
          "X": -7.837778,
          "Y": 4.27777767
        }
      ],
      "ColourThemeName": "Red"
    },
    {
      "Source": {
        "PinType": 1,
        "SubChipID": 0,
        "PinID": 961659220
      },
      "Target": {
        "PinType": 3,
        "SubChipID": 1451511433,
        "PinID": 0
      },
      "WirePoints": [
        {
          "X": -7.837778,
          "Y": 3.851852
        }
      ],
      "ColourThemeName": "Red"
    },
    {
      "Source": {
        "PinType": 1,
        "SubChipID": 0,
        "PinID": 1739099882
      },
      "Target": {
        "PinType": 3,
        "SubChipID": 934036527,
        "PinID": 0
      },
      "WirePoints": [
        {
          "X": -7.837778,
          "Y": 3.462963
        }
      ],
      "ColourThemeName": "Red"
    },
    {
      "Source": {
        "PinType": 1,
        "SubChipID": 0,
        "PinID": 1683603571
      },
      "Target": {
        "PinType": 3,
        "SubChipID": 2012934495,
        "PinID": 0
      },
      "WirePoints": [
        {
          "X": -7.837778,
          "Y": 2.87962961
        }
      ],
      "ColourThemeName": "Red"
    },
    {
      "Source": {
        "PinType": 1,
        "SubChipID": 0,
        "PinID": 1679338444
      },
      "Target": {
        "PinType": 3,
        "SubChipID": 1636409583,
        "PinID": 0
      },
      "WirePoints": [
        {
          "X": -7.837778,
          "Y": 2.51851845
        }
      ],
      "ColourThemeName": "Red"
    },
    {
      "Source": {
        "PinType": 1,
        "SubChipID": 0,
        "PinID": 97216253
      },
      "Target": {
        "PinType": 3,
        "SubChipID": 1292227677,
        "PinID": 0
      },
      "WirePoints": [
        {
          "X": -7.837778,
          "Y": 2.12962985
        }
      ],
      "ColourThemeName": "Red"
    },
    {
      "Source": {
        "PinType": 1,
        "SubChipID": 0,
        "PinID": 1425971589
      },
      "Target": {
        "PinType": 3,
        "SubChipID": 111197103,
        "PinID": 0
      },
      "WirePoints": [
        {
          "X": -7.837778,
          "Y": 1.712963
        }
      ],
      "ColourThemeName": "Red"
    },
    {
      "Source": {
        "PinType": 4,
        "SubChipID": 111197103,
        "PinID": 1
      },
      "Target": {
        "PinType": 3,
        "SubChipID": 961599359,
        "PinID": 1938955385
      },
      "WirePoints": [
        {
          "X": -5.14537,
          "Y": -1.66703689
        }
      ],
      "ColourThemeName": "Red"
    },
    {
      "Source": {
        "PinType": 4,
        "SubChipID": 1292227677,
        "PinID": 1
      },
      "Target": {
        "PinType": 3,
        "SubChipID": 961599359,
        "PinID": 418462185
      },
      "WirePoints": [
        {
          "X": -5.14537,
          "Y": -1.42703688
        }
      ],
      "ColourThemeName": "Red"
    },
    {
      "Source": {
        "PinType": 4,
        "SubChipID": 1636409583,
        "PinID": 1
      },
      "Target": {
        "PinType": 3,
        "SubChipID": 961599359,
        "PinID": 2113547044
      },
      "WirePoints": [
        {
          "X": -5.14537,
          "Y": -1.187037
        }
      ],
      "ColourThemeName": "Red"
    },
    {
      "Source": {
        "PinType": 4,
        "SubChipID": 2012934495,
        "PinID": 1
      },
      "Target": {
        "PinType": 3,
        "SubChipID": 961599359,
        "PinID": 1415992183
      },
      "WirePoints": [
        {
          "X": -5.14537,
          "Y": -0.9470369
        }
      ],
      "ColourThemeName": "Red"
    },
    {
      "Source": {
        "PinType": 4,
        "SubChipID": 889410812,
        "PinID": 1
      },
      "Target": {
        "PinType": 3,
        "SubChipID": 961599359,
        "PinID": 85364855
      },
      "WirePoints": [
        {
          "X": -5.14537,
          "Y": 0.0129631758
        }
      ],
      "ColourThemeName": "Red"
    },
    {
      "Source": {
        "PinType": 4,
        "SubChipID": 1051410926,
        "PinID": 1
      },
      "Target": {
        "PinType": 3,
        "SubChipID": 961599359,
        "PinID": 1351444527
      },
      "WirePoints": [
        {
          "X": -5.14537,
          "Y": -0.227036834
        }
      ],
      "ColourThemeName": "Red"
    },
    {
      "Source": {
        "PinType": 4,
        "SubChipID": 1451511433,
        "PinID": 1
      },
      "Target": {
        "PinType": 3,
        "SubChipID": 961599359,
        "PinID": 1569110837
      },
      "WirePoints": [
        {
          "X": -5.14537,
          "Y": -0.467036843
        }
      ],
      "ColourThemeName": "Red"
    },
    {
      "Source": {
        "PinType": 4,
        "SubChipID": 934036527,
        "PinID": 1
      },
      "Target": {
        "PinType": 3,
        "SubChipID": 961599359,
        "PinID": 575377807
      },
      "WirePoints": [
        {
          "X": -5.14537,
          "Y": -0.707036853
        }
      ],
      "ColourThemeName": "Red"
    },
    {
      "Source": {
        "PinType": 4,
        "SubChipID": 1520644124,
        "PinID": 1975669734
      },
      "Target": {
        "PinType": 2,
        "SubChipID": 0,
        "PinID": 41062455
      },
      "WirePoints": [
        {
          "X": 0.487962484,
          "Y": -0.0151854753
        },
        {
          "X": 7.837778,
          "Y": -0.16666621
        }
      ],
      "ColourThemeName": "Red"
    },
    {
      "Source": {
        "PinType": 4,
        "SubChipID": 1520644124,
        "PinID": 1088520793
      },
      "Target": {
        "PinType": 2,
        "SubChipID": 0,
        "PinID": 770614376
      },
      "WirePoints": [
        {
          "X": 0.487962484,
          "Y": -0.563756943
        },
        {
          "X": 7.837778,
          "Y": -0.601851642
        }
      ],
      "ColourThemeName": "Red"
    },
    {
      "Source": {
        "PinType": 4,
        "SubChipID": 1520644124,
        "PinID": 605636055
      },
      "Target": {
        "PinType": 2,
        "SubChipID": 0,
        "PinID": 536582219
      },
      "WirePoints": [
        {
          "X": 0.487962484,
          "Y": -1.11232829
        },
        {
          "X": 7.837778,
          "Y": -1.07407355
        }
      ],
      "ColourThemeName": "Red"
    },
    {
      "Source": {
        "PinType": 4,
        "SubChipID": 1520644124,
        "PinID": 1631322322
      },
      "Target": {
        "PinType": 2,
        "SubChipID": 0,
        "PinID": 2039595826
      },
      "WirePoints": [
        {
          "X": 0.487962484,
          "Y": -1.66089976
        },
        {
          "X": 7.837778,
          "Y": -1.51851821
        }
      ],
      "ColourThemeName": "Red"
    },
    {
      "Source": {
        "PinType": 4,
        "SubChipID": 1520644124,
        "PinID": 1077223519
      },
      "Target": {
        "PinType": 2,
        "SubChipID": 0,
        "PinID": 737585442
      },
      "WirePoints": [
        {
          "X": 0.487962484,
          "Y": -2.20947123
        },
        {
          "X": 7.837778,
          "Y": -2.24999952
        }
      ],
      "ColourThemeName": "Red"
    },
    {
      "Source": {
        "PinType": 4,
        "SubChipID": 1520644124,
        "PinID": 1483620419
      },
      "Target": {
        "PinType": 2,
        "SubChipID": 0,
        "PinID": 264213854
      },
      "WirePoints": [
        {
          "X": 0.487962484,
          "Y": -2.75804257
        },
        {
          "X": 7.837778,
          "Y": -2.722222
        }
      ],
      "ColourThemeName": "Red"
    },
    {
      "Source": {
        "PinType": 4,
        "SubChipID": 1520644124,
        "PinID": 1908075193
      },
      "Target": {
        "PinType": 2,
        "SubChipID": 0,
        "PinID": 1400380488
      },
      "WirePoints": [
        {
          "X": 0.487962484,
          "Y": -3.306614
        },
        {
          "X": 7.837778,
          "Y": -3.15740752
        }
      ],
      "ColourThemeName": "Red"
    },
    {
      "Source": {
        "PinType": 4,
        "SubChipID": 1520644124,
        "PinID": 666866987
      },
      "Target": {
        "PinType": 2,
        "SubChipID": 0,
        "PinID": 1234745730
      },
      "WirePoints": [
        {
          "X": 0.487962484,
          "Y": -3.85518551
        },
        {
          "X": 7.837778,
          "Y": -3.62962961
        }
      ],
      "ColourThemeName": "Red"
    },
    {
      "Source": {
        "PinType": 4,
        "SubChipID": 504838084,
        "PinID": 1908075193
      },
      "Target": {
        "PinType": 2,
        "SubChipID": 0,
        "PinID": 1537887887
      },
      "WirePoints": [
        {
          "X": 0.358335316,
          "Y": 1.02671993
        },
        {
          "X": 7.837778,
          "Y": 1.29629683
        }
      ],
      "ColourThemeName": "Red"
    },
    {
      "Source": {
        "PinType": 1,
        "SubChipID": 0,
        "PinID": 210613552
      },
      "Target": {
        "PinType": 3,
        "SubChipID": 1520644124,
        "PinID": 1619985941
      },
      "WirePoints": [
        {
          "X": -7.837778,
          "Y": -3.68518543
        },
        {
          "X": -6.98148155,
          "Y": -3.66666675
        },
        {
          "X": -7.00000048,
          "Y": -4.12962961
        },
        {
          "X": -1.40740776,
          "Y": -4.12962961
        },
        {
          "X": -1.39359236,
          "Y": -3.85898042
        },
        {
          "X": -1.06203747,
          "Y": -3.85518551
        }
      ],
      "ColourThemeName": "Red"
    },
    {
      "Source": {
        "PinType": 4,
        "SubChipID": 1422404872,
        "PinID": 470530149
      },
      "Target": {
        "PinType": 3,
        "SubChipID": 1520644124,
        "PinID": 1043422715
      },
      "WirePoints": [
        {
          "X": -3.586111,
          "Y": 4.309259
        },
        {
          "X": -1.06203747,
          "Y": -0.0151854753
        }
      ],
      "ColourThemeName": "Red"
    },
    {
      "Source": {
        "PinType": 4,
        "SubChipID": 1422404872,
        "PinID": 503930931
      },
      "Target": {
        "PinType": 3,
        "SubChipID": 1520644124,
        "PinID": 1981979729
      },
      "WirePoints": [
        {
          "X": -3.586111,
          "Y": 4.069259
        },
        {
          "X": -1.06203747,
          "Y": -0.255185485
        }
      ],
      "ColourThemeName": "Red"
    },
    {
      "Source": {
        "PinType": 4,
        "SubChipID": 1422404872,
        "PinID": 1744349601
      },
      "Target": {
        "PinType": 3,
        "SubChipID": 1520644124,
        "PinID": 1055717760
      },
      "WirePoints": [
        {
          "X": -3.586111,
          "Y": 3.829259
        },
        {
          "X": -1.06203747,
          "Y": -0.4951855
        }
      ],
      "ColourThemeName": "Red"
    },
    {
      "Source": {
        "PinType": 4,
        "SubChipID": 1422404872,
        "PinID": 634678415
      },
      "Target": {
        "PinType": 3,
        "SubChipID": 1520644124,
        "PinID": 753629729
      },
      "WirePoints": [
        {
          "X": -3.586111,
          "Y": 3.58925915
        },
        {
          "X": -1.06203747,
          "Y": -0.7351855
        }
      ],
      "ColourThemeName": "Red"
    },
    {
      "Source": {
        "PinType": 4,
        "SubChipID": 1422404872,
        "PinID": 1740522659
      },
      "Target": {
        "PinType": 3,
        "SubChipID": 1520644124,
        "PinID": 1316718013
      },
      "WirePoints": [
        {
          "X": -3.586111,
          "Y": 3.349259
        },
        {
          "X": -1.06203747,
          "Y": -0.975185454
        }
      ],
      "ColourThemeName": "Red"
    },
    {
      "Source": {
        "PinType": 4,
        "SubChipID": 1422404872,
        "PinID": 200861163
      },
      "Target": {
        "PinType": 3,
        "SubChipID": 1520644124,
        "PinID": 1517890443
      },
      "WirePoints": [
        {
          "X": -3.586111,
          "Y": 3.109259
        },
        {
          "X": -1.06203747,
          "Y": -1.2151854
        }
      ],
      "ColourThemeName": "Red"
    },
    {
      "Source": {
        "PinType": 4,
        "SubChipID": 1422404872,
        "PinID": 1823948610
      },
      "Target": {
        "PinType": 3,
        "SubChipID": 1520644124,
        "PinID": 2067416386
      },
      "WirePoints": [
        {
          "X": -3.586111,
          "Y": 2.86925888
        },
        {
          "X": -1.06203747,
          "Y": -1.45518541
        }
      ],
      "ColourThemeName": "Red"
    },
    {
      "Source": {
        "PinType": 4,
        "SubChipID": 1422404872,
        "PinID": 1027193755
      },
      "Target": {
        "PinType": 3,
        "SubChipID": 1520644124,
        "PinID": 73132680
      },
      "WirePoints": [
        {
          "X": -3.586111,
          "Y": 2.62925887
        },
        {
          "X": -1.06203747,
          "Y": -1.69518542
        }
      ],
      "ColourThemeName": "Red"
    },
    {
      "Source": {
        "PinType": 4,
        "SubChipID": 1422404872,
        "PinID": 416268773
      },
      "Target": {
        "PinType": 3,
        "SubChipID": 504838084,
        "PinID": 1043422715
      },
      "WirePoints": [
        {
          "X": -3.586111,
          "Y": 2.38925886
        },
        {
          "X": -1.1916647,
          "Y": 4.31814861
        }
      ],
      "ColourThemeName": "Red"
    },
    {
      "Source": {
        "PinType": 4,
        "SubChipID": 1422404872,
        "PinID": 1856024773
      },
      "Target": {
        "PinType": 3,
        "SubChipID": 504838084,
        "PinID": 1981979729
      },
      "WirePoints": [
        {
          "X": -3.586111,
          "Y": 2.14925885
        },
        {
          "X": -1.1916647,
          "Y": 4.07814837
        }
      ],
      "ColourThemeName": "Red"
    },
    {
      "Source": {
        "PinType": 4,
        "SubChipID": 1422404872,
        "PinID": 1787504947
      },
      "Target": {
        "PinType": 3,
        "SubChipID": 504838084,
        "PinID": 1055717760
      },
      "WirePoints": [
        {
          "X": -3.586111,
          "Y": 1.90925884
        },
        {
          "X": -1.1916647,
          "Y": 3.83814859
        }
      ],
      "ColourThemeName": "Red"
    },
    {
      "Source": {
        "PinType": 4,
        "SubChipID": 1422404872,
        "PinID": 1006235666
      },
      "Target": {
        "PinType": 3,
        "SubChipID": 504838084,
        "PinID": 753629729
      },
      "WirePoints": [
        {
          "X": -3.586111,
          "Y": 1.66925883
        },
        {
          "X": -1.1916647,
          "Y": 3.59814835
        }
      ],
      "ColourThemeName": "Red"
    },
    {
      "Source": {
        "PinType": 4,
        "SubChipID": 1422404872,
        "PinID": 23264151
      },
      "Target": {
        "PinType": 3,
        "SubChipID": 504838084,
        "PinID": 1316718013
      },
      "WirePoints": [
        {
          "X": -3.586111,
          "Y": 1.429259
        },
        {
          "X": -1.1916647,
          "Y": 3.35814857
        }
      ],
      "ColourThemeName": "Red"
    },
    {
      "Source": {
        "PinType": 4,
        "SubChipID": 1422404872,
        "PinID": 1332163405
      },
      "Target": {
        "PinType": 3,
        "SubChipID": 504838084,
        "PinID": 1517890443
      },
      "WirePoints": [
        {
          "X": -3.586111,
          "Y": 1.18925893
        },
        {
          "X": -1.1916647,
          "Y": 3.11814857
        }
      ],
      "ColourThemeName": "Red"
    },
    {
      "Source": {
        "PinType": 4,
        "SubChipID": 1422404872,
        "PinID": 1006515805
      },
      "Target": {
        "PinType": 3,
        "SubChipID": 504838084,
        "PinID": 2067416386
      },
      "WirePoints": [
        {
          "X": -3.586111,
          "Y": 0.9492589
        },
        {
          "X": -1.1916647,
          "Y": 2.87814856
        }
      ],
      "ColourThemeName": "Red"
    },
    {
      "Source": {
        "PinType": 4,
        "SubChipID": 1422404872,
        "PinID": 2088942068
      },
      "Target": {
        "PinType": 3,
        "SubChipID": 504838084,
        "PinID": 73132680
      },
      "WirePoints": [
        {
          "X": -3.586111,
          "Y": 0.7092589
        },
        {
          "X": -1.1916647,
          "Y": 2.63814855
        }
      ],
      "ColourThemeName": "Red"
    },
    {
      "Source": {
        "PinType": 1,
        "SubChipID": 0,
        "PinID": 210613552
      },
      "Target": {
        "PinType": 3,
        "SubChipID": 504838084,
        "PinID": 1619985941
      },
      "WirePoints": [
        {
          "X": -7.837778,
          "Y": -3.68518543
        },
        {
          "X": -6.98148155,
          "Y": -3.66666675
        },
        {
          "X": -7.00000048,
          "Y": -4.12962961
        },
        {
          "X": -2.11111116,
          "Y": -4.12962961
        },
        {
          "X": -2.08333349,
          "Y": -0.8055556
        },
        {
          "X": -1.1916647,
          "Y": 0.47814858
        }
      ],
      "ColourThemeName": "Red"
    }
  ]
}