{
  "Name": "DLATCH",
  "Colour": "#5BA1BE",
  "InputPins": [
    {
      "Name": "ENABLER",
      "ID": 833878262,
      "PositionY": -0.5648148,
      "ColourThemeName": "Red"
    },
    {
      "Name": "D",
      "ID": 10266303,
      "PositionY": 0.888888836,
      "ColourThemeName": "Red"
    }
  ],
  "OutputPins": [
    {
      "Name": "Q",
      "ID": 936113961,
      "PositionY": 0.824074149,
      "ColourThemeName": "Red"
    }
  ],
  "SubChips": [
    {
      "Name": "SRLATCH",
      "ID": 178680825,
      "Points": [
        {
          "X": -1.58333361,
          "Y": 0.314814448
        }
      ],
      "Data": null
    },
    {
      "Name": "AND",
      "ID": 1485309359,
      "Points": [
        {
          "X": -5.027778,
          "Y": 0.7199076
        }
      ],
      "Data": null
    },
    {
      "Name": "AND",
      "ID": 310434246,
      "Points": [
        {
          "X": -4.95370436,
          "Y": -0.4236111
        }
      ],
      "Data": null
    },
    {
      "Name": "NOT",
      "ID": 158144140,
      "Points": [
        {
          "X": -6.787038,
          "Y": 1.05555534
        }
      ],
      "Data": null
    }
  ],
  "Connections": [
    {
      "Source": {
        "PinType": 1,
        "SubChipID": 0,
        "PinID": 833878262
      },
      "Target": {
        "PinType": 3,
        "SubChipID": 310434246,
        "PinID": 1
      },
      "WirePoints": [
        {
          "X": -7.837778,
          "Y": -0.5648148
        },
        {
          "X": -5.50370455,
          "Y": -0.5436111
        }
      ],
      "ColourThemeName": "Red"
    },
    {
      "Source": {
        "PinType": 1,
        "SubChipID": 0,
        "PinID": 833878262
      },
      "Target": {
        "PinType": 3,
        "SubChipID": 1485309359,
        "PinID": 1
      },
      "WirePoints": [
        {
          "X": -7.837778,
          "Y": -0.5648148
        },
        {
          "X": -6.527634,
          "Y": -0.5529129
        },
        {
          "X": -6.62963,
          "Y": 0.5740738
        },
        {
          "X": -5.57777834,
          "Y": 0.5999076
        }
      ],
      "ColourThemeName": "Red"
    },
    {
      "Source": {
        "PinType": 4,
        "SubChipID": 158144140,
        "PinID": 1
      },
      "Target": {
        "PinType": 3,
        "SubChipID": 1485309359,
        "PinID": 0
      },
      "WirePoints": [
        {
          "X": -6.23703766,
          "Y": 1.05555534
        },
        {
          "X": -5.57777834,
          "Y": 0.8399076
        }
      ],
      "ColourThemeName": "Red"
    },
    {
      "Source": {
        "PinType": 1,
        "SubChipID": 0,
        "PinID": 10266303
      },
      "Target": {
        "PinType": 3,
        "SubChipID": 158144140,
        "PinID": 0
      },
      "WirePoints": [
        {
          "X": -7.837778,
          "Y": 0.888888836
        },
        {
          "X": -7.337038,
          "Y": 1.05555534
        }
      ],
      "ColourThemeName": "Red"
    },
    {
      "Source": {
        "PinType": 1,
        "SubChipID": 0,
        "PinID": 10266303
      },
      "Target": {
        "PinType": 3,
        "SubChipID": 310434246,
        "PinID": 0
      },
      "WirePoints": [
        {
          "X": -7.837778,
          "Y": 0.888888836
        },
        {
          "X": -5.50370455,
          "Y": -0.3036111
        }
      ],
      "ColourThemeName": "Red"
    },
    {
      "Source": {
        "PinType": 4,
        "SubChipID": 1485309359,
        "PinID": 2
      },
      "Target": {
        "PinType": 3,
        "SubChipID": 178680825,
        "PinID": 717737481
      },
      "WirePoints": [
        {
          "X": -4.477778,
          "Y": 0.7199076
        },
        {
          "X": -2.35833359,
          "Y": 0.434814453
        }
      ],
      "ColourThemeName": "Red"
    },
    {
      "Source": {
        "PinType": 4,
        "SubChipID": 310434246,
        "PinID": 2
      },
      "Target": {
        "PinType": 3,
        "SubChipID": 178680825,
        "PinID": 1370356409
      },
      "WirePoints": [
        {
          "X": -4.403704,
          "Y": -0.4236111
        },
        {
          "X": -2.35833359,
          "Y": 0.194814444
        }
      ],
      "ColourThemeName": "Red"
    },
    {
      "Source": {
        "PinType": 4,
        "SubChipID": 178680825,
        "PinID": 1350494284
      },
      "Target": {
        "PinType": 2,
        "SubChipID": 0,
        "PinID": 936113961
      },
      "WirePoints": [
        {
          "X": -0.808333635,
          "Y": 0.314814448
        },
        {
          "X": 7.837778,
          "Y": 0.824074149
        }
      ],
      "ColourThemeName": "Red"
    }
  ],
  "ChipSize": 5.15
}