{
  "Name": "DOUBLEDABBLE",
  "Colour": "#14B321",
  "InputPins": [
    {
      "Name": "A3",
      "ID": 1228987160,
      "PositionY": 2.19444513,
      "ColourThemeName": "Red"
    },
    {
      "Name": "A2",
      "ID": 1532938496,
      "PositionY": 1.10185146,
      "ColourThemeName": "Red"
    },
    {
      "Name": "A1",
      "ID": 1399204476,
      "PositionY": 0.3425926,
      "ColourThemeName": "Red"
    },
    {
      "Name": "A0",
      "ID": 184486127,
      "PositionY": -0.6203702,
      "ColourThemeName": "Red"
    }
  ],
  "OutputPins": [
    {
      "Name": "OUT3",
      "ID": 178975953,
      "PositionY": 3.23148131,
      "ColourThemeName": "Red"
    },
    {
      "Name": "OUT2",
      "ID": 538958760,
      "PositionY": 1.14814818,
      "ColourThemeName": "Red"
    },
    {
      "Name": "OUT0",
      "ID": 1892130134,
      "PositionY": -3.046296,
      "ColourThemeName": "Red"
    },
    {
      "Name": "OUT1",
      "ID": 56216641,
      "PositionY": -0.8981475,
      "ColourThemeName": "Red"
    }
  ],
  "SubChips": [
    {
      "Name": "OR",
      "ID": 955894903,
      "Points": [
        {
          "X": 4.314814,
          "Y": 3.65509319
        }
      ],
      "Data": null
    },
    {
      "Name": "OR",
      "ID": 1551444501,
      "Points": [
        {
          "X": 5.81481647,
          "Y": 3.29861116
        }
      ],
      "Data": null
    },
    {
      "Name": "OR",
      "ID": 421041372,
      "Points": [
        {
          "X": 5.777778,
          "Y": 1.15972221
        }
      ],
      "Data": null
    },
    {
      "Name": "OR",
      "ID": 92107459,
      "Points": [
        {
          "X": 5.12037,
          "Y": -0.631944835
        }
      ],
      "Data": null
    },
    {
      "Name": "OR",
      "ID": 671176184,
      "Points": [
        {
          "X": 6.453704,
          "Y": -0.8773148
        }
      ],
      "Data": null
    },
    {
      "Name": "OR",
      "ID": 1584657580,
      "Points": [
        {
          "X": 6.21296358,
          "Y": -3.02083278
        }
      ],
      "Data": null
    },
    {
      "Name": "OR",
      "ID": 2092321117,
      "Points": [
        {
          "X": 4.953703,
          "Y": -2.85185122
        }
      ],
      "Data": null
    },
    {
      "Name": "AND",
      "ID": 1834247031,
      "Points": [
        {
          "X": 2.24074125,
          "Y": 3.46990776
        }
      ],
      "Data": null
    },
    {
      "Name": "AND",
      "ID": 747443977,
      "Points": [
        {
          "X": 2.24074125,
          "Y": 2.84490776
        }
      ],
      "Data": null
    },
    {
      "Name": "AND",
      "ID": 695751021,
      "Points": [
        {
          "X": 4.138889,
          "Y": 1.39351845
        }
      ],
      "Data": null
    },
    {
      "Name": "AND",
      "ID": 341428577,
      "Points": [
        {
          "X": 1.57407451,
          "Y": 0.6296301
        }
      ],
      "Data": null
    },
    {
      "Name": "AND",
      "ID": 1820892601,
      "Points": [
        {
          "X": 3.231481,
          "Y": 0.5416661
        }
      ],
      "Data": null
    },
    {
      "Name": "NOT",
      "ID": 644289166,
      "Points": [
        {
          "X": -6.277778,
          "Y": -1.3055557
        }
      ],
      "Data": null
    },
    {
      "Name": "NOT",
      "ID": 1564917399,
      "Points": [
        {
          "X": -6.24074173,
          "Y": 0.120370388
        }
      ],
      "Data": null
    },
    {
      "Name": "NOT",
      "ID": 976449963,
      "Points": [
        {
          "X": -6.39814854,
          "Y": 0.833333135
        }
      ],
      "Data": null
    },
    {
      "Name": "AND",
      "ID": 1004554855,
      "Points": [
        {
          "X": 3.53703737,
          "Y": -0.449074268
        }
      ],
      "Data": null
    },
    {
      "Name": "AND",
      "ID": 117783227,
      "Points": [
        {
          "X": 3.53703737,
          "Y": -1.07407427
        }
      ],
      "Data": null
    },
    {
      "Name": "AND",
      "ID": 526808354,
      "Points": [
        {
          "X": 3.53703737,
          "Y": -1.69907427
        }
      ],
      "Data": null
    },
    {
      "Name": "AND",
      "ID": 1165849400,
      "Points": [
        {
          "X": 3.370371,
          "Y": -3.08333349
        }
      ],
      "Data": null
    },
    {
      "Name": "AND",
      "ID": 1514151381,
      "Points": [
        {
          "X": 1.47222209,
          "Y": -3.57638884
        }
      ],
      "Data": null
    },
    {
      "Name": "AND",
      "ID": 174888075,
      "Points": [
        {
          "X": 4.25,
          "Y": -3.79398155
        }
      ],
      "Data": null
    },
    {
      "Name": "NOT",
      "ID": 1817741417,
      "Points": [
        {
          "X": -6.231482,
          "Y": 1.5370369
        }
      ],
      "Data": null
    }
  ],
  "Connections": [
    {
      "Source": {
        "PinType": 4,
        "SubChipID": 1551444501,
        "PinID": 1118056934
      },
      "Target": {
        "PinType": 2,
        "SubChipID": 0,
        "PinID": 178975953
      },
      "WirePoints": [
        {
          "X": 6.26481628,
          "Y": 3.29861116
        },
        {
          "X": 7.837778,
          "Y": 3.23148131
        }
      ],
      "ColourThemeName": "Red"
    },
    {
      "Source": {
        "PinType": 4,
        "SubChipID": 955894903,
        "PinID": 1118056934
      },
      "Target": {
        "PinType": 3,
        "SubChipID": 1551444501,
        "PinID": 1672340165
      },
      "WirePoints": [
        {
          "X": 4.764814,
          "Y": 3.65509319
        },
        {
          "X": 5.36481667,
          "Y": 3.418611
        }
      ],
      "ColourThemeName": "Red"
    },
    {
      "Source": {
        "PinType": 4,
        "SubChipID": 421041372,
        "PinID": 1118056934
      },
      "Target": {
        "PinType": 2,
        "SubChipID": 0,
        "PinID": 538958760
      },
      "WirePoints": [
        {
          "X": 6.227778,
          "Y": 1.15972221
        },
        {
          "X": 7.837778,
          "Y": 1.14814818
        }
      ],
      "ColourThemeName": "Red"
    },
    {
      "Source": {
        "PinType": 4,
        "SubChipID": 671176184,
        "PinID": 1118056934
      },
      "Target": {
        "PinType": 2,
        "SubChipID": 0,
        "PinID": 56216641
      },
      "WirePoints": [
        {
          "X": 6.90370369,
          "Y": -0.8773148
        },
        {
          "X": 7.837778,
          "Y": -0.8981475
        }
      ],
      "ColourThemeName": "Red"
    },
    {
      "Source": {
        "PinType": 4,
        "SubChipID": 92107459,
        "PinID": 1118056934
      },
      "Target": {
        "PinType": 3,
        "SubChipID": 671176184,
        "PinID": 1672340165
      },
      "WirePoints": [
        {
          "X": 5.57036972,
          "Y": -0.631944835
        },
        {
          "X": 6.00370359,
          "Y": -0.7573148
        }
      ],
      "ColourThemeName": "Red"
    },
    {
      "Source": {
        "PinType": 4,
        "SubChipID": 2092321117,
        "PinID": 1118056934
      },
      "Target": {
        "PinType": 3,
        "SubChipID": 1584657580,
        "PinID": 1672340165
      },
      "WirePoints": [
        {
          "X": 5.40370274,
          "Y": -2.85185122
        },
        {
          "X": 5.76296329,
          "Y": -2.900833
        }
      ],
      "ColourThemeName": "Red"
    },
    {
      "Source": {
        "PinType": 4,
        "SubChipID": 1584657580,
        "PinID": 1118056934
      },
      "Target": {
        "PinType": 2,
        "SubChipID": 0,
        "PinID": 1892130134
      },
      "WirePoints": [
        {
          "X": 6.66296339,
          "Y": -3.02083278
        },
        {
          "X": 7.837778,
          "Y": -3.046296
        }
      ],
      "ColourThemeName": "Red"
    },
    {
      "Source": {
        "PinType": 1,
        "SubChipID": 0,
        "PinID": 1532938496
      },
      "Target": {
        "PinType": 3,
        "SubChipID": 1834247031,
        "PinID": 0
      },
      "WirePoints": [
        {
          "X": -7.837778,
          "Y": 1.10185146
        },
        {
          "X": -2.94444466,
          "Y": 1.34259284
        },
        {
          "X": -3.00925946,
          "Y": 3.38888884
        },
        {
          "X": 1.6907413,
          "Y": 3.58990765
        }
      ],
      "ColourThemeName": "Red"
    },
    {
      "Source": {
        "PinType": 1,
        "SubChipID": 0,
        "PinID": 1399204476
      },
      "Target": {
        "PinType": 3,
        "SubChipID": 1834247031,
        "PinID": 1
      },
      "WirePoints": [
        {
          "X": -7.837778,
          "Y": 0.3425926
        },
        {
          "X": -2.54629636,
          "Y": 0.824074149
        },
        {
          "X": -2.712963,
          "Y": 3.21296263
        },
        {
          "X": 1.6907413,
          "Y": 3.34990788
        }
      ],
      "ColourThemeName": "Red"
    },
    {
      "Source": {
        "PinType": 1,
        "SubChipID": 0,
        "PinID": 1532938496
      },
      "Target": {
        "PinType": 3,
        "SubChipID": 747443977,
        "PinID": 0
      },
      "WirePoints": [
        {
          "X": -7.837778,
          "Y": 1.10185146
        },
        {
          "X": -2.94444466,
          "Y": 1.34259284
        },
        {
          "X": -2.98551822,
          "Y": 2.63934755
        },
        {
          "X": 1.6907413,
          "Y": 2.96490765
        }
      ],
      "ColourThemeName": "Red"
    },
    {
      "Source": {
        "PinType": 1,
        "SubChipID": 0,
        "PinID": 184486127
      },
      "Target": {
        "PinType": 3,
        "SubChipID": 747443977,
        "PinID": 1
      },
      "WirePoints": [
        {
          "X": -7.837778,
          "Y": -0.6203702
        },
        {
          "X": -2.25000024,
          "Y": 0.0555557
        },
        {
          "X": -2.5,
          "Y": 2.5
        },
        {
          "X": 1.6907413,
          "Y": 2.72490788
        }
      ],
      "ColourThemeName": "Red"
    },
    {
      "Source": {
        "PinType": 4,
        "SubChipID": 1834247031,
        "PinID": 2
      },
      "Target": {
        "PinType": 3,
        "SubChipID": 955894903,
        "PinID": 498880847
      },
      "WirePoints": [
        {
          "X": 2.79074121,
          "Y": 3.46990776
        },
        {
          "X": 3.864814,
          "Y": 3.53509331
        }
      ],
      "ColourThemeName": "Red"
    },
    {
      "Source": {
        "PinType": 4,
        "SubChipID": 747443977,
        "PinID": 2
      },
      "Target": {
        "PinType": 3,
        "SubChipID": 1551444501,
        "PinID": 498880847
      },
      "WirePoints": [
        {
          "X": 2.79074121,
          "Y": 2.84490776
        },
        {
          "X": 5.36481667,
          "Y": 3.17861128
        }
      ],
      "ColourThemeName": "Red"
    },
    {
      "Source": {
        "PinType": 1,
        "SubChipID": 0,
        "PinID": 1228987160
      },
      "Target": {
        "PinType": 3,
        "SubChipID": 955894903,
        "PinID": 1672340165
      },
      "WirePoints": [
        {
          "X": -7.837778,
          "Y": 2.19444513
        },
        {
          "X": -3.101852,
          "Y": 2.314815
        },
        {
          "X": -3.33333349,
          "Y": 3.87962937
        },
        {
          "X": 2.98148179,
          "Y": 4.111111
        },
        {
          "X": 3.0,
          "Y": 3.759259
        },
        {
          "X": 3.864814,
          "Y": 3.775093
        }
      ],
      "ColourThemeName": "Red"
    },
    {
      "Source": {
        "PinType": 4,
        "SubChipID": 695751021,
        "PinID": 2
      },
      "Target": {
        "PinType": 3,
        "SubChipID": 421041372,
        "PinID": 1672340165
      },
      "WirePoints": [
        {
          "X": 4.688889,
          "Y": 1.39351845
        },
        {
          "X": 5.32777834,
          "Y": 1.27972221
        }
      ],
      "ColourThemeName": "Red"
    },
    {
      "Source": {
        "PinType": 1,
        "SubChipID": 0,
        "PinID": 1228987160
      },
      "Target": {
        "PinType": 3,
        "SubChipID": 695751021,
        "PinID": 0
      },
      "WirePoints": [
        {
          "X": -7.837778,
          "Y": 2.19444513
        },
        {
          "X": -3.101852,
          "Y": 2.314815
        },
        {
          "X": -3.33333349,
          "Y": 3.87962937
        },
        {
          "X": 2.98148179,
          "Y": 4.111111
        },
        {
          "X": 3.0,
          "Y": 3.759259
        },
        {
          "X": 3.26052833,
          "Y": 3.764029
        },
        {
          "X": 3.22222185,
          "Y": 1.51851833
        },
        {
          "X": 3.588889,
          "Y": 1.51351845
        }
      ],
      "ColourThemeName": "Red"
    },
    {
      "Source": {
        "PinType": 1,
        "SubChipID": 0,
        "PinID": 184486127
      },
      "Target": {
        "PinType": 3,
        "SubChipID": 695751021,
        "PinID": 1
      },
      "WirePoints": [
        {
          "X": -7.837778,
          "Y": -0.6203702
        },
        {
          "X": -2.25000024,
          "Y": 0.0555557
        },
        {
          "X": -2.34664559,
          "Y": 1.00053287
        },
        {
          "X": 3.588889,
          "Y": 1.27351844
        }
      ],
      "ColourThemeName": "Red"
    },
    {
      "Source": {
        "PinType": 4,
        "SubChipID": 341428577,
        "PinID": 2
      },
      "Target": {
        "PinType": 3,
        "SubChipID": 1820892601,
        "PinID": 0
      },
      "WirePoints": [
        {
          "X": 2.12407446,
          "Y": 0.6296301
        },
        {
          "X": 2.68148112,
          "Y": 0.6616661
        }
      ],
      "ColourThemeName": "Red"
    },
    {
      "Source": {
        "PinType": 4,
        "SubChipID": 1820892601,
        "PinID": 2
      },
      "Target": {
        "PinType": 3,
        "SubChipID": 421041372,
        "PinID": 498880847
      },
      "WirePoints": [
        {
          "X": 3.781481,
          "Y": 0.5416661
        },
        {
          "X": 4.87962961,
          "Y": 0.64814806
        },
        {
          "X": 4.861111,
          "Y": 1.00925922
        },
        {
          "X": 5.32777834,
          "Y": 1.0397222
        }
      ],
      "ColourThemeName": "Red"
    },
    {
      "Source": {
        "PinType": 1,
        "SubChipID": 0,
        "PinID": 184486127
      },
      "Target": {
        "PinType": 3,
        "SubChipID": 644289166,
        "PinID": 0
      },
      "WirePoints": [
        {
          "X": -7.837778,
          "Y": -0.6203702
        },
        {
          "X": -7.19599533,
          "Y": -0.5427369
        },
        {
          "X": -7.15740776,
          "Y": -1.22222209
        },
        {
          "X": -6.82777834,
          "Y": -1.3055557
        }
      ],
      "ColourThemeName": "Red"
    },
    {
      "Source": {
        "PinType": 1,
        "SubChipID": 0,
        "PinID": 1399204476
      },
      "Target": {
        "PinType": 3,
        "SubChipID": 1564917399,
        "PinID": 0
      },
      "WirePoints": [
        {
          "X": -7.837778,
          "Y": 0.3425926
        },
        {
          "X": -7.082844,
          "Y": 0.41128546
        },
        {
          "X": -7.03703737,
          "Y": 0.06481469
        },
        {
          "X": -6.790742,
          "Y": 0.120370388
        }
      ],
      "ColourThemeName": "Red"
    },
    {
      "Source": {
        "PinType": 1,
        "SubChipID": 0,
        "PinID": 1532938496
      },
      "Target": {
        "PinType": 3,
        "SubChipID": 341428577,
        "PinID": 0
      },
      "WirePoints": [
        {
          "X": -7.837778,
          "Y": 1.10185146
        },
        {
          "X": -2.94444466,
          "Y": 1.34259284
        },
        {
          "X": -3.00925946,
          "Y": 3.38888884
        },
        {
          "X": 0.492651463,
          "Y": 3.53866529
        },
        {
          "X": 0.4259258,
          "Y": 0.759259462
        },
        {
          "X": 1.02407455,
          "Y": 0.7496301
        }
      ],
      "ColourThemeName": "Red"
    },
    {
      "Source": {
        "PinType": 4,
        "SubChipID": 1564917399,
        "PinID": 1
      },
      "Target": {
        "PinType": 3,
        "SubChipID": 341428577,
        "PinID": 1
      },
      "WirePoints": [
        {
          "X": -5.69074154,
          "Y": 0.120370388
        },
        {
          "X": 1.02407455,
          "Y": 0.5096301
        }
      ],
      "ColourThemeName": "Red"
    },
    {
      "Source": {
        "PinType": 4,
        "SubChipID": 644289166,
        "PinID": 1
      },
      "Target": {
        "PinType": 3,
        "SubChipID": 1820892601,
        "PinID": 1
      },
      "WirePoints": [
        {
          "X": -5.727778,
          "Y": -1.3055557
        },
        {
          "X": 2.60185146,
          "Y": -1.05555558
        },
        {
          "X": 2.30555534,
          "Y": 0.3425926
        },
        {
          "X": 2.68148112,
          "Y": 0.4216661
        }
      ],
      "ColourThemeName": "Red"
    },
    {
      "Source": {
        "PinType": 1,
        "SubChipID": 0,
        "PinID": 1532938496
      },
      "Target": {
        "PinType": 3,
        "SubChipID": 976449963,
        "PinID": 0
      },
      "WirePoints": [
        {
          "X": -7.837778,
          "Y": 1.10185146
        },
        {
          "X": -7.203418,
          "Y": 1.13306057
        },
        {
          "X": -7.07407475,
          "Y": 0.824074149
        },
        {
          "X": -6.94814873,
          "Y": 0.833333135
        }
      ],
      "ColourThemeName": "Red"
    },
    {
      "Source": {
        "PinType": 4,
        "SubChipID": 1004554855,
        "PinID": 2
      },
      "Target": {
        "PinType": 3,
        "SubChipID": 92107459,
        "PinID": 1672340165
      },
      "WirePoints": [
        {
          "X": 4.08703756,
          "Y": -0.449074268
        },
        {
          "X": 4.67037,
          "Y": -0.51194483
        }
      ],
      "ColourThemeName": "Red"
    },
    {
      "Source": {
        "PinType": 4,
        "SubChipID": 117783227,
        "PinID": 2
      },
      "Target": {
        "PinType": 3,
        "SubChipID": 92107459,
        "PinID": 498880847
      },
      "WirePoints": [
        {
          "X": 4.08703756,
          "Y": -1.07407427
        },
        {
          "X": 4.67037,
          "Y": -0.75194484
        }
      ],
      "ColourThemeName": "Red"
    },
    {
      "Source": {
        "PinType": 4,
        "SubChipID": 526808354,
        "PinID": 2
      },
      "Target": {
        "PinType": 3,
        "SubChipID": 671176184,
        "PinID": 498880847
      },
      "WirePoints": [
        {
          "X": 4.08703756,
          "Y": -1.69907427
        },
        {
          "X": 5.490741,
          "Y": -1.62962973
        },
        {
          "X": 5.416667,
          "Y": -1.03703713
        },
        {
          "X": 6.003704,
          "Y": -0.9973148
        }
      ],
      "ColourThemeName": "Red"
    },
    {
      "Source": {
        "PinType": 4,
        "SubChipID": 976449963,
        "PinID": 1
      },
      "Target": {
        "PinType": 3,
        "SubChipID": 1004554855,
        "PinID": 0
      },
      "WirePoints": [
        {
          "X": -5.84814835,
          "Y": 0.833333135
        },
        {
          "X": 0.0185182374,
          "Y": 1.3055557
        },
        {
          "X": 0.240740255,
          "Y": -0.370370448
        },
        {
          "X": 2.98703742,
          "Y": -0.329074264
        }
      ],
      "ColourThemeName": "Red"
    },
    {
      "Source": {
        "PinType": 1,
        "SubChipID": 0,
        "PinID": 184486127
      },
      "Target": {
        "PinType": 3,
        "SubChipID": 117783227,
        "PinID": 1
      },
      "WirePoints": [
        {
          "X": -7.837778,
          "Y": -0.6203702
        },
        {
          "X": -2.25000024,
          "Y": 0.0555557
        },
        {
          "X": -2.34664559,
          "Y": 1.00053287
        },
        {
          "X": -0.2602899,
          "Y": 1.096488
        },
        {
          "X": 0.09259225,
          "Y": -1.27777791
        },
        {
          "X": 2.98703742,
          "Y": -1.19407427
        }
      ],
      "ColourThemeName": "Red"
    },
    {
      "Source": {
        "PinType": 4,
        "SubChipID": 644289166,
        "PinID": 1
      },
      "Target": {
        "PinType": 3,
        "SubChipID": 526808354,
        "PinID": 0
      },
      "WirePoints": [
        {
          "X": -5.727778,
          "Y": -1.3055557
        },
        {
          "X": 2.50818872,
          "Y": -1.05836678
        },
        {
          "X": 2.48148179,
          "Y": -1.56481481
        },
        {
          "X": 2.98703742,
          "Y": -1.57907426
        }
      ],
      "ColourThemeName": "Red"
    },
    {
      "Source": {
        "PinType": 1,
        "SubChipID": 0,
        "PinID": 1228987160
      },
      "Target": {
        "PinType": 3,
        "SubChipID": 526808354,
        "PinID": 1
      },
      "WirePoints": [
        {
          "X": -7.837778,
          "Y": 2.19444513
        },
        {
          "X": -3.101852,
          "Y": 2.314815
        },
        {
          "X": -3.33333349,
          "Y": 3.87962937
        },
        {
          "X": -0.796988964,
          "Y": 3.972604
        },
        {
          "X": -0.3240739,
          "Y": -1.5925926
        },
        {
          "X": 2.98703742,
          "Y": -1.81907427
        }
      ],
      "ColourThemeName": "Red"
    },
    {
      "Source": {
        "PinType": 4,
        "SubChipID": 526808354,
        "PinID": 2
      },
      "Target": {
        "PinType": 3,
        "SubChipID": 2092321117,
        "PinID": 1672340165
      },
      "WirePoints": [
        {
          "X": 4.08703756,
          "Y": -1.69907427
        },
        {
          "X": 4.296928,
          "Y": -1.68869054
        },
        {
          "X": 4.35185242,
          "Y": -2.175926
        },
        {
          "X": 3.78703761,
          "Y": -2.49074078
        },
        {
          "X": 3.85185146,
          "Y": -2.70370364
        },
        {
          "X": 4.44444466,
          "Y": -2.63888884
        },
        {
          "X": 4.503703,
          "Y": -2.73185134
        }
      ],
      "ColourThemeName": "Red"
    },
    {
      "Source": {
        "PinType": 4,
        "SubChipID": 1834247031,
        "PinID": 2
      },
      "Target": {
        "PinType": 3,
        "SubChipID": 1165849400,
        "PinID": 0
      },
      "WirePoints": [
        {
          "X": 2.79074121,
          "Y": 3.46990776
        },
        {
          "X": 2.99769235,
          "Y": 3.48246765
        },
        {
          "X": 3.05555582,
          "Y": 1.574074
        },
        {
          "X": 3.01851821,
          "Y": 1.03703678
        },
        {
          "X": -0.8425925,
          "Y": 0.814814568
        },
        {
          "X": -0.7777776,
          "Y": -1.75925946
        },
        {
          "X": -0.759259343,
          "Y": -2.49074078
        },
        {
          "X": 2.82037115,
          "Y": -2.96333361
        }
      ],
      "ColourThemeName": "Red"
    },
    {
      "Source": {
        "PinType": 4,
        "SubChipID": 644289166,
        "PinID": 1
      },
      "Target": {
        "PinType": 3,
        "SubChipID": 1165849400,
        "PinID": 1
      },
      "WirePoints": [
        {
          "X": -5.727778,
          "Y": -1.3055557
        },
        {
          "X": 1.776576,
          "Y": -1.08032489
        },
        {
          "X": 1.93518543,
          "Y": -3.101852
        },
        {
          "X": 2.82037115,
          "Y": -3.20333338
        }
      ],
      "ColourThemeName": "Red"
    },
    {
      "Source": {
        "PinType": 4,
        "SubChipID": 1165849400,
        "PinID": 2
      },
      "Target": {
        "PinType": 3,
        "SubChipID": 2092321117,
        "PinID": 498880847
      },
      "WirePoints": [
        {
          "X": 3.920371,
          "Y": -3.08333349
        },
        {
          "X": 4.503703,
          "Y": -2.971851
        }
      ],
      "ColourThemeName": "Red"
    },
    {
      "Source": {
        "PinType": 4,
        "SubChipID": 174888075,
        "PinID": 2
      },
      "Target": {
        "PinType": 3,
        "SubChipID": 1584657580,
        "PinID": 498880847
      },
      "WirePoints": [
        {
          "X": 4.8,
          "Y": -3.79398155
        },
        {
          "X": 5.722222,
          "Y": -3.78703713
        },
        {
          "X": 5.53703737,
          "Y": -3.20370388
        },
        {
          "X": 5.762964,
          "Y": -3.14083266
        }
      ],
      "ColourThemeName": "Red"
    },
    {
      "Source": {
        "PinType": 4,
        "SubChipID": 1514151381,
        "PinID": 2
      },
      "Target": {
        "PinType": 3,
        "SubChipID": 174888075,
        "PinID": 0
      },
      "WirePoints": [
        {
          "X": 2.022222,
          "Y": -3.57638884
        },
        {
          "X": 3.7,
          "Y": -3.67398167
        }
      ],
      "ColourThemeName": "Red"
    },
    {
      "Source": {
        "PinType": 1,
        "SubChipID": 0,
        "PinID": 1228987160
      },
      "Target": {
        "PinType": 3,
        "SubChipID": 1817741417,
        "PinID": 0
      },
      "WirePoints": [
        {
          "X": -7.837778,
          "Y": 2.19444513
        },
        {
          "X": -7.166865,
          "Y": 2.21149731
        },
        {
          "X": -7.09259272,
          "Y": 1.60185158
        },
        {
          "X": -6.781482,
          "Y": 1.5370369
        }
      ],
      "ColourThemeName": "Red"
    },
    {
      "Source": {
        "PinType": 4,
        "SubChipID": 1817741417,
        "PinID": 1
      },
      "Target": {
        "PinType": 3,
        "SubChipID": 1514151381,
        "PinID": 0
      },
      "WirePoints": [
        {
          "X": -5.681482,
          "Y": 1.5370369
        },
        {
          "X": -3.2962966,
          "Y": 1.7592591
        },
        {
          "X": -3.15740752,
          "Y": -2.824074
        },
        {
          "X": -3.19444466,
          "Y": -3.074074
        },
        {
          "X": -3.18518543,
          "Y": -3.29629636
        },
        {
          "X": 0.9222221,
          "Y": -3.456389
        }
      ],
      "ColourThemeName": "Red"
    },
    {
      "Source": {
        "PinType": 4,
        "SubChipID": 976449963,
        "PinID": 1
      },
      "Target": {
        "PinType": 3,
        "SubChipID": 1514151381,
        "PinID": 1
      },
      "WirePoints": [
        {
          "X": -5.84814835,
          "Y": 0.833333135
        },
        {
          "X": 0.0185182374,
          "Y": 1.3055557
        },
        {
          "X": 0.221165732,
          "Y": -0.2227459
        },
        {
          "X": 0.4259258,
          "Y": -3.92592621
        },
        {
          "X": 0.388889343,
          "Y": -3.62037039
        },
        {
          "X": 0.9222221,
          "Y": -3.69638872
        }
      ],
      "ColourThemeName": "Red"
    },
    {
      "Source": {
        "PinType": 1,
        "SubChipID": 0,
        "PinID": 184486127
      },
      "Target": {
        "PinType": 3,
        "SubChipID": 174888075,
        "PinID": 1
      },
      "WirePoints": [
        {
          "X": -7.837778,
          "Y": -0.6203702
        },
        {
          "X": -2.25000024,
          "Y": 0.0555557
        },
        {
          "X": -2.34664559,
          "Y": 1.00053287
        },
        {
          "X": -0.2602899,
          "Y": 1.096488
        },
        {
          "X": 0.09259225,
          "Y": -1.27777791
        },
        {
          "X": 2.213599,
          "Y": -1.21644115
        },
        {
          "X": 2.564815,
          "Y": -3.81481457
        },
        {
          "X": 3.7,
          "Y": -3.91398144
        }
      ],
      "ColourThemeName": "Red"
    },
    {
      "Source": {
        "PinType": 1,
        "SubChipID": 0,
        "PinID": 1399204476
      },
      "Target": {
        "PinType": 3,
        "SubChipID": 1004554855,
        "PinID": 1
      },
      "WirePoints": [
        {
          "X": -7.837778,
          "Y": 0.3425926
        },
        {
          "X": -2.642201,
          "Y": 0.8153476
        },
        {
          "X": -2.58333325,
          "Y": -0.462962985
        },
        {
          "X": 2.98703742,
          "Y": -0.5690743
        }
      ],
      "ColourThemeName": "Red"
    },
    {
      "Source": {
        "PinType": 1,
        "SubChipID": 0,
        "PinID": 1399204476
      },
      "Target": {
        "PinType": 3,
        "SubChipID": 117783227,
        "PinID": 0
      },
      "WirePoints": [
        {
          "X": -7.837778,
          "Y": 0.3425926
        },
        {
          "X": -2.642201,
          "Y": 0.8153476
        },
        {
          "X": -2.58333325,
          "Y": -0.462962985
        },
        {
          "X": 2.25089145,
          "Y": -0.555051267
        },
        {
          "X": 2.24074054,
          "Y": -0.870370269
        },
        {
          "X": 2.98703742,
          "Y": -0.954074264
        }
      ],
      "ColourThemeName": "Red"
    }
  ]
}