{
  "Name": "flags",
  "Colour": "#706A14",
  "InputPins": [
    {
      "Name": "Pin",
      "ID": 863081035,
      "PositionY": 6.39749956,
      "ColourThemeName": "Red"
    },
    {
      "Name": "Pin",
      "ID": 619878318,
      "PositionY": 5.879629,
      "ColourThemeName": "Red"
    },
    {
      "Name": "Pin",
      "ID": 319136999,
      "PositionY": 5.51786947,
      "ColourThemeName": "Red"
    },
    {
      "Name": "Pin",
      "ID": 1807294198,
      "PositionY": 7.343704,
      "ColourThemeName": "Red"
    },
    {
      "Name": "Pin",
      "ID": 1864223979,
      "PositionY": 7.751297,
      "ColourThemeName": "Red"
    },
    {
      "Name": "Pin",
      "ID": 1557926464,
      "PositionY": 8.189909,
      "ColourThemeName": "Red"
    },
    {
      "Name": "out15",
      "ID": 690988390,
      "PositionY": 8.725277,
      "ColourThemeName": "Red"
    },
    {
      "Name": "Pin",
      "ID": 554435667,
      "PositionY": 5.00361061,
      "ColourThemeName": "Red"
    },
    {
      "Name": "Key3",
      "ID": 1376796341,
      "PositionY": -4.772407,
      "ColourThemeName": "Red"
    },
    {
      "Name": "Key2",
      "ID": 637226570,
      "PositionY": -5.4250927,
      "ColourThemeName": "Red"
    },
    {
      "Name": "A7",
      "ID": 635791143,
      "PositionY": -0.447037,
      "ColourThemeName": "Red"
    },
    {
      "Name": "B7",
      "ID": 648549456,
      "PositionY": -1.39370382,
      "ColourThemeName": "Red"
    },
    {
      "Name": "Pin",
      "ID": 1974618943,
      "PositionY": 4.10351658,
      "ColourThemeName": "Red"
    },
    {
      "Name": "Pin",
      "ID": 1241880261,
      "PositionY": 3.60981417,
      "ColourThemeName": "Red"
    },
    {
      "Name": "Pin",
      "ID": 595438605,
      "PositionY": 3.18092537,
      "ColourThemeName": "Red"
    },
    {
      "Name": "Pin",
      "ID": 1058027843,
      "PositionY": 2.76990652,
      "ColourThemeName": "Red"
    },
    {
      "Name": "Pin",
      "ID": 758780588,
      "PositionY": 1.9155556,
      "ColourThemeName": "Red"
    },
    {
      "Name": "Pin",
      "ID": 1690142939,
      "PositionY": 1.47324026,
      "ColourThemeName": "Red"
    },
    {
      "Name": "Pin",
      "ID": 787127096,
      "PositionY": 1.03648162,
      "ColourThemeName": "Red"
    },
    {
      "Name": "out0",
      "ID": 1437964198,
      "PositionY": 0.5718521,
      "ColourThemeName": "Red"
    },
    {
      "Name": "cout",
      "ID": 296080951,
      "PositionY": -3.180925,
      "ColourThemeName": "Red"
    },
    {
      "Name": "Key1",
      "ID": 1915048584,
      "PositionY": -6.05805445,
      "ColourThemeName": "Red"
    },
    {
      "Name": "Key0",
      "ID": 1772028642,
      "PositionY": -6.6477766,
      "ColourThemeName": "Red"
    }
  ],
  "OutputPins": [
    {
      "Name": "Carry",
      "ID": 1197729026,
      "PositionY": 4.601853,
      "ColourThemeName": "Red"
    },
    {
      "Name": "Sign",
      "ID": 1206133208,
      "PositionY": 3.707779,
      "ColourThemeName": "Red"
    },
    {
      "Name": "Zero",
      "ID": 809621654,
      "PositionY": 2.77425981,
      "ColourThemeName": "Red"
    },
    {
      "Name": "Overflow",
      "ID": 270248203,
      "PositionY": 1.63037074,
      "ColourThemeName": "Red"
    }
  ],
  "SubChips": [
    {
      "Name": "OverflowGen",
      "ID": 77244069,
      "Points": [
        {
          "X": 8.915182,
          "Y": 1.22083247
        }
      ],
      "Data": null
    },
    {
      "Name": "OR",
      "ID": 1689479261,
      "Points": [
        {
          "X": 11.7408314,
          "Y": 1.340278
        }
      ],
      "Data": null
    },
    {
      "Name": "CarryGen",
      "ID": 1911735293,
      "Points": [
        {
          "X": 6.85231352,
          "Y": 6.520831
        }
      ],
      "Data": null
    },
    {
      "Name": "OR",
      "ID": 840886359,
      "Points": [
        {
          "X": 14.179163,
          "Y": 5.47685
        }
      ],
      "Data": null
    },
    {
      "Name": "BUS",
      "ID": 1603682087,
      "Points": [
        {
          "X": 7.94531631,
          "Y": -3.86182022
        },
        {
          "X": 5.42235327,
          "Y": -3.80404234
        }
      ],
      "Data": null
    },
    {
      "Name": "BUS",
      "ID": 1244601408,
      "Points": [
        {
          "X": 7.94073725,
          "Y": -4.06176758
        },
        {
          "X": 5.417774,
          "Y": -4.00399
        }
      ],
      "Data": null
    },
    {
      "Name": "BUS",
      "ID": 1287535937,
      "Points": [
        {
          "X": 7.936158,
          "Y": -4.26171541
        },
        {
          "X": 5.413195,
          "Y": -4.20393753
        }
      ],
      "Data": null
    },
    {
      "Name": "BUS",
      "ID": 75848787,
      "Points": [
        {
          "X": 7.93157959,
          "Y": -4.461663
        },
        {
          "X": 5.40861654,
          "Y": -4.403885
        }
      ],
      "Data": null
    },
    {
      "Name": "BUS",
      "ID": 1465331199,
      "Points": [
        {
          "X": 7.92700052,
          "Y": -4.6616106
        },
        {
          "X": 5.40403748,
          "Y": -4.60383272
        }
      ],
      "Data": null
    },
    {
      "Name": "BUS",
      "ID": 14164292,
      "Points": [
        {
          "X": 7.92242146,
          "Y": -4.861558
        },
        {
          "X": 5.39945841,
          "Y": -4.80378
        }
      ],
      "Data": null
    },
    {
      "Name": "BUS",
      "ID": 1600575966,
      "Points": [
        {
          "X": 7.91784239,
          "Y": -5.061506
        },
        {
          "X": 5.39487934,
          "Y": -5.003728
        }
      ],
      "Data": null
    },
    {
      "Name": "BUS",
      "ID": 1534995710,
      "Points": [
        {
          "X": 7.913264,
          "Y": -5.261453
        },
        {
          "X": 5.39030075,
          "Y": -5.20367527
        }
      ],
      "Data": null
    },
    {
      "Name": "BUS",
      "ID": 690614647,
      "Points": [
        {
          "X": 7.90868473,
          "Y": -5.461401
        },
        {
          "X": 5.38572168,
          "Y": -5.403623
        }
      ],
      "Data": null
    },
    {
      "Name": "BUS",
      "ID": 1392825192,
      "Points": [
        {
          "X": 7.90410566,
          "Y": -5.66134834
        },
        {
          "X": 5.38114262,
          "Y": -5.60357046
        }
      ],
      "Data": null
    },
    {
      "Name": "BUS",
      "ID": 890559784,
      "Points": [
        {
          "X": 7.894948,
          "Y": -6.06124353
        },
        {
          "X": 5.371985,
          "Y": -6.00346565
        }
      ],
      "Data": null
    },
    {
      "Name": "BUS",
      "ID": 1437287394,
      "Points": [
        {
          "X": 7.890369,
          "Y": -6.26119137
        },
        {
          "X": 5.367406,
          "Y": -6.203413
        }
      ],
      "Data": null
    },
    {
      "Name": "BUS",
      "ID": 1381518549,
      "Points": [
        {
          "X": 7.88579,
          "Y": -6.46113873
        },
        {
          "X": 5.362827,
          "Y": -6.403361
        }
      ],
      "Data": null
    },
    {
      "Name": "BUS",
      "ID": 2033501117,
      "Points": [
        {
          "X": 7.91111135,
          "Y": -5.86740732
        },
        {
          "X": 5.42240763,
          "Y": -5.80148172
        }
      ],
      "Data": null
    },
    {
      "Name": "BUS",
      "ID": 1867442264,
      "Points": [
        {
          "X": 7.865691,
          "Y": -6.756377
        },
        {
          "X": 5.40995026,
          "Y": -6.657488
        }
      ],
      "Data": null
    },
    {
      "Name": "BUS",
      "ID": 632339707,
      "Points": [
        {
          "X": 7.857644,
          "Y": -6.956215
        },
        {
          "X": 5.401903,
          "Y": -6.85732555
        }
      ],
      "Data": null
    },
    {
      "Name": "16Nor",
      "ID": 229300208,
      "Points": [
        {
          "X": 10.0856495,
          "Y": -3.91277838
        }
      ],
      "Data": null
    }
  ],
  "Connections": [
    {
      "Source": {
        "PinType": 4,
        "SubChipID": 1689479261,
        "PinID": 1118056934
      },
      "Target": {
        "PinType": 2,
        "SubChipID": 0,
        "PinID": 270248203
      },
      "WirePoints": [
        {
          "X": 12.1908312,
          "Y": 1.340278
        },
        {
          "X": 15.4578667,
          "Y": 1.59046268
        },
        {
          "X": 16.904438,
          "Y": 1.63037074
        }
      ],
      "ColourThemeName": "Red"
    },
    {
      "Source": {
        "PinType": 1,
        "SubChipID": 0,
        "PinID": 635791143
      },
      "Target": {
        "PinType": 3,
        "SubChipID": 77244069,
        "PinID": 1740693868
      },
      "WirePoints": [
        {
          "X": -16.904438,
          "Y": -0.447037
        },
        {
          "X": 7.84518242,
          "Y": 1.58083248
        }
      ],
      "ColourThemeName": "Red"
    },
    {
      "Source": {
        "PinType": 1,
        "SubChipID": 0,
        "PinID": 648549456
      },
      "Target": {
        "PinType": 3,
        "SubChipID": 77244069,
        "PinID": 2056414590
      },
      "WirePoints": [
        {
          "X": -16.904438,
          "Y": -1.39370382
        },
        {
          "X": 7.84518242,
          "Y": 1.34083247
        }
      ],
      "ColourThemeName": "Red"
    },
    {
      "Source": {
        "PinType": 1,
        "SubChipID": 0,
        "PinID": 1376796341
      },
      "Target": {
        "PinType": 3,
        "SubChipID": 77244069,
        "PinID": 1368654988
      },
      "WirePoints": [
        {
          "X": -16.904438,
          "Y": -4.772407
        },
        {
          "X": 7.84518242,
          "Y": 1.10083246
        }
      ],
      "ColourThemeName": "Red"
    },
    {
      "Source": {
        "PinType": 1,
        "SubChipID": 0,
        "PinID": 637226570
      },
      "Target": {
        "PinType": 3,
        "SubChipID": 77244069,
        "PinID": 1649188018
      },
      "WirePoints": [
        {
          "X": -16.904438,
          "Y": -5.4250927
        },
        {
          "X": 7.84518242,
          "Y": 0.860832453
        }
      ],
      "ColourThemeName": "Red"
    },
    {
      "Source": {
        "PinType": 1,
        "SubChipID": 0,
        "PinID": 1772028642
      },
      "Target": {
        "PinType": 3,
        "SubChipID": 77244069,
        "PinID": 1095790802
      },
      "WirePoints": [
        {
          "X": -16.904438,
          "Y": -6.6477766
        },
        {
          "X": 7.84518242,
          "Y": 0.6208325
        }
      ],
      "ColourThemeName": "Red"
    },
    {
      "Source": {
        "PinType": 1,
        "SubChipID": 0,
        "PinID": 690988390
      },
      "Target": {
        "PinType": 3,
        "SubChipID": 1911735293,
        "PinID": 717397980
      },
      "WirePoints": [
        {
          "X": -16.904438,
          "Y": 8.725277
        },
        {
          "X": 6.00231361,
          "Y": 7.720831
        }
      ],
      "ColourThemeName": "Red"
    },
    {
      "Source": {
        "PinType": 1,
        "SubChipID": 0,
        "PinID": 1557926464
      },
      "Target": {
        "PinType": 3,
        "SubChipID": 1911735293,
        "PinID": 158802945
      },
      "WirePoints": [
        {
          "X": -16.904438,
          "Y": 8.189909
        },
        {
          "X": 6.00231361,
          "Y": 7.480831
        }
      ],
      "ColourThemeName": "Red"
    },
    {
      "Source": {
        "PinType": 1,
        "SubChipID": 0,
        "PinID": 1864223979
      },
      "Target": {
        "PinType": 3,
        "SubChipID": 1911735293,
        "PinID": 1318645671
      },
      "WirePoints": [
        {
          "X": -16.904438,
          "Y": 7.751297
        },
        {
          "X": 6.00231361,
          "Y": 7.24083138
        }
      ],
      "ColourThemeName": "Red"
    },
    {
      "Source": {
        "PinType": 1,
        "SubChipID": 0,
        "PinID": 1807294198
      },
      "Target": {
        "PinType": 3,
        "SubChipID": 1911735293,
        "PinID": 451191071
      },
      "WirePoints": [
        {
          "X": -16.904438,
          "Y": 7.343704
        },
        {
          "X": 6.00231361,
          "Y": 7.000831
        }
      ],
      "ColourThemeName": "Red"
    },
    {
      "Source": {
        "PinType": 1,
        "SubChipID": 0,
        "PinID": 863081035
      },
      "Target": {
        "PinType": 3,
        "SubChipID": 1911735293,
        "PinID": 1630267397
      },
      "WirePoints": [
        {
          "X": -16.904438,
          "Y": 6.39749956
        },
        {
          "X": 6.00231361,
          "Y": 6.760831
        }
      ],
      "ColourThemeName": "Red"
    },
    {
      "Source": {
        "PinType": 1,
        "SubChipID": 0,
        "PinID": 619878318
      },
      "Target": {
        "PinType": 3,
        "SubChipID": 1911735293,
        "PinID": 1488418754
      },
      "WirePoints": [
        {
          "X": -16.904438,
          "Y": 5.879629
        },
        {
          "X": 6.00231361,
          "Y": 6.520831
        }
      ],
      "ColourThemeName": "Red"
    },
    {
      "Source": {
        "PinType": 1,
        "SubChipID": 0,
        "PinID": 319136999
      },
      "Target": {
        "PinType": 3,
        "SubChipID": 1911735293,
        "PinID": 376446018
      },
      "WirePoints": [
        {
          "X": -16.904438,
          "Y": 5.51786947
        },
        {
          "X": 6.00231361,
          "Y": 6.280831
        }
      ],
      "ColourThemeName": "Red"
    },
    {
      "Source": {
        "PinType": 1,
        "SubChipID": 0,
        "PinID": 554435667
      },
      "Target": {
        "PinType": 3,
        "SubChipID": 1911735293,
        "PinID": 347888173
      },
      "WirePoints": [
        {
          "X": -16.904438,
          "Y": 5.00361061
        },
        {
          "X": 6.00231361,
          "Y": 6.040831
        }
      ],
      "ColourThemeName": "Red"
    },
    {
      "Source": {
        "PinType": 4,
        "SubChipID": 840886359,
        "PinID": 1118056934
      },
      "Target": {
        "PinType": 2,
        "SubChipID": 0,
        "PinID": 1197729026
      },
      "WirePoints": [
        {
          "X": 14.6291628,
          "Y": 5.47685
        },
        {
          "X": 16.904438,
          "Y": 4.601853
        }
      ],
      "ColourThemeName": "Red"
    },
    {
      "Source": {
        "PinType": 4,
        "SubChipID": 77244069,
        "PinID": 1376539540
      },
      "Target": {
        "PinType": 3,
        "SubChipID": 1689479261,
        "PinID": 498880847
      },
      "WirePoints": [
        {
          "X": 9.985182,
          "Y": 1.22083247
        },
        {
          "X": 11.2908316,
          "Y": 1.220278
        }
      ],
      "ColourThemeName": "Red"
    },
    {
      "Source": {
        "PinType": 1,
        "SubChipID": 0,
        "PinID": 296080951
      },
      "Target": {
        "PinType": 3,
        "SubChipID": 1911735293,
        "PinID": 2086081883
      },
      "WirePoints": [
        {
          "X": -16.904438,
          "Y": -3.180925
        },
        {
          "X": -2.193055,
          "Y": -0.6541661
        },
        {
          "X": -2.022222,
          "Y": 4.432868
        },
        {
          "X": 6.00231361,
          "Y": 5.800831
        }
      ],
      "ColourThemeName": "Red"
    },
    {
      "Source": {
        "PinType": 1,
        "SubChipID": 0,
        "PinID": 1376796341
      },
      "Target": {
        "PinType": 3,
        "SubChipID": 1911735293,
        "PinID": 978029180
      },
      "WirePoints": [
        {
          "X": -16.904438,
          "Y": -4.772407
        },
        {
          "X": 5.32749557,
          "Y": 0.469495773
        },
        {
          "X": 5.257775,
          "Y": 5.392591
        },
        {
          "X": 6.00231361,
          "Y": 5.560831
        }
      ],
      "ColourThemeName": "Red"
    },
    {
      "Source": {
        "PinType": 1,
        "SubChipID": 0,
        "PinID": 637226570
      },
      "Target": {
        "PinType": 3,
        "SubChipID": 1911735293,
        "PinID": 358238888
      },
      "WirePoints": [
        {
          "X": -16.904438,
          "Y": -5.4250927
        },
        {
          "X": 5.67474,
          "Y": 0.27797842
        },
        {
          "X": 5.6044426,
          "Y": 5.199998
        },
        {
          "X": 6.00231361,
          "Y": 5.3208313
        }
      ],
      "ColourThemeName": "Red"
    },
    {
      "Source": {
        "PinType": 1,
        "SubChipID": 0,
        "PinID": 1974618943
      },
      "Target": {
        "PinType": 2,
        "SubChipID": 0,
        "PinID": 1206133208
      },
      "WirePoints": [
        {
          "X": -16.904438,
          "Y": 4.10351658
        },
        {
          "X": 16.904438,
          "Y": 3.707779
        }
      ],
      "ColourThemeName": "Red"
    },
    {
      "Source": {
        "PinType": 1,
        "SubChipID": 0,
        "PinID": 690988390
      },
      "Target": {
        "PinType": 3,
        "SubChipID": 1603682087,
        "PinID": 0
      },
      "WirePoints": [
        {
          "X": -16.904438,
          "Y": 8.725277
        }
      ],
      "ColourThemeName": "Red"
    },
    {
      "Source": {
        "PinType": 1,
        "SubChipID": 0,
        "PinID": 1557926464
      },
      "Target": {
        "PinType": 3,
        "SubChipID": 1244601408,
        "PinID": 0
      },
      "WirePoints": [
        {
          "X": -16.904438,
          "Y": 8.189909
        }
      ],
      "ColourThemeName": "Red"
    },
    {
      "Source": {
        "PinType": 1,
        "SubChipID": 0,
        "PinID": 1864223979
      },
      "Target": {
        "PinType": 3,
        "SubChipID": 1287535937,
        "PinID": 0
      },
      "WirePoints": [
        {
          "X": -16.904438,
          "Y": 7.751297
        }
      ],
      "ColourThemeName": "Red"
    },
    {
      "Source": {
        "PinType": 1,
        "SubChipID": 0,
        "PinID": 1807294198
      },
      "Target": {
        "PinType": 3,
        "SubChipID": 75848787,
        "PinID": 0
      },
      "WirePoints": [
        {
          "X": -16.904438,
          "Y": 7.343704
        }
      ],
      "ColourThemeName": "Red"
    },
    {
      "Source": {
        "PinType": 1,
        "SubChipID": 0,
        "PinID": 863081035
      },
      "Target": {
        "PinType": 3,
        "SubChipID": 1465331199,
        "PinID": 0
      },
      "WirePoints": [
        {
          "X": -16.904438,
          "Y": 6.39749956
        }
      ],
      "ColourThemeName": "Red"
    },
    {
      "Source": {
        "PinType": 1,
        "SubChipID": 0,
        "PinID": 619878318
      },
      "Target": {
        "PinType": 3,
        "SubChipID": 14164292,
        "PinID": 0
      },
      "WirePoints": [
        {
          "X": -16.904438,
          "Y": 5.879629
        }
      ],
      "ColourThemeName": "Red"
    },
    {
      "Source": {
        "PinType": 1,
        "SubChipID": 0,
        "PinID": 319136999
      },
      "Target": {
        "PinType": 3,
        "SubChipID": 1600575966,
        "PinID": 0
      },
      "WirePoints": [
        {
          "X": -16.904438,
          "Y": 5.51786947
        }
      ],
      "ColourThemeName": "Red"
    },
    {
      "Source": {
        "PinType": 1,
        "SubChipID": 0,
        "PinID": 554435667
      },
      "Target": {
        "PinType": 3,
        "SubChipID": 1534995710,
        "PinID": 0
      },
      "WirePoints": [
        {
          "X": -16.904438,
          "Y": 5.00361061
        }
      ],
      "ColourThemeName": "Red"
    },
    {
      "Source": {
        "PinType": 1,
        "SubChipID": 0,
        "PinID": 1974618943
      },
      "Target": {
        "PinType": 3,
        "SubChipID": 690614647,
        "PinID": 0
      },
      "WirePoints": [
        {
          "X": -16.904438,
          "Y": 4.10351658
        }
      ],
      "ColourThemeName": "Red"
    },
    {
      "Source": {
        "PinType": 1,
        "SubChipID": 0,
        "PinID": 1241880261
      },
      "Target": {
        "PinType": 3,
        "SubChipID": 1392825192,
        "PinID": 0
      },
      "WirePoints": [
        {
          "X": -16.904438,
          "Y": 3.60981417
        }
      ],
      "ColourThemeName": "Red"
    },
    {
      "Source": {
        "PinType": 1,
        "SubChipID": 0,
        "PinID": 595438605
      },
      "Target": {
        "PinType": 3,
        "SubChipID": 2033501117,
        "PinID": 0
      },
      "WirePoints": [
        {
          "X": -16.904438,
          "Y": 3.18092537
        }
      ],
      "ColourThemeName": "Red"
    },
    {
      "Source": {
        "PinType": 1,
        "SubChipID": 0,
        "PinID": 1058027843
      },
      "Target": {
        "PinType": 3,
        "SubChipID": 890559784,
        "PinID": 0
      },
      "WirePoints": [
        {
          "X": -16.904438,
          "Y": 2.76990652
        }
      ],
      "ColourThemeName": "Red"
    },
    {
      "Source": {
        "PinType": 1,
        "SubChipID": 0,
        "PinID": 758780588
      },
      "Target": {
        "PinType": 3,
        "SubChipID": 1437287394,
        "PinID": 0
      },
      "WirePoints": [
        {
          "X": -16.904438,
          "Y": 1.9155556
        }
      ],
      "ColourThemeName": "Red"
    },
    {
      "Source": {
        "PinType": 1,
        "SubChipID": 0,
        "PinID": 1690142939
      },
      "Target": {
        "PinType": 3,
        "SubChipID": 1381518549,
        "PinID": 0
      },
      "WirePoints": [
        {
          "X": -16.904438,
          "Y": 1.47324026
        }
      ],
      "ColourThemeName": "Red"
    },
    {
      "Source": {
        "PinType": 1,
        "SubChipID": 0,
        "PinID": 787127096
      },
      "Target": {
        "PinType": 3,
        "SubChipID": 1867442264,
        "PinID": 0
      },
      "WirePoints": [
        {
          "X": -16.904438,
          "Y": 1.03648162
        }
      ],
      "ColourThemeName": "Red"
    },
    {
      "Source": {
        "PinType": 1,
        "SubChipID": 0,
        "PinID": 1437964198
      },
      "Target": {
        "PinType": 3,
        "SubChipID": 632339707,
        "PinID": 0
      },
      "WirePoints": [
        {
          "X": -16.904438,
          "Y": 0.5718521
        }
      ],
      "ColourThemeName": "Red"
    },
    {
      "Source": {
        "PinType": 4,
        "SubChipID": 1603682087,
        "PinID": 1
      },
      "Target": {
        "PinType": 3,
        "SubChipID": 229300208,
        "PinID": 1438745425
      },
      "WirePoints": [
        {
          "X": 9.34065,
          "Y": -2.11277819
        }
      ],
      "ColourThemeName": "Red"
    },
    {
      "Source": {
        "PinType": 4,
        "SubChipID": 1244601408,
        "PinID": 1
      },
      "Target": {
        "PinType": 3,
        "SubChipID": 229300208,
        "PinID": 669909011
      },
      "WirePoints": [
        {
          "X": 9.34065,
          "Y": -2.35277843
        }
      ],
      "ColourThemeName": "Red"
    },
    {
      "Source": {
        "PinType": 4,
        "SubChipID": 1287535937,
        "PinID": 1
      },
      "Target": {
        "PinType": 3,
        "SubChipID": 229300208,
        "PinID": 1695890063
      },
      "WirePoints": [
        {
          "X": 9.34065,
          "Y": -2.59277821
        }
      ],
      "ColourThemeName": "Red"
    },
    {
      "Source": {
        "PinType": 4,
        "SubChipID": 75848787,
        "PinID": 1
      },
      "Target": {
        "PinType": 3,
        "SubChipID": 229300208,
        "PinID": 1281988021
      },
      "WirePoints": [
        {
          "X": 9.34065,
          "Y": -2.83277845
        }
      ],
      "ColourThemeName": "Red"
    },
    {
      "Source": {
        "PinType": 4,
        "SubChipID": 1465331199,
        "PinID": 1
      },
      "Target": {
        "PinType": 3,
        "SubChipID": 229300208,
        "PinID": 1573727223
      },
      "WirePoints": [
        {
          "X": 9.34065,
          "Y": -3.07277846
        }
      ],
      "ColourThemeName": "Red"
    },
    {
      "Source": {
        "PinType": 4,
        "SubChipID": 14164292,
        "PinID": 1
      },
      "Target": {
        "PinType": 3,
        "SubChipID": 229300208,
        "PinID": 328306000
      },
      "WirePoints": [
        {
          "X": 9.34065,
          "Y": -3.31277847
        }
      ],
      "ColourThemeName": "Red"
    },
    {
      "Source": {
        "PinType": 4,
        "SubChipID": 632339707,
        "PinID": 1
      },
      "Target": {
        "PinType": 3,
        "SubChipID": 229300208,
        "PinID": 2005984675
      },
      "WirePoints": [
        {
          "X": 9.34065,
          "Y": -5.71277857
        }
      ],
      "ColourThemeName": "Red"
    },
    {
      "Source": {
        "PinType": 4,
        "SubChipID": 1867442264,
        "PinID": 1
      },
      "Target": {
        "PinType": 3,
        "SubChipID": 229300208,
        "PinID": 690312653
      },
      "WirePoints": [
        {
          "X": 9.34065,
          "Y": -5.47277832
        }
      ],
      "ColourThemeName": "Red"
    },
    {
      "Source": {
        "PinType": 4,
        "SubChipID": 1381518549,
        "PinID": 1
      },
      "Target": {
        "PinType": 3,
        "SubChipID": 229300208,
        "PinID": 1094108601
      },
      "WirePoints": [
        {
          "X": 9.34065,
          "Y": -5.23277855
        }
      ],
      "ColourThemeName": "Red"
    },
    {
      "Source": {
        "PinType": 4,
        "SubChipID": 1437287394,
        "PinID": 1
      },
      "Target": {
        "PinType": 3,
        "SubChipID": 229300208,
        "PinID": 1530443798
      },
      "WirePoints": [
        {
          "X": 9.34065,
          "Y": -4.9927783
        }
      ],
      "ColourThemeName": "Red"
    },
    {
      "Source": {
        "PinType": 4,
        "SubChipID": 890559784,
        "PinID": 1
      },
      "Target": {
        "PinType": 3,
        "SubChipID": 229300208,
        "PinID": 823281595
      },
      "WirePoints": [
        {
          "X": 9.34065,
          "Y": -4.75277853
        }
      ],
      "ColourThemeName": "Red"
    },
    {
      "Source": {
        "PinType": 4,
        "SubChipID": 2033501117,
        "PinID": 1
      },
      "Target": {
        "PinType": 3,
        "SubChipID": 229300208,
        "PinID": 1337327464
      },
      "WirePoints": [
        {
          "X": 9.34065,
          "Y": -4.51277828
        }
      ],
      "ColourThemeName": "Red"
    },
    {
      "Source": {
        "PinType": 4,
        "SubChipID": 1392825192,
        "PinID": 1
      },
      "Target": {
        "PinType": 3,
        "SubChipID": 229300208,
        "PinID": 1287064783
      },
      "WirePoints": [
        {
          "X": 9.34065,
          "Y": -4.27277851
        }
      ],
      "ColourThemeName": "Red"
    },
    {
      "Source": {
        "PinType": 4,
        "SubChipID": 690614647,
        "PinID": 1
      },
      "Target": {
        "PinType": 3,
        "SubChipID": 229300208,
        "PinID": 1751966627
      },
      "WirePoints": [
        {
          "X": 9.34065,
          "Y": -4.03277826
        }
      ],
      "ColourThemeName": "Red"
    },
    {
      "Source": {
        "PinType": 4,
        "SubChipID": 1600575966,
        "PinID": 1
      },
      "Target": {
        "PinType": 3,
        "SubChipID": 229300208,
        "PinID": 559839882
      },
      "WirePoints": [
        {
          "X": 9.34065,
          "Y": -3.55277848
        }
      ],
      "ColourThemeName": "Red"
    },
    {
      "Source": {
        "PinType": 4,
        "SubChipID": 1534995710,
        "PinID": 1
      },
      "Target": {
        "PinType": 3,
        "SubChipID": 229300208,
        "PinID": 1017771281
      },
      "WirePoints": [
        {
          "X": 9.34065,
          "Y": -3.79277849
        }
      ],
      "ColourThemeName": "Red"
    },
    {
      "Source": {
        "PinType": 4,
        "SubChipID": 229300208,
        "PinID": 2010561815
      },
      "Target": {
        "PinType": 2,
        "SubChipID": 0,
        "PinID": 809621654
      },
      "WirePoints": [
        {
          "X": 10.8306494,
          "Y": -3.91277838
        },
        {
          "X": 13.8651819,
          "Y": -3.81111
        },
        {
          "X": 14.6274033,
          "Y": 2.64962888
        },
        {
          "X": 16.904438,
          "Y": 2.77425981
        }
      ],
      "ColourThemeName": "Red"
    },
    {
      "Source": {
        "PinType": 4,
        "SubChipID": 1911735293,
        "PinID": 1411402795
      },
      "Target": {
        "PinType": 3,
        "SubChipID": 1689479261,
        "PinID": 1672340165
      },
      "WirePoints": [
        {
          "X": 7.70231342,
          "Y": 7.720831
        },
        {
          "X": 10.035924,
          "Y": 7.73110962
        },
        {
          "X": 10.580369,
          "Y": 1.70592523
        },
        {
          "X": 11.1792564,
          "Y": 1.52444458
        },
        {
          "X": 11.2908316,
          "Y": 1.460278
        }
      ],
      "ColourThemeName": "Red"
    },
    {
      "Source": {
        "PinType": 4,
        "SubChipID": 1911735293,
        "PinID": 1411402795
      },
      "Target": {
        "PinType": 3,
        "SubChipID": 840886359,
        "PinID": 1672340165
      },
      "WirePoints": [
        {
          "X": 7.70231342,
          "Y": 7.720831
        },
        {
          "X": 10.035924,
          "Y": 7.73110962
        },
        {
          "X": 10.0416994,
          "Y": 7.667198
        },
        {
          "X": 13.7291632,
          "Y": 5.59685
        }
      ],
      "ColourThemeName": "Red"
    },
    {
      "Source": {
        "PinType": 4,
        "SubChipID": 1911735293,
        "PinID": 1674978136
      },
      "Target": {
        "PinType": 3,
        "SubChipID": 840886359,
        "PinID": 498880847
      },
      "WirePoints": [
        {
          "X": 7.70231342,
          "Y": 5.3208313
        },
        {
          "X": 13.7291632,
          "Y": 5.35685
        }
      ],
      "ColourThemeName": "Red"
    }
  ],
  "ChipSize": 10.0999966
}