{
  "Name": "FULLADDER",
  "Colour": "#4AC04C",
  "InputPins": [
    {
      "Name": "A",
      "ID": 1984442171,
      "PositionY": 1.49999976,
      "ColourThemeName": "Red"
    },
    {
      "Name": "B",
      "ID": 1736554795,
      "PositionY": 0.537037253,
      "ColourThemeName": "Red"
    },
    {
      "Name": "Cin",
      "ID": 1804528514,
      "PositionY": -0.425925851,
      "ColourThemeName": "Red"
    }
  ],
  "OutputPins": [
    {
      "Name": "SUM",
      "ID": 1710318817,
      "PositionY": 0.9537035,
      "ColourThemeName": "Red"
    },
    {
      "Name": "CARRY",
      "ID": 362424375,
      "PositionY": -0.0833332539,
      "ColourThemeName": "Red"
    }
  ],
  "SubChips": [
    {
      "Name": "HALFADDER",
      "ID": 1443245654,
      "Points": [
        {
          "X": -4.68518543,
          "Y": 0.9791666
        }
      ],
      "Data": null
    },
    {
      "Name": "HALFADDER",
      "ID": 1618245578,
      "Points": [
        {
          "X": -1.78703785,
          "Y": 0.2430552
        }
      ],
      "Data": null
    },
    {
      "Name": "OR",
      "ID": 1021325513,
      "Points": [
        {
          "X": 0.7129627,
          "Y": -0.60185194
        }
      ],
      "Data": null
    }
  ],
  "Connections": [
    {
      "Source": {
        "PinType": 4,
        "SubChipID": 1443245654,
        "PinID": 543124758
      },
      "Target": {
        "PinType": 3,
        "SubChipID": 1618245578,
        "PinID": 2081933825
      },
      "WirePoints": [
        {
          "X": -3.76518536,
          "Y": 1.09916663
        },
        {
          "X": -3.22222257,
          "Y": 0.990740657
        },
        {
          "X": -3.24074078,
          "Y": 0.268518329
        },
        {
          "X": -2.707038,
          "Y": 0.3630552
        }
      ],
      "ColourThemeName": "Red"
    },
    {
      "Source": {
        "PinType": 1,
        "SubChipID": 0,
        "PinID": 1984442171
      },
      "Target": {
        "PinType": 3,
        "SubChipID": 1443245654,
        "PinID": 2081933825
      },
      "WirePoints": [
        {
          "X": -7.837778,
          "Y": 1.49999976
        },
        {
          "X": -5.60518551,
          "Y": 1.09916663
        }
      ],
      "ColourThemeName": "Red"
    },
    {
      "Source": {
        "PinType": 1,
        "SubChipID": 0,
        "PinID": 1736554795
      },
      "Target": {
        "PinType": 3,
        "SubChipID": 1443245654,
        "PinID": 848416975
      },
      "WirePoints": [
        {
          "X": -7.837778,
          "Y": 0.537037253
        },
        {
          "X": -5.60518551,
          "Y": 0.8591666
        }
      ],
      "ColourThemeName": "Red"
    },
    {
      "Source": {
        "PinType": 1,
        "SubChipID": 0,
        "PinID": 1804528514
      },
      "Target": {
        "PinType": 3,
        "SubChipID": 1618245578,
        "PinID": 848416975
      },
      "WirePoints": [
        {
          "X": -7.837778,
          "Y": -0.425925851
        },
        {
          "X": -3.1111114,
          "Y": -0.388889
        },
        {
          "X": -3.16666675,
          "Y": 0.120370388
        },
        {
          "X": -2.707038,
          "Y": 0.1230552
        }
      ],
      "ColourThemeName": "Red"
    },
    {
      "Source": {
        "PinType": 4,
        "SubChipID": 1618245578,
        "PinID": 543124758
      },
      "Target": {
        "PinType": 2,
        "SubChipID": 0,
        "PinID": 1710318817
      },
      "WirePoints": [
        {
          "X": -0.867037833,
          "Y": 0.3630552
        },
        {
          "X": 7.837778,
          "Y": 0.9537035
        }
      ],
      "ColourThemeName": "Red"
    },
    {
      "Source": {
        "PinType": 4,
        "SubChipID": 1021325513,
        "PinID": 1118056934
      },
      "Target": {
        "PinType": 2,
        "SubChipID": 0,
        "PinID": 362424375
      },
      "WirePoints": [
        {
          "X": 1.16296268,
          "Y": -0.60185194
        },
        {
          "X": 7.837778,
          "Y": -0.0833332539
        }
      ],
      "ColourThemeName": "Red"
    },
    {
      "Source": {
        "PinType": 4,
        "SubChipID": 1443245654,
        "PinID": 1317557802
      },
      "Target": {
        "PinType": 3,
        "SubChipID": 1021325513,
        "PinID": 498880847
      },
      "WirePoints": [
        {
          "X": -3.76518536,
          "Y": 0.8591666
        },
        {
          "X": -3.55555558,
          "Y": 0.249999762
        },
        {
          "X": -3.49074125,
          "Y": -0.92592597
        },
        {
          "X": 0.2629627,
          "Y": -0.721851945
        }
      ],
      "ColourThemeName": "Red"
    },
    {
      "Source": {
        "PinType": 4,
        "SubChipID": 1618245578,
        "PinID": 1317557802
      },
      "Target": {
        "PinType": 3,
        "SubChipID": 1021325513,
        "PinID": 1672340165
      },
      "WirePoints": [
        {
          "X": -0.867037833,
          "Y": 0.1230552
        },
        {
          "X": 0.2629627,
          "Y": -0.481851935
        }
      ],
      "ColourThemeName": "Red"
    }
  ]
}