{
  "Name": "HALFADDER",
  "Colour": "#3A728E",
  "InputPins": [
    {
      "Name": "A",
      "ID": 2081933825,
      "PositionY": 1.86111093,
      "ColourThemeName": "Red"
    },
    {
      "Name": "B",
      "ID": 848416975,
      "PositionY": 0.2870369,
      "ColourThemeName": "Red"
    }
  ],
  "OutputPins": [
    {
      "Name": "SUM",
      "ID": 543124758,
      "PositionY": 1.84259236,
      "ColourThemeName": "Red"
    },
    {
      "Name": "CARRY",
      "ID": 1317557802,
      "PositionY": 0.407407284,
      "ColourThemeName": "Red"
    }
  ],
  "SubChips": [
    {
      "Name": "XOR",
      "ID": 640149561,
      "Points": [
        {
          "X": -5.185186,
          "Y": 1.48148119
        }
      ],
      "Data": null
    },
    {
      "Name": "AND",
      "ID": 947254872,
      "Points": [
        {
          "X": -5.01851845,
          "Y": 0.166666508
        }
      ],
      "Data": null
    }
  ],
  "Connections": [
    {
      "Source": {
        "PinType": 1,
        "SubChipID": 0,
        "PinID": 848416975
      },
      "Target": {
        "PinType": 3,
        "SubChipID": 640149561,
        "PinID": 1196551142
      },
      "WirePoints": [
        {
          "X": -7.837778,
          "Y": 0.2870369
        },
        {
          "X": -5.735186,
          "Y": 1.36148119
        }
      ],
      "ColourThemeName": "Red"
    },
    {
      "Source": {
        "PinType": 1,
        "SubChipID": 0,
        "PinID": 2081933825
      },
      "Target": {
        "PinType": 3,
        "SubChipID": 640149561,
        "PinID": 979928969
      },
      "WirePoints": [
        {
          "X": -7.837778,
          "Y": 1.86111093
        },
        {
          "X": -5.735186,
          "Y": 1.6014812
        }
      ],
      "ColourThemeName": "Red"
    },
    {
      "Source": {
        "PinType": 1,
        "SubChipID": 0,
        "PinID": 2081933825
      },
      "Target": {
        "PinType": 3,
        "SubChipID": 947254872,
        "PinID": 0
      },
      "WirePoints": [
        {
          "X": -7.837778,
          "Y": 1.86111093
        },
        {
          "X": -6.1874814,
          "Y": 1.657331
        },
        {
          "X": -6.12962961,
          "Y": 0.351851583
        },
        {
          "X": -5.56851864,
          "Y": 0.2866665
        }
      ],
      "ColourThemeName": "Red"
    },
    {
      "Source": {
        "PinType": 1,
        "SubChipID": 0,
        "PinID": 848416975
      },
      "Target": {
        "PinType": 3,
        "SubChipID": 947254872,
        "PinID": 1
      },
      "WirePoints": [
        {
          "X": -7.837778,
          "Y": 0.2870369
        },
        {
          "X": -6.63265276,
          "Y": 0.9028673
        },
        {
          "X": -6.65740776,
          "Y": 0.148147941
        },
        {
          "X": -5.56851864,
          "Y": 0.04666651
        }
      ],
      "ColourThemeName": "Red"
    },
    {
      "Source": {
        "PinType": 4,
        "SubChipID": 947254872,
        "PinID": 2
      },
      "Target": {
        "PinType": 2,
        "SubChipID": 0,
        "PinID": 1317557802
      },
      "WirePoints": [
        {
          "X": -4.46851826,
          "Y": 0.166666508
        },
        {
          "X": 7.837778,
          "Y": 0.407407284
        }
      ],
      "ColourThemeName": "Red"
    },
    {
      "Source": {
        "PinType": 4,
        "SubChipID": 640149561,
        "PinID": 439533086
      },
      "Target": {
        "PinType": 2,
        "SubChipID": 0,
        "PinID": 543124758
      },
      "WirePoints": [
        {
          "X": -4.63518572,
          "Y": 1.48148119
        },
        {
          "X": 7.837778,
          "Y": 1.84259236
        }
      ],
      "ColourThemeName": "Red"
    }
  ]
}