{
  "Name": "IP",
  "Colour": "#A15385",
  "InputPins": [
    {
      "Name": "Address7",
      "ID": 509269221,
      "PositionY": 4.48148155,
      "ColourThemeName": "Red"
    },
    {
      "Name": "Pin",
      "ID": 696592902,
      "PositionY": 4.064815,
      "ColourThemeName": "Red"
    },
    {
      "Name": "Pin",
      "ID": 1047211709,
      "PositionY": 3.65740728,
      "ColourThemeName": "Red"
    },
    {
      "Name": "Pin",
      "ID": 1545133436,
      "PositionY": 3.29629612,
      "ColourThemeName": "Red"
    },
    {
      "Name": "Pin",
      "ID": 605415815,
      "PositionY": 2.63888836,
      "ColourThemeName": "Red"
    },
    {
      "Name": "Pin",
      "ID": 897910370,
      "PositionY": 2.33333349,
      "ColourThemeName": "Red"
    },
    {
      "Name": "Pin",
      "ID": 569735420,
      "PositionY": 1.96296334,
      "ColourThemeName": "Red"
    },
    {
      "Name": "Address0",
      "ID": 1681017269,
      "PositionY": 1.55555546,
      "ColourThemeName": "Red"
    },
    {
      "Name": "clk",
      "ID": 1504458035,
      "PositionY": -5.184538,
      "ColourThemeName": "Red"
    },
    {
      "Name": "en",
      "ID": 1883828913,
      "PositionY": -4.421482,
      "ColourThemeName": "Red"
    }
  ],
  "OutputPins": [
    {
      "Name": "Pin",
      "ID": 1585540806,
      "PositionY": 4.15009356,
      "ColourThemeName": "Red"
    },
    {
      "Name": "Pin",
      "ID": 643722027,
      "PositionY": 3.46046352,
      "ColourThemeName": "Red"
    },
    {
      "Name": "Pin",
      "ID": 2089052435,
      "PositionY": 2.6723156,
      "ColourThemeName": "Red"
    },
    {
      "Name": "Pin",
      "ID": 1251063353,
      "PositionY": 1.68657434,
      "ColourThemeName": "Red"
    },
    {
      "Name": "Pin",
      "ID": 186047380,
      "PositionY": 0.5664815,
      "ColourThemeName": "Red"
    },
    {
      "Name": "Pin",
      "ID": 440312171,
      "PositionY": -0.66500026,
      "ColourThemeName": "Red"
    },
    {
      "Name": "Pin",
      "ID": 447759156,
      "PositionY": -2.09351873,
      "ColourThemeName": "Red"
    },
    {
      "Name": "Pin",
      "ID": 987831809,
      "PositionY": -3.18953753,
      "ColourThemeName": "Red"
    }
  ],
  "SubChips": [
    {
      "Name": "8BITADDER",
      "ID": 2015094336,
      "Points": [
        {
          "X": 1.67592478,
          "Y": 1.04629636
        }
      ],
      "Data": null
    },
    {
      "Name": "8Nor",
      "ID": 1950439233,
      "Points": [
        {
          "X": -5.83333445,
          "Y": 3.351852
        }
      ],
      "Data": null
    },
    {
      "Name": "AND",
      "ID": 1369728795,
      "Points": [
        {
          "X": -3.46296334,
          "Y": 0.393518567
        }
      ],
      "Data": null
    },
    {
      "Name": "AND",
      "ID": 1367576418,
      "Points": [
        {
          "X": -3.46296334,
          "Y": -0.206851736
        }
      ],
      "Data": null
    },
    {
      "Name": "AND",
      "ID": 616889251,
      "Points": [
        {
          "X": -3.46296334,
          "Y": -0.8564815
        }
      ],
      "Data": null
    },
    {
      "Name": "AND",
      "ID": 731136805,
      "Points": [
        {
          "X": -3.46296334,
          "Y": -1.48148155
        }
      ],
      "Data": null
    },
    {
      "Name": "AND",
      "ID": 45371672,
      "Points": [
        {
          "X": -3.46296334,
          "Y": -2.10648155
        }
      ],
      "Data": null
    },
    {
      "Name": "AND",
      "ID": 1394531632,
      "Points": [
        {
          "X": -3.46296334,
          "Y": -2.73148155
        }
      ],
      "Data": null
    },
    {
      "Name": "AND",
      "ID": 1690474612,
      "Points": [
        {
          "X": -3.46296334,
          "Y": -3.35648155
        }
      ],
      "Data": null
    },
    {
      "Name": "AND",
      "ID": 1922413959,
      "Points": [
        {
          "X": -3.46296334,
          "Y": -3.98148179
        }
      ],
      "Data": null
    },
    {
      "Name": "OR",
      "ID": 2027885321,
      "Points": [
        {
          "X": -0.342130125,
          "Y": -2.12037015
        }
      ],
      "Data": null
    },
    {
      "Name": "NOT",
      "ID": 1845937953,
      "Points": [
        {
          "X": -6.537037,
          "Y": 0.7484256
        }
      ],
      "Data": null
    },
    {
      "Name": "1BYTEREG",
      "ID": 984027772,
      "Points": [
        {
          "X": 6.379075,
          "Y": 1.52703655
        }
      ],
      "Data": null
    },
    {
      "Name": "NOT",
      "ID": 1461720988,
      "Points": [
        {
          "X": 4.04518461,
          "Y": -1.24648154
        }
      ],
      "Data": null
    }
  ],
  "Connections": [
    {
      "Source": {
        "PinType": 1,
        "SubChipID": 0,
        "PinID": 509269221
      },
      "Target": {
        "PinType": 3,
        "SubChipID": 1950439233,
        "PinID": 1438745425
      },
      "WirePoints": [
        {
          "X": -10.504446,
          "Y": 4.48148155
        },
        {
          "X": -6.47833443,
          "Y": 4.191852
        }
      ],
      "ColourThemeName": "Red"
    },
    {
      "Source": {
        "PinType": 1,
        "SubChipID": 0,
        "PinID": 696592902
      },
      "Target": {
        "PinType": 3,
        "SubChipID": 1950439233,
        "PinID": 669909011
      },
      "WirePoints": [
        {
          "X": -10.504446,
          "Y": 4.064815
        },
        {
          "X": -6.47833443,
          "Y": 3.95185184
        }
      ],
      "ColourThemeName": "Red"
    },
    {
      "Source": {
        "PinType": 1,
        "SubChipID": 0,
        "PinID": 1047211709
      },
      "Target": {
        "PinType": 3,
        "SubChipID": 1950439233,
        "PinID": 1695890063
      },
      "WirePoints": [
        {
          "X": -10.504446,
          "Y": 3.65740728
        },
        {
          "X": -6.47833443,
          "Y": 3.71185184
        }
      ],
      "ColourThemeName": "Red"
    },
    {
      "Source": {
        "PinType": 1,
        "SubChipID": 0,
        "PinID": 1545133436
      },
      "Target": {
        "PinType": 3,
        "SubChipID": 1950439233,
        "PinID": 1281988021
      },
      "WirePoints": [
        {
          "X": -10.504446,
          "Y": 3.29629612
        },
        {
          "X": -6.47833443,
          "Y": 3.47185183
        }
      ],
      "ColourThemeName": "Red"
    },
    {
      "Source": {
        "PinType": 1,
        "SubChipID": 0,
        "PinID": 605415815
      },
      "Target": {
        "PinType": 3,
        "SubChipID": 1950439233,
        "PinID": 1573727223
      },
      "WirePoints": [
        {
          "X": -10.504446,
          "Y": 2.63888836
        },
        {
          "X": -6.47833443,
          "Y": 3.23185182
        }
      ],
      "ColourThemeName": "Red"
    },
    {
      "Source": {
        "PinType": 1,
        "SubChipID": 0,
        "PinID": 897910370
      },
      "Target": {
        "PinType": 3,
        "SubChipID": 1950439233,
        "PinID": 328306000
      },
      "WirePoints": [
        {
          "X": -10.504446,
          "Y": 2.33333349
        },
        {
          "X": -6.47833443,
          "Y": 2.99185181
        }
      ],
      "ColourThemeName": "Red"
    },
    {
      "Source": {
        "PinType": 1,
        "SubChipID": 0,
        "PinID": 569735420
      },
      "Target": {
        "PinType": 3,
        "SubChipID": 1950439233,
        "PinID": 559839882
      },
      "WirePoints": [
        {
          "X": -10.504446,
          "Y": 1.96296334
        },
        {
          "X": -6.47833443,
          "Y": 2.751852
        }
      ],
      "ColourThemeName": "Red"
    },
    {
      "Source": {
        "PinType": 1,
        "SubChipID": 0,
        "PinID": 1681017269
      },
      "Target": {
        "PinType": 3,
        "SubChipID": 1950439233,
        "PinID": 1017771281
      },
      "WirePoints": [
        {
          "X": -10.504446,
          "Y": 1.55555546
        },
        {
          "X": -6.47833443,
          "Y": 2.511852
        }
      ],
      "ColourThemeName": "Red"
    },
    {
      "Source": {
        "PinType": 4,
        "SubChipID": 1369728795,
        "PinID": 2
      },
      "Target": {
        "PinType": 3,
        "SubChipID": 2015094336,
        "PinID": 1817806131
      },
      "WirePoints": [
        {
          "X": -2.91296339,
          "Y": 0.393518567
        },
        {
          "X": 0.755924761,
          "Y": 1.04629636
        }
      ],
      "ColourThemeName": "Red"
    },
    {
      "Source": {
        "PinType": 4,
        "SubChipID": 1367576418,
        "PinID": 2
      },
      "Target": {
        "PinType": 3,
        "SubChipID": 2015094336,
        "PinID": 1279941362
      },
      "WirePoints": [
        {
          "X": -2.91296339,
          "Y": -0.206851736
        },
        {
          "X": 0.755924761,
          "Y": 0.806296349
        }
      ],
      "ColourThemeName": "Red"
    },
    {
      "Source": {
        "PinType": 4,
        "SubChipID": 616889251,
        "PinID": 2
      },
      "Target": {
        "PinType": 3,
        "SubChipID": 2015094336,
        "PinID": 1910697127
      },
      "WirePoints": [
        {
          "X": -2.91296339,
          "Y": -0.8564815
        },
        {
          "X": 0.755924761,
          "Y": 0.566296339
        }
      ],
      "ColourThemeName": "Red"
    },
    {
      "Source": {
        "PinType": 4,
        "SubChipID": 731136805,
        "PinID": 2
      },
      "Target": {
        "PinType": 3,
        "SubChipID": 2015094336,
        "PinID": 1121167528
      },
      "WirePoints": [
        {
          "X": -2.91296339,
          "Y": -1.48148155
        },
        {
          "X": 0.755924761,
          "Y": 0.3262964
        }
      ],
      "ColourThemeName": "Red"
    },
    {
      "Source": {
        "PinType": 4,
        "SubChipID": 45371672,
        "PinID": 2
      },
      "Target": {
        "PinType": 3,
        "SubChipID": 2015094336,
        "PinID": 244038118
      },
      "WirePoints": [
        {
          "X": -2.91296339,
          "Y": -2.10648155
        },
        {
          "X": 0.755924761,
          "Y": 0.08629638
        }
      ],
      "ColourThemeName": "Red"
    },
    {
      "Source": {
        "PinType": 4,
        "SubChipID": 1394531632,
        "PinID": 2
      },
      "Target": {
        "PinType": 3,
        "SubChipID": 2015094336,
        "PinID": 1355654459
      },
      "WirePoints": [
        {
          "X": -2.91296339,
          "Y": -2.73148155
        },
        {
          "X": 0.755924761,
          "Y": -0.15370357
        }
      ],
      "ColourThemeName": "Red"
    },
    {
      "Source": {
        "PinType": 4,
        "SubChipID": 1950439233,
        "PinID": 2010561815
      },
      "Target": {
        "PinType": 3,
        "SubChipID": 2027885321,
        "PinID": 1672340165
      },
      "WirePoints": [
        {
          "X": -5.18833447,
          "Y": 3.351852
        },
        {
          "X": -1.70370376,
          "Y": 3.333333
        },
        {
          "X": -1.56481481,
          "Y": -2.20370388
        },
        {
          "X": -0.7921301,
          "Y": -2.00037026
        }
      ],
      "ColourThemeName": "Red"
    },
    {
      "Source": {
        "PinType": 4,
        "SubChipID": 1845937953,
        "PinID": 1
      },
      "Target": {
        "PinType": 3,
        "SubChipID": 1922413959,
        "PinID": 1
      },
      "WirePoints": [
        {
          "X": -5.98703671,
          "Y": 0.7484256
        },
        {
          "X": -4.86870766,
          "Y": 0.85019207
        },
        {
          "X": -4.69444466,
          "Y": -4.0462966
        },
        {
          "X": -4.01296329,
          "Y": -4.101482
        }
      ],
      "ColourThemeName": "Red"
    },
    {
      "Source": {
        "PinType": 4,
        "SubChipID": 1845937953,
        "PinID": 1
      },
      "Target": {
        "PinType": 3,
        "SubChipID": 1690474612,
        "PinID": 1
      },
      "WirePoints": [
        {
          "X": -5.98703671,
          "Y": 0.7484256
        },
        {
          "X": -4.86870766,
          "Y": 0.85019207
        },
        {
          "X": -4.716213,
          "Y": -3.43464184
        },
        {
          "X": -4.01296329,
          "Y": -3.47648144
        }
      ],
      "ColourThemeName": "Red"
    },
    {
      "Source": {
        "PinType": 4,
        "SubChipID": 1845937953,
        "PinID": 1
      },
      "Target": {
        "PinType": 3,
        "SubChipID": 1394531632,
        "PinID": 1
      },
      "WirePoints": [
        {
          "X": -5.98703671,
          "Y": 0.7484256
        },
        {
          "X": -4.86870766,
          "Y": 0.85019207
        },
        {
          "X": -4.73928642,
          "Y": -2.786326
        },
        {
          "X": -4.01296329,
          "Y": -2.85148144
        }
      ],
      "ColourThemeName": "Red"
    },
    {
      "Source": {
        "PinType": 4,
        "SubChipID": 1845937953,
        "PinID": 1
      },
      "Target": {
        "PinType": 3,
        "SubChipID": 45371672,
        "PinID": 1
      },
      "WirePoints": [
        {
          "X": -5.98703671,
          "Y": 0.7484256
        },
        {
          "X": -4.86870766,
          "Y": 0.85019207
        },
        {
          "X": -4.76469851,
          "Y": -2.07229066
        },
        {
          "X": -4.01296329,
          "Y": -2.22648144
        }
      ],
      "ColourThemeName": "Red"
    },
    {
      "Source": {
        "PinType": 4,
        "SubChipID": 1845937953,
        "PinID": 1
      },
      "Target": {
        "PinType": 3,
        "SubChipID": 731136805,
        "PinID": 1
      },
      "WirePoints": [
        {
          "X": -5.98703671,
          "Y": 0.7484256
        },
        {
          "X": -4.86870766,
          "Y": 0.85019207
        },
        {
          "X": -4.78605556,
          "Y": -1.47218752
        },
        {
          "X": -4.01296329,
          "Y": -1.60148156
        }
      ],
      "ColourThemeName": "Red"
    },
    {
      "Source": {
        "PinType": 4,
        "SubChipID": 1845937953,
        "PinID": 1
      },
      "Target": {
        "PinType": 3,
        "SubChipID": 616889251,
        "PinID": 1
      },
      "WirePoints": [
        {
          "X": -5.98703671,
          "Y": 0.7484256
        },
        {
          "X": -4.86870766,
          "Y": 0.85019207
        },
        {
          "X": -4.80413342,
          "Y": -0.964230657
        },
        {
          "X": -4.01296329,
          "Y": -0.9764815
        }
      ],
      "ColourThemeName": "Red"
    },
    {
      "Source": {
        "PinType": 4,
        "SubChipID": 1845937953,
        "PinID": 1
      },
      "Target": {
        "PinType": 3,
        "SubChipID": 1367576418,
        "PinID": 1
      },
      "WirePoints": [
        {
          "X": -5.98703671,
          "Y": 0.7484256
        },
        {
          "X": -4.86870766,
          "Y": 0.85019207
        },
        {
          "X": -4.82626629,
          "Y": -0.342341065
        },
        {
          "X": -4.01296329,
          "Y": -0.326851726
        }
      ],
      "ColourThemeName": "Red"
    },
    {
      "Source": {
        "PinType": 4,
        "SubChipID": 1845937953,
        "PinID": 1
      },
      "Target": {
        "PinType": 3,
        "SubChipID": 1369728795,
        "PinID": 1
      },
      "WirePoints": [
        {
          "X": -5.98703671,
          "Y": 0.7484256
        },
        {
          "X": -4.86870766,
          "Y": 0.85019207
        },
        {
          "X": -4.841452,
          "Y": 0.08436251
        },
        {
          "X": -4.01296329,
          "Y": 0.273518562
        }
      ],
      "ColourThemeName": "Red"
    },
    {
      "Source": {
        "PinType": 4,
        "SubChipID": 1950439233,
        "PinID": 2010561815
      },
      "Target": {
        "PinType": 3,
        "SubChipID": 1845937953,
        "PinID": 0
      },
      "WirePoints": [
        {
          "X": -5.18833447,
          "Y": 3.351852
        },
        {
          "X": -4.362639,
          "Y": 3.34746385
        },
        {
          "X": -4.350186,
          "Y": 1.72463036
        },
        {
          "X": -7.8509264,
          "Y": 1.44148135
        },
        {
          "X": -7.76083469,
          "Y": 0.9266668
        },
        {
          "X": -7.087037,
          "Y": 0.7484256
        }
      ],
      "ColourThemeName": "Red"
    },
    {
      "Source": {
        "PinType": 1,
        "SubChipID": 0,
        "PinID": 1681017269
      },
      "Target": {
        "PinType": 3,
        "SubChipID": 1922413959,
        "PinID": 0
      },
      "WirePoints": [
        {
          "X": -10.504446,
          "Y": 1.55555546
        },
        {
          "X": -10.2115278,
          "Y": 1.68021345
        },
        {
          "X": -10.3690758,
          "Y": -4.28555632
        },
        {
          "X": -4.01296329,
          "Y": -3.861482
        }
      ],
      "ColourThemeName": "Red"
    },
    {
      "Source": {
        "PinType": 1,
        "SubChipID": 0,
        "PinID": 569735420
      },
      "Target": {
        "PinType": 3,
        "SubChipID": 1690474612,
        "PinID": 0
      },
      "WirePoints": [
        {
          "X": -10.504446,
          "Y": 1.96296334
        },
        {
          "X": -9.914827,
          "Y": 2.120324
        },
        {
          "X": -10.0735207,
          "Y": -3.854538
        },
        {
          "X": -4.01296329,
          "Y": -3.23648167
        }
      ],
      "ColourThemeName": "Red"
    },
    {
      "Source": {
        "PinType": 1,
        "SubChipID": 0,
        "PinID": 897910370
      },
      "Target": {
        "PinType": 3,
        "SubChipID": 1394531632,
        "PinID": 0
      },
      "WirePoints": [
        {
          "X": -10.504446,
          "Y": 2.33333349
        },
        {
          "X": -9.803588,
          "Y": 2.481753
        },
        {
          "X": -9.667131,
          "Y": -3.37426
        },
        {
          "X": -4.01296329,
          "Y": -2.61148167
        }
      ],
      "ColourThemeName": "Red"
    },
    {
      "Source": {
        "PinType": 1,
        "SubChipID": 0,
        "PinID": 605415815
      },
      "Target": {
        "PinType": 3,
        "SubChipID": 45371672,
        "PinID": 0
      },
      "WirePoints": [
        {
          "X": -10.504446,
          "Y": 2.63888836
        },
        {
          "X": -9.631994,
          "Y": 2.79623532
        },
        {
          "X": -9.310002,
          "Y": -2.770834
        },
        {
          "X": -4.01296329,
          "Y": -1.98648155
        }
      ],
      "ColourThemeName": "Red"
    },
    {
      "Source": {
        "PinType": 1,
        "SubChipID": 0,
        "PinID": 1545133436
      },
      "Target": {
        "PinType": 3,
        "SubChipID": 731136805,
        "PinID": 0
      },
      "WirePoints": [
        {
          "X": -10.504446,
          "Y": 3.29629612
        },
        {
          "X": -9.321553,
          "Y": 3.35557675
        },
        {
          "X": -8.94055748,
          "Y": -2.216667
        },
        {
          "X": -4.01296329,
          "Y": -1.36148155
        }
      ],
      "ColourThemeName": "Red"
    },
    {
      "Source": {
        "PinType": 1,
        "SubChipID": 0,
        "PinID": 1047211709
      },
      "Target": {
        "PinType": 3,
        "SubChipID": 616889251,
        "PinID": 0
      },
      "WirePoints": [
        {
          "X": -10.504446,
          "Y": 3.65740728
        },
        {
          "X": -9.186482,
          "Y": 3.67750478
        },
        {
          "X": -8.546483,
          "Y": -1.72407448
        },
        {
          "X": -4.01296329,
          "Y": -0.7364815
        }
      ],
      "ColourThemeName": "Red"
    },
    {
      "Source": {
        "PinType": 1,
        "SubChipID": 0,
        "PinID": 696592902
      },
      "Target": {
        "PinType": 3,
        "SubChipID": 1367576418,
        "PinID": 0
      },
      "WirePoints": [
        {
          "X": -10.504446,
          "Y": 4.064815
        },
        {
          "X": -9.001064,
          "Y": 4.01823664
        },
        {
          "X": -8.226298,
          "Y": -1.14527774
        },
        {
          "X": -4.01296329,
          "Y": -0.08685174
        }
      ],
      "ColourThemeName": "Red"
    },
    {
      "Source": {
        "PinType": 1,
        "SubChipID": 0,
        "PinID": 509269221
      },
      "Target": {
        "PinType": 3,
        "SubChipID": 1369728795,
        "PinID": 0
      },
      "WirePoints": [
        {
          "X": -10.504446,
          "Y": 4.48148155
        },
        {
          "X": -8.854843,
          "Y": 4.352193
        },
        {
          "X": -7.93074274,
          "Y": -0.5541666
        },
        {
          "X": -4.01296329,
          "Y": 0.5135186
        }
      ],
      "ColourThemeName": "Red"
    },
    {
      "Source": {
        "PinType": 4,
        "SubChipID": 984027772,
        "PinID": 1489572356
      },
      "Target": {
        "PinType": 2,
        "SubChipID": 0,
        "PinID": 1585540806
      },
      "WirePoints": [
        {
          "X": 7.229075,
          "Y": 2.60703659
        },
        {
          "X": 10.504446,
          "Y": 4.15009356
        }
      ],
      "ColourThemeName": "Red"
    },
    {
      "Source": {
        "PinType": 4,
        "SubChipID": 984027772,
        "PinID": 1515195558
      },
      "Target": {
        "PinType": 2,
        "SubChipID": 0,
        "PinID": 643722027
      },
      "WirePoints": [
        {
          "X": 7.229075,
          "Y": 2.29846525
        },
        {
          "X": 10.504446,
          "Y": 3.46046352
        }
      ],
      "ColourThemeName": "Red"
    },
    {
      "Source": {
        "PinType": 4,
        "SubChipID": 984027772,
        "PinID": 245392602
      },
      "Target": {
        "PinType": 2,
        "SubChipID": 0,
        "PinID": 2089052435
      },
      "WirePoints": [
        {
          "X": 7.229075,
          "Y": 1.98989367
        },
        {
          "X": 10.504446,
          "Y": 2.6723156
        }
      ],
      "ColourThemeName": "Red"
    },
    {
      "Source": {
        "PinType": 4,
        "SubChipID": 984027772,
        "PinID": 541107527
      },
      "Target": {
        "PinType": 2,
        "SubChipID": 0,
        "PinID": 1251063353
      },
      "WirePoints": [
        {
          "X": 7.229075,
          "Y": 1.68132234
        },
        {
          "X": 10.6646309,
          "Y": 1.76101911
        },
        {
          "X": 10.504446,
          "Y": 1.68657434
        }
      ],
      "ColourThemeName": "Red"
    },
    {
      "Source": {
        "PinType": 4,
        "SubChipID": 984027772,
        "PinID": 572778854
      },
      "Target": {
        "PinType": 2,
        "SubChipID": 0,
        "PinID": 186047380
      },
      "WirePoints": [
        {
          "X": 7.229075,
          "Y": 1.37275076
        },
        {
          "X": 10.504446,
          "Y": 0.5664815
        }
      ],
      "ColourThemeName": "Red"
    },
    {
      "Source": {
        "PinType": 4,
        "SubChipID": 984027772,
        "PinID": 926721921
      },
      "Target": {
        "PinType": 2,
        "SubChipID": 0,
        "PinID": 440312171
      },
      "WirePoints": [
        {
          "X": 7.229075,
          "Y": 1.0641793
        },
        {
          "X": 10.504446,
          "Y": -0.66500026
        }
      ],
      "ColourThemeName": "Red"
    },
    {
      "Source": {
        "PinType": 4,
        "SubChipID": 984027772,
        "PinID": 1745952370
      },
      "Target": {
        "PinType": 2,
        "SubChipID": 0,
        "PinID": 447759156
      },
      "WirePoints": [
        {
          "X": 7.229075,
          "Y": 0.755607843
        },
        {
          "X": 10.504446,
          "Y": -2.09351873
        }
      ],
      "ColourThemeName": "Red"
    },
    {
      "Source": {
        "PinType": 4,
        "SubChipID": 984027772,
        "PinID": 409998146
      },
      "Target": {
        "PinType": 2,
        "SubChipID": 0,
        "PinID": 987831809
      },
      "WirePoints": [
        {
          "X": 7.229075,
          "Y": 0.4470364
        },
        {
          "X": 10.504446,
          "Y": -3.18953753
        }
      ],
      "ColourThemeName": "Red"
    },
    {
      "Source": {
        "PinType": 4,
        "SubChipID": 984027772,
        "PinID": 1489572356
      },
      "Target": {
        "PinType": 3,
        "SubChipID": 2015094336,
        "PinID": 2108625535
      },
      "WirePoints": [
        {
          "X": 7.229075,
          "Y": 2.60703659
        },
        {
          "X": 7.82038,
          "Y": 2.86463332
        },
        {
          "X": 7.49972343,
          "Y": 4.100834
        },
        {
          "X": 0.578796,
          "Y": 3.42351937
        },
        {
          "X": 0.755924761,
          "Y": 2.9662962
        }
      ],
      "ColourThemeName": "Red"
    },
    {
      "Source": {
        "PinType": 4,
        "SubChipID": 984027772,
        "PinID": 1515195558
      },
      "Target": {
        "PinType": 3,
        "SubChipID": 2015094336,
        "PinID": 2070518411
      },
      "WirePoints": [
        {
          "X": 7.229075,
          "Y": 2.29846525
        },
        {
          "X": 8.066237,
          "Y": 2.57310414
        },
        {
          "X": 7.647502,
          "Y": 4.24861145
        },
        {
          "X": 0.394073784,
          "Y": 3.59592652
        },
        {
          "X": 0.443333715,
          "Y": 2.893982
        },
        {
          "X": 0.755924761,
          "Y": 2.72629642
        }
      ],
      "ColourThemeName": "Red"
    },
    {
      "Source": {
        "PinType": 4,
        "SubChipID": 984027772,
        "PinID": 245392602
      },
      "Target": {
        "PinType": 3,
        "SubChipID": 2015094336,
        "PinID": 1258722694
      },
      "WirePoints": [
        {
          "X": 7.229075,
          "Y": 1.98989367
        },
        {
          "X": 8.292105,
          "Y": 2.194701
        },
        {
          "X": 7.684446,
          "Y": 4.45796347
        },
        {
          "X": 0.135462329,
          "Y": 3.74370456
        },
        {
          "X": 0.23398219,
          "Y": 2.721574
        },
        {
          "X": 0.755924761,
          "Y": 2.48629618
        }
      ],
      "ColourThemeName": "Red"
    },
    {
      "Source": {
        "PinType": 4,
        "SubChipID": 984027772,
        "PinID": 541107527
      },
      "Target": {
        "PinType": 3,
        "SubChipID": 2015094336,
        "PinID": 584577458
      },
      "WirePoints": [
        {
          "X": 7.229075,
          "Y": 1.68132234
        },
        {
          "X": 8.413402,
          "Y": 1.70879591
        },
        {
          "X": 7.762501,
          "Y": 4.61064863
        },
        {
          "X": -0.0958331,
          "Y": 3.843982
        },
        {
          "X": 0.181018218,
          "Y": 2.44907451
        },
        {
          "X": 0.755924761,
          "Y": 2.24629641
        }
      ],
      "ColourThemeName": "Red"
    },
    {
      "Source": {
        "PinType": 4,
        "SubChipID": 984027772,
        "PinID": 572778854
      },
      "Target": {
        "PinType": 3,
        "SubChipID": 2015094336,
        "PinID": 832625356
      },
      "WirePoints": [
        {
          "X": 7.229075,
          "Y": 1.37275076
        },
        {
          "X": 8.622398,
          "Y": 0.7942892
        },
        {
          "X": 7.79444551,
          "Y": 4.83426
        },
        {
          "X": -0.383333623,
          "Y": 3.98240781
        },
        {
          "X": -0.07453713,
          "Y": 2.21481538
        },
        {
          "X": 0.755924761,
          "Y": 2.0062964
        }
      ],
      "ColourThemeName": "Red"
    },
    {
      "Source": {
        "PinType": 4,
        "SubChipID": 984027772,
        "PinID": 926721921
      },
      "Target": {
        "PinType": 3,
        "SubChipID": 2015094336,
        "PinID": 393144296
      },
      "WirePoints": [
        {
          "X": 7.229075,
          "Y": 1.0641793
        },
        {
          "X": 8.89671,
          "Y": 0.105746567
        },
        {
          "X": 7.96101952,
          "Y": 5.11527872
        },
        {
          "X": -0.7173148,
          "Y": 4.315649
        },
        {
          "X": -0.164629832,
          "Y": 1.94027817
        },
        {
          "X": 0.755924761,
          "Y": 1.76629639
        }
      ],
      "ColourThemeName": "Red"
    },
    {
      "Source": {
        "PinType": 4,
        "SubChipID": 984027772,
        "PinID": 1745952370
      },
      "Target": {
        "PinType": 3,
        "SubChipID": 2015094336,
        "PinID": 689207687
      },
      "WirePoints": [
        {
          "X": 7.229075,
          "Y": 0.755607843
        },
        {
          "X": 9.382643,
          "Y": -1.283737
        },
        {
          "X": 8.090372,
          "Y": 5.456297
        },
        {
          "X": -1.07009256,
          "Y": 4.3509264
        },
        {
          "X": -0.564444661,
          "Y": 1.68157458
        },
        {
          "X": 0.755924761,
          "Y": 1.52629638
        }
      ],
      "ColourThemeName": "Red"
    },
    {
      "Source": {
        "PinType": 4,
        "SubChipID": 984027772,
        "PinID": 409998146
      },
      "Target": {
        "PinType": 3,
        "SubChipID": 2015094336,
        "PinID": 1498852716
      },
      "WirePoints": [
        {
          "X": 7.229075,
          "Y": 0.4470364
        },
        {
          "X": 9.718912,
          "Y": -2.56238985
        },
        {
          "X": 8.431391,
          "Y": 5.738519
        },
        {
          "X": -1.39935231,
          "Y": 4.46851969
        },
        {
          "X": -0.7996297,
          "Y": 1.4346298
        },
        {
          "X": 0.755924761,
          "Y": 1.28629637
        }
      ],
      "ColourThemeName": "Red"
    },
    {
      "Source": {
        "PinType": 4,
        "SubChipID": 2015094336,
        "PinID": 1334542650
      },
      "Target": {
        "PinType": 3,
        "SubChipID": 984027772,
        "PinID": 1393507710
      },
      "WirePoints": [
        {
          "X": 2.59592485,
          "Y": 2.9662962
        },
        {
          "X": 5.529075,
          "Y": 2.60703659
        }
      ],
      "ColourThemeName": "Red"
    },
    {
      "Source": {
        "PinType": 4,
        "SubChipID": 2015094336,
        "PinID": 1181059812
      },
      "Target": {
        "PinType": 3,
        "SubChipID": 984027772,
        "PinID": 1488711406
      },
      "WirePoints": [
        {
          "X": 2.59592485,
          "Y": 2.48629618
        },
        {
          "X": 5.529075,
          "Y": 2.36703682
        }
      ],
      "ColourThemeName": "Red"
    },
    {
      "Source": {
        "PinType": 4,
        "SubChipID": 2015094336,
        "PinID": 1404175207
      },
      "Target": {
        "PinType": 3,
        "SubChipID": 984027772,
        "PinID": 1390913659
      },
      "WirePoints": [
        {
          "X": 2.59592485,
          "Y": 2.0062964
        },
        {
          "X": 5.529075,
          "Y": 2.12703657
        }
      ],
      "ColourThemeName": "Red"
    },
    {
      "Source": {
        "PinType": 4,
        "SubChipID": 2015094336,
        "PinID": 1138598718
      },
      "Target": {
        "PinType": 3,
        "SubChipID": 984027772,
        "PinID": 1896088820
      },
      "WirePoints": [
        {
          "X": 2.59592485,
          "Y": 1.52629638
        },
        {
          "X": 5.529075,
          "Y": 1.88703656
        }
      ],
      "ColourThemeName": "Red"
    },
    {
      "Source": {
        "PinType": 4,
        "SubChipID": 2015094336,
        "PinID": 1765738916
      },
      "Target": {
        "PinType": 3,
        "SubChipID": 984027772,
        "PinID": 983291422
      },
      "WirePoints": [
        {
          "X": 2.59592485,
          "Y": 1.04629636
        },
        {
          "X": 5.529075,
          "Y": 1.64703655
        }
      ],
      "ColourThemeName": "Red"
    },
    {
      "Source": {
        "PinType": 4,
        "SubChipID": 2015094336,
        "PinID": 67787241
      },
      "Target": {
        "PinType": 3,
        "SubChipID": 984027772,
        "PinID": 1573288620
      },
      "WirePoints": [
        {
          "X": 2.59592485,
          "Y": 0.566296339
        },
        {
          "X": 5.529075,
          "Y": 1.40703642
        }
      ],
      "ColourThemeName": "Red"
    },
    {
      "Source": {
        "PinType": 4,
        "SubChipID": 2015094336,
        "PinID": 808905144
      },
      "Target": {
        "PinType": 3,
        "SubChipID": 984027772,
        "PinID": 1984256845
      },
      "WirePoints": [
        {
          "X": 2.59592485,
          "Y": 0.08629638
        },
        {
          "X": 5.529075,
          "Y": 1.16703641
        }
      ],
      "ColourThemeName": "Red"
    },
    {
      "Source": {
        "PinType": 4,
        "SubChipID": 2015094336,
        "PinID": 1185905494
      },
      "Target": {
        "PinType": 3,
        "SubChipID": 984027772,
        "PinID": 1662664643
      },
      "WirePoints": [
        {
          "X": 2.59592485,
          "Y": -0.39370358
        },
        {
          "X": 5.529075,
          "Y": 0.9270364
        }
      ],
      "ColourThemeName": "Red"
    },
    {
      "Source": {
        "PinType": 4,
        "SubChipID": 1461720988,
        "PinID": 1
      },
      "Target": {
        "PinType": 3,
        "SubChipID": 984027772,
        "PinID": 361974359
      },
      "WirePoints": [
        {
          "X": 4.595185,
          "Y": -1.24648154
        },
        {
          "X": 5.529075,
          "Y": 0.6870364
        }
      ],
      "ColourThemeName": "Red"
    },
    {
      "Source": {
        "PinType": 1,
        "SubChipID": 0,
        "PinID": 1504458035
      },
      "Target": {
        "PinType": 3,
        "SubChipID": 984027772,
        "PinID": 1423771617
      },
      "WirePoints": [
        {
          "X": -10.504446,
          "Y": -5.184538
        },
        {
          "X": -10.148242,
          "Y": -5.25638962
        },
        {
          "X": 4.9388895,
          "Y": -4.60963
        },
        {
          "X": 5.25639057,
          "Y": -0.8819446
        },
        {
          "X": 5.529075,
          "Y": 0.4470364
        }
      ],
      "ColourThemeName": "Red"
    },
    {
      "Source": {
        "PinType": 1,
        "SubChipID": 0,
        "PinID": 1883828913
      },
      "Target": {
        "PinType": 3,
        "SubChipID": 1461720988,
        "PinID": 0
      },
      "WirePoints": [
        {
          "X": -10.504446,
          "Y": -4.421482
        },
        {
          "X": 3.65712953,
          "Y": -4.03342628
        },
        {
          "X": 3.17500067,
          "Y": -1.44638908
        },
        {
          "X": 3.49518466,
          "Y": -1.24648154
        }
      ],
      "ColourThemeName": "Red"
    },
    {
      "Source": {
        "PinType": 4,
        "SubChipID": 1690474612,
        "PinID": 2
      },
      "Target": {
        "PinType": 3,
        "SubChipID": 2015094336,
        "PinID": 883743091
      },
      "WirePoints": [
        {
          "X": -2.91296339,
          "Y": -3.35648155
        },
        {
          "X": 0.755924761,
          "Y": -0.39370358
        }
      ],
      "ColourThemeName": "Red"
    },
    {
      "Source": {
        "PinType": 4,
        "SubChipID": 1922413959,
        "PinID": 2
      },
      "Target": {
        "PinType": 3,
        "SubChipID": 2027885321,
        "PinID": 498880847
      },
      "WirePoints": [
        {
          "X": -2.91296339,
          "Y": -3.98148179
        },
        {
          "X": -0.7921301,
          "Y": -2.24037
        }
      ],
      "ColourThemeName": "Red"
    },
    {
      "Source": {
        "PinType": 4,
        "SubChipID": 2027885321,
        "PinID": 1118056934
      },
      "Target": {
        "PinType": 3,
        "SubChipID": 2015094336,
        "PinID": 699464437
      },
      "WirePoints": [
        {
          "X": 0.107869864,
          "Y": -2.12037015
        },
        {
          "X": 0.591296,
          "Y": -2.07907414
        },
        {
          "X": 0.5054629,
          "Y": -0.9441667
        },
        {
          "X": 0.755924761,
          "Y": -0.6337036
        }
      ],
      "ColourThemeName": "Red"
    }
  ],
  "ChipSize": 6.500001
}