{
  "Name": "MulUnit",
  "Colour": "#CE9492",
  "InputPins": [
    {
      "Name": "A7",
      "ID": 1183072719,
      "PositionY": 4.212963,
      "ColourThemeName": "Red"
    },
    {
      "Name": "A6",
      "ID": 430206084,
      "PositionY": 3.740741,
      "ColourThemeName": "Red"
    },
    {
      "Name": "A5",
      "ID": 611140407,
      "PositionY": 3.36111116,
      "ColourThemeName": "Red"
    },
    {
      "Name": "A4",
      "ID": 1176643270,
      "PositionY": 2.83333349,
      "ColourThemeName": "Red"
    },
    {
      "Name": "A3",
      "ID": 425446040,
      "PositionY": 2.314815,
      "ColourThemeName": "Red"
    },
    {
      "Name": "A2",
      "ID": 2047368403,
      "PositionY": 1.82407379,
      "ColourThemeName": "Red"
    },
    {
      "Name": "A1",
      "ID": 1125910510,
      "PositionY": 1.49074078,
      "ColourThemeName": "Red"
    },
    {
      "Name": "A0",
      "ID": 183649865,
      "PositionY": 1.02777779,
      "ColourThemeName": "Red"
    },
    {
      "Name": "B",
      "ID": 1608434826,
      "PositionY": -1.79629588,
      "ColourThemeName": "Red"
    }
  ],
  "OutputPins": [
    {
      "Name": "Out7",
      "ID": 608881373,
      "PositionY": 3.888889,
      "ColourThemeName": "Red"
    },
    {
      "Name": "Out6",
      "ID": 1634780168,
      "PositionY": 3.27777815,
      "ColourThemeName": "Red"
    },
    {
      "Name": "Out5",
      "ID": 294742753,
      "PositionY": 2.33333349,
      "ColourThemeName": "Red"
    },
    {
      "Name": "Out4",
      "ID": 820237740,
      "PositionY": 1.66666687,
      "ColourThemeName": "Red"
    },
    {
      "Name": "Out3",
      "ID": 1733853153,
      "PositionY": 1.00000024,
      "ColourThemeName": "Red"
    },
    {
      "Name": "Out2",
      "ID": 334491881,
      "PositionY": 0.2314812,
      "ColourThemeName": "Red"
    },
    {
      "Name": "Out1",
      "ID": 13297527,
      "PositionY": -0.296296179,
      "ColourThemeName": "Red"
    },
    {
      "Name": "Out0",
      "ID": 1248838351,
      "PositionY": -0.7222223,
      "ColourThemeName": "Red"
    }
  ],
  "SubChips": [
    {
      "Name": "AND",
      "ID": 1070825688,
      "Points": [
        {
          "X": -5.26851845,
          "Y": 3.98379683
        }
      ],
      "Data": null
    },
    {
      "Name": "AND",
      "ID": 752914465,
      "Points": [
        {
          "X": -5.26851845,
          "Y": 3.35879683
        }
      ],
      "Data": null
    },
    {
      "Name": "AND",
      "ID": 376858466,
      "Points": [
        {
          "X": -5.26851845,
          "Y": 2.7337966
        }
      ],
      "Data": null
    },
    {
      "Name": "AND",
      "ID": 2098707687,
      "Points": [
        {
          "X": -5.26851845,
          "Y": 2.1087966
        }
      ],
      "Data": null
    },
    {
      "Name": "AND",
      "ID": 1338926917,
      "Points": [
        {
          "X": -5.26851845,
          "Y": 1.4837966
        }
      ],
      "Data": null
    },
    {
      "Name": "AND",
      "ID": 1943888038,
      "Points": [
        {
          "X": -5.26851845,
          "Y": 0.8587965
        }
      ],
      "Data": null
    },
    {
      "Name": "AND",
      "ID": 1745210996,
      "Points": [
        {
          "X": -5.26851845,
          "Y": 0.233796358
        }
      ],
      "Data": null
    },
    {
      "Name": "AND",
      "ID": 2084800811,
      "Points": [
        {
          "X": -5.26851845,
          "Y": -0.391203642
        }
      ],
      "Data": null
    }
  ],
  "Connections": [
    {
      "Source": {
        "PinType": 1,
        "SubChipID": 0,
        "PinID": 1183072719
      },
      "Target": {
        "PinType": 3,
        "SubChipID": 1070825688,
        "PinID": 0
      },
      "WirePoints": [
        {
          "X": -7.837778,
          "Y": 4.212963
        },
        {
          "X": -5.81851864,
          "Y": 4.103797
        }
      ],
      "ColourThemeName": "Red"
    },
    {
      "Source": {
        "PinType": 1,
        "SubChipID": 0,
        "PinID": 430206084
      },
      "Target": {
        "PinType": 3,
        "SubChipID": 752914465,
        "PinID": 0
      },
      "WirePoints": [
        {
          "X": -7.837778,
          "Y": 3.740741
        },
        {
          "X": -5.81851864,
          "Y": 3.47879672
        }
      ],
      "ColourThemeName": "Red"
    },
    {
      "Source": {
        "PinType": 1,
        "SubChipID": 0,
        "PinID": 611140407
      },
      "Target": {
        "PinType": 3,
        "SubChipID": 376858466,
        "PinID": 0
      },
      "WirePoints": [
        {
          "X": -7.837778,
          "Y": 3.36111116
        },
        {
          "X": -5.81851864,
          "Y": 2.85379648
        }
      ],
      "ColourThemeName": "Red"
    },
    {
      "Source": {
        "PinType": 1,
        "SubChipID": 0,
        "PinID": 1176643270
      },
      "Target": {
        "PinType": 3,
        "SubChipID": 2098707687,
        "PinID": 0
      },
      "WirePoints": [
        {
          "X": -7.837778,
          "Y": 2.83333349
        },
        {
          "X": -5.81851864,
          "Y": 2.22879648
        }
      ],
      "ColourThemeName": "Red"
    },
    {
      "Source": {
        "PinType": 1,
        "SubChipID": 0,
        "PinID": 425446040
      },
      "Target": {
        "PinType": 3,
        "SubChipID": 1338926917,
        "PinID": 0
      },
      "WirePoints": [
        {
          "X": -7.837778,
          "Y": 2.314815
        },
        {
          "X": -5.81851864,
          "Y": 1.6037966
        }
      ],
      "ColourThemeName": "Red"
    },
    {
      "Source": {
        "PinType": 1,
        "SubChipID": 0,
        "PinID": 2047368403
      },
      "Target": {
        "PinType": 3,
        "SubChipID": 1943888038,
        "PinID": 0
      },
      "WirePoints": [
        {
          "X": -7.837778,
          "Y": 1.82407379
        },
        {
          "X": -5.81851864,
          "Y": 0.9787965
        }
      ],
      "ColourThemeName": "Red"
    },
    {
      "Source": {
        "PinType": 1,
        "SubChipID": 0,
        "PinID": 1125910510
      },
      "Target": {
        "PinType": 3,
        "SubChipID": 1745210996,
        "PinID": 0
      },
      "WirePoints": [
        {
          "X": -7.837778,
          "Y": 1.49074078
        },
        {
          "X": -5.81851864,
          "Y": 0.353796363
        }
      ],
      "ColourThemeName": "Red"
    },
    {
      "Source": {
        "PinType": 1,
        "SubChipID": 0,
        "PinID": 183649865
      },
      "Target": {
        "PinType": 3,
        "SubChipID": 2084800811,
        "PinID": 0
      },
      "WirePoints": [
        {
          "X": -7.837778,
          "Y": 1.02777779
        },
        {
          "X": -5.81851864,
          "Y": -0.271203637
        }
      ],
      "ColourThemeName": "Red"
    },
    {
      "Source": {
        "PinType": 4,
        "SubChipID": 2084800811,
        "PinID": 2
      },
      "Target": {
        "PinType": 2,
        "SubChipID": 0,
        "PinID": 1248838351
      },
      "WirePoints": [
        {
          "X": -4.71851826,
          "Y": -0.391203642
        },
        {
          "X": 7.837778,
          "Y": -0.7222223
        }
      ],
      "ColourThemeName": "Red"
    },
    {
      "Source": {
        "PinType": 4,
        "SubChipID": 1745210996,
        "PinID": 2
      },
      "Target": {
        "PinType": 2,
        "SubChipID": 0,
        "PinID": 13297527
      },
      "WirePoints": [
        {
          "X": -4.71851826,
          "Y": 0.233796358
        },
        {
          "X": 7.837778,
          "Y": -0.296296179
        }
      ],
      "ColourThemeName": "Red"
    },
    {
      "Source": {
        "PinType": 4,
        "SubChipID": 1943888038,
        "PinID": 2
      },
      "Target": {
        "PinType": 2,
        "SubChipID": 0,
        "PinID": 334491881
      },
      "WirePoints": [
        {
          "X": -4.71851826,
          "Y": 0.8587965
        },
        {
          "X": 7.837778,
          "Y": 0.2314812
        }
      ],
      "ColourThemeName": "Red"
    },
    {
      "Source": {
        "PinType": 4,
        "SubChipID": 1338926917,
        "PinID": 2
      },
      "Target": {
        "PinType": 2,
        "SubChipID": 0,
        "PinID": 1733853153
      },
      "WirePoints": [
        {
          "X": -4.71851826,
          "Y": 1.4837966
        },
        {
          "X": 7.837778,
          "Y": 1.00000024
        }
      ],
      "ColourThemeName": "Red"
    },
    {
      "Source": {
        "PinType": 4,
        "SubChipID": 2098707687,
        "PinID": 2
      },
      "Target": {
        "PinType": 2,
        "SubChipID": 0,
        "PinID": 820237740
      },
      "WirePoints": [
        {
          "X": -4.71851826,
          "Y": 2.1087966
        },
        {
          "X": 7.837778,
          "Y": 1.66666687
        }
      ],
      "ColourThemeName": "Red"
    },
    {
      "Source": {
        "PinType": 4,
        "SubChipID": 376858466,
        "PinID": 2
      },
      "Target": {
        "PinType": 2,
        "SubChipID": 0,
        "PinID": 294742753
      },
      "WirePoints": [
        {
          "X": -4.71851826,
          "Y": 2.7337966
        },
        {
          "X": 7.837778,
          "Y": 2.33333349
        }
      ],
      "ColourThemeName": "Red"
    },
    {
      "Source": {
        "PinType": 4,
        "SubChipID": 752914465,
        "PinID": 2
      },
      "Target": {
        "PinType": 2,
        "SubChipID": 0,
        "PinID": 1634780168
      },
      "WirePoints": [
        {
          "X": -4.71851826,
          "Y": 3.35879683
        },
        {
          "X": 7.837778,
          "Y": 3.27777815
        }
      ],
      "ColourThemeName": "Red"
    },
    {
      "Source": {
        "PinType": 4,
        "SubChipID": 1070825688,
        "PinID": 2
      },
      "Target": {
        "PinType": 2,
        "SubChipID": 0,
        "PinID": 608881373
      },
      "WirePoints": [
        {
          "X": -4.71851826,
          "Y": 3.98379683
        },
        {
          "X": 7.837778,
          "Y": 3.888889
        }
      ],
      "ColourThemeName": "Red"
    },
    {
      "Source": {
        "PinType": 1,
        "SubChipID": 0,
        "PinID": 1608434826
      },
      "Target": {
        "PinType": 3,
        "SubChipID": 1070825688,
        "PinID": 1
      },
      "WirePoints": [
        {
          "X": -7.837778,
          "Y": -1.79629588
        },
        {
          "X": -6.527778,
          "Y": -1.80555558
        },
        {
          "X": -6.453704,
          "Y": 3.759259
        },
        {
          "X": -5.81851864,
          "Y": 3.863797
        }
      ],
      "ColourThemeName": "Red"
    },
    {
      "Source": {
        "PinType": 1,
        "SubChipID": 0,
        "PinID": 1608434826
      },
      "Target": {
        "PinType": 3,
        "SubChipID": 752914465,
        "PinID": 1
      },
      "WirePoints": [
        {
          "X": -7.837778,
          "Y": -1.79629588
        },
        {
          "X": -6.527778,
          "Y": -1.80555558
        },
        {
          "X": -6.46036148,
          "Y": 3.25910163
        },
        {
          "X": -5.81851864,
          "Y": 3.238797
        }
      ],
      "ColourThemeName": "Red"
    },
    {
      "Source": {
        "PinType": 1,
        "SubChipID": 0,
        "PinID": 1608434826
      },
      "Target": {
        "PinType": 3,
        "SubChipID": 376858466,
        "PinID": 1
      },
      "WirePoints": [
        {
          "X": -7.837778,
          "Y": -1.79629588
        },
        {
          "X": -6.527778,
          "Y": -1.80555558
        },
        {
          "X": -6.468756,
          "Y": 2.628474
        },
        {
          "X": -5.81851864,
          "Y": 2.61379671
        }
      ],
      "ColourThemeName": "Red"
    },
    {
      "Source": {
        "PinType": 1,
        "SubChipID": 0,
        "PinID": 1608434826
      },
      "Target": {
        "PinType": 3,
        "SubChipID": 2098707687,
        "PinID": 1
      },
      "WirePoints": [
        {
          "X": -7.837778,
          "Y": -1.79629588
        },
        {
          "X": -6.527778,
          "Y": -1.80555558
        },
        {
          "X": -6.476515,
          "Y": 2.04561353
        },
        {
          "X": -5.81851864,
          "Y": 1.98879659
        }
      ],
      "ColourThemeName": "Red"
    },
    {
      "Source": {
        "PinType": 1,
        "SubChipID": 0,
        "PinID": 1608434826
      },
      "Target": {
        "PinType": 3,
        "SubChipID": 1338926917,
        "PinID": 1
      },
      "WirePoints": [
        {
          "X": -7.837778,
          "Y": -1.79629588
        },
        {
          "X": -6.527778,
          "Y": -1.80555558
        },
        {
          "X": -6.4844,
          "Y": 1.45324945
        },
        {
          "X": -5.81851864,
          "Y": 1.36379659
        }
      ],
      "ColourThemeName": "Red"
    },
    {
      "Source": {
        "PinType": 1,
        "SubChipID": 0,
        "PinID": 1608434826
      },
      "Target": {
        "PinType": 3,
        "SubChipID": 1943888038,
        "PinID": 1
      },
      "WirePoints": [
        {
          "X": -7.837778,
          "Y": -1.79629588
        },
        {
          "X": -6.527778,
          "Y": -1.80555558
        },
        {
          "X": -6.49030828,
          "Y": 1.00937676
        },
        {
          "X": -5.81851864,
          "Y": 0.7387965
        }
      ],
      "ColourThemeName": "Red"
    },
    {
      "Source": {
        "PinType": 1,
        "SubChipID": 0,
        "PinID": 1608434826
      },
      "Target": {
        "PinType": 3,
        "SubChipID": 1745210996,
        "PinID": 1
      },
      "WirePoints": [
        {
          "X": -7.837778,
          "Y": -1.79629588
        },
        {
          "X": -6.527778,
          "Y": -1.80555558
        },
        {
          "X": -6.49856949,
          "Y": 0.388746262
        },
        {
          "X": -5.81851864,
          "Y": 0.113796361
        }
      ],
      "ColourThemeName": "Red"
    },
    {
      "Source": {
        "PinType": 1,
        "SubChipID": 0,
        "PinID": 1608434826
      },
      "Target": {
        "PinType": 3,
        "SubChipID": 2084800811,
        "PinID": 1
      },
      "WirePoints": [
        {
          "X": -7.837778,
          "Y": -1.79629588
        },
        {
          "X": -6.527778,
          "Y": -1.80555558
        },
        {
          "X": -6.504979,
          "Y": -0.09277272
        },
        {
          "X": -5.81851864,
          "Y": -0.511203647
        }
      ],
      "ColourThemeName": "Red"
    }
  ]
}