{
  "Name": "mulwithseg",
  "Colour": "#8E85C0",
  "InputPins": [
    {
      "Name": "Pin",
      "ID": 1543550672,
      "PositionY": 3.97222233,
      "ColourThemeName": "Red"
    },
    {
      "Name": "Pin",
      "ID": 66985070,
      "PositionY": 3.50000024,
      "ColourThemeName": "Red"
    },
    {
      "Name": "Pin",
      "ID": 1733961993,
      "PositionY": 3.111111,
      "ColourThemeName": "Red"
    },
    {
      "Name": "Pin",
      "ID": 1295665647,
      "PositionY": 2.648148,
      "ColourThemeName": "Red"
    },
    {
      "Name": "Pin",
      "ID": 288729551,
      "PositionY": 1.98148131,
      "ColourThemeName": "Red"
    },
    {
      "Name": "Pin",
      "ID": 281456912,
      "PositionY": 1.574074,
      "ColourThemeName": "Red"
    },
    {
      "Name": "Pin",
      "ID": 519823335,
      "PositionY": 1.05555534,
      "ColourThemeName": "Red"
    },
    {
      "Name": "Pin",
      "ID": 987824956,
      "PositionY": 0.5277777,
      "ColourThemeName": "Red"
    },
    {
      "Name": "Pin",
      "ID": 1999707512,
      "PositionY": -0.6944445,
      "ColourThemeName": "Red"
    },
    {
      "Name": "Pin",
      "ID": 275240421,
      "PositionY": -1.22222209,
      "ColourThemeName": "Red"
    },
    {
      "Name": "Pin",
      "ID": 743985387,
      "PositionY": -1.68518519,
      "ColourThemeName": "Red"
    },
    {
      "Name": "Pin",
      "ID": 239508298,
      "PositionY": -2.12962961,
      "ColourThemeName": "Red"
    },
    {
      "Name": "Pin",
      "ID": 749123524,
      "PositionY": -2.87037,
      "ColourThemeName": "Red"
    },
    {
      "Name": "Pin",
      "ID": 191947397,
      "PositionY": -3.36111116,
      "ColourThemeName": "Red"
    },
    {
      "Name": "Pin",
      "ID": 868826344,
      "PositionY": -3.75925922,
      "ColourThemeName": "Red"
    },
    {
      "Name": "Pin",
      "ID": 1727754536,
      "PositionY": -4.15740728,
      "ColourThemeName": "Red"
    }
  ],
  "OutputPins": [],
  "SubChips": [
    {
      "Name": "8to8mul",
      "ID": 673580373,
      "Points": [
        {
          "X": -4.87037039,
          "Y": 1.22222245
        }
      ],
      "Data": null
    },
    {
      "Name": "8bitSignPosbinbcd",
      "ID": 968982400,
      "Points": [
        {
          "X": -0.9907405,
          "Y": 0.231482267
        }
      ],
      "Data": null
    },
    {
      "Name": "7-SEGMENT DISPLAY",
      "ID": 1230484904,
      "Points": [
        {
          "X": 4.462963,
          "Y": 1.70388889
        }
      ],
      "Data": null
    },
    {
      "Name": "7-SEGMENT DISPLAY",
      "ID": 467647311,
      "Points": [
        {
          "X": 4.462963,
          "Y": -0.361110926
        }
      ],
      "Data": null
    },
    {
      "Name": "7-SEGMENT DISPLAY",
      "ID": 104130091,
      "Points": [
        {
          "X": 4.462963,
          "Y": -2.42611074
        }
      ],
      "Data": null
    }
  ],
  "Connections": [
    {
      "Source": {
        "PinType": 1,
        "SubChipID": 0,
        "PinID": 1727754536
      },
      "Target": {
        "PinType": 3,
        "SubChipID": 673580373,
        "PinID": 1650766723
      },
      "WirePoints": [
        {
          "X": -7.837778,
          "Y": -4.15740728
        },
        {
          "X": -5.64537048,
          "Y": -0.5777776
        }
      ],
      "ColourThemeName": "Red"
    },
    {
      "Source": {
        "PinType": 1,
        "SubChipID": 0,
        "PinID": 868826344
      },
      "Target": {
        "PinType": 3,
        "SubChipID": 673580373,
        "PinID": 1507260882
      },
      "WirePoints": [
        {
          "X": -7.837778,
          "Y": -3.75925922
        },
        {
          "X": -5.64537048,
          "Y": -0.3377776
        }
      ],
      "ColourThemeName": "Red"
    },
    {
      "Source": {
        "PinType": 1,
        "SubChipID": 0,
        "PinID": 191947397
      },
      "Target": {
        "PinType": 3,
        "SubChipID": 673580373,
        "PinID": 638265186
      },
      "WirePoints": [
        {
          "X": -7.837778,
          "Y": -3.36111116
        },
        {
          "X": -5.64537048,
          "Y": -0.0977776051
        }
      ],
      "ColourThemeName": "Red"
    },
    {
      "Source": {
        "PinType": 1,
        "SubChipID": 0,
        "PinID": 749123524
      },
      "Target": {
        "PinType": 3,
        "SubChipID": 673580373,
        "PinID": 877232158
      },
      "WirePoints": [
        {
          "X": -7.837778,
          "Y": -2.87037
        },
        {
          "X": -5.64537048,
          "Y": 0.1422224
        }
      ],
      "ColourThemeName": "Red"
    },
    {
      "Source": {
        "PinType": 1,
        "SubChipID": 0,
        "PinID": 239508298
      },
      "Target": {
        "PinType": 3,
        "SubChipID": 673580373,
        "PinID": 920506133
      },
      "WirePoints": [
        {
          "X": -7.837778,
          "Y": -2.12962961
        },
        {
          "X": -5.64537048,
          "Y": 0.382222354
        }
      ],
      "ColourThemeName": "Red"
    },
    {
      "Source": {
        "PinType": 1,
        "SubChipID": 0,
        "PinID": 743985387
      },
      "Target": {
        "PinType": 3,
        "SubChipID": 673580373,
        "PinID": 1768037403
      },
      "WirePoints": [
        {
          "X": -7.837778,
          "Y": -1.68518519
        },
        {
          "X": -5.64537048,
          "Y": 0.622222364
        }
      ],
      "ColourThemeName": "Red"
    },
    {
      "Source": {
        "PinType": 1,
        "SubChipID": 0,
        "PinID": 275240421
      },
      "Target": {
        "PinType": 3,
        "SubChipID": 673580373,
        "PinID": 170334227
      },
      "WirePoints": [
        {
          "X": -7.837778,
          "Y": -1.22222209
        },
        {
          "X": -5.64537048,
          "Y": 0.8622223
        }
      ],
      "ColourThemeName": "Red"
    },
    {
      "Source": {
        "PinType": 1,
        "SubChipID": 0,
        "PinID": 1999707512
      },
      "Target": {
        "PinType": 3,
        "SubChipID": 673580373,
        "PinID": 89881589
      },
      "WirePoints": [
        {
          "X": -7.837778,
          "Y": -0.6944445
        },
        {
          "X": -5.64537048,
          "Y": 1.10222232
        }
      ],
      "ColourThemeName": "Red"
    },
    {
      "Source": {
        "PinType": 1,
        "SubChipID": 0,
        "PinID": 987824956
      },
      "Target": {
        "PinType": 3,
        "SubChipID": 673580373,
        "PinID": 1938955385
      },
      "WirePoints": [
        {
          "X": -7.837778,
          "Y": 0.5277777
        },
        {
          "X": -5.64537048,
          "Y": 1.34222245
        }
      ],
      "ColourThemeName": "Red"
    },
    {
      "Source": {
        "PinType": 1,
        "SubChipID": 0,
        "PinID": 519823335
      },
      "Target": {
        "PinType": 3,
        "SubChipID": 673580373,
        "PinID": 418462185
      },
      "WirePoints": [
        {
          "X": -7.837778,
          "Y": 1.05555534
        },
        {
          "X": -5.64537048,
          "Y": 1.58222246
        }
      ],
      "ColourThemeName": "Red"
    },
    {
      "Source": {
        "PinType": 1,
        "SubChipID": 0,
        "PinID": 281456912
      },
      "Target": {
        "PinType": 3,
        "SubChipID": 673580373,
        "PinID": 2113547044
      },
      "WirePoints": [
        {
          "X": -7.837778,
          "Y": 1.574074
        },
        {
          "X": -5.64537048,
          "Y": 1.82222247
        }
      ],
      "ColourThemeName": "Red"
    },
    {
      "Source": {
        "PinType": 1,
        "SubChipID": 0,
        "PinID": 288729551
      },
      "Target": {
        "PinType": 3,
        "SubChipID": 673580373,
        "PinID": 1415992183
      },
      "WirePoints": [
        {
          "X": -7.837778,
          "Y": 1.98148131
        },
        {
          "X": -5.64537048,
          "Y": 2.06222248
        }
      ],
      "ColourThemeName": "Red"
    },
    {
      "Source": {
        "PinType": 1,
        "SubChipID": 0,
        "PinID": 1295665647
      },
      "Target": {
        "PinType": 3,
        "SubChipID": 673580373,
        "PinID": 575377807
      },
      "WirePoints": [
        {
          "X": -7.837778,
          "Y": 2.648148
        },
        {
          "X": -5.64537048,
          "Y": 2.30222249
        }
      ],
      "ColourThemeName": "Red"
    },
    {
      "Source": {
        "PinType": 1,
        "SubChipID": 0,
        "PinID": 1733961993
      },
      "Target": {
        "PinType": 3,
        "SubChipID": 673580373,
        "PinID": 1569110837
      },
      "WirePoints": [
        {
          "X": -7.837778,
          "Y": 3.111111
        },
        {
          "X": -5.64537048,
          "Y": 2.5422225
        }
      ],
      "ColourThemeName": "Red"
    },
    {
      "Source": {
        "PinType": 1,
        "SubChipID": 0,
        "PinID": 66985070
      },
      "Target": {
        "PinType": 3,
        "SubChipID": 673580373,
        "PinID": 1351444527
      },
      "WirePoints": [
        {
          "X": -7.837778,
          "Y": 3.50000024
        },
        {
          "X": -5.64537048,
          "Y": 2.78222251
        }
      ],
      "ColourThemeName": "Red"
    },
    {
      "Source": {
        "PinType": 1,
        "SubChipID": 0,
        "PinID": 1543550672
      },
      "Target": {
        "PinType": 3,
        "SubChipID": 673580373,
        "PinID": 85364855
      },
      "WirePoints": [
        {
          "X": -7.837778,
          "Y": 3.97222233
        },
        {
          "X": -5.64537048,
          "Y": 3.02222252
        }
      ],
      "ColourThemeName": "Red"
    },
    {
      "Source": {
        "PinType": 4,
        "SubChipID": 673580373,
        "PinID": 237035187
      },
      "Target": {
        "PinType": 3,
        "SubChipID": 968982400,
        "PinID": 1218748488
      },
      "WirePoints": [
        {
          "X": -4.09537029,
          "Y": -0.5777776
        },
        {
          "X": -2.51074052,
          "Y": -1.30185115
        }
      ],
      "ColourThemeName": "Red"
    },
    {
      "Source": {
        "PinType": 4,
        "SubChipID": 673580373,
        "PinID": 1887469828
      },
      "Target": {
        "PinType": 3,
        "SubChipID": 968982400,
        "PinID": 1580762635
      },
      "WirePoints": [
        {
          "X": -4.09537029,
          "Y": -0.3377776
        },
        {
          "X": -2.51074052,
          "Y": -0.688517869
        }
      ],
      "ColourThemeName": "Red"
    },
    {
      "Source": {
        "PinType": 4,
        "SubChipID": 673580373,
        "PinID": 1946432634
      },
      "Target": {
        "PinType": 3,
        "SubChipID": 968982400,
        "PinID": 490821396
      },
      "WirePoints": [
        {
          "X": -4.09537029,
          "Y": -0.0977776051
        },
        {
          "X": -2.51074052,
          "Y": -0.0751845539
        }
      ],
      "ColourThemeName": "Red"
    },
    {
      "Source": {
        "PinType": 4,
        "SubChipID": 673580373,
        "PinID": 1243176955
      },
      "Target": {
        "PinType": 3,
        "SubChipID": 968982400,
        "PinID": 335469365
      },
      "WirePoints": [
        {
          "X": -4.09537029,
          "Y": 0.1422224
        },
        {
          "X": -2.51074052,
          "Y": 0.5381489
        }
      ],
      "ColourThemeName": "Red"
    },
    {
      "Source": {
        "PinType": 4,
        "SubChipID": 673580373,
        "PinID": 1749831627
      },
      "Target": {
        "PinType": 3,
        "SubChipID": 968982400,
        "PinID": 115230913
      },
      "WirePoints": [
        {
          "X": -4.09537029,
          "Y": 0.382222354
        },
        {
          "X": -2.51074052,
          "Y": 1.15148222
        }
      ],
      "ColourThemeName": "Red"
    },
    {
      "Source": {
        "PinType": 4,
        "SubChipID": 673580373,
        "PinID": 758226313
      },
      "Target": {
        "PinType": 3,
        "SubChipID": 968982400,
        "PinID": 1836195019
      },
      "WirePoints": [
        {
          "X": -4.09537029,
          "Y": 0.622222364
        },
        {
          "X": -2.51074052,
          "Y": 1.76481557
        }
      ],
      "ColourThemeName": "Red"
    },
    {
      "Source": {
        "PinType": 4,
        "SubChipID": 673580373,
        "PinID": 680624591
      },
      "Target": {
        "PinType": 3,
        "SubChipID": 968982400,
        "PinID": 1304038054
      },
      "WirePoints": [
        {
          "X": -4.09537029,
          "Y": 0.8622223
        },
        {
          "X": -2.51074052,
          "Y": 2.378149
        }
      ],
      "ColourThemeName": "Red"
    },
    {
      "Source": {
        "PinType": 4,
        "SubChipID": 673580373,
        "PinID": 828790599
      },
      "Target": {
        "PinType": 3,
        "SubChipID": 968982400,
        "PinID": 1191278795
      },
      "WirePoints": [
        {
          "X": -4.09537029,
          "Y": 1.10222232
        },
        {
          "X": -2.51074052,
          "Y": 2.99148226
        }
      ],
      "ColourThemeName": "Red"
    },
    {
      "Source": {
        "PinType": 4,
        "SubChipID": 968982400,
        "PinID": 447781157
      },
      "Target": {
        "PinType": 3,
        "SubChipID": 1230484904,
        "PinID": 1
      },
      "WirePoints": [
        {
          "X": 0.5292595,
          "Y": 2.75148225
        },
        {
          "X": 3.64745665,
          "Y": 2.3038888
        }
      ],
      "ColourThemeName": "Red"
    },
    {
      "Source": {
        "PinType": 4,
        "SubChipID": 968982400,
        "PinID": 143970309
      },
      "Target": {
        "PinType": 3,
        "SubChipID": 1230484904,
        "PinID": 2
      },
      "WirePoints": [
        {
          "X": 0.5292595,
          "Y": 2.51148224
        },
        {
          "X": 3.64745665,
          "Y": 2.06388879
        }
      ],
      "ColourThemeName": "Red"
    },
    {
      "Source": {
        "PinType": 4,
        "SubChipID": 968982400,
        "PinID": 219040671
      },
      "Target": {
        "PinType": 3,
        "SubChipID": 1230484904,
        "PinID": 3
      },
      "WirePoints": [
        {
          "X": 0.5292595,
          "Y": 2.27148223
        },
        {
          "X": 3.64745665,
          "Y": 1.8238889
        }
      ],
      "ColourThemeName": "Red"
    },
    {
      "Source": {
        "PinType": 4,
        "SubChipID": 968982400,
        "PinID": 1251531328
      },
      "Target": {
        "PinType": 3,
        "SubChipID": 1230484904,
        "PinID": 4
      },
      "WirePoints": [
        {
          "X": 0.5292595,
          "Y": 2.03148222
        },
        {
          "X": 3.64745665,
          "Y": 1.58388889
        }
      ],
      "ColourThemeName": "Red"
    },
    {
      "Source": {
        "PinType": 4,
        "SubChipID": 968982400,
        "PinID": 1698096958
      },
      "Target": {
        "PinType": 3,
        "SubChipID": 1230484904,
        "PinID": 5
      },
      "WirePoints": [
        {
          "X": 0.5292595,
          "Y": 1.79148233
        },
        {
          "X": 3.64745665,
          "Y": 1.34388888
        }
      ],
      "ColourThemeName": "Red"
    },
    {
      "Source": {
        "PinType": 4,
        "SubChipID": 968982400,
        "PinID": 739767476
      },
      "Target": {
        "PinType": 3,
        "SubChipID": 1230484904,
        "PinID": 6
      },
      "WirePoints": [
        {
          "X": 0.5292595,
          "Y": 1.55148232
        },
        {
          "X": 3.64745665,
          "Y": 1.10388887
        }
      ],
      "ColourThemeName": "Red"
    },
    {
      "Source": {
        "PinType": 4,
        "SubChipID": 968982400,
        "PinID": 1009657197
      },
      "Target": {
        "PinType": 3,
        "SubChipID": 1230484904,
        "PinID": 7
      },
      "WirePoints": [
        {
          "X": 0.5292595,
          "Y": 1.31148231
        },
        {
          "X": 3.64745665,
          "Y": 0.8638889
        }
      ],
      "ColourThemeName": "Red"
    },
    {
      "Source": {
        "PinType": 4,
        "SubChipID": 968982400,
        "PinID": 1344259140
      },
      "Target": {
        "PinType": 3,
        "SubChipID": 467647311,
        "PinID": 0
      },
      "WirePoints": [
        {
          "X": 0.5292595,
          "Y": 1.07148218
        },
        {
          "X": 3.64745665,
          "Y": 0.478889048
        }
      ],
      "ColourThemeName": "Red"
    },
    {
      "Source": {
        "PinType": 4,
        "SubChipID": 968982400,
        "PinID": 734475924
      },
      "Target": {
        "PinType": 3,
        "SubChipID": 467647311,
        "PinID": 1
      },
      "WirePoints": [
        {
          "X": 0.5292595,
          "Y": 0.8314823
        },
        {
          "X": 3.64745665,
          "Y": 0.238889039
        }
      ],
      "ColourThemeName": "Red"
    },
    {
      "Source": {
        "PinType": 4,
        "SubChipID": 968982400,
        "PinID": 1699971168
      },
      "Target": {
        "PinType": 3,
        "SubChipID": 467647311,
        "PinID": 2
      },
      "WirePoints": [
        {
          "X": 0.5292595,
          "Y": 0.591482341
        },
        {
          "X": 3.64745665,
          "Y": -0.001110971
        }
      ],
      "ColourThemeName": "Red"
    },
    {
      "Source": {
        "PinType": 4,
        "SubChipID": 968982400,
        "PinID": 1604719958
      },
      "Target": {
        "PinType": 3,
        "SubChipID": 467647311,
        "PinID": 3
      },
      "WirePoints": [
        {
          "X": 0.5292595,
          "Y": 0.351482242
        },
        {
          "X": 3.64745665,
          "Y": -0.241110936
        }
      ],
      "ColourThemeName": "Red"
    },
    {
      "Source": {
        "PinType": 4,
        "SubChipID": 968982400,
        "PinID": 1929318582
      },
      "Target": {
        "PinType": 3,
        "SubChipID": 467647311,
        "PinID": 4
      },
      "WirePoints": [
        {
          "X": 0.5292595,
          "Y": 0.1114823
        },
        {
          "X": 3.64745665,
          "Y": -0.48111096
        }
      ],
      "ColourThemeName": "Red"
    },
    {
      "Source": {
        "PinType": 4,
        "SubChipID": 968982400,
        "PinID": 2124854602
      },
      "Target": {
        "PinType": 3,
        "SubChipID": 467647311,
        "PinID": 5
      },
      "WirePoints": [
        {
          "X": 0.5292595,
          "Y": -0.128517658
        },
        {
          "X": 3.64745665,
          "Y": -0.72111094
        }
      ],
      "ColourThemeName": "Red"
    },
    {
      "Source": {
        "PinType": 4,
        "SubChipID": 968982400,
        "PinID": 203559998
      },
      "Target": {
        "PinType": 3,
        "SubChipID": 467647311,
        "PinID": 6
      },
      "WirePoints": [
        {
          "X": 0.5292595,
          "Y": -0.368517578
        },
        {
          "X": 3.64745665,
          "Y": -0.96111095
        }
      ],
      "ColourThemeName": "Red"
    },
    {
      "Source": {
        "PinType": 4,
        "SubChipID": 968982400,
        "PinID": 2029938383
      },
      "Target": {
        "PinType": 3,
        "SubChipID": 467647311,
        "PinID": 7
      },
      "WirePoints": [
        {
          "X": 0.5292595,
          "Y": -0.6085179
        },
        {
          "X": 3.64745665,
          "Y": -1.20111084
        }
      ],
      "ColourThemeName": "Red"
    },
    {
      "Source": {
        "PinType": 4,
        "SubChipID": 968982400,
        "PinID": 1932520272
      },
      "Target": {
        "PinType": 3,
        "SubChipID": 104130091,
        "PinID": 0
      },
      "WirePoints": [
        {
          "X": 0.5292595,
          "Y": -0.8485178
        },
        {
          "X": 3.64745665,
          "Y": -1.58611083
        }
      ],
      "ColourThemeName": "Red"
    },
    {
      "Source": {
        "PinType": 4,
        "SubChipID": 968982400,
        "PinID": 1185432948
      },
      "Target": {
        "PinType": 3,
        "SubChipID": 104130091,
        "PinID": 1
      },
      "WirePoints": [
        {
          "X": 0.5292595,
          "Y": -1.08851779
        },
        {
          "X": 3.64745665,
          "Y": -1.82611084
        }
      ],
      "ColourThemeName": "Red"
    },
    {
      "Source": {
        "PinType": 4,
        "SubChipID": 968982400,
        "PinID": 1374618888
      },
      "Target": {
        "PinType": 3,
        "SubChipID": 104130091,
        "PinID": 2
      },
      "WirePoints": [
        {
          "X": 0.5292595,
          "Y": -1.32851768
        },
        {
          "X": 3.64745665,
          "Y": -2.06611085
        }
      ],
      "ColourThemeName": "Red"
    },
    {
      "Source": {
        "PinType": 4,
        "SubChipID": 968982400,
        "PinID": 1730344173
      },
      "Target": {
        "PinType": 3,
        "SubChipID": 104130091,
        "PinID": 3
      },
      "WirePoints": [
        {
          "X": 0.5292595,
          "Y": -1.56851768
        },
        {
          "X": 3.64745665,
          "Y": -2.30611086
        }
      ],
      "ColourThemeName": "Red"
    },
    {
      "Source": {
        "PinType": 4,
        "SubChipID": 968982400,
        "PinID": 1832083211
      },
      "Target": {
        "PinType": 3,
        "SubChipID": 104130091,
        "PinID": 4
      },
      "WirePoints": [
        {
          "X": 0.5292595,
          "Y": -1.80851746
        },
        {
          "X": 3.64745665,
          "Y": -2.54611087
        }
      ],
      "ColourThemeName": "Red"
    },
    {
      "Source": {
        "PinType": 4,
        "SubChipID": 968982400,
        "PinID": 43561847
      },
      "Target": {
        "PinType": 3,
        "SubChipID": 104130091,
        "PinID": 5
      },
      "WirePoints": [
        {
          "X": 0.5292595,
          "Y": -2.048518
        },
        {
          "X": 3.64745665,
          "Y": -2.78611088
        }
      ],
      "ColourThemeName": "Red"
    },
    {
      "Source": {
        "PinType": 4,
        "SubChipID": 968982400,
        "PinID": 1049638753
      },
      "Target": {
        "PinType": 3,
        "SubChipID": 104130091,
        "PinID": 6
      },
      "WirePoints": [
        {
          "X": 0.5292595,
          "Y": -2.28851771
        },
        {
          "X": 3.64745665,
          "Y": -3.02611065
        }
      ],
      "ColourThemeName": "Red"
    },
    {
      "Source": {
        "PinType": 4,
        "SubChipID": 968982400,
        "PinID": 1765882428
      },
      "Target": {
        "PinType": 3,
        "SubChipID": 104130091,
        "PinID": 7
      },
      "WirePoints": [
        {
          "X": 0.5292595,
          "Y": -2.52851772
        },
        {
          "X": 3.64745665,
          "Y": -3.26611066
        }
      ],
      "ColourThemeName": "Red"
    },
    {
      "Source": {
        "PinType": 4,
        "SubChipID": 968982400,
        "PinID": 1311102793
      },
      "Target": {
        "PinType": 3,
        "SubChipID": 1230484904,
        "PinID": 0
      },
      "WirePoints": [
        {
          "X": 0.5292595,
          "Y": 2.99148226
        },
        {
          "X": 3.64745665,
          "Y": 2.54388881
        }
      ],
      "ColourThemeName": "Red"
    }
  ]
}