{
  "Name": "NOR",
  "Colour": "#4B3138",
  "InputPins": [
    {
      "Name": "Pin",
      "ID": 277647251,
      "PositionY": 0.166666508,
      "ColourThemeName": "Red"
    },
    {
      "Name": "Pin",
      "ID": 823668792,
      "PositionY": -0.444444418,
      "ColourThemeName": "Red"
    }
  ],
  "OutputPins": [
    {
      "Name": "Pin",
      "ID": 1165047784,
      "PositionY": 0.185185075,
      "ColourThemeName": "Red"
    }
  ],
  "SubChips": [
    {
      "Name": "OR",
      "ID": 482351620,
      "Points": [
        {
          "X": -4.70370436,
          "Y": 0.0277775526
        }
      ],
      "Data": null
    },
    {
      "Name": "NOT",
      "ID": 424173438,
      "Points": [
        {
          "X": -3.12962961,
          "Y": 0.04629612
        }
      ],
      "Data": null
    }
  ],
  "Connections": [
    {
      "Source": {
        "PinType": 4,
        "SubChipID": 482351620,
        "PinID": 1118056934
      },
      "Target": {
        "PinType": 3,
        "SubChipID": 424173438,
        "PinID": 0
      },
      "WirePoints": [
        {
          "X": -4.25370455,
          "Y": 0.0277775526
        },
        {
          "X": -3.67962956,
          "Y": 0.04629612
        }
      ],
      "ColourThemeName": "Red"
    },
    {
      "Source": {
        "PinType": 1,
        "SubChipID": 0,
        "PinID": 277647251
      },
      "Target": {
        "PinType": 3,
        "SubChipID": 482351620,
        "PinID": 1672340165
      },
      "WirePoints": [
        {
          "X": -7.837778,
          "Y": 0.166666508
        },
        {
          "X": -5.153704,
          "Y": 0.147777557
        }
      ],
      "ColourThemeName": "Red"
    },
    {
      "Source": {
        "PinType": 1,
        "SubChipID": 0,
        "PinID": 823668792
      },
      "Target": {
        "PinType": 3,
        "SubChipID": 482351620,
        "PinID": 498880847
      },
      "WirePoints": [
        {
          "X": -7.837778,
          "Y": -0.444444418
        },
        {
          "X": -5.153704,
          "Y": -0.0922224447
        }
      ],
      "ColourThemeName": "Red"
    },
    {
      "Source": {
        "PinType": 4,
        "SubChipID": 424173438,
        "PinID": 1
      },
      "Target": {
        "PinType": 2,
        "SubChipID": 0,
        "PinID": 1165047784
      },
      "WirePoints": [
        {
          "X": -2.57962966,
          "Y": 0.04629612
        },
        {
          "X": 7.837778,
          "Y": 0.185185075
        }
      ],
      "ColourThemeName": "Red"
    }
  ]
}