{
  "Name": "OR",
  "Colour": "#542A3D",
  "InputPins": [
    {
      "Name": "p1",
      "ID": 1672340165,
      "PositionY": 0.6111109,
      "ColourThemeName": "Red"
    },
    {
      "Name": "p2",
      "ID": 498880847,
      "PositionY": -0.351851881,
      "ColourThemeName": "Red"
    }
  ],
  "OutputPins": [
    {
      "Name": "Pin",
      "ID": 1118056934,
      "PositionY": 0.453704,
      "ColourThemeName": "Red"
    }
  ],
  "SubChips": [
    {
      "Name": "NOT",
      "ID": 404008062,
      "Points": [
        {
          "X": -5.91666651,
          "Y": -0.4537037
        }
      ],
      "Data": null
    },
    {
      "Name": "AND",
      "ID": 1173860897,
      "Points": [
        {
          "X": -3.6481483,
          "Y": 0.1111114
        }
      ],
      "Data": null
    },
    {
      "Name": "NOT",
      "ID": 2048764566,
      "Points": [
        {
          "X": -5.98148155,
          "Y": 0.4253701
        }
      ],
      "Data": null
    },
    {
      "Name": "NOT",
      "ID": 1684733966,
      "Points": [
        {
          "X": -0.944444358,
          "Y": 0.2870369
        }
      ],
      "Data": null
    }
  ],
  "Connections": [
    {
      "Source": {
        "PinType": 4,
        "SubChipID": 1173860897,
        "PinID": 2
      },
      "Target": {
        "PinType": 3,
        "SubChipID": 1684733966,
        "PinID": 0
      },
      "WirePoints": [
        {
          "X": -3.09814835,
          "Y": 0.1111114
        },
        {
          "X": -1.49444437,
          "Y": 0.2870369
        }
      ],
      "ColourThemeName": "Red"
    },
    {
      "Source": {
        "PinType": 4,
        "SubChipID": 2048764566,
        "PinID": 1
      },
      "Target": {
        "PinType": 3,
        "SubChipID": 1173860897,
        "PinID": 0
      },
      "WirePoints": [
        {
          "X": -5.43148136,
          "Y": 0.4253701
        },
        {
          "X": -4.19814825,
          "Y": 0.2311114
        }
      ],
      "ColourThemeName": "Red"
    },
    {
      "Source": {
        "PinType": 4,
        "SubChipID": 404008062,
        "PinID": 1
      },
      "Target": {
        "PinType": 3,
        "SubChipID": 1173860897,
        "PinID": 1
      },
      "WirePoints": [
        {
          "X": -5.36666632,
          "Y": -0.4537037
        },
        {
          "X": -4.19814825,
          "Y": -0.008888595
        }
      ],
      "ColourThemeName": "Red"
    },
    {
      "Source": {
        "PinType": 4,
        "SubChipID": 1684733966,
        "PinID": 1
      },
      "Target": {
        "PinType": 2,
        "SubChipID": 0,
        "PinID": 1118056934
      },
      "WirePoints": [
        {
          "X": -0.394444346,
          "Y": 0.2870369
        },
        {
          "X": 7.837778,
          "Y": 0.453704
        }
      ],
      "ColourThemeName": "Red"
    },
    {
      "Source": {
        "PinType": 1,
        "SubChipID": 0,
        "PinID": 1672340165
      },
      "Target": {
        "PinType": 3,
        "SubChipID": 2048764566,
        "PinID": 0
      },
      "WirePoints": [
        {
          "X": -7.837778,
          "Y": 0.6111109
        },
        {
          "X": -6.53148174,
          "Y": 0.4253701
        }
      ],
      "ColourThemeName": "Red"
    },
    {
      "Source": {
        "PinType": 1,
        "SubChipID": 0,
        "PinID": 498880847
      },
      "Target": {
        "PinType": 3,
        "SubChipID": 404008062,
        "PinID": 0
      },
      "WirePoints": [
        {
          "X": -7.837778,
          "Y": -0.351851881
        },
        {
          "X": -6.4666667,
          "Y": -0.4537037
        }
      ],
      "ColourThemeName": "Red"
    }
  ]
}