{
  "Name": "OverflowGen",
  "Colour": "#074664",
  "InputPins": [
    {
      "Name": "Key3",
      "ID": 1368654988,
      "PositionY": -2.63888884,
      "ColourThemeName": "Red"
    },
    {
      "Name": "Key2",
      "ID": 1649188018,
      "PositionY": -3.04629683,
      "ColourThemeName": "Red"
    },
    {
      "Name": "Key0",
      "ID": 1095790802,
      "PositionY": -3.99074078,
      "ColourThemeName": "Red"
    },
    {
      "Name": "B7",
      "ID": 2056414590,
      "PositionY": 0.7962963,
      "ColourThemeName": "Red"
    },
    {
      "Name": "A7",
      "ID": 1740693868,
      "PositionY": 4.02777767,
      "ColourThemeName": "Red"
    },
    {
      "Name": "Out7",
      "ID": 316567899,
      "PositionY": 4.65740728,
      "ColourThemeName": "Red"
    }
  ],
  "OutputPins": [
    {
      "Name": "Pin",
      "ID": 1376539540,
      "PositionY": 1.74074113,
      "ColourThemeName": "Red"
    }
  ],
  "SubChips": [
    {
      "Name": "OR",
      "ID": 2077936618,
      "Points": [
        {
          "X": 7.04629564,
          "Y": 1.82407451
        }
      ],
      "Data": null
    },
    {
      "Name": "Xnor",
      "ID": 1680860688,
      "Points": [
        {
          "X": -3.71296239,
          "Y": 4.4814806
        }
      ],
      "Data": null
    },
    {
      "Name": "XOR",
      "ID": 102063851,
      "Points": [
        {
          "X": -3.65740752,
          "Y": 3.93518472
        }
      ],
      "Data": null
    },
    {
      "Name": "XOR",
      "ID": 726626643,
      "Points": [
        {
          "X": -3.78703666,
          "Y": 2.05323935
        }
      ],
      "Data": null
    },
    {
      "Name": "BUS",
      "ID": 950022581,
      "Points": [
        {
          "X": -4.777373,
          "Y": 4.55331135
        },
        {
          "X": -5.19404,
          "Y": 4.516274
        }
      ],
      "Data": null
    },
    {
      "Name": "BUS",
      "ID": 1552831833,
      "Points": [
        {
          "X": -4.759665,
          "Y": 4.35409641
        },
        {
          "X": -5.176332,
          "Y": 4.317059
        }
      ],
      "Data": null
    },
    {
      "Name": "BUS",
      "ID": 185444163,
      "Points": [
        {
          "X": -4.7375927,
          "Y": 3.9424057
        },
        {
          "X": -5.191297,
          "Y": 3.91462755
        }
      ],
      "Data": null
    },
    {
      "Name": "BUS",
      "ID": 1289033740,
      "Points": [
        {
          "X": -4.72537041,
          "Y": 3.74277973
        },
        {
          "X": -5.179075,
          "Y": 3.71500158
        }
      ],
      "Data": null
    },
    {
      "Name": "BUS",
      "ID": 1563762496,
      "Points": [
        {
          "X": -4.60407352,
          "Y": 3.04441977
        },
        {
          "X": -5.02074,
          "Y": 3.03516078
        }
      ],
      "Data": null
    },
    {
      "Name": "BUS",
      "ID": 530896358,
      "Points": [
        {
          "X": -4.59963036,
          "Y": 2.844469
        },
        {
          "X": -5.016297,
          "Y": 2.83521
        }
      ],
      "Data": null
    },
    {
      "Name": "3And",
      "ID": 370283855,
      "Points": [
        {
          "X": 1.092593,
          "Y": 4.2962966
        }
      ],
      "Data": null
    },
    {
      "Name": "3nor",
      "ID": 588734138,
      "Points": [
        {
          "X": -0.638888657,
          "Y": 3.58333278
        }
      ],
      "Data": null
    },
    {
      "Name": "BUS",
      "ID": 5160874,
      "Points": [
        {
          "X": -1.68027174,
          "Y": 3.64398146
        },
        {
          "X": -2.08767915,
          "Y": 3.61620331
        }
      ],
      "Data": null
    },
    {
      "Name": "BUS",
      "ID": 808871748,
      "Points": [
        {
          "X": -1.66666675,
          "Y": 3.44444466
        },
        {
          "X": -2.07407427,
          "Y": 3.41666651
        }
      ],
      "Data": null
    },
    {
      "Name": "BUS",
      "ID": 171439962,
      "Points": [
        {
          "X": -1.65306175,
          "Y": 3.24490786
        },
        {
          "X": -2.06046939,
          "Y": 3.21712971
        }
      ],
      "Data": null
    },
    {
      "Name": "001check",
      "ID": 177944928,
      "Points": [
        {
          "X": -2.73148179,
          "Y": 1.00925863
        }
      ],
      "Data": null
    },
    {
      "Name": "3And",
      "ID": 518480429,
      "Points": [
        {
          "X": -0.7129632,
          "Y": 2.12962985
        }
      ],
      "Data": null
    },
    {
      "Name": "BUS",
      "ID": 1616443815,
      "Points": [
        {
          "X": -3.855185,
          "Y": 1.2092315
        },
        {
          "X": -4.41074038,
          "Y": 1.19997251
        }
      ],
      "Data": null
    },
    {
      "Name": "BUS",
      "ID": 723735442,
      "Points": [
        {
          "X": -3.85185218,
          "Y": 1.00925922
        },
        {
          "X": -4.40740776,
          "Y": 1.00000024
        }
      ],
      "Data": null
    },
    {
      "Name": "BUS",
      "ID": 1744047496,
      "Points": [
        {
          "X": -3.84851933,
          "Y": 0.809286952
        },
        {
          "X": -4.404075,
          "Y": 0.800027966
        }
      ],
      "Data": null
    }
  ],
  "Connections": [
    {
      "Source": {
        "PinType": 4,
        "SubChipID": 2077936618,
        "PinID": 1118056934
      },
      "Target": {
        "PinType": 2,
        "SubChipID": 0,
        "PinID": 1376539540
      },
      "WirePoints": [
        {
          "X": 7.49629545,
          "Y": 1.82407451
        },
        {
          "X": 7.837778,
          "Y": 1.74074113
        }
      ],
      "ColourThemeName": "Red"
    },
    {
      "Source": {
        "PinType": 1,
        "SubChipID": 0,
        "PinID": 1740693868
      },
      "Target": {
        "PinType": 3,
        "SubChipID": 950022581,
        "PinID": 0
      },
      "WirePoints": [
        {
          "X": -7.837778,
          "Y": 4.02777767
        }
      ],
      "ColourThemeName": "Red"
    },
    {
      "Source": {
        "PinType": 1,
        "SubChipID": 0,
        "PinID": 2056414590
      },
      "Target": {
        "PinType": 3,
        "SubChipID": 1552831833,
        "PinID": 0
      },
      "WirePoints": [
        {
          "X": -7.837778,
          "Y": 0.7962963
        }
      ],
      "ColourThemeName": "Red"
    },
    {
      "Source": {
        "PinType": 4,
        "SubChipID": 950022581,
        "PinID": 1
      },
      "Target": {
        "PinType": 3,
        "SubChipID": 1680860688,
        "PinID": 2110885392
      },
      "WirePoints": [
        {
          "X": -4.35796261,
          "Y": 4.60148048
        }
      ],
      "ColourThemeName": "Red"
    },
    {
      "Source": {
        "PinType": 4,
        "SubChipID": 1552831833,
        "PinID": 1
      },
      "Target": {
        "PinType": 3,
        "SubChipID": 1680860688,
        "PinID": 89249028
      },
      "WirePoints": [
        {
          "X": -4.35796261,
          "Y": 4.36148071
        }
      ],
      "ColourThemeName": "Red"
    },
    {
      "Source": {
        "PinType": 1,
        "SubChipID": 0,
        "PinID": 1740693868
      },
      "Target": {
        "PinType": 3,
        "SubChipID": 185444163,
        "PinID": 0
      },
      "WirePoints": [
        {
          "X": -7.837778,
          "Y": 4.02777767
        }
      ],
      "ColourThemeName": "Red"
    },
    {
      "Source": {
        "PinType": 1,
        "SubChipID": 0,
        "PinID": 316567899
      },
      "Target": {
        "PinType": 3,
        "SubChipID": 1289033740,
        "PinID": 0
      },
      "WirePoints": [
        {
          "X": -7.837778,
          "Y": 4.65740728
        }
      ],
      "ColourThemeName": "Red"
    },
    {
      "Source": {
        "PinType": 4,
        "SubChipID": 185444163,
        "PinID": 1
      },
      "Target": {
        "PinType": 3,
        "SubChipID": 102063851,
        "PinID": 979928969
      },
      "WirePoints": [
        {
          "X": -4.20740747,
          "Y": 4.055185
        }
      ],
      "ColourThemeName": "Red"
    },
    {
      "Source": {
        "PinType": 4,
        "SubChipID": 1289033740,
        "PinID": 1
      },
      "Target": {
        "PinType": 3,
        "SubChipID": 102063851,
        "PinID": 1196551142
      },
      "WirePoints": [
        {
          "X": -4.20740747,
          "Y": 3.81518483
        }
      ],
      "ColourThemeName": "Red"
    },
    {
      "Source": {
        "PinType": 1,
        "SubChipID": 0,
        "PinID": 1740693868
      },
      "Target": {
        "PinType": 3,
        "SubChipID": 1563762496,
        "PinID": 0
      },
      "WirePoints": [
        {
          "X": -7.837778,
          "Y": 4.02777767
        }
      ],
      "ColourThemeName": "Red"
    },
    {
      "Source": {
        "PinType": 1,
        "SubChipID": 0,
        "PinID": 2056414590
      },
      "Target": {
        "PinType": 3,
        "SubChipID": 530896358,
        "PinID": 0
      },
      "WirePoints": [
        {
          "X": -7.837778,
          "Y": 0.7962963
        }
      ],
      "ColourThemeName": "Red"
    },
    {
      "Source": {
        "PinType": 4,
        "SubChipID": 1563762496,
        "PinID": 1
      },
      "Target": {
        "PinType": 3,
        "SubChipID": 726626643,
        "PinID": 979928969
      },
      "WirePoints": [
        {
          "X": -4.33703661,
          "Y": 2.17323923
        }
      ],
      "ColourThemeName": "Red"
    },
    {
      "Source": {
        "PinType": 4,
        "SubChipID": 530896358,
        "PinID": 1
      },
      "Target": {
        "PinType": 3,
        "SubChipID": 726626643,
        "PinID": 1196551142
      },
      "WirePoints": [
        {
          "X": -4.33703661,
          "Y": 1.93323934
        }
      ],
      "ColourThemeName": "Red"
    },
    {
      "Source": {
        "PinType": 4,
        "SubChipID": 1680860688,
        "PinID": 1707872252
      },
      "Target": {
        "PinType": 3,
        "SubChipID": 370283855,
        "PinID": 501863087
      },
      "WirePoints": [
        {
          "X": -3.06796241,
          "Y": 4.4814806
        },
        {
          "X": 0.447592974,
          "Y": 4.536297
        }
      ],
      "ColourThemeName": "Red"
    },
    {
      "Source": {
        "PinType": 4,
        "SubChipID": 102063851,
        "PinID": 439533086
      },
      "Target": {
        "PinType": 3,
        "SubChipID": 370283855,
        "PinID": 1562949834
      },
      "WirePoints": [
        {
          "X": -3.10740757,
          "Y": 3.93518472
        },
        {
          "X": 0.447592974,
          "Y": 4.2962966
        }
      ],
      "ColourThemeName": "Red"
    },
    {
      "Source": {
        "PinType": 4,
        "SubChipID": 588734138,
        "PinID": 136708704
      },
      "Target": {
        "PinType": 3,
        "SubChipID": 370283855,
        "PinID": 142079291
      },
      "WirePoints": [
        {
          "X": 0.006111324,
          "Y": 3.58333278
        },
        {
          "X": 0.447592974,
          "Y": 4.05629635
        }
      ],
      "ColourThemeName": "Red"
    },
    {
      "Source": {
        "PinType": 4,
        "SubChipID": 5160874,
        "PinID": 1
      },
      "Target": {
        "PinType": 3,
        "SubChipID": 588734138,
        "PinID": 242411373
      },
      "WirePoints": [
        {
          "X": -1.28388858,
          "Y": 3.82333279
        }
      ],
      "ColourThemeName": "Red"
    },
    {
      "Source": {
        "PinType": 4,
        "SubChipID": 808871748,
        "PinID": 1
      },
      "Target": {
        "PinType": 3,
        "SubChipID": 588734138,
        "PinID": 59522035
      },
      "WirePoints": [
        {
          "X": -1.28388858,
          "Y": 3.58333278
        }
      ],
      "ColourThemeName": "Red"
    },
    {
      "Source": {
        "PinType": 4,
        "SubChipID": 171439962,
        "PinID": 1
      },
      "Target": {
        "PinType": 3,
        "SubChipID": 588734138,
        "PinID": 1382725964
      },
      "WirePoints": [
        {
          "X": -1.28388858,
          "Y": 3.34333277
        }
      ],
      "ColourThemeName": "Red"
    },
    {
      "Source": {
        "PinType": 1,
        "SubChipID": 0,
        "PinID": 1368654988
      },
      "Target": {
        "PinType": 3,
        "SubChipID": 5160874,
        "PinID": 0
      },
      "WirePoints": [
        {
          "X": -7.837778,
          "Y": -2.63888884
        }
      ],
      "ColourThemeName": "Red"
    },
    {
      "Source": {
        "PinType": 1,
        "SubChipID": 0,
        "PinID": 1649188018
      },
      "Target": {
        "PinType": 3,
        "SubChipID": 808871748,
        "PinID": 0
      },
      "WirePoints": [
        {
          "X": -7.837778,
          "Y": -3.04629683
        }
      ],
      "ColourThemeName": "Red"
    },
    {
      "Source": {
        "PinType": 1,
        "SubChipID": 0,
        "PinID": 1095790802
      },
      "Target": {
        "PinType": 3,
        "SubChipID": 171439962,
        "PinID": 0
      },
      "WirePoints": [
        {
          "X": -7.837778,
          "Y": -3.99074078
        }
      ],
      "ColourThemeName": "Red"
    },
    {
      "Source": {
        "PinType": 4,
        "SubChipID": 102063851,
        "PinID": 439533086
      },
      "Target": {
        "PinType": 3,
        "SubChipID": 518480429,
        "PinID": 501863087
      },
      "WirePoints": [
        {
          "X": -3.10740757,
          "Y": 3.93518472
        },
        {
          "X": -2.73811388,
          "Y": 3.972697
        },
        {
          "X": -2.68518519,
          "Y": 2.41666675
        },
        {
          "X": -1.3579632,
          "Y": 2.36962986
        }
      ],
      "ColourThemeName": "Red"
    },
    {
      "Source": {
        "PinType": 4,
        "SubChipID": 726626643,
        "PinID": 439533086
      },
      "Target": {
        "PinType": 3,
        "SubChipID": 518480429,
        "PinID": 1562949834
      },
      "WirePoints": [
        {
          "X": -3.23703671,
          "Y": 2.05323935
        },
        {
          "X": -1.3579632,
          "Y": 2.12962985
        }
      ],
      "ColourThemeName": "Red"
    },
    {
      "Source": {
        "PinType": 4,
        "SubChipID": 177944928,
        "PinID": 792489936
      },
      "Target": {
        "PinType": 3,
        "SubChipID": 518480429,
        "PinID": 142079291
      },
      "WirePoints": [
        {
          "X": -1.88148177,
          "Y": 1.00925863
        },
        {
          "X": -1.3579632,
          "Y": 1.88962984
        }
      ],
      "ColourThemeName": "Red"
    },
    {
      "Source": {
        "PinType": 1,
        "SubChipID": 0,
        "PinID": 1368654988
      },
      "Target": {
        "PinType": 3,
        "SubChipID": 1616443815,
        "PinID": 0
      },
      "WirePoints": [
        {
          "X": -7.837778,
          "Y": -2.63888884
        }
      ],
      "ColourThemeName": "Red"
    },
    {
      "Source": {
        "PinType": 1,
        "SubChipID": 0,
        "PinID": 1649188018
      },
      "Target": {
        "PinType": 3,
        "SubChipID": 723735442,
        "PinID": 0
      },
      "WirePoints": [
        {
          "X": -7.837778,
          "Y": -3.04629683
        }
      ],
      "ColourThemeName": "Red"
    },
    {
      "Source": {
        "PinType": 1,
        "SubChipID": 0,
        "PinID": 1095790802
      },
      "Target": {
        "PinType": 3,
        "SubChipID": 1744047496,
        "PinID": 0
      },
      "WirePoints": [
        {
          "X": -7.837778,
          "Y": -3.99074078
        }
      ],
      "ColourThemeName": "Red"
    },
    {
      "Source": {
        "PinType": 4,
        "SubChipID": 1616443815,
        "PinID": 1
      },
      "Target": {
        "PinType": 3,
        "SubChipID": 177944928,
        "PinID": 2115479809
      },
      "WirePoints": [
        {
          "X": -3.581482,
          "Y": 1.24925864
        }
      ],
      "ColourThemeName": "Red"
    },
    {
      "Source": {
        "PinType": 4,
        "SubChipID": 723735442,
        "PinID": 1
      },
      "Target": {
        "PinType": 3,
        "SubChipID": 177944928,
        "PinID": 1821903949
      },
      "WirePoints": [
        {
          "X": -3.581482,
          "Y": 1.00925863
        }
      ],
      "ColourThemeName": "Red"
    },
    {
      "Source": {
        "PinType": 4,
        "SubChipID": 1744047496,
        "PinID": 1
      },
      "Target": {
        "PinType": 3,
        "SubChipID": 177944928,
        "PinID": 1437557034
      },
      "WirePoints": [
        {
          "X": -3.581482,
          "Y": 0.7692586
        }
      ],
      "ColourThemeName": "Red"
    },
    {
      "Source": {
        "PinType": 4,
        "SubChipID": 518480429,
        "PinID": 766247272
      },
      "Target": {
        "PinType": 3,
        "SubChipID": 2077936618,
        "PinID": 498880847
      },
      "WirePoints": [
        {
          "X": -0.06796324,
          "Y": 2.12962985
        },
        {
          "X": 6.596296,
          "Y": 1.7040745
        }
      ],
      "ColourThemeName": "Red"
    },
    {
      "Source": {
        "PinType": 4,
        "SubChipID": 370283855,
        "PinID": 766247272
      },
      "Target": {
        "PinType": 3,
        "SubChipID": 2077936618,
        "PinID": 1672340165
      },
      "WirePoints": [
        {
          "X": 1.73759294,
          "Y": 4.2962966
        },
        {
          "X": 1.8518523,
          "Y": 4.27777767
        },
        {
          "X": 6.596296,
          "Y": 1.94407451
        }
      ],
      "ColourThemeName": "Red"
    }
  ]
}