{
  "Name": "RegToAluMuxNoIm",
  "Colour": "#148303",
  "InputPins": [
    {
      "Name": "Pin",
      "ID": 1645246169,
      "PositionY": 4.28703737,
      "ColourThemeName": "Red"
    },
    {
      "Name": "Pin",
      "ID": 265805836,
      "PositionY": 3.78703713,
      "ColourThemeName": "Red"
    },
    {
      "Name": "Pin",
      "ID": 873498668,
      "PositionY": 3.272222,
      "ColourThemeName": "Red"
    },
    {
      "Name": "Pin",
      "ID": 1308517057,
      "PositionY": 2.80944347,
      "ColourThemeName": "Red"
    },
    {
      "Name": "Re2",
      "ID": 2041845198,
      "PositionY": 1.83592522,
      "ColourThemeName": "Red"
    },
    {
      "Name": "Reg3",
      "ID": 39854492,
      "PositionY": 0.718889058,
      "ColourThemeName": "Red"
    },
    {
      "Name": "Pin",
      "ID": 1697126976,
      "PositionY": 0.2870369,
      "ColourThemeName": "Red"
    },
    {
      "Name": "Pin",
      "ID": 1607077871,
      "PositionY": -0.101851821,
      "ColourThemeName": "Red"
    },
    {
      "Name": "Pin",
      "ID": 436781108,
      "PositionY": -0.486666918,
      "ColourThemeName": "Red"
    },
    {
      "Name": "Reg1",
      "ID": 930656472,
      "PositionY": 9.370552,
      "ColourThemeName": "Red"
    },
    {
      "Name": "Pin",
      "ID": 1238273030,
      "PositionY": 8.921663,
      "ColourThemeName": "Red"
    },
    {
      "Name": "Pin",
      "ID": 496410006,
      "PositionY": 8.528886,
      "ColourThemeName": "Red"
    },
    {
      "Name": "Pin",
      "ID": 60886806,
      "PositionY": 8.079997,
      "ColourThemeName": "Red"
    },
    {
      "Name": "Pin",
      "ID": 405142857,
      "PositionY": 7.57499743,
      "ColourThemeName": "Red"
    },
    {
      "Name": "Pin",
      "ID": 1085831008,
      "PositionY": 7.163516,
      "ColourThemeName": "Red"
    },
    {
      "Name": "Pin",
      "ID": 1022004711,
      "PositionY": 6.65851545,
      "ColourThemeName": "Red"
    },
    {
      "Name": "Reg1",
      "ID": 42605634,
      "PositionY": 6.19092369,
      "ColourThemeName": "Red"
    },
    {
      "Name": "Pin",
      "ID": 1723032710,
      "PositionY": 4.713332,
      "ColourThemeName": "Red"
    },
    {
      "Name": "Reg2",
      "ID": 1804659228,
      "PositionY": 5.106109,
      "ColourThemeName": "Red"
    },
    {
      "Name": "Pin",
      "ID": 20341323,
      "PositionY": 2.30055428,
      "ColourThemeName": "Red"
    },
    {
      "Name": "Pin",
      "ID": 1061176337,
      "PositionY": -0.991296232,
      "ColourThemeName": "Red"
    },
    {
      "Name": "Pin",
      "ID": 1798911895,
      "PositionY": -1.533703,
      "ColourThemeName": "Red"
    },
    {
      "Name": "Pin",
      "ID": 604913372,
      "PositionY": -1.94518483,
      "ColourThemeName": "Red"
    },
    {
      "Name": "Reg3",
      "ID": 1464119057,
      "PositionY": -2.39407349,
      "ColourThemeName": "Red"
    },
    {
      "Name": "Reg4",
      "ID": 432389274,
      "PositionY": -3.31055474,
      "ColourThemeName": "Red"
    },
    {
      "Name": "Pin",
      "ID": 1415677910,
      "PositionY": -3.74073958,
      "ColourThemeName": "Red"
    },
    {
      "Name": "Pin",
      "ID": 1008885515,
      "PositionY": -4.15222073,
      "ColourThemeName": "Red"
    },
    {
      "Name": "Pin",
      "ID": 2111799542,
      "PositionY": -4.52629471,
      "ColourThemeName": "Red"
    },
    {
      "Name": "Pin",
      "ID": 625676804,
      "PositionY": -4.91907263,
      "ColourThemeName": "Red"
    },
    {
      "Name": "Pin",
      "ID": 1274967144,
      "PositionY": -5.46147966,
      "ColourThemeName": "Red"
    },
    {
      "Name": "Pin",
      "ID": 1671113709,
      "PositionY": -6.04129362,
      "ColourThemeName": "Red"
    },
    {
      "Name": "Reg4",
      "ID": 1398129462,
      "PositionY": -6.415368,
      "ColourThemeName": "Red"
    },
    {
      "Name": "KEY2",
      "ID": 1190456534,
      "PositionY": 12.2748041,
      "ColourThemeName": "Red"
    },
    {
      "Name": "key10",
      "ID": 1398330173,
      "PositionY": 11.8151741,
      "ColourThemeName": "Red"
    },
    {
      "Name": "En",
      "ID": 1441894616,
      "PositionY": -8.475547,
      "ColourThemeName": "Red"
    }
  ],
  "OutputPins": [
    {
      "Name": "Pin",
      "ID": 957004623,
      "PositionY": 9.564343,
      "ColourThemeName": "Red"
    },
    {
      "Name": "Pin",
      "ID": 929000023,
      "PositionY": 8.358974,
      "ColourThemeName": "Red"
    },
    {
      "Name": "Pin",
      "ID": 555882811,
      "PositionY": 6.812956,
      "ColourThemeName": "Red"
    },
    {
      "Name": "Pin",
      "ID": 586275630,
      "PositionY": 4.795273,
      "ColourThemeName": "Red"
    },
    {
      "Name": "Pin",
      "ID": 2020716272,
      "PositionY": 3.66851449,
      "ColourThemeName": "Red"
    },
    {
      "Name": "Pin",
      "ID": 2111640861,
      "PositionY": 1.67703474,
      "ColourThemeName": "Red"
    },
    {
      "Name": "Pin",
      "ID": 1075730953,
      "PositionY": 0.262037456,
      "ColourThemeName": "Red"
    },
    {
      "Name": "Pin",
      "ID": 244244525,
      "PositionY": -1.70323932,
      "ColourThemeName": "Red"
    }
  ],
  "SubChips": [
    {
      "Name": "8BitMux",
      "ID": 1614600295,
      "Points": [
        {
          "X": -0.321546555,
          "Y": 2.99675417
        }
      ],
      "Data": null
    },
    {
      "Name": "8BitMux",
      "ID": 1801263878,
      "Points": [
        {
          "X": -0.373333573,
          "Y": -1.648889
        }
      ],
      "Data": null
    },
    {
      "Name": "8BitMux",
      "ID": 1771284852,
      "Points": [
        {
          "X": 5.278143,
          "Y": 2.20407343
        }
      ],
      "Data": null
    },
    {
      "Name": "NOT",
      "ID": 1337093595,
      "Points": [
        {
          "X": -10.2980461,
          "Y": 10.8637848
        }
      ],
      "Data": null
    },
    {
      "Name": "NOT",
      "ID": 965353721,
      "Points": [
        {
          "X": -10.2980461,
          "Y": 10.3087845
        }
      ],
      "Data": null
    },
    {
      "Name": "8bitTriBuffer",
      "ID": 2122156853,
      "Points": [
        {
          "X": 18.6656265,
          "Y": 0.63657403
        }
      ],
      "Data": null
    }
  ],
  "Connections": [
    {
      "Source": {
        "PinType": 1,
        "SubChipID": 0,
        "PinID": 930656472
      },
      "Target": {
        "PinType": 3,
        "SubChipID": 1614600295,
        "PinID": 1043422715
      },
      "WirePoints": [
        {
          "X": -23.8377533,
          "Y": 9.370552
        },
        {
          "X": -1.09654653,
          "Y": 4.91675425
        }
      ],
      "ColourThemeName": "Red"
    },
    {
      "Source": {
        "PinType": 1,
        "SubChipID": 0,
        "PinID": 1238273030
      },
      "Target": {
        "PinType": 3,
        "SubChipID": 1614600295,
        "PinID": 1981979729
      },
      "WirePoints": [
        {
          "X": -23.8377533,
          "Y": 8.921663
        },
        {
          "X": -1.09654653,
          "Y": 4.676754
        }
      ],
      "ColourThemeName": "Red"
    },
    {
      "Source": {
        "PinType": 1,
        "SubChipID": 0,
        "PinID": 496410006
      },
      "Target": {
        "PinType": 3,
        "SubChipID": 1614600295,
        "PinID": 1055717760
      },
      "WirePoints": [
        {
          "X": -23.8377533,
          "Y": 8.528886
        },
        {
          "X": -1.09654653,
          "Y": 4.436754
        }
      ],
      "ColourThemeName": "Red"
    },
    {
      "Source": {
        "PinType": 1,
        "SubChipID": 0,
        "PinID": 60886806
      },
      "Target": {
        "PinType": 3,
        "SubChipID": 1614600295,
        "PinID": 753629729
      },
      "WirePoints": [
        {
          "X": -23.8377533,
          "Y": 8.079997
        },
        {
          "X": -1.09654653,
          "Y": 4.196754
        }
      ],
      "ColourThemeName": "Red"
    },
    {
      "Source": {
        "PinType": 1,
        "SubChipID": 0,
        "PinID": 405142857
      },
      "Target": {
        "PinType": 3,
        "SubChipID": 1614600295,
        "PinID": 1316718013
      },
      "WirePoints": [
        {
          "X": -23.8377533,
          "Y": 7.57499743
        },
        {
          "X": -1.09654653,
          "Y": 3.95675421
        }
      ],
      "ColourThemeName": "Red"
    },
    {
      "Source": {
        "PinType": 1,
        "SubChipID": 0,
        "PinID": 1085831008
      },
      "Target": {
        "PinType": 3,
        "SubChipID": 1614600295,
        "PinID": 1517890443
      },
      "WirePoints": [
        {
          "X": -23.8377533,
          "Y": 7.163516
        },
        {
          "X": -1.09654653,
          "Y": 3.7167542
        }
      ],
      "ColourThemeName": "Red"
    },
    {
      "Source": {
        "PinType": 1,
        "SubChipID": 0,
        "PinID": 1022004711
      },
      "Target": {
        "PinType": 3,
        "SubChipID": 1614600295,
        "PinID": 2067416386
      },
      "WirePoints": [
        {
          "X": -23.8377533,
          "Y": 6.65851545
        },
        {
          "X": -1.09654653,
          "Y": 3.47675419
        }
      ],
      "ColourThemeName": "Red"
    },
    {
      "Source": {
        "PinType": 1,
        "SubChipID": 0,
        "PinID": 42605634
      },
      "Target": {
        "PinType": 3,
        "SubChipID": 1614600295,
        "PinID": 73132680
      },
      "WirePoints": [
        {
          "X": -23.8377533,
          "Y": 6.19092369
        },
        {
          "X": -1.09654653,
          "Y": 3.23675418
        }
      ],
      "ColourThemeName": "Red"
    },
    {
      "Source": {
        "PinType": 1,
        "SubChipID": 0,
        "PinID": 1804659228
      },
      "Target": {
        "PinType": 3,
        "SubChipID": 1614600295,
        "PinID": 206920431
      },
      "WirePoints": [
        {
          "X": -23.8377533,
          "Y": 5.106109
        },
        {
          "X": -1.09654653,
          "Y": 2.99675417
        }
      ],
      "ColourThemeName": "Red"
    },
    {
      "Source": {
        "PinType": 1,
        "SubChipID": 0,
        "PinID": 1723032710
      },
      "Target": {
        "PinType": 3,
        "SubChipID": 1614600295,
        "PinID": 780551497
      },
      "WirePoints": [
        {
          "X": -23.8377533,
          "Y": 4.713332
        },
        {
          "X": -1.09654653,
          "Y": 2.75675416
        }
      ],
      "ColourThemeName": "Red"
    },
    {
      "Source": {
        "PinType": 1,
        "SubChipID": 0,
        "PinID": 1645246169
      },
      "Target": {
        "PinType": 3,
        "SubChipID": 1614600295,
        "PinID": 1986419160
      },
      "WirePoints": [
        {
          "X": -23.8377533,
          "Y": 4.28703737
        },
        {
          "X": -1.09654653,
          "Y": 2.51675415
        }
      ],
      "ColourThemeName": "Red"
    },
    {
      "Source": {
        "PinType": 1,
        "SubChipID": 0,
        "PinID": 265805836
      },
      "Target": {
        "PinType": 3,
        "SubChipID": 1614600295,
        "PinID": 362686848
      },
      "WirePoints": [
        {
          "X": -23.8377533,
          "Y": 3.78703713
        },
        {
          "X": -1.09654653,
          "Y": 2.27675414
        }
      ],
      "ColourThemeName": "Red"
    },
    {
      "Source": {
        "PinType": 1,
        "SubChipID": 0,
        "PinID": 873498668
      },
      "Target": {
        "PinType": 3,
        "SubChipID": 1614600295,
        "PinID": 125805864
      },
      "WirePoints": [
        {
          "X": -23.8377533,
          "Y": 3.272222
        },
        {
          "X": -1.09654653,
          "Y": 2.03675413
        }
      ],
      "ColourThemeName": "Red"
    },
    {
      "Source": {
        "PinType": 1,
        "SubChipID": 0,
        "PinID": 1308517057
      },
      "Target": {
        "PinType": 3,
        "SubChipID": 1614600295,
        "PinID": 1851187211
      },
      "WirePoints": [
        {
          "X": -23.8377533,
          "Y": 2.80944347
        },
        {
          "X": -1.09654653,
          "Y": 1.79675424
        }
      ],
      "ColourThemeName": "Red"
    },
    {
      "Source": {
        "PinType": 1,
        "SubChipID": 0,
        "PinID": 20341323
      },
      "Target": {
        "PinType": 3,
        "SubChipID": 1614600295,
        "PinID": 128778491
      },
      "WirePoints": [
        {
          "X": -23.8377533,
          "Y": 2.30055428
        },
        {
          "X": -1.09654653,
          "Y": 1.55675423
        }
      ],
      "ColourThemeName": "Red"
    },
    {
      "Source": {
        "PinType": 1,
        "SubChipID": 0,
        "PinID": 2041845198
      },
      "Target": {
        "PinType": 3,
        "SubChipID": 1614600295,
        "PinID": 1079511259
      },
      "WirePoints": [
        {
          "X": -23.8377533,
          "Y": 1.83592522
        },
        {
          "X": -1.09654653,
          "Y": 1.31675422
        }
      ],
      "ColourThemeName": "Red"
    },
    {
      "Source": {
        "PinType": 1,
        "SubChipID": 0,
        "PinID": 39854492
      },
      "Target": {
        "PinType": 3,
        "SubChipID": 1801263878,
        "PinID": 1043422715
      },
      "WirePoints": [
        {
          "X": -23.8377533,
          "Y": 0.718889058
        },
        {
          "X": -1.14833355,
          "Y": 0.271111
        }
      ],
      "ColourThemeName": "Red"
    },
    {
      "Source": {
        "PinType": 1,
        "SubChipID": 0,
        "PinID": 1697126976
      },
      "Target": {
        "PinType": 3,
        "SubChipID": 1801263878,
        "PinID": 1981979729
      },
      "WirePoints": [
        {
          "X": -23.8377533,
          "Y": 0.2870369
        },
        {
          "X": -1.14833355,
          "Y": 0.031111002
        }
      ],
      "ColourThemeName": "Red"
    },
    {
      "Source": {
        "PinType": 1,
        "SubChipID": 0,
        "PinID": 1607077871
      },
      "Target": {
        "PinType": 3,
        "SubChipID": 1801263878,
        "PinID": 1055717760
      },
      "WirePoints": [
        {
          "X": -23.8377533,
          "Y": -0.101851821
        },
        {
          "X": -1.14833355,
          "Y": -0.208889008
        }
      ],
      "ColourThemeName": "Red"
    },
    {
      "Source": {
        "PinType": 1,
        "SubChipID": 0,
        "PinID": 436781108
      },
      "Target": {
        "PinType": 3,
        "SubChipID": 1801263878,
        "PinID": 753629729
      },
      "WirePoints": [
        {
          "X": -23.8377533,
          "Y": -0.486666918
        },
        {
          "X": -1.14833355,
          "Y": -0.448889017
        }
      ],
      "ColourThemeName": "Red"
    },
    {
      "Source": {
        "PinType": 1,
        "SubChipID": 0,
        "PinID": 1061176337
      },
      "Target": {
        "PinType": 3,
        "SubChipID": 1801263878,
        "PinID": 1316718013
      },
      "WirePoints": [
        {
          "X": -23.8377533,
          "Y": -0.991296232
        },
        {
          "X": -9.001482,
          "Y": -0.9333335
        },
        {
          "X": -1.14833355,
          "Y": -0.688888967
        }
      ],
      "ColourThemeName": "Red"
    },
    {
      "Source": {
        "PinType": 1,
        "SubChipID": 0,
        "PinID": 1798911895
      },
      "Target": {
        "PinType": 3,
        "SubChipID": 1801263878,
        "PinID": 1517890443
      },
      "WirePoints": [
        {
          "X": -23.8377533,
          "Y": -1.533703
        },
        {
          "X": -1.14833355,
          "Y": -0.928889
        }
      ],
      "ColourThemeName": "Red"
    },
    {
      "Source": {
        "PinType": 1,
        "SubChipID": 0,
        "PinID": 604913372
      },
      "Target": {
        "PinType": 3,
        "SubChipID": 1801263878,
        "PinID": 2067416386
      },
      "WirePoints": [
        {
          "X": -23.8377533,
          "Y": -1.94518483
        },
        {
          "X": -1.14833355,
          "Y": -1.16888893
        }
      ],
      "ColourThemeName": "Red"
    },
    {
      "Source": {
        "PinType": 1,
        "SubChipID": 0,
        "PinID": 1464119057
      },
      "Target": {
        "PinType": 3,
        "SubChipID": 1801263878,
        "PinID": 73132680
      },
      "WirePoints": [
        {
          "X": -23.8377533,
          "Y": -2.39407349
        },
        {
          "X": -1.14833355,
          "Y": -1.40888894
        }
      ],
      "ColourThemeName": "Red"
    },
    {
      "Source": {
        "PinType": 1,
        "SubChipID": 0,
        "PinID": 432389274
      },
      "Target": {
        "PinType": 3,
        "SubChipID": 1801263878,
        "PinID": 206920431
      },
      "WirePoints": [
        {
          "X": -23.8377533,
          "Y": -3.31055474
        },
        {
          "X": -1.14833355,
          "Y": -1.648889
        }
      ],
      "ColourThemeName": "Red"
    },
    {
      "Source": {
        "PinType": 1,
        "SubChipID": 0,
        "PinID": 1415677910
      },
      "Target": {
        "PinType": 3,
        "SubChipID": 1801263878,
        "PinID": 780551497
      },
      "WirePoints": [
        {
          "X": -23.8377533,
          "Y": -3.74073958
        },
        {
          "X": -1.14833355,
          "Y": -1.888889
        }
      ],
      "ColourThemeName": "Red"
    },
    {
      "Source": {
        "PinType": 1,
        "SubChipID": 0,
        "PinID": 1008885515
      },
      "Target": {
        "PinType": 3,
        "SubChipID": 1801263878,
        "PinID": 1986419160
      },
      "WirePoints": [
        {
          "X": -23.8377533,
          "Y": -4.15222073
        },
        {
          "X": -1.14833355,
          "Y": -2.12888885
        }
      ],
      "ColourThemeName": "Red"
    },
    {
      "Source": {
        "PinType": 1,
        "SubChipID": 0,
        "PinID": 2111799542
      },
      "Target": {
        "PinType": 3,
        "SubChipID": 1801263878,
        "PinID": 362686848
      },
      "WirePoints": [
        {
          "X": -23.8377533,
          "Y": -4.52629471
        },
        {
          "X": -1.14833355,
          "Y": -2.36888885
        }
      ],
      "ColourThemeName": "Red"
    },
    {
      "Source": {
        "PinType": 1,
        "SubChipID": 0,
        "PinID": 625676804
      },
      "Target": {
        "PinType": 3,
        "SubChipID": 1801263878,
        "PinID": 125805864
      },
      "WirePoints": [
        {
          "X": -23.8377533,
          "Y": -4.91907263
        },
        {
          "X": -1.14833355,
          "Y": -2.60888886
        }
      ],
      "ColourThemeName": "Red"
    },
    {
      "Source": {
        "PinType": 1,
        "SubChipID": 0,
        "PinID": 1274967144
      },
      "Target": {
        "PinType": 3,
        "SubChipID": 1801263878,
        "PinID": 1851187211
      },
      "WirePoints": [
        {
          "X": -23.8377533,
          "Y": -5.46147966
        },
        {
          "X": -1.14833355,
          "Y": -2.84888887
        }
      ],
      "ColourThemeName": "Red"
    },
    {
      "Source": {
        "PinType": 1,
        "SubChipID": 0,
        "PinID": 1671113709
      },
      "Target": {
        "PinType": 3,
        "SubChipID": 1801263878,
        "PinID": 128778491
      },
      "WirePoints": [
        {
          "X": -23.8377533,
          "Y": -6.04129362
        },
        {
          "X": -1.14833355,
          "Y": -3.088889
        }
      ],
      "ColourThemeName": "Red"
    },
    {
      "Source": {
        "PinType": 1,
        "SubChipID": 0,
        "PinID": 1398129462
      },
      "Target": {
        "PinType": 3,
        "SubChipID": 1801263878,
        "PinID": 1079511259
      },
      "WirePoints": [
        {
          "X": -23.8377533,
          "Y": -6.415368
        },
        {
          "X": -1.14833355,
          "Y": -3.328889
        }
      ],
      "ColourThemeName": "Red"
    },
    {
      "Source": {
        "PinType": 4,
        "SubChipID": 1614600295,
        "PinID": 1975669734
      },
      "Target": {
        "PinType": 3,
        "SubChipID": 1771284852,
        "PinID": 1043422715
      },
      "WirePoints": [
        {
          "X": 0.453453422,
          "Y": 4.91675425
        },
        {
          "X": 4.503143,
          "Y": 4.12407351
        }
      ],
      "ColourThemeName": "Red"
    },
    {
      "Source": {
        "PinType": 4,
        "SubChipID": 1614600295,
        "PinID": 1088520793
      },
      "Target": {
        "PinType": 3,
        "SubChipID": 1771284852,
        "PinID": 1981979729
      },
      "WirePoints": [
        {
          "X": 0.453453422,
          "Y": 4.36818266
        },
        {
          "X": 4.503143,
          "Y": 3.88407326
        }
      ],
      "ColourThemeName": "Red"
    },
    {
      "Source": {
        "PinType": 4,
        "SubChipID": 1614600295,
        "PinID": 605636055
      },
      "Target": {
        "PinType": 3,
        "SubChipID": 1771284852,
        "PinID": 1055717760
      },
      "WirePoints": [
        {
          "X": 0.453453422,
          "Y": 3.81961131
        },
        {
          "X": 4.503143,
          "Y": 3.64407349
        }
      ],
      "ColourThemeName": "Red"
    },
    {
      "Source": {
        "PinType": 4,
        "SubChipID": 1614600295,
        "PinID": 1631322322
      },
      "Target": {
        "PinType": 3,
        "SubChipID": 1771284852,
        "PinID": 753629729
      },
      "WirePoints": [
        {
          "X": 0.453453422,
          "Y": 3.27104
        },
        {
          "X": 4.503143,
          "Y": 3.40407324
        }
      ],
      "ColourThemeName": "Red"
    },
    {
      "Source": {
        "PinType": 4,
        "SubChipID": 1614600295,
        "PinID": 1077223519
      },
      "Target": {
        "PinType": 3,
        "SubChipID": 1771284852,
        "PinID": 1316718013
      },
      "WirePoints": [
        {
          "X": 0.453453422,
          "Y": 2.72246838
        },
        {
          "X": 4.503143,
          "Y": 3.16407347
        }
      ],
      "ColourThemeName": "Red"
    },
    {
      "Source": {
        "PinType": 4,
        "SubChipID": 1614600295,
        "PinID": 1483620419
      },
      "Target": {
        "PinType": 3,
        "SubChipID": 1771284852,
        "PinID": 1517890443
      },
      "WirePoints": [
        {
          "X": 0.453453422,
          "Y": 2.173897
        },
        {
          "X": 4.503143,
          "Y": 2.92407346
        }
      ],
      "ColourThemeName": "Red"
    },
    {
      "Source": {
        "PinType": 4,
        "SubChipID": 1614600295,
        "PinID": 1908075193
      },
      "Target": {
        "PinType": 3,
        "SubChipID": 1771284852,
        "PinID": 2067416386
      },
      "WirePoints": [
        {
          "X": 0.453453422,
          "Y": 1.62532556
        },
        {
          "X": 4.503143,
          "Y": 2.68407345
        }
      ],
      "ColourThemeName": "Red"
    },
    {
      "Source": {
        "PinType": 4,
        "SubChipID": 1614600295,
        "PinID": 666866987
      },
      "Target": {
        "PinType": 3,
        "SubChipID": 1771284852,
        "PinID": 73132680
      },
      "WirePoints": [
        {
          "X": 0.453453422,
          "Y": 1.07675421
        },
        {
          "X": 4.503143,
          "Y": 2.44407344
        }
      ],
      "ColourThemeName": "Red"
    },
    {
      "Source": {
        "PinType": 4,
        "SubChipID": 1801263878,
        "PinID": 1975669734
      },
      "Target": {
        "PinType": 3,
        "SubChipID": 1771284852,
        "PinID": 206920431
      },
      "WirePoints": [
        {
          "X": 0.4016664,
          "Y": 0.271111
        },
        {
          "X": 4.503143,
          "Y": 2.20407343
        }
      ],
      "ColourThemeName": "Red"
    },
    {
      "Source": {
        "PinType": 4,
        "SubChipID": 1801263878,
        "PinID": 1088520793
      },
      "Target": {
        "PinType": 3,
        "SubChipID": 1771284852,
        "PinID": 780551497
      },
      "WirePoints": [
        {
          "X": 0.4016664,
          "Y": -0.277460456
        },
        {
          "X": 4.503143,
          "Y": 1.96407342
        }
      ],
      "ColourThemeName": "Red"
    },
    {
      "Source": {
        "PinType": 4,
        "SubChipID": 1801263878,
        "PinID": 605636055
      },
      "Target": {
        "PinType": 3,
        "SubChipID": 1771284852,
        "PinID": 1986419160
      },
      "WirePoints": [
        {
          "X": 0.4016664,
          "Y": -0.826031864
        },
        {
          "X": 4.503143,
          "Y": 1.72407341
        }
      ],
      "ColourThemeName": "Red"
    },
    {
      "Source": {
        "PinType": 4,
        "SubChipID": 1801263878,
        "PinID": 1631322322
      },
      "Target": {
        "PinType": 3,
        "SubChipID": 1771284852,
        "PinID": 362686848
      },
      "WirePoints": [
        {
          "X": 0.4016664,
          "Y": -1.37460327
        },
        {
          "X": 4.503143,
          "Y": 1.4840734
        }
      ],
      "ColourThemeName": "Red"
    },
    {
      "Source": {
        "PinType": 4,
        "SubChipID": 1801263878,
        "PinID": 1077223519
      },
      "Target": {
        "PinType": 3,
        "SubChipID": 1771284852,
        "PinID": 125805864
      },
      "WirePoints": [
        {
          "X": 0.4016664,
          "Y": -1.92317474
        },
        {
          "X": 4.503143,
          "Y": 1.24407339
        }
      ],
      "ColourThemeName": "Red"
    },
    {
      "Source": {
        "PinType": 4,
        "SubChipID": 1801263878,
        "PinID": 1483620419
      },
      "Target": {
        "PinType": 3,
        "SubChipID": 1771284852,
        "PinID": 1851187211
      },
      "WirePoints": [
        {
          "X": 0.4016664,
          "Y": -2.47174621
        },
        {
          "X": 4.503143,
          "Y": 1.0040735
        }
      ],
      "ColourThemeName": "Red"
    },
    {
      "Source": {
        "PinType": 4,
        "SubChipID": 1801263878,
        "PinID": 666866987
      },
      "Target": {
        "PinType": 3,
        "SubChipID": 1771284852,
        "PinID": 1079511259
      },
      "WirePoints": [
        {
          "X": 0.4016664,
          "Y": -3.568889
        },
        {
          "X": 4.503143,
          "Y": 0.5240735
        }
      ],
      "ColourThemeName": "Red"
    },
    {
      "Source": {
        "PinType": 4,
        "SubChipID": 1801263878,
        "PinID": 1908075193
      },
      "Target": {
        "PinType": 3,
        "SubChipID": 1771284852,
        "PinID": 128778491
      },
      "WirePoints": [
        {
          "X": 0.4016664,
          "Y": -3.02031755
        },
        {
          "X": 4.503143,
          "Y": 0.7640735
        }
      ],
      "ColourThemeName": "Red"
    },
    {
      "Source": {
        "PinType": 1,
        "SubChipID": 0,
        "PinID": 1190456534
      },
      "Target": {
        "PinType": 3,
        "SubChipID": 1337093595,
        "PinID": 0
      },
      "WirePoints": [
        {
          "X": -23.8377533,
          "Y": 12.2748041
        },
        {
          "X": -10.8480463,
          "Y": 10.8637848
        }
      ],
      "ColourThemeName": "Red"
    },
    {
      "Source": {
        "PinType": 4,
        "SubChipID": 1337093595,
        "PinID": 1
      },
      "Target": {
        "PinType": 3,
        "SubChipID": 1771284852,
        "PinID": 1619985941
      },
      "WirePoints": [
        {
          "X": -9.748046,
          "Y": 10.8637848
        },
        {
          "X": 3.69471931,
          "Y": 9.223696
        },
        {
          "X": 3.98295832,
          "Y": -1.15296149
        },
        {
          "X": 4.503143,
          "Y": 0.284073472
        }
      ],
      "ColourThemeName": "Red"
    },
    {
      "Source": {
        "PinType": 1,
        "SubChipID": 0,
        "PinID": 1398330173
      },
      "Target": {
        "PinType": 3,
        "SubChipID": 965353721,
        "PinID": 0
      },
      "WirePoints": [
        {
          "X": -23.8377533,
          "Y": 11.8151741
        },
        {
          "X": -10.8480463,
          "Y": 10.3087845
        }
      ],
      "ColourThemeName": "Red"
    },
    {
      "Source": {
        "PinType": 4,
        "SubChipID": 965353721,
        "PinID": 1
      },
      "Target": {
        "PinType": 3,
        "SubChipID": 1614600295,
        "PinID": 1619985941
      },
      "WirePoints": [
        {
          "X": -9.748046,
          "Y": 10.3087845
        },
        {
          "X": -3.51129317,
          "Y": 9.433324
        },
        {
          "X": -2.725183,
          "Y": 1.04814649
        },
        {
          "X": -1.09654653,
          "Y": 1.07675421
        }
      ],
      "ColourThemeName": "Red"
    },
    {
      "Source": {
        "PinType": 4,
        "SubChipID": 965353721,
        "PinID": 1
      },
      "Target": {
        "PinType": 3,
        "SubChipID": 1801263878,
        "PinID": 1619985941
      },
      "WirePoints": [
        {
          "X": -9.748046,
          "Y": 10.3087845
        },
        {
          "X": -3.51129317,
          "Y": 9.433324
        },
        {
          "X": -2.725183,
          "Y": 1.04814649
        },
        {
          "X": -2.66521072,
          "Y": 1.04919994
        },
        {
          "X": -2.27971959,
          "Y": -4.140181
        },
        {
          "X": -1.14833355,
          "Y": -3.568889
        }
      ],
      "ColourThemeName": "Red"
    },
    {
      "Source": {
        "PinType": 1,
        "SubChipID": 0,
        "PinID": 1441894616
      },
      "Target": {
        "PinType": 3,
        "SubChipID": 2122156853,
        "PinID": 2134331820
      },
      "WirePoints": [
        {
          "X": -23.8377533,
          "Y": -8.475547
        },
        {
          "X": 14.0693331,
          "Y": -7.908046
        },
        {
          "X": 16.355999,
          "Y": -0.952777
        },
        {
          "X": 17.4456272,
          "Y": -0.323426068
        }
      ],
      "ColourThemeName": "Red"
    },
    {
      "Source": {
        "PinType": 4,
        "SubChipID": 2122156853,
        "PinID": 1812607063
      },
      "Target": {
        "PinType": 2,
        "SubChipID": 0,
        "PinID": 957004623
      },
      "WirePoints": [
        {
          "X": 19.8856258,
          "Y": 1.59657407
        },
        {
          "X": 23.8377533,
          "Y": 9.564343
        }
      ],
      "ColourThemeName": "Red"
    },
    {
      "Source": {
        "PinType": 4,
        "SubChipID": 2122156853,
        "PinID": 183204016
      },
      "Target": {
        "PinType": 2,
        "SubChipID": 0,
        "PinID": 929000023
      },
      "WirePoints": [
        {
          "X": 19.8856258,
          "Y": 1.32228839
        },
        {
          "X": 23.8377533,
          "Y": 8.358974
        }
      ],
      "ColourThemeName": "Red"
    },
    {
      "Source": {
        "PinType": 4,
        "SubChipID": 2122156853,
        "PinID": 177888055
      },
      "Target": {
        "PinType": 2,
        "SubChipID": 0,
        "PinID": 244244525
      },
      "WirePoints": [
        {
          "X": 19.8856258,
          "Y": -0.323426068
        },
        {
          "X": 23.8377533,
          "Y": -1.70323932
        }
      ],
      "ColourThemeName": "Red"
    },
    {
      "Source": {
        "PinType": 4,
        "SubChipID": 2122156853,
        "PinID": 2011963578
      },
      "Target": {
        "PinType": 2,
        "SubChipID": 0,
        "PinID": 1075730953
      },
      "WirePoints": [
        {
          "X": 19.8856258,
          "Y": -0.0491403341
        },
        {
          "X": 23.8377533,
          "Y": 0.262037456
        }
      ],
      "ColourThemeName": "Red"
    },
    {
      "Source": {
        "PinType": 4,
        "SubChipID": 2122156853,
        "PinID": 208918573
      },
      "Target": {
        "PinType": 2,
        "SubChipID": 0,
        "PinID": 2111640861
      },
      "WirePoints": [
        {
          "X": 19.8856258,
          "Y": 0.22514537
        },
        {
          "X": 23.8377533,
          "Y": 1.67703474
        }
      ],
      "ColourThemeName": "Red"
    },
    {
      "Source": {
        "PinType": 4,
        "SubChipID": 2122156853,
        "PinID": 1678414875
      },
      "Target": {
        "PinType": 2,
        "SubChipID": 0,
        "PinID": 2020716272
      },
      "WirePoints": [
        {
          "X": 19.8856258,
          "Y": 0.4994311
        },
        {
          "X": 23.8377533,
          "Y": 3.66851449
        }
      ],
      "ColourThemeName": "Red"
    },
    {
      "Source": {
        "PinType": 4,
        "SubChipID": 2122156853,
        "PinID": 1072647730
      },
      "Target": {
        "PinType": 2,
        "SubChipID": 0,
        "PinID": 586275630
      },
      "WirePoints": [
        {
          "X": 19.8856258,
          "Y": 0.7737169
        },
        {
          "X": 23.8377533,
          "Y": 4.795273
        }
      ],
      "ColourThemeName": "Red"
    },
    {
      "Source": {
        "PinType": 4,
        "SubChipID": 2122156853,
        "PinID": 726274173
      },
      "Target": {
        "PinType": 2,
        "SubChipID": 0,
        "PinID": 555882811
      },
      "WirePoints": [
        {
          "X": 19.8856258,
          "Y": 1.0480026
        },
        {
          "X": 23.8377533,
          "Y": 6.812956
        }
      ],
      "ColourThemeName": "Red"
    },
    {
      "Source": {
        "PinType": 4,
        "SubChipID": 1771284852,
        "PinID": 1975669734
      },
      "Target": {
        "PinType": 3,
        "SubChipID": 2122156853,
        "PinID": 1167210761
      },
      "WirePoints": [
        {
          "X": 6.053143,
          "Y": 4.12407351
        },
        {
          "X": 17.4456272,
          "Y": 1.59657407
        }
      ],
      "ColourThemeName": "Red"
    },
    {
      "Source": {
        "PinType": 4,
        "SubChipID": 1771284852,
        "PinID": 1088520793
      },
      "Target": {
        "PinType": 3,
        "SubChipID": 2122156853,
        "PinID": 388698386
      },
      "WirePoints": [
        {
          "X": 6.053143,
          "Y": 3.575502
        },
        {
          "X": 17.4456272,
          "Y": 1.356574
        }
      ],
      "ColourThemeName": "Red"
    },
    {
      "Source": {
        "PinType": 4,
        "SubChipID": 1771284852,
        "PinID": 605636055
      },
      "Target": {
        "PinType": 3,
        "SubChipID": 2122156853,
        "PinID": 795323117
      },
      "WirePoints": [
        {
          "X": 6.053143,
          "Y": 3.02693057
        },
        {
          "X": 17.4456272,
          "Y": 1.116574
        }
      ],
      "ColourThemeName": "Red"
    },
    {
      "Source": {
        "PinType": 4,
        "SubChipID": 1771284852,
        "PinID": 1631322322
      },
      "Target": {
        "PinType": 3,
        "SubChipID": 2122156853,
        "PinID": 1679676230
      },
      "WirePoints": [
        {
          "X": 6.053143,
          "Y": 2.47835922
        },
        {
          "X": 17.4456272,
          "Y": 0.876574039
        }
      ],
      "ColourThemeName": "Red"
    },
    {
      "Source": {
        "PinType": 4,
        "SubChipID": 1771284852,
        "PinID": 1077223519
      },
      "Target": {
        "PinType": 3,
        "SubChipID": 2122156853,
        "PinID": 1697856459
      },
      "WirePoints": [
        {
          "X": 6.053143,
          "Y": 1.92978764
        },
        {
          "X": 17.4456272,
          "Y": 0.63657403
        }
      ],
      "ColourThemeName": "Red"
    },
    {
      "Source": {
        "PinType": 4,
        "SubChipID": 1771284852,
        "PinID": 1483620419
      },
      "Target": {
        "PinType": 3,
        "SubChipID": 2122156853,
        "PinID": 871832413
      },
      "WirePoints": [
        {
          "X": 6.053143,
          "Y": 1.38121629
        },
        {
          "X": 17.4456272,
          "Y": 0.39657402
        }
      ],
      "ColourThemeName": "Red"
    },
    {
      "Source": {
        "PinType": 4,
        "SubChipID": 1771284852,
        "PinID": 1908075193
      },
      "Target": {
        "PinType": 3,
        "SubChipID": 2122156853,
        "PinID": 20768943
      },
      "WirePoints": [
        {
          "X": 6.053143,
          "Y": 0.8326448
        },
        {
          "X": 17.4456272,
          "Y": 0.156573981
        }
      ],
      "ColourThemeName": "Red"
    },
    {
      "Source": {
        "PinType": 4,
        "SubChipID": 1771284852,
        "PinID": 666866987
      },
      "Target": {
        "PinType": 3,
        "SubChipID": 2122156853,
        "PinID": 783676801
      },
      "WirePoints": [
        {
          "X": 6.053143,
          "Y": 0.284073472
        },
        {
          "X": 17.4456272,
          "Y": -0.08342606
        }
      ],
      "ColourThemeName": "Red"
    }
  ],
  "ChipSize": 13.9999866
}