{
  "Name": "RegToAluMux",
  "Colour": "#148303",
  "InputPins": [
    {
      "Name": "Pin",
      "ID": 1645246169,
      "PositionY": 4.28703737,
      "ColourThemeName": "Red"
    },
    {
      "Name": "Pin",
      "ID": 265805836,
      "PositionY": 3.78703713,
      "ColourThemeName": "Red"
    },
    {
      "Name": "Pin",
      "ID": 873498668,
      "PositionY": 3.272222,
      "ColourThemeName": "Red"
    },
    {
      "Name": "Pin",
      "ID": 1308517057,
      "PositionY": 2.80944347,
      "ColourThemeName": "Red"
    },
    {
      "Name": "Re2",
      "ID": 2041845198,
      "PositionY": 1.83592522,
      "ColourThemeName": "Red"
    },
    {
      "Name": "Reg3",
      "ID": 39854492,
      "PositionY": 0.718889058,
      "ColourThemeName": "Red"
    },
    {
      "Name": "Pin",
      "ID": 1697126976,
      "PositionY": 0.2870369,
      "ColourThemeName": "Red"
    },
    {
      "Name": "Pin",
      "ID": 1607077871,
      "PositionY": -0.101851821,
      "ColourThemeName": "Red"
    },
    {
      "Name": "Pin",
      "ID": 436781108,
      "PositionY": -0.486666918,
      "ColourThemeName": "Red"
    },
    {
      "Name": "Reg1",
      "ID": 930656472,
      "PositionY": 9.370552,
      "ColourThemeName": "Red"
    },
    {
      "Name": "Pin",
      "ID": 1238273030,
      "PositionY": 8.921663,
      "ColourThemeName": "Red"
    },
    {
      "Name": "Pin",
      "ID": 496410006,
      "PositionY": 8.528886,
      "ColourThemeName": "Red"
    },
    {
      "Name": "Pin",
      "ID": 60886806,
      "PositionY": 8.079997,
      "ColourThemeName": "Red"
    },
    {
      "Name": "Pin",
      "ID": 405142857,
      "PositionY": 7.57499743,
      "ColourThemeName": "Red"
    },
    {
      "Name": "Pin",
      "ID": 1085831008,
      "PositionY": 7.163516,
      "ColourThemeName": "Red"
    },
    {
      "Name": "Pin",
      "ID": 1022004711,
      "PositionY": 6.65851545,
      "ColourThemeName": "Red"
    },
    {
      "Name": "Reg1",
      "ID": 42605634,
      "PositionY": 6.19092369,
      "ColourThemeName": "Red"
    },
    {
      "Name": "Pin",
      "ID": 1723032710,
      "PositionY": 4.713332,
      "ColourThemeName": "Red"
    },
    {
      "Name": "Reg2",
      "ID": 1804659228,
      "PositionY": 5.106109,
      "ColourThemeName": "Red"
    },
    {
      "Name": "Pin",
      "ID": 20341323,
      "PositionY": 2.30055428,
      "ColourThemeName": "Red"
    },
    {
      "Name": "Pin",
      "ID": 1061176337,
      "PositionY": -0.991296232,
      "ColourThemeName": "Red"
    },
    {
      "Name": "Pin",
      "ID": 1798911895,
      "PositionY": -1.533703,
      "ColourThemeName": "Red"
    },
    {
      "Name": "Pin",
      "ID": 604913372,
      "PositionY": -1.94518483,
      "ColourThemeName": "Red"
    },
    {
      "Name": "Reg3",
      "ID": 1464119057,
      "PositionY": -2.39407349,
      "ColourThemeName": "Red"
    },
    {
      "Name": "Reg4",
      "ID": 432389274,
      "PositionY": -3.31055474,
      "ColourThemeName": "Red"
    },
    {
      "Name": "Pin",
      "ID": 1415677910,
      "PositionY": -3.74073958,
      "ColourThemeName": "Red"
    },
    {
      "Name": "Pin",
      "ID": 1008885515,
      "PositionY": -4.15222073,
      "ColourThemeName": "Red"
    },
    {
      "Name": "Pin",
      "ID": 2111799542,
      "PositionY": -4.52629471,
      "ColourThemeName": "Red"
    },
    {
      "Name": "Pin",
      "ID": 625676804,
      "PositionY": -4.91907263,
      "ColourThemeName": "Red"
    },
    {
      "Name": "Pin",
      "ID": 1274967144,
      "PositionY": -5.46147966,
      "ColourThemeName": "Red"
    },
    {
      "Name": "Pin",
      "ID": 1671113709,
      "PositionY": -6.04129362,
      "ColourThemeName": "Red"
    },
    {
      "Name": "Reg4",
      "ID": 1398129462,
      "PositionY": -6.415368,
      "ColourThemeName": "Red"
    },
    {
      "Name": "im",
      "ID": 339204506,
      "PositionY": -7.89480734,
      "ColourThemeName": "Red"
    },
    {
      "Name": "Pin",
      "ID": 1120347063,
      "PositionY": -8.4625845,
      "ColourThemeName": "Red"
    },
    {
      "Name": "Pin",
      "ID": 1374703801,
      "PositionY": -8.922214,
      "ColourThemeName": "Red"
    },
    {
      "Name": "Pin",
      "ID": 230789015,
      "PositionY": -9.517029,
      "ColourThemeName": "Red"
    },
    {
      "Name": "Pin",
      "ID": 427944990,
      "PositionY": -10.0036945,
      "ColourThemeName": "Red"
    },
    {
      "Name": "Pin",
      "ID": 1585178645,
      "PositionY": -10.49036,
      "ColourThemeName": "Red"
    },
    {
      "Name": "Pin",
      "ID": 1183155022,
      "PositionY": -11.0581379,
      "ColourThemeName": "Red"
    },
    {
      "Name": "Im",
      "ID": 370600381,
      "PositionY": -11.517767,
      "ColourThemeName": "Red"
    },
    {
      "Name": "Key1-2",
      "ID": 1098529642,
      "PositionY": 12.7885056,
      "ColourThemeName": "Red"
    },
    {
      "Name": "KEY1-1",
      "ID": 1190456534,
      "PositionY": 12.2748041,
      "ColourThemeName": "Red"
    },
    {
      "Name": "key1-0",
      "ID": 1398330173,
      "PositionY": 11.8151741,
      "ColourThemeName": "Red"
    },
    {
      "Name": "En",
      "ID": 1441894616,
      "PositionY": -12.5815611,
      "ColourThemeName": "Red"
    },
    {
      "Name": "Key2-1",
      "ID": 797457848,
      "PositionY": 14.5794287,
      "ColourThemeName": "Red"
    },
    {
      "Name": "Key2-0",
      "ID": 1570806276,
      "PositionY": 14.0427608,
      "ColourThemeName": "Red"
    }
  ],
  "OutputPins": [
    {
      "Name": "out1",
      "ID": 957004623,
      "PositionY": 0.353605628,
      "ColourThemeName": "Red"
    },
    {
      "Name": "Pin",
      "ID": 929000023,
      "PositionY": -0.110284209,
      "ColourThemeName": "Red"
    },
    {
      "Name": "Pin",
      "ID": 555882811,
      "PositionY": -0.6235236,
      "ColourThemeName": "Red"
    },
    {
      "Name": "Pin",
      "ID": 586275630,
      "PositionY": -2.730466,
      "ColourThemeName": "Red"
    },
    {
      "Name": "Pin",
      "ID": 2020716272,
      "PositionY": -3.17333627,
      "ColourThemeName": "Red"
    },
    {
      "Name": "Pin",
      "ID": 2111640861,
      "PositionY": -3.65222526,
      "ColourThemeName": "Red"
    },
    {
      "Name": "out1",
      "ID": 1075730953,
      "PositionY": -4.073429,
      "ColourThemeName": "Red"
    },
    {
      "Name": "Pin",
      "ID": 981401067,
      "PositionY": -1.14482057,
      "ColourThemeName": "Red"
    },
    {
      "Name": "out2",
      "ID": 587151099,
      "PositionY": 1.93092573,
      "ColourThemeName": "Red"
    },
    {
      "Name": "Pin",
      "ID": 130352607,
      "PositionY": 2.47333384,
      "ColourThemeName": "Red"
    },
    {
      "Name": "Pin",
      "ID": 793378583,
      "PositionY": 3.053148,
      "ColourThemeName": "Red"
    },
    {
      "Name": "Pin",
      "ID": 2028514948,
      "PositionY": 3.52074,
      "ColourThemeName": "Red"
    },
    {
      "Name": "Pin",
      "ID": 748804455,
      "PositionY": 4.82999849,
      "ColourThemeName": "Red"
    },
    {
      "Name": "Pin",
      "ID": 887255309,
      "PositionY": 4.250184,
      "ColourThemeName": "Red"
    },
    {
      "Name": "Pin",
      "ID": 1407478401,
      "PositionY": 5.46592474,
      "ColourThemeName": "Red"
    },
    {
      "Name": "out2",
      "ID": 130199976,
      "PositionY": 6.027036,
      "ColourThemeName": "Red"
    }
  ],
  "SubChips": [
    {
      "Name": "RegToAluMuxIm",
      "ID": 788517700,
      "Points": [
        {
          "X": 2.800013,
          "Y": -2.17389417
        }
      ],
      "Data": null
    },
    {
      "Name": "RegToAluMuxNoIm",
      "ID": 159096766,
      "Points": [
        {
          "X": 2.92074418,
          "Y": 7.74184656
        }
      ],
      "Data": null
    }
  ],
  "Connections": [
    {
      "Source": {
        "PinType": 4,
        "SubChipID": 788517700,
        "PinID": 957004623
      },
      "Target": {
        "PinType": 2,
        "SubChipID": 0,
        "PinID": 957004623
      },
      "WirePoints": [
        {
          "X": 4.020013,
          "Y": 2.98610616
        },
        {
          "X": 26.09748,
          "Y": 0.353605628
        }
      ],
      "ColourThemeName": "Red"
    },
    {
      "Source": {
        "PinType": 4,
        "SubChipID": 788517700,
        "PinID": 929000023
      },
      "Target": {
        "PinType": 2,
        "SubChipID": 0,
        "PinID": 929000023
      },
      "WirePoints": [
        {
          "X": 4.020013,
          "Y": 1.51182032
        },
        {
          "X": 26.09748,
          "Y": -0.110284209
        }
      ],
      "ColourThemeName": "Red"
    },
    {
      "Source": {
        "PinType": 4,
        "SubChipID": 788517700,
        "PinID": 555882811
      },
      "Target": {
        "PinType": 2,
        "SubChipID": 0,
        "PinID": 555882811
      },
      "WirePoints": [
        {
          "X": 4.020013,
          "Y": 0.0375344753
        },
        {
          "X": 26.09748,
          "Y": -0.6235236
        }
      ],
      "ColourThemeName": "Red"
    },
    {
      "Source": {
        "PinType": 4,
        "SubChipID": 788517700,
        "PinID": 586275630
      },
      "Target": {
        "PinType": 2,
        "SubChipID": 0,
        "PinID": 981401067
      },
      "WirePoints": [
        {
          "X": 4.020013,
          "Y": -1.43675137
        },
        {
          "X": 26.09748,
          "Y": -1.14482057
        }
      ],
      "ColourThemeName": "Red"
    },
    {
      "Source": {
        "PinType": 4,
        "SubChipID": 788517700,
        "PinID": 2020716272
      },
      "Target": {
        "PinType": 2,
        "SubChipID": 0,
        "PinID": 586275630
      },
      "WirePoints": [
        {
          "X": 4.020013,
          "Y": -2.91103745
        },
        {
          "X": 26.09748,
          "Y": -2.730466
        }
      ],
      "ColourThemeName": "Red"
    },
    {
      "Source": {
        "PinType": 4,
        "SubChipID": 788517700,
        "PinID": 2111640861
      },
      "Target": {
        "PinType": 2,
        "SubChipID": 0,
        "PinID": 2020716272
      },
      "WirePoints": [
        {
          "X": 4.020013,
          "Y": -4.385323
        },
        {
          "X": 26.09748,
          "Y": -3.17333627
        }
      ],
      "ColourThemeName": "Red"
    },
    {
      "Source": {
        "PinType": 4,
        "SubChipID": 788517700,
        "PinID": 1075730953
      },
      "Target": {
        "PinType": 2,
        "SubChipID": 0,
        "PinID": 2111640861
      },
      "WirePoints": [
        {
          "X": 4.020013,
          "Y": -5.85960865
        },
        {
          "X": 26.09748,
          "Y": -3.65222526
        }
      ],
      "ColourThemeName": "Red"
    },
    {
      "Source": {
        "PinType": 4,
        "SubChipID": 788517700,
        "PinID": 244244525
      },
      "Target": {
        "PinType": 2,
        "SubChipID": 0,
        "PinID": 1075730953
      },
      "WirePoints": [
        {
          "X": 4.020013,
          "Y": -7.33389473
        },
        {
          "X": 26.09748,
          "Y": -4.073429
        }
      ],
      "ColourThemeName": "Red"
    },
    {
      "Source": {
        "PinType": 1,
        "SubChipID": 0,
        "PinID": 1098529642
      },
      "Target": {
        "PinType": 3,
        "SubChipID": 788517700,
        "PinID": 1098529642
      },
      "WirePoints": [
        {
          "X": -26.09748,
          "Y": 12.7885056
        },
        {
          "X": 1.580013,
          "Y": 2.98610616
        }
      ],
      "ColourThemeName": "Red"
    },
    {
      "Source": {
        "PinType": 1,
        "SubChipID": 0,
        "PinID": 1190456534
      },
      "Target": {
        "PinType": 3,
        "SubChipID": 788517700,
        "PinID": 1190456534
      },
      "WirePoints": [
        {
          "X": -26.09748,
          "Y": 12.2748041
        },
        {
          "X": 1.580013,
          "Y": 2.746106
        }
      ],
      "ColourThemeName": "Red"
    },
    {
      "Source": {
        "PinType": 1,
        "SubChipID": 0,
        "PinID": 1398330173
      },
      "Target": {
        "PinType": 3,
        "SubChipID": 788517700,
        "PinID": 1398330173
      },
      "WirePoints": [
        {
          "X": -26.09748,
          "Y": 11.8151741
        },
        {
          "X": 1.580013,
          "Y": 2.50610614
        }
      ],
      "ColourThemeName": "Red"
    },
    {
      "Source": {
        "PinType": 1,
        "SubChipID": 0,
        "PinID": 930656472
      },
      "Target": {
        "PinType": 3,
        "SubChipID": 788517700,
        "PinID": 930656472
      },
      "WirePoints": [
        {
          "X": -26.09748,
          "Y": 9.370552
        },
        {
          "X": 1.580013,
          "Y": 2.266106
        }
      ],
      "ColourThemeName": "Red"
    },
    {
      "Source": {
        "PinType": 1,
        "SubChipID": 0,
        "PinID": 1238273030
      },
      "Target": {
        "PinType": 3,
        "SubChipID": 788517700,
        "PinID": 1238273030
      },
      "WirePoints": [
        {
          "X": -26.09748,
          "Y": 8.921663
        },
        {
          "X": 1.580013,
          "Y": 2.026106
        }
      ],
      "ColourThemeName": "Red"
    },
    {
      "Source": {
        "PinType": 1,
        "SubChipID": 0,
        "PinID": 496410006
      },
      "Target": {
        "PinType": 3,
        "SubChipID": 788517700,
        "PinID": 496410006
      },
      "WirePoints": [
        {
          "X": -26.09748,
          "Y": 8.528886
        },
        {
          "X": 1.580013,
          "Y": 1.78610611
        }
      ],
      "ColourThemeName": "Red"
    },
    {
      "Source": {
        "PinType": 1,
        "SubChipID": 0,
        "PinID": 60886806
      },
      "Target": {
        "PinType": 3,
        "SubChipID": 788517700,
        "PinID": 60886806
      },
      "WirePoints": [
        {
          "X": -26.09748,
          "Y": 8.079997
        },
        {
          "X": 1.580013,
          "Y": 1.5461061
        }
      ],
      "ColourThemeName": "Red"
    },
    {
      "Source": {
        "PinType": 1,
        "SubChipID": 0,
        "PinID": 405142857
      },
      "Target": {
        "PinType": 3,
        "SubChipID": 788517700,
        "PinID": 405142857
      },
      "WirePoints": [
        {
          "X": -26.09748,
          "Y": 7.57499743
        },
        {
          "X": 1.580013,
          "Y": 1.30610609
        }
      ],
      "ColourThemeName": "Red"
    },
    {
      "Source": {
        "PinType": 1,
        "SubChipID": 0,
        "PinID": 1085831008
      },
      "Target": {
        "PinType": 3,
        "SubChipID": 788517700,
        "PinID": 1085831008
      },
      "WirePoints": [
        {
          "X": -26.09748,
          "Y": 7.163516
        },
        {
          "X": 1.580013,
          "Y": 1.06610608
        }
      ],
      "ColourThemeName": "Red"
    },
    {
      "Source": {
        "PinType": 1,
        "SubChipID": 0,
        "PinID": 1022004711
      },
      "Target": {
        "PinType": 3,
        "SubChipID": 788517700,
        "PinID": 1022004711
      },
      "WirePoints": [
        {
          "X": -26.09748,
          "Y": 6.65851545
        },
        {
          "X": 1.580013,
          "Y": 0.8261061
        }
      ],
      "ColourThemeName": "Red"
    },
    {
      "Source": {
        "PinType": 1,
        "SubChipID": 0,
        "PinID": 42605634
      },
      "Target": {
        "PinType": 3,
        "SubChipID": 788517700,
        "PinID": 42605634
      },
      "WirePoints": [
        {
          "X": -26.09748,
          "Y": 6.19092369
        },
        {
          "X": 1.580013,
          "Y": 0.5861058
        }
      ],
      "ColourThemeName": "Red"
    },
    {
      "Source": {
        "PinType": 1,
        "SubChipID": 0,
        "PinID": 1804659228
      },
      "Target": {
        "PinType": 3,
        "SubChipID": 788517700,
        "PinID": 1804659228
      },
      "WirePoints": [
        {
          "X": -26.09748,
          "Y": 5.106109
        },
        {
          "X": 1.580013,
          "Y": 0.346106052
        }
      ],
      "ColourThemeName": "Red"
    },
    {
      "Source": {
        "PinType": 1,
        "SubChipID": 0,
        "PinID": 1723032710
      },
      "Target": {
        "PinType": 3,
        "SubChipID": 788517700,
        "PinID": 1723032710
      },
      "WirePoints": [
        {
          "X": -26.09748,
          "Y": 4.713332
        },
        {
          "X": 1.580013,
          "Y": 0.106105804
        }
      ],
      "ColourThemeName": "Red"
    },
    {
      "Source": {
        "PinType": 1,
        "SubChipID": 0,
        "PinID": 1645246169
      },
      "Target": {
        "PinType": 3,
        "SubChipID": 788517700,
        "PinID": 1645246169
      },
      "WirePoints": [
        {
          "X": -26.09748,
          "Y": 4.28703737
        },
        {
          "X": 1.580013,
          "Y": -0.133893967
        }
      ],
      "ColourThemeName": "Red"
    },
    {
      "Source": {
        "PinType": 1,
        "SubChipID": 0,
        "PinID": 265805836
      },
      "Target": {
        "PinType": 3,
        "SubChipID": 788517700,
        "PinID": 265805836
      },
      "WirePoints": [
        {
          "X": -26.09748,
          "Y": 3.78703713
        },
        {
          "X": 1.580013,
          "Y": -0.3738941
        }
      ],
      "ColourThemeName": "Red"
    },
    {
      "Source": {
        "PinType": 1,
        "SubChipID": 0,
        "PinID": 873498668
      },
      "Target": {
        "PinType": 3,
        "SubChipID": 788517700,
        "PinID": 873498668
      },
      "WirePoints": [
        {
          "X": -26.09748,
          "Y": 3.272222
        },
        {
          "X": 1.580013,
          "Y": -0.613894
        }
      ],
      "ColourThemeName": "Red"
    },
    {
      "Source": {
        "PinType": 1,
        "SubChipID": 0,
        "PinID": 1308517057
      },
      "Target": {
        "PinType": 3,
        "SubChipID": 788517700,
        "PinID": 1308517057
      },
      "WirePoints": [
        {
          "X": -26.09748,
          "Y": 2.80944347
        },
        {
          "X": 1.580013,
          "Y": -0.8538941
        }
      ],
      "ColourThemeName": "Red"
    },
    {
      "Source": {
        "PinType": 1,
        "SubChipID": 0,
        "PinID": 20341323
      },
      "Target": {
        "PinType": 3,
        "SubChipID": 788517700,
        "PinID": 20341323
      },
      "WirePoints": [
        {
          "X": -26.09748,
          "Y": 2.30055428
        },
        {
          "X": 1.580013,
          "Y": -1.09389424
        }
      ],
      "ColourThemeName": "Red"
    },
    {
      "Source": {
        "PinType": 1,
        "SubChipID": 0,
        "PinID": 2041845198
      },
      "Target": {
        "PinType": 3,
        "SubChipID": 788517700,
        "PinID": 2041845198
      },
      "WirePoints": [
        {
          "X": -26.09748,
          "Y": 1.83592522
        },
        {
          "X": 1.580013,
          "Y": -1.333894
        }
      ],
      "ColourThemeName": "Red"
    },
    {
      "Source": {
        "PinType": 1,
        "SubChipID": 0,
        "PinID": 39854492
      },
      "Target": {
        "PinType": 3,
        "SubChipID": 788517700,
        "PinID": 39854492
      },
      "WirePoints": [
        {
          "X": -26.09748,
          "Y": 0.718889058
        },
        {
          "X": 1.580013,
          "Y": -1.57389414
        }
      ],
      "ColourThemeName": "Red"
    },
    {
      "Source": {
        "PinType": 1,
        "SubChipID": 0,
        "PinID": 1697126976
      },
      "Target": {
        "PinType": 3,
        "SubChipID": 788517700,
        "PinID": 1697126976
      },
      "WirePoints": [
        {
          "X": -26.09748,
          "Y": 0.2870369
        },
        {
          "X": 1.580013,
          "Y": -1.81389427
        }
      ],
      "ColourThemeName": "Red"
    },
    {
      "Source": {
        "PinType": 1,
        "SubChipID": 0,
        "PinID": 1607077871
      },
      "Target": {
        "PinType": 3,
        "SubChipID": 788517700,
        "PinID": 1607077871
      },
      "WirePoints": [
        {
          "X": -26.09748,
          "Y": -0.101851821
        },
        {
          "X": 1.580013,
          "Y": -2.053894
        }
      ],
      "ColourThemeName": "Red"
    },
    {
      "Source": {
        "PinType": 1,
        "SubChipID": 0,
        "PinID": 436781108
      },
      "Target": {
        "PinType": 3,
        "SubChipID": 788517700,
        "PinID": 436781108
      },
      "WirePoints": [
        {
          "X": -26.09748,
          "Y": -0.486666918
        },
        {
          "X": 1.580013,
          "Y": -2.29389429
        }
      ],
      "ColourThemeName": "Red"
    },
    {
      "Source": {
        "PinType": 1,
        "SubChipID": 0,
        "PinID": 1061176337
      },
      "Target": {
        "PinType": 3,
        "SubChipID": 788517700,
        "PinID": 1061176337
      },
      "WirePoints": [
        {
          "X": -26.09748,
          "Y": -0.991296232
        },
        {
          "X": 1.580013,
          "Y": -2.5338943
        }
      ],
      "ColourThemeName": "Red"
    },
    {
      "Source": {
        "PinType": 1,
        "SubChipID": 0,
        "PinID": 1798911895
      },
      "Target": {
        "PinType": 3,
        "SubChipID": 788517700,
        "PinID": 1798911895
      },
      "WirePoints": [
        {
          "X": -26.09748,
          "Y": -1.533703
        },
        {
          "X": 1.580013,
          "Y": -2.77389455
        }
      ],
      "ColourThemeName": "Red"
    },
    {
      "Source": {
        "PinType": 1,
        "SubChipID": 0,
        "PinID": 604913372
      },
      "Target": {
        "PinType": 3,
        "SubChipID": 788517700,
        "PinID": 604913372
      },
      "WirePoints": [
        {
          "X": -26.09748,
          "Y": -1.94518483
        },
        {
          "X": 1.580013,
          "Y": -3.013894
        }
      ],
      "ColourThemeName": "Red"
    },
    {
      "Source": {
        "PinType": 1,
        "SubChipID": 0,
        "PinID": 1464119057
      },
      "Target": {
        "PinType": 3,
        "SubChipID": 788517700,
        "PinID": 1464119057
      },
      "WirePoints": [
        {
          "X": -26.09748,
          "Y": -2.39407349
        },
        {
          "X": 1.580013,
          "Y": -3.253894
        }
      ],
      "ColourThemeName": "Red"
    },
    {
      "Source": {
        "PinType": 1,
        "SubChipID": 0,
        "PinID": 432389274
      },
      "Target": {
        "PinType": 3,
        "SubChipID": 788517700,
        "PinID": 432389274
      },
      "WirePoints": [
        {
          "X": -26.09748,
          "Y": -3.31055474
        },
        {
          "X": 1.580013,
          "Y": -3.493894
        }
      ],
      "ColourThemeName": "Red"
    },
    {
      "Source": {
        "PinType": 1,
        "SubChipID": 0,
        "PinID": 1415677910
      },
      "Target": {
        "PinType": 3,
        "SubChipID": 788517700,
        "PinID": 1415677910
      },
      "WirePoints": [
        {
          "X": -26.09748,
          "Y": -3.74073958
        },
        {
          "X": 1.580013,
          "Y": -3.73389435
        }
      ],
      "ColourThemeName": "Red"
    },
    {
      "Source": {
        "PinType": 1,
        "SubChipID": 0,
        "PinID": 1008885515
      },
      "Target": {
        "PinType": 3,
        "SubChipID": 788517700,
        "PinID": 1008885515
      },
      "WirePoints": [
        {
          "X": -26.09748,
          "Y": -4.15222073
        },
        {
          "X": 1.580013,
          "Y": -3.9738946
        }
      ],
      "ColourThemeName": "Red"
    },
    {
      "Source": {
        "PinType": 1,
        "SubChipID": 0,
        "PinID": 2111799542
      },
      "Target": {
        "PinType": 3,
        "SubChipID": 788517700,
        "PinID": 2111799542
      },
      "WirePoints": [
        {
          "X": -26.09748,
          "Y": -4.52629471
        },
        {
          "X": 1.580013,
          "Y": -4.213894
        }
      ],
      "ColourThemeName": "Red"
    },
    {
      "Source": {
        "PinType": 1,
        "SubChipID": 0,
        "PinID": 625676804
      },
      "Target": {
        "PinType": 3,
        "SubChipID": 788517700,
        "PinID": 625676804
      },
      "WirePoints": [
        {
          "X": -26.09748,
          "Y": -4.91907263
        },
        {
          "X": 1.580013,
          "Y": -4.453894
        }
      ],
      "ColourThemeName": "Red"
    },
    {
      "Source": {
        "PinType": 1,
        "SubChipID": 0,
        "PinID": 1274967144
      },
      "Target": {
        "PinType": 3,
        "SubChipID": 788517700,
        "PinID": 1274967144
      },
      "WirePoints": [
        {
          "X": -26.09748,
          "Y": -5.46147966
        },
        {
          "X": 1.580013,
          "Y": -4.69389439
        }
      ],
      "ColourThemeName": "Red"
    },
    {
      "Source": {
        "PinType": 1,
        "SubChipID": 0,
        "PinID": 1671113709
      },
      "Target": {
        "PinType": 3,
        "SubChipID": 788517700,
        "PinID": 1671113709
      },
      "WirePoints": [
        {
          "X": -26.09748,
          "Y": -6.04129362
        },
        {
          "X": 1.580013,
          "Y": -4.933894
        }
      ],
      "ColourThemeName": "Red"
    },
    {
      "Source": {
        "PinType": 1,
        "SubChipID": 0,
        "PinID": 1398129462
      },
      "Target": {
        "PinType": 3,
        "SubChipID": 788517700,
        "PinID": 1398129462
      },
      "WirePoints": [
        {
          "X": -26.09748,
          "Y": -6.415368
        },
        {
          "X": 1.580013,
          "Y": -5.173895
        }
      ],
      "ColourThemeName": "Red"
    },
    {
      "Source": {
        "PinType": 1,
        "SubChipID": 0,
        "PinID": 339204506
      },
      "Target": {
        "PinType": 3,
        "SubChipID": 788517700,
        "PinID": 339204506
      },
      "WirePoints": [
        {
          "X": -26.09748,
          "Y": -7.89480734
        },
        {
          "X": 1.580013,
          "Y": -5.413894
        }
      ],
      "ColourThemeName": "Red"
    },
    {
      "Source": {
        "PinType": 1,
        "SubChipID": 0,
        "PinID": 1120347063
      },
      "Target": {
        "PinType": 3,
        "SubChipID": 788517700,
        "PinID": 1120347063
      },
      "WirePoints": [
        {
          "X": -26.09748,
          "Y": -8.4625845
        },
        {
          "X": 1.580013,
          "Y": -5.65389442
        }
      ],
      "ColourThemeName": "Red"
    },
    {
      "Source": {
        "PinType": 1,
        "SubChipID": 0,
        "PinID": 1374703801
      },
      "Target": {
        "PinType": 3,
        "SubChipID": 788517700,
        "PinID": 1374703801
      },
      "WirePoints": [
        {
          "X": -26.09748,
          "Y": -8.922214
        },
        {
          "X": 1.580013,
          "Y": -5.893894
        }
      ],
      "ColourThemeName": "Red"
    },
    {
      "Source": {
        "PinType": 1,
        "SubChipID": 0,
        "PinID": 230789015
      },
      "Target": {
        "PinType": 3,
        "SubChipID": 788517700,
        "PinID": 230789015
      },
      "WirePoints": [
        {
          "X": -26.09748,
          "Y": -9.517029
        },
        {
          "X": 1.580013,
          "Y": -6.13389444
        }
      ],
      "ColourThemeName": "Red"
    },
    {
      "Source": {
        "PinType": 1,
        "SubChipID": 0,
        "PinID": 427944990
      },
      "Target": {
        "PinType": 3,
        "SubChipID": 788517700,
        "PinID": 427944990
      },
      "WirePoints": [
        {
          "X": -26.09748,
          "Y": -10.0036945
        },
        {
          "X": 1.580013,
          "Y": -6.37389469
        }
      ],
      "ColourThemeName": "Red"
    },
    {
      "Source": {
        "PinType": 1,
        "SubChipID": 0,
        "PinID": 1585178645
      },
      "Target": {
        "PinType": 3,
        "SubChipID": 788517700,
        "PinID": 1585178645
      },
      "WirePoints": [
        {
          "X": -26.09748,
          "Y": -10.49036
        },
        {
          "X": 1.580013,
          "Y": -6.61389446
        }
      ],
      "ColourThemeName": "Red"
    },
    {
      "Source": {
        "PinType": 1,
        "SubChipID": 0,
        "PinID": 1183155022
      },
      "Target": {
        "PinType": 3,
        "SubChipID": 788517700,
        "PinID": 1183155022
      },
      "WirePoints": [
        {
          "X": -26.09748,
          "Y": -11.0581379
        },
        {
          "X": 1.580013,
          "Y": -6.853894
        }
      ],
      "ColourThemeName": "Red"
    },
    {
      "Source": {
        "PinType": 1,
        "SubChipID": 0,
        "PinID": 370600381
      },
      "Target": {
        "PinType": 3,
        "SubChipID": 788517700,
        "PinID": 370600381
      },
      "WirePoints": [
        {
          "X": -26.09748,
          "Y": -11.517767
        },
        {
          "X": 1.580013,
          "Y": -7.093894
        }
      ],
      "ColourThemeName": "Red"
    },
    {
      "Source": {
        "PinType": 1,
        "SubChipID": 0,
        "PinID": 1441894616
      },
      "Target": {
        "PinType": 3,
        "SubChipID": 788517700,
        "PinID": 1441894616
      },
      "WirePoints": [
        {
          "X": -26.09748,
          "Y": -12.5815611
        },
        {
          "X": 1.580013,
          "Y": -7.33389473
        }
      ],
      "ColourThemeName": "Red"
    },
    {
      "Source": {
        "PinType": 4,
        "SubChipID": 159096766,
        "PinID": 957004623
      },
      "Target": {
        "PinType": 2,
        "SubChipID": 0,
        "PinID": 130199976
      },
      "WirePoints": [
        {
          "X": 4.2907443,
          "Y": 11.821846
        },
        {
          "X": 26.09748,
          "Y": 6.027036
        }
      ],
      "ColourThemeName": "Red"
    },
    {
      "Source": {
        "PinType": 4,
        "SubChipID": 159096766,
        "PinID": 929000023
      },
      "Target": {
        "PinType": 2,
        "SubChipID": 0,
        "PinID": 1407478401
      },
      "WirePoints": [
        {
          "X": 4.2907443,
          "Y": 10.6561317
        },
        {
          "X": 26.09748,
          "Y": 5.46592474
        }
      ],
      "ColourThemeName": "Red"
    },
    {
      "Source": {
        "PinType": 4,
        "SubChipID": 159096766,
        "PinID": 555882811
      },
      "Target": {
        "PinType": 2,
        "SubChipID": 0,
        "PinID": 748804455
      },
      "WirePoints": [
        {
          "X": 4.2907443,
          "Y": 9.49041748
        },
        {
          "X": 26.09748,
          "Y": 4.82999849
        }
      ],
      "ColourThemeName": "Red"
    },
    {
      "Source": {
        "PinType": 4,
        "SubChipID": 159096766,
        "PinID": 586275630
      },
      "Target": {
        "PinType": 2,
        "SubChipID": 0,
        "PinID": 887255309
      },
      "WirePoints": [
        {
          "X": 4.2907443,
          "Y": 8.324703
        },
        {
          "X": 26.09748,
          "Y": 4.250184
        }
      ],
      "ColourThemeName": "Red"
    },
    {
      "Source": {
        "PinType": 4,
        "SubChipID": 159096766,
        "PinID": 2020716272
      },
      "Target": {
        "PinType": 2,
        "SubChipID": 0,
        "PinID": 2028514948
      },
      "WirePoints": [
        {
          "X": 4.2907443,
          "Y": 7.15898943
        },
        {
          "X": 26.09748,
          "Y": 3.52074
        }
      ],
      "ColourThemeName": "Red"
    },
    {
      "Source": {
        "PinType": 4,
        "SubChipID": 159096766,
        "PinID": 2111640861
      },
      "Target": {
        "PinType": 2,
        "SubChipID": 0,
        "PinID": 793378583
      },
      "WirePoints": [
        {
          "X": 4.2907443,
          "Y": 5.993275
        },
        {
          "X": 26.09748,
          "Y": 3.053148
        }
      ],
      "ColourThemeName": "Red"
    },
    {
      "Source": {
        "PinType": 4,
        "SubChipID": 159096766,
        "PinID": 1075730953
      },
      "Target": {
        "PinType": 2,
        "SubChipID": 0,
        "PinID": 130352607
      },
      "WirePoints": [
        {
          "X": 4.2907443,
          "Y": 4.827561
        },
        {
          "X": 26.09748,
          "Y": 2.47333384
        }
      ],
      "ColourThemeName": "Red"
    },
    {
      "Source": {
        "PinType": 4,
        "SubChipID": 159096766,
        "PinID": 244244525
      },
      "Target": {
        "PinType": 2,
        "SubChipID": 0,
        "PinID": 587151099
      },
      "WirePoints": [
        {
          "X": 4.2907443,
          "Y": 3.66184664
        },
        {
          "X": 26.09748,
          "Y": 1.93092573
        }
      ],
      "ColourThemeName": "Red"
    },
    {
      "Source": {
        "PinType": 1,
        "SubChipID": 0,
        "PinID": 797457848
      },
      "Target": {
        "PinType": 3,
        "SubChipID": 159096766,
        "PinID": 1190456534
      },
      "WirePoints": [
        {
          "X": -26.09748,
          "Y": 14.5794287
        },
        {
          "X": 1.55074418,
          "Y": 11.821846
        }
      ],
      "ColourThemeName": "Red"
    },
    {
      "Source": {
        "PinType": 1,
        "SubChipID": 0,
        "PinID": 1570806276
      },
      "Target": {
        "PinType": 3,
        "SubChipID": 159096766,
        "PinID": 1398330173
      },
      "WirePoints": [
        {
          "X": -26.09748,
          "Y": 14.0427608
        },
        {
          "X": 1.55074418,
          "Y": 11.5818462
        }
      ],
      "ColourThemeName": "Red"
    },
    {
      "Source": {
        "PinType": 1,
        "SubChipID": 0,
        "PinID": 930656472
      },
      "Target": {
        "PinType": 3,
        "SubChipID": 159096766,
        "PinID": 930656472
      },
      "WirePoints": [
        {
          "X": -26.09748,
          "Y": 9.370552
        },
        {
          "X": 1.55074418,
          "Y": 11.3418465
        }
      ],
      "ColourThemeName": "Red"
    },
    {
      "Source": {
        "PinType": 1,
        "SubChipID": 0,
        "PinID": 1238273030
      },
      "Target": {
        "PinType": 3,
        "SubChipID": 159096766,
        "PinID": 1238273030
      },
      "WirePoints": [
        {
          "X": -26.09748,
          "Y": 8.921663
        },
        {
          "X": 1.55074418,
          "Y": 11.1018467
        }
      ],
      "ColourThemeName": "Red"
    },
    {
      "Source": {
        "PinType": 1,
        "SubChipID": 0,
        "PinID": 496410006
      },
      "Target": {
        "PinType": 3,
        "SubChipID": 159096766,
        "PinID": 496410006
      },
      "WirePoints": [
        {
          "X": -26.09748,
          "Y": 8.528886
        },
        {
          "X": 1.55074418,
          "Y": 10.8618469
        }
      ],
      "ColourThemeName": "Red"
    },
    {
      "Source": {
        "PinType": 1,
        "SubChipID": 0,
        "PinID": 60886806
      },
      "Target": {
        "PinType": 3,
        "SubChipID": 159096766,
        "PinID": 60886806
      },
      "WirePoints": [
        {
          "X": -26.09748,
          "Y": 8.079997
        },
        {
          "X": 1.55074418,
          "Y": 10.6218462
        }
      ],
      "ColourThemeName": "Red"
    },
    {
      "Source": {
        "PinType": 1,
        "SubChipID": 0,
        "PinID": 405142857
      },
      "Target": {
        "PinType": 3,
        "SubChipID": 159096766,
        "PinID": 405142857
      },
      "WirePoints": [
        {
          "X": -26.09748,
          "Y": 7.57499743
        },
        {
          "X": 1.55074418,
          "Y": 10.3818464
        }
      ],
      "ColourThemeName": "Red"
    },
    {
      "Source": {
        "PinType": 1,
        "SubChipID": 0,
        "PinID": 1085831008
      },
      "Target": {
        "PinType": 3,
        "SubChipID": 159096766,
        "PinID": 1085831008
      },
      "WirePoints": [
        {
          "X": -26.09748,
          "Y": 7.163516
        },
        {
          "X": 1.55074418,
          "Y": 10.1418467
        }
      ],
      "ColourThemeName": "Red"
    },
    {
      "Source": {
        "PinType": 1,
        "SubChipID": 0,
        "PinID": 1022004711
      },
      "Target": {
        "PinType": 3,
        "SubChipID": 159096766,
        "PinID": 1022004711
      },
      "WirePoints": [
        {
          "X": -26.09748,
          "Y": 6.65851545
        },
        {
          "X": 1.55074418,
          "Y": 9.901846
        }
      ],
      "ColourThemeName": "Red"
    },
    {
      "Source": {
        "PinType": 1,
        "SubChipID": 0,
        "PinID": 42605634
      },
      "Target": {
        "PinType": 3,
        "SubChipID": 159096766,
        "PinID": 42605634
      },
      "WirePoints": [
        {
          "X": -26.09748,
          "Y": 6.19092369
        },
        {
          "X": 1.55074418,
          "Y": 9.661846
        }
      ],
      "ColourThemeName": "Red"
    },
    {
      "Source": {
        "PinType": 1,
        "SubChipID": 0,
        "PinID": 1804659228
      },
      "Target": {
        "PinType": 3,
        "SubChipID": 159096766,
        "PinID": 1804659228
      },
      "WirePoints": [
        {
          "X": -26.09748,
          "Y": 5.106109
        },
        {
          "X": 1.55074418,
          "Y": 9.421846
        }
      ],
      "ColourThemeName": "Red"
    },
    {
      "Source": {
        "PinType": 1,
        "SubChipID": 0,
        "PinID": 1723032710
      },
      "Target": {
        "PinType": 3,
        "SubChipID": 159096766,
        "PinID": 1723032710
      },
      "WirePoints": [
        {
          "X": -26.09748,
          "Y": 4.713332
        },
        {
          "X": 1.55074418,
          "Y": 9.181847
        }
      ],
      "ColourThemeName": "Red"
    },
    {
      "Source": {
        "PinType": 1,
        "SubChipID": 0,
        "PinID": 1645246169
      },
      "Target": {
        "PinType": 3,
        "SubChipID": 159096766,
        "PinID": 1645246169
      },
      "WirePoints": [
        {
          "X": -26.09748,
          "Y": 4.28703737
        },
        {
          "X": 1.55074418,
          "Y": 8.941847
        }
      ],
      "ColourThemeName": "Red"
    },
    {
      "Source": {
        "PinType": 1,
        "SubChipID": 0,
        "PinID": 265805836
      },
      "Target": {
        "PinType": 3,
        "SubChipID": 159096766,
        "PinID": 265805836
      },
      "WirePoints": [
        {
          "X": -26.09748,
          "Y": 3.78703713
        },
        {
          "X": 1.55074418,
          "Y": 8.701846
        }
      ],
      "ColourThemeName": "Red"
    },
    {
      "Source": {
        "PinType": 1,
        "SubChipID": 0,
        "PinID": 873498668
      },
      "Target": {
        "PinType": 3,
        "SubChipID": 159096766,
        "PinID": 873498668
      },
      "WirePoints": [
        {
          "X": -26.09748,
          "Y": 3.272222
        },
        {
          "X": 1.55074418,
          "Y": 8.461846
        }
      ],
      "ColourThemeName": "Red"
    },
    {
      "Source": {
        "PinType": 1,
        "SubChipID": 0,
        "PinID": 1308517057
      },
      "Target": {
        "PinType": 3,
        "SubChipID": 159096766,
        "PinID": 1308517057
      },
      "WirePoints": [
        {
          "X": -26.09748,
          "Y": 2.80944347
        },
        {
          "X": 1.55074418,
          "Y": 8.221847
        }
      ],
      "ColourThemeName": "Red"
    },
    {
      "Source": {
        "PinType": 1,
        "SubChipID": 0,
        "PinID": 20341323
      },
      "Target": {
        "PinType": 3,
        "SubChipID": 159096766,
        "PinID": 20341323
      },
      "WirePoints": [
        {
          "X": -26.09748,
          "Y": 2.30055428
        },
        {
          "X": 1.55074418,
          "Y": 7.98184633
        }
      ],
      "ColourThemeName": "Red"
    },
    {
      "Source": {
        "PinType": 1,
        "SubChipID": 0,
        "PinID": 2041845198
      },
      "Target": {
        "PinType": 3,
        "SubChipID": 159096766,
        "PinID": 2041845198
      },
      "WirePoints": [
        {
          "X": -26.09748,
          "Y": 1.83592522
        },
        {
          "X": 1.55074418,
          "Y": 7.74184656
        }
      ],
      "ColourThemeName": "Red"
    },
    {
      "Source": {
        "PinType": 1,
        "SubChipID": 0,
        "PinID": 39854492
      },
      "Target": {
        "PinType": 3,
        "SubChipID": 159096766,
        "PinID": 39854492
      },
      "WirePoints": [
        {
          "X": -26.09748,
          "Y": 0.718889058
        },
        {
          "X": 1.55074418,
          "Y": 7.50184631
        }
      ],
      "ColourThemeName": "Red"
    },
    {
      "Source": {
        "PinType": 1,
        "SubChipID": 0,
        "PinID": 1697126976
      },
      "Target": {
        "PinType": 3,
        "SubChipID": 159096766,
        "PinID": 1697126976
      },
      "WirePoints": [
        {
          "X": -26.09748,
          "Y": 0.2870369
        },
        {
          "X": 1.55074418,
          "Y": 7.26184654
        }
      ],
      "ColourThemeName": "Red"
    },
    {
      "Source": {
        "PinType": 1,
        "SubChipID": 0,
        "PinID": 1607077871
      },
      "Target": {
        "PinType": 3,
        "SubChipID": 159096766,
        "PinID": 1607077871
      },
      "WirePoints": [
        {
          "X": -26.09748,
          "Y": -0.101851821
        },
        {
          "X": 1.55074418,
          "Y": 7.02184629
        }
      ],
      "ColourThemeName": "Red"
    },
    {
      "Source": {
        "PinType": 1,
        "SubChipID": 0,
        "PinID": 436781108
      },
      "Target": {
        "PinType": 3,
        "SubChipID": 159096766,
        "PinID": 436781108
      },
      "WirePoints": [
        {
          "X": -26.09748,
          "Y": -0.486666918
        },
        {
          "X": 1.55074418,
          "Y": 6.78184652
        }
      ],
      "ColourThemeName": "Red"
    },
    {
      "Source": {
        "PinType": 1,
        "SubChipID": 0,
        "PinID": 1061176337
      },
      "Target": {
        "PinType": 3,
        "SubChipID": 159096766,
        "PinID": 1061176337
      },
      "WirePoints": [
        {
          "X": -26.09748,
          "Y": -0.991296232
        },
        {
          "X": 1.55074418,
          "Y": 6.54184628
        }
      ],
      "ColourThemeName": "Red"
    },
    {
      "Source": {
        "PinType": 1,
        "SubChipID": 0,
        "PinID": 1798911895
      },
      "Target": {
        "PinType": 3,
        "SubChipID": 159096766,
        "PinID": 1798911895
      },
      "WirePoints": [
        {
          "X": -26.09748,
          "Y": -1.533703
        },
        {
          "X": 1.55074418,
          "Y": 6.3018465
        }
      ],
      "ColourThemeName": "Red"
    },
    {
      "Source": {
        "PinType": 1,
        "SubChipID": 0,
        "PinID": 604913372
      },
      "Target": {
        "PinType": 3,
        "SubChipID": 159096766,
        "PinID": 604913372
      },
      "WirePoints": [
        {
          "X": -26.09748,
          "Y": -1.94518483
        },
        {
          "X": 1.55074418,
          "Y": 6.06184673
        }
      ],
      "ColourThemeName": "Red"
    },
    {
      "Source": {
        "PinType": 1,
        "SubChipID": 0,
        "PinID": 1464119057
      },
      "Target": {
        "PinType": 3,
        "SubChipID": 159096766,
        "PinID": 1464119057
      },
      "WirePoints": [
        {
          "X": -26.09748,
          "Y": -2.39407349
        },
        {
          "X": 1.55074418,
          "Y": 5.821847
        }
      ],
      "ColourThemeName": "Red"
    },
    {
      "Source": {
        "PinType": 1,
        "SubChipID": 0,
        "PinID": 432389274
      },
      "Target": {
        "PinType": 3,
        "SubChipID": 159096766,
        "PinID": 432389274
      },
      "WirePoints": [
        {
          "X": -26.09748,
          "Y": -3.31055474
        },
        {
          "X": 1.55074418,
          "Y": 5.581846
        }
      ],
      "ColourThemeName": "Red"
    },
    {
      "Source": {
        "PinType": 1,
        "SubChipID": 0,
        "PinID": 1415677910
      },
      "Target": {
        "PinType": 3,
        "SubChipID": 159096766,
        "PinID": 1415677910
      },
      "WirePoints": [
        {
          "X": -26.09748,
          "Y": -3.74073958
        },
        {
          "X": 1.55074418,
          "Y": 5.34184647
        }
      ],
      "ColourThemeName": "Red"
    },
    {
      "Source": {
        "PinType": 1,
        "SubChipID": 0,
        "PinID": 1008885515
      },
      "Target": {
        "PinType": 3,
        "SubChipID": 159096766,
        "PinID": 1008885515
      },
      "WirePoints": [
        {
          "X": -26.09748,
          "Y": -4.15222073
        },
        {
          "X": 1.55074418,
          "Y": 5.10184669
        }
      ],
      "ColourThemeName": "Red"
    },
    {
      "Source": {
        "PinType": 1,
        "SubChipID": 0,
        "PinID": 2111799542
      },
      "Target": {
        "PinType": 3,
        "SubChipID": 159096766,
        "PinID": 2111799542
      },
      "WirePoints": [
        {
          "X": -26.09748,
          "Y": -4.52629471
        },
        {
          "X": 1.55074418,
          "Y": 4.861847
        }
      ],
      "ColourThemeName": "Red"
    },
    {
      "Source": {
        "PinType": 1,
        "SubChipID": 0,
        "PinID": 625676804
      },
      "Target": {
        "PinType": 3,
        "SubChipID": 159096766,
        "PinID": 625676804
      },
      "WirePoints": [
        {
          "X": -26.09748,
          "Y": -4.91907263
        },
        {
          "X": 1.55074418,
          "Y": 4.62184668
        }
      ],
      "ColourThemeName": "Red"
    },
    {
      "Source": {
        "PinType": 1,
        "SubChipID": 0,
        "PinID": 1274967144
      },
      "Target": {
        "PinType": 3,
        "SubChipID": 159096766,
        "PinID": 1274967144
      },
      "WirePoints": [
        {
          "X": -26.09748,
          "Y": -5.46147966
        },
        {
          "X": 1.55074418,
          "Y": 4.381847
        }
      ],
      "ColourThemeName": "Red"
    },
    {
      "Source": {
        "PinType": 1,
        "SubChipID": 0,
        "PinID": 1671113709
      },
      "Target": {
        "PinType": 3,
        "SubChipID": 159096766,
        "PinID": 1671113709
      },
      "WirePoints": [
        {
          "X": -26.09748,
          "Y": -6.04129362
        },
        {
          "X": 1.55074418,
          "Y": 4.14184666
        }
      ],
      "ColourThemeName": "Red"
    },
    {
      "Source": {
        "PinType": 1,
        "SubChipID": 0,
        "PinID": 1398129462
      },
      "Target": {
        "PinType": 3,
        "SubChipID": 159096766,
        "PinID": 1398129462
      },
      "WirePoints": [
        {
          "X": -26.09748,
          "Y": -6.415368
        },
        {
          "X": 1.55074418,
          "Y": 3.901847
        }
      ],
      "ColourThemeName": "Red"
    },
    {
      "Source": {
        "PinType": 1,
        "SubChipID": 0,
        "PinID": 1441894616
      },
      "Target": {
        "PinType": 3,
        "SubChipID": 159096766,
        "PinID": 1441894616
      },
      "WirePoints": [
        {
          "X": -26.09748,
          "Y": -12.5815611
        },
        {
          "X": -1.805706,
          "Y": -8.105782
        },
        {
          "X": 1.55074418,
          "Y": 3.66184664
        }
      ],
      "ColourThemeName": "Red"
    }
  ],
  "ChipSize": 16.54998
}