{
  "Name": "ShiftRotateLR",
  "Colour": "#103325",
  "InputPins": [
    {
      "Name": "A7",
      "ID": 1788629511,
      "PositionY": 4.62037039,
      "ColourThemeName": "Red"
    },
    {
      "Name": "A6",
      "ID": 1548180614,
      "PositionY": 4.101853,
      "ColourThemeName": "Red"
    },
    {
      "Name": "A5",
      "ID": 553194293,
      "PositionY": 3.58333325,
      "ColourThemeName": "Red"
    },
    {
      "Name": "A4",
      "ID": 316456201,
      "PositionY": 3.04629564,
      "ColourThemeName": "Red"
    },
    {
      "Name": "A3",
      "ID": 715420196,
      "PositionY": 2.5,
      "ColourThemeName": "Red"
    },
    {
      "Name": "A2",
      "ID": 1212806616,
      "PositionY": 1.95370448,
      "ColourThemeName": "Red"
    },
    {
      "Name": "A1",
      "ID": 83019928,
      "PositionY": 1.45370388,
      "ColourThemeName": "Red"
    },
    {
      "Name": "A0",
      "ID": 1858190276,
      "PositionY": 0.93518424,
      "ColourThemeName": "Red"
    },
    {
      "Name": "Key1",
      "ID": 934083705,
      "PositionY": -0.351851523,
      "ColourThemeName": "Red"
    },
    {
      "Name": "Key0",
      "ID": 298788405,
      "PositionY": -0.944444537,
      "ColourThemeName": "Red"
    }
  ],
  "OutputPins": [
    {
      "Name": "Out7",
      "ID": 620129331,
      "PositionY": 4.138889,
      "ColourThemeName": "Red"
    },
    {
      "Name": "Out6",
      "ID": 1755424800,
      "PositionY": 3.32407451,
      "ColourThemeName": "Red"
    },
    {
      "Name": "Out4",
      "ID": 846742500,
      "PositionY": 0.833333731,
      "ColourThemeName": "Red"
    },
    {
      "Name": "Out3",
      "ID": 999413394,
      "PositionY": -0.583333969,
      "ColourThemeName": "Red"
    },
    {
      "Name": "Out2",
      "ID": 1151566223,
      "PositionY": -1.73148155,
      "ColourThemeName": "Red"
    },
    {
      "Name": "Out1",
      "ID": 2087021675,
      "PositionY": -2.87962961,
      "ColourThemeName": "Red"
    },
    {
      "Name": "Out0",
      "ID": 1180167721,
      "PositionY": -3.81481457,
      "ColourThemeName": "Red"
    },
    {
      "Name": "Out5",
      "ID": 1740912415,
      "PositionY": 2.148148,
      "ColourThemeName": "Red"
    }
  ],
  "SubChips": [
    {
      "Name": "8BitMux",
      "ID": 2046559825,
      "Points": [
        {
          "X": 0.2870369,
          "Y": 1.694445
        }
      ],
      "Data": null
    },
    {
      "Name": "RotateLR",
      "ID": 2031406911,
      "Points": [
        {
          "X": -4.07407475,
          "Y": 3.11111116
        }
      ],
      "Data": null
    },
    {
      "Name": "SLR",
      "ID": 1656376750,
      "Points": [
        {
          "X": -4.101852,
          "Y": 0.3425926
        }
      ],
      "Data": null
    }
  ],
  "Connections": [
    {
      "Source": {
        "PinType": 4,
        "SubChipID": 2046559825,
        "PinID": 1975669734
      },
      "Target": {
        "PinType": 2,
        "SubChipID": 0,
        "PinID": 620129331
      },
      "WirePoints": [
        {
          "X": 1.06203687,
          "Y": 3.614445
        },
        {
          "X": 7.837778,
          "Y": 4.138889
        }
      ],
      "ColourThemeName": "Red"
    },
    {
      "Source": {
        "PinType": 4,
        "SubChipID": 2046559825,
        "PinID": 1088520793
      },
      "Target": {
        "PinType": 2,
        "SubChipID": 0,
        "PinID": 1755424800
      },
      "WirePoints": [
        {
          "X": 1.06203687,
          "Y": 3.06587362
        },
        {
          "X": 7.837778,
          "Y": 3.32407451
        }
      ],
      "ColourThemeName": "Red"
    },
    {
      "Source": {
        "PinType": 4,
        "SubChipID": 2046559825,
        "PinID": 605636055
      },
      "Target": {
        "PinType": 2,
        "SubChipID": 0,
        "PinID": 1740912415
      },
      "WirePoints": [
        {
          "X": 1.06203687,
          "Y": 2.517302
        },
        {
          "X": 7.837778,
          "Y": 2.148148
        }
      ],
      "ColourThemeName": "Red"
    },
    {
      "Source": {
        "PinType": 4,
        "SubChipID": 2046559825,
        "PinID": 1631322322
      },
      "Target": {
        "PinType": 2,
        "SubChipID": 0,
        "PinID": 846742500
      },
      "WirePoints": [
        {
          "X": 1.06203687,
          "Y": 1.96873069
        },
        {
          "X": 7.837778,
          "Y": 0.833333731
        }
      ],
      "ColourThemeName": "Red"
    },
    {
      "Source": {
        "PinType": 4,
        "SubChipID": 2046559825,
        "PinID": 1077223519
      },
      "Target": {
        "PinType": 2,
        "SubChipID": 0,
        "PinID": 999413394
      },
      "WirePoints": [
        {
          "X": 1.06203687,
          "Y": 1.42015922
        },
        {
          "X": 7.837778,
          "Y": -0.583333969
        }
      ],
      "ColourThemeName": "Red"
    },
    {
      "Source": {
        "PinType": 4,
        "SubChipID": 2046559825,
        "PinID": 1483620419
      },
      "Target": {
        "PinType": 2,
        "SubChipID": 0,
        "PinID": 1151566223
      },
      "WirePoints": [
        {
          "X": 1.06203687,
          "Y": 0.8715878
        },
        {
          "X": 7.837778,
          "Y": -1.73148155
        }
      ],
      "ColourThemeName": "Red"
    },
    {
      "Source": {
        "PinType": 4,
        "SubChipID": 2046559825,
        "PinID": 1908075193
      },
      "Target": {
        "PinType": 2,
        "SubChipID": 0,
        "PinID": 2087021675
      },
      "WirePoints": [
        {
          "X": 1.06203687,
          "Y": 0.3230164
        },
        {
          "X": 7.837778,
          "Y": -2.87962961
        }
      ],
      "ColourThemeName": "Red"
    },
    {
      "Source": {
        "PinType": 4,
        "SubChipID": 2046559825,
        "PinID": 666866987
      },
      "Target": {
        "PinType": 2,
        "SubChipID": 0,
        "PinID": 1180167721
      },
      "WirePoints": [
        {
          "X": 1.06203687,
          "Y": -0.225554943
        },
        {
          "X": 7.837778,
          "Y": -3.81481457
        }
      ],
      "ColourThemeName": "Red"
    },
    {
      "Source": {
        "PinType": 1,
        "SubChipID": 0,
        "PinID": 298788405
      },
      "Target": {
        "PinType": 3,
        "SubChipID": 2031406911,
        "PinID": 934083705
      },
      "WirePoints": [
        {
          "X": -7.837778,
          "Y": -0.944444537
        },
        {
          "X": -4.92407465,
          "Y": 2.15111113
        }
      ],
      "ColourThemeName": "Red"
    },
    {
      "Source": {
        "PinType": 1,
        "SubChipID": 0,
        "PinID": 934083705
      },
      "Target": {
        "PinType": 3,
        "SubChipID": 2046559825,
        "PinID": 1619985941
      },
      "WirePoints": [
        {
          "X": -7.837778,
          "Y": -0.351851523
        },
        {
          "X": -6.03703737,
          "Y": -0.314814746
        },
        {
          "X": -6.092593,
          "Y": -1.46296287
        },
        {
          "X": -1.027778,
          "Y": -1.37962961
        },
        {
          "X": -1.00000012,
          "Y": -0.32407403
        },
        {
          "X": -0.48796308,
          "Y": -0.225554943
        }
      ],
      "ColourThemeName": "Red"
    },
    {
      "Source": {
        "PinType": 4,
        "SubChipID": 2031406911,
        "PinID": 1180167721
      },
      "Target": {
        "PinType": 3,
        "SubChipID": 2046559825,
        "PinID": 73132680
      },
      "WirePoints": [
        {
          "X": -3.22407484,
          "Y": 2.15111113
        },
        {
          "X": -0.48796308,
          "Y": 1.934445
        }
      ],
      "ColourThemeName": "Red"
    },
    {
      "Source": {
        "PinType": 4,
        "SubChipID": 2031406911,
        "PinID": 2087021675
      },
      "Target": {
        "PinType": 3,
        "SubChipID": 2046559825,
        "PinID": 2067416386
      },
      "WirePoints": [
        {
          "X": -3.22407484,
          "Y": 2.425397
        },
        {
          "X": -0.48796308,
          "Y": 2.174445
        }
      ],
      "ColourThemeName": "Red"
    },
    {
      "Source": {
        "PinType": 4,
        "SubChipID": 2031406911,
        "PinID": 1151566223
      },
      "Target": {
        "PinType": 3,
        "SubChipID": 2046559825,
        "PinID": 1517890443
      },
      "WirePoints": [
        {
          "X": -3.22407484,
          "Y": 2.69968247
        },
        {
          "X": -0.48796308,
          "Y": 2.414445
        }
      ],
      "ColourThemeName": "Red"
    },
    {
      "Source": {
        "PinType": 4,
        "SubChipID": 2031406911,
        "PinID": 999413394
      },
      "Target": {
        "PinType": 3,
        "SubChipID": 2046559825,
        "PinID": 1316718013
      },
      "WirePoints": [
        {
          "X": -3.22407484,
          "Y": 2.97396827
        },
        {
          "X": -0.48796308,
          "Y": 2.654445
        }
      ],
      "ColourThemeName": "Red"
    },
    {
      "Source": {
        "PinType": 4,
        "SubChipID": 2031406911,
        "PinID": 846742500
      },
      "Target": {
        "PinType": 3,
        "SubChipID": 2046559825,
        "PinID": 753629729
      },
      "WirePoints": [
        {
          "X": -3.22407484,
          "Y": 3.248254
        },
        {
          "X": -0.48796308,
          "Y": 2.894445
        }
      ],
      "ColourThemeName": "Red"
    },
    {
      "Source": {
        "PinType": 4,
        "SubChipID": 2031406911,
        "PinID": 1740912415
      },
      "Target": {
        "PinType": 3,
        "SubChipID": 2046559825,
        "PinID": 1055717760
      },
      "WirePoints": [
        {
          "X": -3.22407484,
          "Y": 3.52253985
        },
        {
          "X": -3.101852,
          "Y": 3.462963
        },
        {
          "X": -0.48796308,
          "Y": 3.134445
        }
      ],
      "ColourThemeName": "Red"
    },
    {
      "Source": {
        "PinType": 4,
        "SubChipID": 2031406911,
        "PinID": 1755424800
      },
      "Target": {
        "PinType": 3,
        "SubChipID": 2046559825,
        "PinID": 1981979729
      },
      "WirePoints": [
        {
          "X": -3.22407484,
          "Y": 3.79682541
        },
        {
          "X": -0.48796308,
          "Y": 3.374445
        }
      ],
      "ColourThemeName": "Red"
    },
    {
      "Source": {
        "PinType": 4,
        "SubChipID": 2031406911,
        "PinID": 620129331
      },
      "Target": {
        "PinType": 3,
        "SubChipID": 2046559825,
        "PinID": 1043422715
      },
      "WirePoints": [
        {
          "X": -3.22407484,
          "Y": 4.071111
        },
        {
          "X": -0.48796308,
          "Y": 3.614445
        }
      ],
      "ColourThemeName": "Red"
    },
    {
      "Source": {
        "PinType": 1,
        "SubChipID": 0,
        "PinID": 1858190276
      },
      "Target": {
        "PinType": 3,
        "SubChipID": 2031406911,
        "PinID": 1858190276
      },
      "WirePoints": [
        {
          "X": -7.837778,
          "Y": 0.93518424
        },
        {
          "X": -4.92407465,
          "Y": 2.39111114
        }
      ],
      "ColourThemeName": "Red"
    },
    {
      "Source": {
        "PinType": 1,
        "SubChipID": 0,
        "PinID": 83019928
      },
      "Target": {
        "PinType": 3,
        "SubChipID": 2031406911,
        "PinID": 83019928
      },
      "WirePoints": [
        {
          "X": -7.837778,
          "Y": 1.45370388
        },
        {
          "X": -4.92407465,
          "Y": 2.63111115
        }
      ],
      "ColourThemeName": "Red"
    },
    {
      "Source": {
        "PinType": 1,
        "SubChipID": 0,
        "PinID": 1212806616
      },
      "Target": {
        "PinType": 3,
        "SubChipID": 2031406911,
        "PinID": 1212806616
      },
      "WirePoints": [
        {
          "X": -7.837778,
          "Y": 1.95370448
        },
        {
          "X": -4.92407465,
          "Y": 2.87111115
        }
      ],
      "ColourThemeName": "Red"
    },
    {
      "Source": {
        "PinType": 1,
        "SubChipID": 0,
        "PinID": 715420196
      },
      "Target": {
        "PinType": 3,
        "SubChipID": 2031406911,
        "PinID": 715420196
      },
      "WirePoints": [
        {
          "X": -7.837778,
          "Y": 2.5
        },
        {
          "X": -4.92407465,
          "Y": 3.11111116
        }
      ],
      "ColourThemeName": "Red"
    },
    {
      "Source": {
        "PinType": 1,
        "SubChipID": 0,
        "PinID": 316456201
      },
      "Target": {
        "PinType": 3,
        "SubChipID": 2031406911,
        "PinID": 316456201
      },
      "WirePoints": [
        {
          "X": -7.837778,
          "Y": 3.04629564
        },
        {
          "X": -4.92407465,
          "Y": 3.35111117
        }
      ],
      "ColourThemeName": "Red"
    },
    {
      "Source": {
        "PinType": 1,
        "SubChipID": 0,
        "PinID": 553194293
      },
      "Target": {
        "PinType": 3,
        "SubChipID": 2031406911,
        "PinID": 553194293
      },
      "WirePoints": [
        {
          "X": -7.837778,
          "Y": 3.58333325
        },
        {
          "X": -4.92407465,
          "Y": 3.59111118
        }
      ],
      "ColourThemeName": "Red"
    },
    {
      "Source": {
        "PinType": 1,
        "SubChipID": 0,
        "PinID": 1548180614
      },
      "Target": {
        "PinType": 3,
        "SubChipID": 2031406911,
        "PinID": 1548180614
      },
      "WirePoints": [
        {
          "X": -7.837778,
          "Y": 4.101853
        },
        {
          "X": -4.92407465,
          "Y": 3.83111119
        }
      ],
      "ColourThemeName": "Red"
    },
    {
      "Source": {
        "PinType": 1,
        "SubChipID": 0,
        "PinID": 1788629511
      },
      "Target": {
        "PinType": 3,
        "SubChipID": 2031406911,
        "PinID": 1788629511
      },
      "WirePoints": [
        {
          "X": -7.837778,
          "Y": 4.62037039
        },
        {
          "X": -4.92407465,
          "Y": 4.071111
        }
      ],
      "ColourThemeName": "Red"
    },
    {
      "Source": {
        "PinType": 1,
        "SubChipID": 0,
        "PinID": 1788629511
      },
      "Target": {
        "PinType": 3,
        "SubChipID": 1656376750,
        "PinID": 51349629
      },
      "WirePoints": [
        {
          "X": -7.837778,
          "Y": 4.62037039
        },
        {
          "X": -4.651852,
          "Y": 1.30259275
        }
      ],
      "ColourThemeName": "Red"
    },
    {
      "Source": {
        "PinType": 1,
        "SubChipID": 0,
        "PinID": 1548180614
      },
      "Target": {
        "PinType": 3,
        "SubChipID": 1656376750,
        "PinID": 533186489
      },
      "WirePoints": [
        {
          "X": -7.837778,
          "Y": 4.101853
        },
        {
          "X": -4.651852,
          "Y": 1.06259274
        }
      ],
      "ColourThemeName": "Red"
    },
    {
      "Source": {
        "PinType": 1,
        "SubChipID": 0,
        "PinID": 553194293
      },
      "Target": {
        "PinType": 3,
        "SubChipID": 1656376750,
        "PinID": 970995049
      },
      "WirePoints": [
        {
          "X": -7.837778,
          "Y": 3.58333325
        },
        {
          "X": -4.651852,
          "Y": 0.8225926
        }
      ],
      "ColourThemeName": "Red"
    },
    {
      "Source": {
        "PinType": 1,
        "SubChipID": 0,
        "PinID": 316456201
      },
      "Target": {
        "PinType": 3,
        "SubChipID": 1656376750,
        "PinID": 1932193222
      },
      "WirePoints": [
        {
          "X": -7.837778,
          "Y": 3.04629564
        },
        {
          "X": -4.651852,
          "Y": 0.5825926
        }
      ],
      "ColourThemeName": "Red"
    },
    {
      "Source": {
        "PinType": 1,
        "SubChipID": 0,
        "PinID": 715420196
      },
      "Target": {
        "PinType": 3,
        "SubChipID": 1656376750,
        "PinID": 822119323
      },
      "WirePoints": [
        {
          "X": -7.837778,
          "Y": 2.5
        },
        {
          "X": -4.651852,
          "Y": 0.3425926
        }
      ],
      "ColourThemeName": "Red"
    },
    {
      "Source": {
        "PinType": 1,
        "SubChipID": 0,
        "PinID": 1212806616
      },
      "Target": {
        "PinType": 3,
        "SubChipID": 1656376750,
        "PinID": 728420723
      },
      "WirePoints": [
        {
          "X": -7.837778,
          "Y": 1.95370448
        },
        {
          "X": -4.651852,
          "Y": 0.102592573
        }
      ],
      "ColourThemeName": "Red"
    },
    {
      "Source": {
        "PinType": 1,
        "SubChipID": 0,
        "PinID": 83019928
      },
      "Target": {
        "PinType": 3,
        "SubChipID": 1656376750,
        "PinID": 764696918
      },
      "WirePoints": [
        {
          "X": -7.837778,
          "Y": 1.45370388
        },
        {
          "X": -4.651852,
          "Y": -0.137407452
        }
      ],
      "ColourThemeName": "Red"
    },
    {
      "Source": {
        "PinType": 1,
        "SubChipID": 0,
        "PinID": 298788405
      },
      "Target": {
        "PinType": 3,
        "SubChipID": 1656376750,
        "PinID": 2109089374
      },
      "WirePoints": [
        {
          "X": -7.837778,
          "Y": -0.944444537
        },
        {
          "X": -4.651852,
          "Y": -0.6174075
        }
      ],
      "ColourThemeName": "Red"
    },
    {
      "Source": {
        "PinType": 1,
        "SubChipID": 0,
        "PinID": 1858190276
      },
      "Target": {
        "PinType": 3,
        "SubChipID": 1656376750,
        "PinID": 1113331106
      },
      "WirePoints": [
        {
          "X": -7.837778,
          "Y": 0.93518424
        },
        {
          "X": -4.651852,
          "Y": -0.3774075
        }
      ],
      "ColourThemeName": "Red"
    },
    {
      "Source": {
        "PinType": 4,
        "SubChipID": 1656376750,
        "PinID": 350786118
      },
      "Target": {
        "PinType": 3,
        "SubChipID": 2046559825,
        "PinID": 206920431
      },
      "WirePoints": [
        {
          "X": -3.551852,
          "Y": 1.30259275
        },
        {
          "X": -0.48796308,
          "Y": 1.694445
        }
      ],
      "ColourThemeName": "Red"
    },
    {
      "Source": {
        "PinType": 4,
        "SubChipID": 1656376750,
        "PinID": 241200449
      },
      "Target": {
        "PinType": 3,
        "SubChipID": 2046559825,
        "PinID": 780551497
      },
      "WirePoints": [
        {
          "X": -3.551852,
          "Y": 1.028307
        },
        {
          "X": -0.48796308,
          "Y": 1.454445
        }
      ],
      "ColourThemeName": "Red"
    },
    {
      "Source": {
        "PinType": 4,
        "SubChipID": 1656376750,
        "PinID": 961801082
      },
      "Target": {
        "PinType": 3,
        "SubChipID": 2046559825,
        "PinID": 1986419160
      },
      "WirePoints": [
        {
          "X": -3.551852,
          "Y": 0.754021168
        },
        {
          "X": -0.48796308,
          "Y": 1.214445
        }
      ],
      "ColourThemeName": "Red"
    },
    {
      "Source": {
        "PinType": 4,
        "SubChipID": 1656376750,
        "PinID": 536873765
      },
      "Target": {
        "PinType": 3,
        "SubChipID": 2046559825,
        "PinID": 362686848
      },
      "WirePoints": [
        {
          "X": -3.551852,
          "Y": 0.479735464
        },
        {
          "X": -0.48796308,
          "Y": 0.974445045
        }
      ],
      "ColourThemeName": "Red"
    },
    {
      "Source": {
        "PinType": 4,
        "SubChipID": 1656376750,
        "PinID": 29989224
      },
      "Target": {
        "PinType": 3,
        "SubChipID": 2046559825,
        "PinID": 125805864
      },
      "WirePoints": [
        {
          "X": -3.551852,
          "Y": 0.205449671
        },
        {
          "X": -0.48796308,
          "Y": 0.734445035
        }
      ],
      "ColourThemeName": "Red"
    },
    {
      "Source": {
        "PinType": 4,
        "SubChipID": 1656376750,
        "PinID": 450495516
      },
      "Target": {
        "PinType": 3,
        "SubChipID": 2046559825,
        "PinID": 128778491
      },
      "WirePoints": [
        {
          "X": -3.551852,
          "Y": -0.343121767
        },
        {
          "X": -0.48796308,
          "Y": 0.254445076
        }
      ],
      "ColourThemeName": "Red"
    },
    {
      "Source": {
        "PinType": 4,
        "SubChipID": 1656376750,
        "PinID": 29466037
      },
      "Target": {
        "PinType": 3,
        "SubChipID": 2046559825,
        "PinID": 1851187211
      },
      "WirePoints": [
        {
          "X": -3.551852,
          "Y": -0.06883606
        },
        {
          "X": -0.48796308,
          "Y": 0.4944451
        }
      ],
      "ColourThemeName": "Red"
    },
    {
      "Source": {
        "PinType": 4,
        "SubChipID": 1656376750,
        "PinID": 844881117
      },
      "Target": {
        "PinType": 3,
        "SubChipID": 2046559825,
        "PinID": 1079511259
      },
      "WirePoints": [
        {
          "X": -3.551852,
          "Y": -0.6174075
        },
        {
          "X": -0.48796308,
          "Y": 0.0144450665
        }
      ],
      "ColourThemeName": "Red"
    }
  ]
}