{
  "Name": "SRLATCH",
  "Colour": "#C64DA4",
  "InputPins": [
    {
      "Name": "set",
      "ID": 1370356409,
      "PositionY": -1.31481481,
      "ColourThemeName": "Red"
    },
    {
      "Name": "reset",
      "ID": 717737481,
      "PositionY": 0.12037009,
      "ColourThemeName": "Red"
    }
  ],
  "OutputPins": [
    {
      "Name": "Pin",
      "ID": 1350494284,
      "PositionY": 0.425925851,
      "ColourThemeName": "Red"
    }
  ],
  "SubChips": [
    {
      "Name": "NOR",
      "ID": 358910513,
      "Points": [
        {
          "X": -2.98148155,
          "Y": -1.52083349
        }
      ],
      "Data": null
    },
    {
      "Name": "NOR",
      "ID": 1781189334,
      "Points": [
        {
          "X": -2.972222,
          "Y": 0.2523145
        }
      ],
      "Data": null
    }
  ],
  "Connections": [
    {
      "Source": {
        "PinType": 1,
        "SubChipID": 0,
        "PinID": 717737481
      },
      "Target": {
        "PinType": 3,
        "SubChipID": 1781189334,
        "PinID": 823668792
      },
      "WirePoints": [
        {
          "X": -7.837778,
          "Y": 0.12037009
        },
        {
          "X": -3.522222,
          "Y": 0.1323145
        }
      ],
      "ColourThemeName": "Red"
    },
    {
      "Source": {
        "PinType": 4,
        "SubChipID": 1781189334,
        "PinID": 1165047784
      },
      "Target": {
        "PinType": 2,
        "SubChipID": 0,
        "PinID": 1350494284
      },
      "WirePoints": [
        {
          "X": -2.42222214,
          "Y": 0.2523145
        },
        {
          "X": 7.837778,
          "Y": 0.425925851
        }
      ],
      "ColourThemeName": "Red"
    },
    {
      "Source": {
        "PinType": 4,
        "SubChipID": 358910513,
        "PinID": 1165047784
      },
      "Target": {
        "PinType": 3,
        "SubChipID": 1781189334,
        "PinID": 277647251
      },
      "WirePoints": [
        {
          "X": -2.4314816,
          "Y": -1.52083349
        },
        {
          "X": -1.67556357,
          "Y": -1.51180255
        },
        {
          "X": -1.67592585,
          "Y": -0.851852
        },
        {
          "X": -4.34259272,
          "Y": 0.2870369
        },
        {
          "X": -3.522222,
          "Y": 0.3723145
        }
      ],
      "ColourThemeName": "Red"
    },
    {
      "Source": {
        "PinType": 4,
        "SubChipID": 1781189334,
        "PinID": 1165047784
      },
      "Target": {
        "PinType": 3,
        "SubChipID": 358910513,
        "PinID": 823668792
      },
      "WirePoints": [
        {
          "X": -2.42222214,
          "Y": 0.2523145
        },
        {
          "X": -1.703322,
          "Y": 0.26447916
        },
        {
          "X": -1.71296287,
          "Y": -0.444444418
        },
        {
          "X": -4.15740776,
          "Y": -1.5
        },
        {
          "X": -3.5314815,
          "Y": -1.6408335
        }
      ],
      "ColourThemeName": "Red"
    },
    {
      "Source": {
        "PinType": 1,
        "SubChipID": 0,
        "PinID": 1370356409
      },
      "Target": {
        "PinType": 3,
        "SubChipID": 358910513,
        "PinID": 277647251
      },
      "WirePoints": [
        {
          "X": -7.837778,
          "Y": -1.31481481
        },
        {
          "X": -3.5314815,
          "Y": -1.40083349
        }
      ],
      "ColourThemeName": "Red"
    }
  ],
  "ChipSize": 5.15
}