{
  "Name": "Xnor",
  "Colour": "#1F2DB0",
  "InputPins": [
    {
      "Name": "Pin",
      "ID": 2110885392,
      "PositionY": 3.79629612,
      "ColourThemeName": "Red"
    },
    {
      "Name": "Pin",
      "ID": 89249028,
      "PositionY": 2.74074078,
      "ColourThemeName": "Red"
    }
  ],
  "OutputPins": [
    {
      "Name": "Pin",
      "ID": 1707872252,
      "PositionY": 2.87962961,
      "ColourThemeName": "Red"
    }
  ],
  "SubChips": [
    {
      "Name": "XOR",
      "ID": 1485160951,
      "Points": [
        {
          "X": -5.768519,
          "Y": 3.30555558
        }
      ],
      "Data": null
    },
    {
      "Name": "NOT",
      "ID": 1105596774,
      "Points": [
        {
          "X": -3.33333349,
          "Y": 3.138889
        }
      ],
      "Data": null
    }
  ],
  "Connections": [
    {
      "Source": {
        "PinType": 4,
        "SubChipID": 1105596774,
        "PinID": 1
      },
      "Target": {
        "PinType": 2,
        "SubChipID": 0,
        "PinID": 1707872252
      },
      "WirePoints": [
        {
          "X": -2.78333354,
          "Y": 3.138889
        },
        {
          "X": 7.837778,
          "Y": 2.87962961
        }
      ],
      "ColourThemeName": "Red"
    },
    {
      "Source": {
        "PinType": 4,
        "SubChipID": 1485160951,
        "PinID": 439533086
      },
      "Target": {
        "PinType": 3,
        "SubChipID": 1105596774,
        "PinID": 0
      },
      "WirePoints": [
        {
          "X": -5.21851873,
          "Y": 3.30555558
        },
        {
          "X": -3.88333344,
          "Y": 3.138889
        }
      ],
      "ColourThemeName": "Red"
    },
    {
      "Source": {
        "PinType": 1,
        "SubChipID": 0,
        "PinID": 2110885392
      },
      "Target": {
        "PinType": 3,
        "SubChipID": 1485160951,
        "PinID": 979928969
      },
      "WirePoints": [
        {
          "X": -7.837778,
          "Y": 3.79629612
        },
        {
          "X": -6.318519,
          "Y": 3.42555547
        }
      ],
      "ColourThemeName": "Red"
    },
    {
      "Source": {
        "PinType": 1,
        "SubChipID": 0,
        "PinID": 89249028
      },
      "Target": {
        "PinType": 3,
        "SubChipID": 1485160951,
        "PinID": 1196551142
      },
      "WirePoints": [
        {
          "X": -7.837778,
          "Y": 2.74074078
        },
        {
          "X": -6.318519,
          "Y": 3.1855557
        }
      ],
      "ColourThemeName": "Red"
    }
  ]
}