{
  "Name": "XOR-NOT",
  "Colour": "#BC3749",
  "InputPins": [
    {
      "Name": "a7",
      "ID": 1883297832,
      "PositionY": 3.47222233,
      "ColourThemeName": "Red"
    },
    {
      "Name": "a6",
      "ID": 880128483,
      "PositionY": 2.95370388,
      "ColourThemeName": "Red"
    },
    {
      "Name": "a5",
      "ID": 1202231930,
      "PositionY": 2.49074054,
      "ColourThemeName": "Red"
    },
    {
      "Name": "a4",
      "ID": 64031888,
      "PositionY": 2.046296,
      "ColourThemeName": "Red"
    },
    {
      "Name": "a3",
      "ID": 40279871,
      "PositionY": 1.36111128,
      "ColourThemeName": "Red"
    },
    {
      "Name": "a2",
      "ID": 1579090303,
      "PositionY": 0.916667,
      "ColourThemeName": "Red"
    },
    {
      "Name": "b0",
      "ID": 1691327257,
      "PositionY": -4.0462966,
      "ColourThemeName": "Yellow"
    },
    {
      "Name": "b1",
      "ID": 830735945,
      "PositionY": -3.58333349,
      "ColourThemeName": "Yellow"
    },
    {
      "Name": "b2",
      "ID": 569061831,
      "PositionY": -3.12962961,
      "ColourThemeName": "Yellow"
    },
    {
      "Name": "b3",
      "ID": 295662068,
      "PositionY": -2.73148155,
      "ColourThemeName": "Yellow"
    },
    {
      "Name": "b4",
      "ID": 1693561093,
      "PositionY": -2.12037039,
      "ColourThemeName": "Yellow"
    },
    {
      "Name": "b5",
      "ID": 1623627591,
      "PositionY": -1.70370364,
      "ColourThemeName": "Yellow"
    },
    {
      "Name": "b6",
      "ID": 774949633,
      "PositionY": -1.31481469,
      "ColourThemeName": "Yellow"
    },
    {
      "Name": "b7",
      "ID": 2098064067,
      "PositionY": -0.8055556,
      "ColourThemeName": "Yellow"
    },
    {
      "Name": "a0",
      "ID": 20424405,
      "PositionY": 0.0185185671,
      "ColourThemeName": "Red"
    },
    {
      "Name": "a1",
      "ID": 1712874516,
      "PositionY": 0.453704,
      "ColourThemeName": "Red"
    },
    {
      "Name": "key0",
      "ID": 448838249,
      "PositionY": 4.41666651,
      "ColourThemeName": "Green"
    }
  ],
  "OutputPins": [
    {
      "Name": "OUT7",
      "ID": 1372339468,
      "PositionY": 3.43518519,
      "ColourThemeName": "Red"
    },
    {
      "Name": "OUT6",
      "ID": 1827381005,
      "PositionY": 2.84259272,
      "ColourThemeName": "Red"
    },
    {
      "Name": "OUT5",
      "ID": 1556614178,
      "PositionY": 2.30555534,
      "ColourThemeName": "Red"
    },
    {
      "Name": "OUT4",
      "ID": 492594675,
      "PositionY": 1.67592585,
      "ColourThemeName": "Red"
    },
    {
      "Name": "OUT3",
      "ID": 1385246714,
      "PositionY": 1.12962961,
      "ColourThemeName": "Red"
    },
    {
      "Name": "OUT2",
      "ID": 71669640,
      "PositionY": 0.462962985,
      "ColourThemeName": "Red"
    },
    {
      "Name": "OUT1",
      "ID": 309078357,
      "PositionY": -0.203703344,
      "ColourThemeName": "Red"
    },
    {
      "Name": "OUT0",
      "ID": 744647801,
      "PositionY": -0.92592597,
      "ColourThemeName": "Red"
    }
  ],
  "SubChips": [
    {
      "Name": "XOR",
      "ID": 1219619983,
      "Points": [
        {
          "X": 0.601851344,
          "Y": 4.502316
        }
      ],
      "Data": null
    },
    {
      "Name": "XOR",
      "ID": 328547353,
      "Points": [
        {
          "X": 0.6759253,
          "Y": 3.960649
        }
      ],
      "Data": null
    },
    {
      "Name": "XOR",
      "ID": 837868510,
      "Points": [
        {
          "X": 0.6944446,
          "Y": 3.42824125
        }
      ],
      "Data": null
    },
    {
      "Name": "XOR",
      "ID": 214621233,
      "Points": [
        {
          "X": 0.7037038,
          "Y": 2.88657475
        }
      ],
      "Data": null
    },
    {
      "Name": "XOR",
      "ID": 626442044,
      "Points": [
        {
          "X": 0.7685198,
          "Y": 2.35416746
        }
      ],
      "Data": null
    },
    {
      "Name": "XOR",
      "ID": 2032747257,
      "Points": [
        {
          "X": 0.814815462,
          "Y": 1.8125006
        }
      ],
      "Data": null
    },
    {
      "Name": "XOR",
      "ID": 334579402,
      "Points": [
        {
          "X": 0.861112058,
          "Y": 1.28009272
        }
      ],
      "Data": null
    },
    {
      "Name": "XOR",
      "ID": 1743346321,
      "Points": [
        {
          "X": 0.861112058,
          "Y": 0.747685552
        }
      ],
      "Data": null
    },
    {
      "Name": "OR",
      "ID": 1917140222,
      "Points": [
        {
          "X": -1.43518543,
          "Y": 0.356482148
        }
      ],
      "Data": null
    },
    {
      "Name": "OR",
      "ID": 1274992220,
      "Points": [
        {
          "X": -1.45370376,
          "Y": -0.222221613
        }
      ],
      "Data": null
    },
    {
      "Name": "OR",
      "ID": 648861302,
      "Points": [
        {
          "X": -1.45370376,
          "Y": -0.8472216
        }
      ],
      "Data": null
    },
    {
      "Name": "OR",
      "ID": 2034241410,
      "Points": [
        {
          "X": -1.45370376,
          "Y": -1.47222161
        }
      ],
      "Data": null
    },
    {
      "Name": "OR",
      "ID": 977781930,
      "Points": [
        {
          "X": -1.45370376,
          "Y": -2.09722137
        }
      ],
      "Data": null
    },
    {
      "Name": "OR",
      "ID": 2133549550,
      "Points": [
        {
          "X": -1.45370376,
          "Y": -2.72222137
        }
      ],
      "Data": null
    },
    {
      "Name": "OR",
      "ID": 1012859516,
      "Points": [
        {
          "X": -1.45370376,
          "Y": -3.34722137
        }
      ],
      "Data": null
    },
    {
      "Name": "OR",
      "ID": 1648197993,
      "Points": [
        {
          "X": -1.48148048,
          "Y": -3.96296287
        }
      ],
      "Data": null
    }
  ],
  "Connections": [
    {
      "Source": {
        "PinType": 1,
        "SubChipID": 0,
        "PinID": 1883297832
      },
      "Target": {
        "PinType": 3,
        "SubChipID": 1219619983,
        "PinID": 979928969
      },
      "WirePoints": [
        {
          "X": -7.837778,
          "Y": 3.47222233
        },
        {
          "X": 0.0518513322,
          "Y": 4.622316
        }
      ],
      "ColourThemeName": "Red"
    },
    {
      "Source": {
        "PinType": 1,
        "SubChipID": 0,
        "PinID": 880128483
      },
      "Target": {
        "PinType": 3,
        "SubChipID": 328547353,
        "PinID": 979928969
      },
      "WirePoints": [
        {
          "X": -7.837778,
          "Y": 2.95370388
        },
        {
          "X": 0.1259253,
          "Y": 4.080649
        }
      ],
      "ColourThemeName": "Red"
    },
    {
      "Source": {
        "PinType": 1,
        "SubChipID": 0,
        "PinID": 1202231930
      },
      "Target": {
        "PinType": 3,
        "SubChipID": 837868510,
        "PinID": 979928969
      },
      "WirePoints": [
        {
          "X": -7.837778,
          "Y": 2.49074054
        },
        {
          "X": 0.144444585,
          "Y": 3.54824114
        }
      ],
      "ColourThemeName": "Red"
    },
    {
      "Source": {
        "PinType": 1,
        "SubChipID": 0,
        "PinID": 64031888
      },
      "Target": {
        "PinType": 3,
        "SubChipID": 214621233,
        "PinID": 979928969
      },
      "WirePoints": [
        {
          "X": -7.837778,
          "Y": 2.046296
        },
        {
          "X": 0.153703809,
          "Y": 3.00657463
        }
      ],
      "ColourThemeName": "Red"
    },
    {
      "Source": {
        "PinType": 1,
        "SubChipID": 0,
        "PinID": 40279871
      },
      "Target": {
        "PinType": 3,
        "SubChipID": 626442044,
        "PinID": 979928969
      },
      "WirePoints": [
        {
          "X": -7.837778,
          "Y": 1.36111128
        },
        {
          "X": 0.2185198,
          "Y": 2.47416735
        }
      ],
      "ColourThemeName": "Red"
    },
    {
      "Source": {
        "PinType": 1,
        "SubChipID": 0,
        "PinID": 1579090303
      },
      "Target": {
        "PinType": 3,
        "SubChipID": 2032747257,
        "PinID": 979928969
      },
      "WirePoints": [
        {
          "X": -7.837778,
          "Y": 0.916667
        },
        {
          "X": 0.26481545,
          "Y": 1.9325006
        }
      ],
      "ColourThemeName": "Red"
    },
    {
      "Source": {
        "PinType": 1,
        "SubChipID": 0,
        "PinID": 1712874516
      },
      "Target": {
        "PinType": 3,
        "SubChipID": 334579402,
        "PinID": 979928969
      },
      "WirePoints": [
        {
          "X": -7.837778,
          "Y": 0.453704
        },
        {
          "X": 0.311112046,
          "Y": 1.40009272
        }
      ],
      "ColourThemeName": "Red"
    },
    {
      "Source": {
        "PinType": 1,
        "SubChipID": 0,
        "PinID": 20424405
      },
      "Target": {
        "PinType": 3,
        "SubChipID": 1743346321,
        "PinID": 979928969
      },
      "WirePoints": [
        {
          "X": -7.837778,
          "Y": 0.0185185671
        },
        {
          "X": 0.311112046,
          "Y": 0.867685556
        }
      ],
      "ColourThemeName": "Red"
    },
    {
      "Source": {
        "PinType": 4,
        "SubChipID": 1219619983,
        "PinID": 439533086
      },
      "Target": {
        "PinType": 2,
        "SubChipID": 0,
        "PinID": 1372339468
      },
      "WirePoints": [
        {
          "X": 1.15185142,
          "Y": 4.502316
        },
        {
          "X": 7.837778,
          "Y": 3.43518519
        }
      ],
      "ColourThemeName": "Red"
    },
    {
      "Source": {
        "PinType": 4,
        "SubChipID": 328547353,
        "PinID": 439533086
      },
      "Target": {
        "PinType": 2,
        "SubChipID": 0,
        "PinID": 1827381005
      },
      "WirePoints": [
        {
          "X": 1.22592533,
          "Y": 3.960649
        },
        {
          "X": 7.837778,
          "Y": 2.84259272
        }
      ],
      "ColourThemeName": "Red"
    },
    {
      "Source": {
        "PinType": 4,
        "SubChipID": 837868510,
        "PinID": 439533086
      },
      "Target": {
        "PinType": 2,
        "SubChipID": 0,
        "PinID": 1556614178
      },
      "WirePoints": [
        {
          "X": 1.24444461,
          "Y": 3.42824125
        },
        {
          "X": 7.837778,
          "Y": 2.30555534
        }
      ],
      "ColourThemeName": "Red"
    },
    {
      "Source": {
        "PinType": 4,
        "SubChipID": 214621233,
        "PinID": 439533086
      },
      "Target": {
        "PinType": 2,
        "SubChipID": 0,
        "PinID": 492594675
      },
      "WirePoints": [
        {
          "X": 1.25370383,
          "Y": 2.88657475
        },
        {
          "X": 7.837778,
          "Y": 1.67592585
        }
      ],
      "ColourThemeName": "Red"
    },
    {
      "Source": {
        "PinType": 4,
        "SubChipID": 626442044,
        "PinID": 439533086
      },
      "Target": {
        "PinType": 2,
        "SubChipID": 0,
        "PinID": 1385246714
      },
      "WirePoints": [
        {
          "X": 1.31851983,
          "Y": 2.35416746
        },
        {
          "X": 7.837778,
          "Y": 1.12962961
        }
      ],
      "ColourThemeName": "Red"
    },
    {
      "Source": {
        "PinType": 4,
        "SubChipID": 2032747257,
        "PinID": 439533086
      },
      "Target": {
        "PinType": 2,
        "SubChipID": 0,
        "PinID": 71669640
      },
      "WirePoints": [
        {
          "X": 1.36481547,
          "Y": 1.8125006
        },
        {
          "X": 7.837778,
          "Y": 0.462962985
        }
      ],
      "ColourThemeName": "Red"
    },
    {
      "Source": {
        "PinType": 4,
        "SubChipID": 334579402,
        "PinID": 439533086
      },
      "Target": {
        "PinType": 2,
        "SubChipID": 0,
        "PinID": 309078357
      },
      "WirePoints": [
        {
          "X": 1.41111207,
          "Y": 1.28009272
        },
        {
          "X": 7.837778,
          "Y": -0.203703344
        }
      ],
      "ColourThemeName": "Red"
    },
    {
      "Source": {
        "PinType": 4,
        "SubChipID": 1743346321,
        "PinID": 439533086
      },
      "Target": {
        "PinType": 2,
        "SubChipID": 0,
        "PinID": 744647801
      },
      "WirePoints": [
        {
          "X": 1.41111207,
          "Y": 0.747685552
        },
        {
          "X": 7.837778,
          "Y": -0.92592597
        }
      ],
      "ColourThemeName": "Red"
    },
    {
      "Source": {
        "PinType": 1,
        "SubChipID": 0,
        "PinID": 2098064067
      },
      "Target": {
        "PinType": 3,
        "SubChipID": 1917140222,
        "PinID": 498880847
      },
      "WirePoints": [
        {
          "X": -7.837778,
          "Y": -0.8055556
        },
        {
          "X": -1.88518548,
          "Y": 0.236482143
        }
      ],
      "ColourThemeName": "Yellow"
    },
    {
      "Source": {
        "PinType": 1,
        "SubChipID": 0,
        "PinID": 774949633
      },
      "Target": {
        "PinType": 3,
        "SubChipID": 1274992220,
        "PinID": 498880847
      },
      "WirePoints": [
        {
          "X": -7.837778,
          "Y": -1.31481469
        },
        {
          "X": -1.90370369,
          "Y": -0.342221618
        }
      ],
      "ColourThemeName": "Yellow"
    },
    {
      "Source": {
        "PinType": 1,
        "SubChipID": 0,
        "PinID": 1623627591
      },
      "Target": {
        "PinType": 3,
        "SubChipID": 648861302,
        "PinID": 498880847
      },
      "WirePoints": [
        {
          "X": -7.837778,
          "Y": -1.70370364
        },
        {
          "X": -1.90370369,
          "Y": -0.9672216
        }
      ],
      "ColourThemeName": "Yellow"
    },
    {
      "Source": {
        "PinType": 1,
        "SubChipID": 0,
        "PinID": 1693561093
      },
      "Target": {
        "PinType": 3,
        "SubChipID": 2034241410,
        "PinID": 498880847
      },
      "WirePoints": [
        {
          "X": -7.837778,
          "Y": -2.12037039
        },
        {
          "X": -1.90370369,
          "Y": -1.59222162
        }
      ],
      "ColourThemeName": "Yellow"
    },
    {
      "Source": {
        "PinType": 1,
        "SubChipID": 0,
        "PinID": 295662068
      },
      "Target": {
        "PinType": 3,
        "SubChipID": 977781930,
        "PinID": 498880847
      },
      "WirePoints": [
        {
          "X": -7.837778,
          "Y": -2.73148155
        },
        {
          "X": -1.90370369,
          "Y": -2.21722126
        }
      ],
      "ColourThemeName": "Yellow"
    },
    {
      "Source": {
        "PinType": 1,
        "SubChipID": 0,
        "PinID": 569061831
      },
      "Target": {
        "PinType": 3,
        "SubChipID": 2133549550,
        "PinID": 498880847
      },
      "WirePoints": [
        {
          "X": -7.837778,
          "Y": -3.12962961
        },
        {
          "X": -1.90370369,
          "Y": -2.84222126
        }
      ],
      "ColourThemeName": "Yellow"
    },
    {
      "Source": {
        "PinType": 1,
        "SubChipID": 0,
        "PinID": 830735945
      },
      "Target": {
        "PinType": 3,
        "SubChipID": 1012859516,
        "PinID": 498880847
      },
      "WirePoints": [
        {
          "X": -7.837778,
          "Y": -3.58333349
        },
        {
          "X": -1.90370369,
          "Y": -3.46722126
        }
      ],
      "ColourThemeName": "Yellow"
    },
    {
      "Source": {
        "PinType": 1,
        "SubChipID": 0,
        "PinID": 1691327257
      },
      "Target": {
        "PinType": 3,
        "SubChipID": 1648197993,
        "PinID": 498880847
      },
      "WirePoints": [
        {
          "X": -7.837778,
          "Y": -4.0462966
        },
        {
          "X": -1.93148041,
          "Y": -4.082963
        }
      ],
      "ColourThemeName": "Yellow"
    },
    {
      "Source": {
        "PinType": 1,
        "SubChipID": 0,
        "PinID": 448838249
      },
      "Target": {
        "PinType": 3,
        "SubChipID": 1648197993,
        "PinID": 1672340165
      },
      "WirePoints": [
        {
          "X": -7.837778,
          "Y": 4.41666651
        },
        {
          "X": -3.26851869,
          "Y": 4.546296
        },
        {
          "X": -3.0462966,
          "Y": -3.69444418
        },
        {
          "X": -1.93148041,
          "Y": -3.842963
        }
      ],
      "ColourThemeName": "Green"
    },
    {
      "Source": {
        "PinType": 1,
        "SubChipID": 0,
        "PinID": 448838249
      },
      "Target": {
        "PinType": 3,
        "SubChipID": 1012859516,
        "PinID": 1672340165
      },
      "WirePoints": [
        {
          "X": -7.837778,
          "Y": 4.41666651
        },
        {
          "X": -3.26851869,
          "Y": 4.546296
        },
        {
          "X": -3.05952048,
          "Y": -3.20406055
        },
        {
          "X": -1.90370369,
          "Y": -3.22722149
        }
      ],
      "ColourThemeName": "Green"
    },
    {
      "Source": {
        "PinType": 1,
        "SubChipID": 0,
        "PinID": 448838249
      },
      "Target": {
        "PinType": 3,
        "SubChipID": 2133549550,
        "PinID": 1672340165
      },
      "WirePoints": [
        {
          "X": -7.837778,
          "Y": 4.41666651
        },
        {
          "X": -3.26851869,
          "Y": 4.546296
        },
        {
          "X": -3.07399178,
          "Y": -2.66741371
        },
        {
          "X": -1.90370369,
          "Y": -2.60222149
        }
      ],
      "ColourThemeName": "Green"
    },
    {
      "Source": {
        "PinType": 1,
        "SubChipID": 0,
        "PinID": 448838249
      },
      "Target": {
        "PinType": 3,
        "SubChipID": 977781930,
        "PinID": 1672340165
      },
      "WirePoints": [
        {
          "X": -7.837778,
          "Y": 4.41666651
        },
        {
          "X": -3.26851869,
          "Y": 4.546296
        },
        {
          "X": -3.093224,
          "Y": -1.95422029
        },
        {
          "X": -1.90370369,
          "Y": -1.97722137
        }
      ],
      "ColourThemeName": "Green"
    },
    {
      "Source": {
        "PinType": 1,
        "SubChipID": 0,
        "PinID": 448838249
      },
      "Target": {
        "PinType": 3,
        "SubChipID": 2034241410,
        "PinID": 1672340165
      },
      "WirePoints": [
        {
          "X": -7.837778,
          "Y": 4.41666651
        },
        {
          "X": -3.26851869,
          "Y": 4.546296
        },
        {
          "X": -3.10847759,
          "Y": -1.3885684
        },
        {
          "X": -1.90370369,
          "Y": -1.35222161
        }
      ],
      "ColourThemeName": "Green"
    },
    {
      "Source": {
        "PinType": 1,
        "SubChipID": 0,
        "PinID": 448838249
      },
      "Target": {
        "PinType": 3,
        "SubChipID": 648861302,
        "PinID": 1672340165
      },
      "WirePoints": [
        {
          "X": -7.837778,
          "Y": 4.41666651
        },
        {
          "X": -3.26851869,
          "Y": 4.546296
        },
        {
          "X": -3.12443256,
          "Y": -0.796905041
        },
        {
          "X": -1.90370369,
          "Y": -0.7272216
        }
      ],
      "ColourThemeName": "Green"
    },
    {
      "Source": {
        "PinType": 1,
        "SubChipID": 0,
        "PinID": 448838249
      },
      "Target": {
        "PinType": 3,
        "SubChipID": 1274992220,
        "PinID": 1672340165
      },
      "WirePoints": [
        {
          "X": -7.837778,
          "Y": 4.41666651
        },
        {
          "X": -3.26851869,
          "Y": 4.546296
        },
        {
          "X": -3.13940954,
          "Y": -0.241504192
        },
        {
          "X": -1.90370369,
          "Y": -0.102221616
        }
      ],
      "ColourThemeName": "Green"
    },
    {
      "Source": {
        "PinType": 1,
        "SubChipID": 0,
        "PinID": 448838249
      },
      "Target": {
        "PinType": 3,
        "SubChipID": 1917140222,
        "PinID": 1672340165
      },
      "WirePoints": [
        {
          "X": -7.837778,
          "Y": 4.41666651
        },
        {
          "X": -3.26851869,
          "Y": 4.546296
        },
        {
          "X": -3.15467644,
          "Y": 0.32464695
        },
        {
          "X": -1.88518548,
          "Y": 0.476482153
        }
      ],
      "ColourThemeName": "Green"
    },
    {
      "Source": {
        "PinType": 4,
        "SubChipID": 1917140222,
        "PinID": 1118056934
      },
      "Target": {
        "PinType": 3,
        "SubChipID": 1219619983,
        "PinID": 1196551142
      },
      "WirePoints": [
        {
          "X": -0.985185444,
          "Y": 0.356482148
        },
        {
          "X": 0.0518513322,
          "Y": 4.382316
        }
      ],
      "ColourThemeName": "Blue"
    },
    {
      "Source": {
        "PinType": 4,
        "SubChipID": 1274992220,
        "PinID": 1118056934
      },
      "Target": {
        "PinType": 3,
        "SubChipID": 328547353,
        "PinID": 1196551142
      },
      "WirePoints": [
        {
          "X": -1.00370383,
          "Y": -0.222221613
        },
        {
          "X": 0.1259253,
          "Y": 3.84064913
        }
      ],
      "ColourThemeName": "Blue"
    },
    {
      "Source": {
        "PinType": 4,
        "SubChipID": 648861302,
        "PinID": 1118056934
      },
      "Target": {
        "PinType": 3,
        "SubChipID": 837868510,
        "PinID": 1196551142
      },
      "WirePoints": [
        {
          "X": -1.00370383,
          "Y": -0.8472216
        },
        {
          "X": 0.144444585,
          "Y": 3.30824137
        }
      ],
      "ColourThemeName": "Blue"
    },
    {
      "Source": {
        "PinType": 4,
        "SubChipID": 2034241410,
        "PinID": 1118056934
      },
      "Target": {
        "PinType": 3,
        "SubChipID": 214621233,
        "PinID": 1196551142
      },
      "WirePoints": [
        {
          "X": -1.00370383,
          "Y": -1.47222161
        },
        {
          "X": 0.153703809,
          "Y": 2.76657486
        }
      ],
      "ColourThemeName": "Blue"
    },
    {
      "Source": {
        "PinType": 4,
        "SubChipID": 977781930,
        "PinID": 1118056934
      },
      "Target": {
        "PinType": 3,
        "SubChipID": 626442044,
        "PinID": 1196551142
      },
      "WirePoints": [
        {
          "X": -1.00370383,
          "Y": -2.09722137
        },
        {
          "X": 0.2185198,
          "Y": 2.23416758
        }
      ],
      "ColourThemeName": "Blue"
    },
    {
      "Source": {
        "PinType": 4,
        "SubChipID": 2133549550,
        "PinID": 1118056934
      },
      "Target": {
        "PinType": 3,
        "SubChipID": 2032747257,
        "PinID": 1196551142
      },
      "WirePoints": [
        {
          "X": -1.00370383,
          "Y": -2.72222137
        },
        {
          "X": 0.26481545,
          "Y": 1.69250059
        }
      ],
      "ColourThemeName": "Blue"
    },
    {
      "Source": {
        "PinType": 4,
        "SubChipID": 1012859516,
        "PinID": 1118056934
      },
      "Target": {
        "PinType": 3,
        "SubChipID": 334579402,
        "PinID": 1196551142
      },
      "WirePoints": [
        {
          "X": -1.00370383,
          "Y": -3.34722137
        },
        {
          "X": 0.311112046,
          "Y": 1.16009271
        }
      ],
      "ColourThemeName": "Blue"
    },
    {
      "Source": {
        "PinType": 4,
        "SubChipID": 1648197993,
        "PinID": 1118056934
      },
      "Target": {
        "PinType": 3,
        "SubChipID": 1743346321,
        "PinID": 1196551142
      },
      "WirePoints": [
        {
          "X": -1.03148055,
          "Y": -3.96296287
        },
        {
          "X": 0.311112046,
          "Y": 0.627685547
        }
      ],
      "ColourThemeName": "Blue"
    }
  ]
}