{
  "Name": "XOR",
  "Colour": "#671927",
  "InputPins": [
    {
      "Name": "Pin",
      "ID": 979928969,
      "PositionY": 0.240740776,
      "ColourThemeName": "Red"
    },
    {
      "Name": "Pin",
      "ID": 1196551142,
      "PositionY": -1.25,
      "ColourThemeName": "Red"
    }
  ],
  "OutputPins": [
    {
      "Name": "Pin",
      "ID": 439533086,
      "PositionY": 0.2777779,
      "ColourThemeName": "Red"
    }
  ],
  "SubChips": [
    {
      "Name": "OR",
      "ID": 438247899,
      "Points": [
        {
          "X": -1.07407427,
          "Y": -0.09259224
        }
      ],
      "Data": null
    },
    {
      "Name": "AND",
      "ID": 337204331,
      "Points": [
        {
          "X": -3.916667,
          "Y": 0.5092591
        }
      ],
      "Data": null
    },
    {
      "Name": "AND",
      "ID": 84654012,
      "Points": [
        {
          "X": -3.86111116,
          "Y": -1.12962961
        }
      ],
      "Data": null
    },
    {
      "Name": "NOT",
      "ID": 2141292080,
      "Points": [
        {
          "X": -6.06481457,
          "Y": -0.08333355
        }
      ],
      "Data": null
    },
    {
      "Name": "NOT",
      "ID": 556438102,
      "Points": [
        {
          "X": -6.0092597,
          "Y": -0.9814814
        }
      ],
      "Data": null
    }
  ],
  "Connections": [
    {
      "Source": {
        "PinType": 1,
        "SubChipID": 0,
        "PinID": 979928969
      },
      "Target": {
        "PinType": 3,
        "SubChipID": 337204331,
        "PinID": 0
      },
      "WirePoints": [
        {
          "X": -7.837778,
          "Y": 0.240740776
        },
        {
          "X": -4.466667,
          "Y": 0.6292591
        }
      ],
      "ColourThemeName": "Red"
    },
    {
      "Source": {
        "PinType": 1,
        "SubChipID": 0,
        "PinID": 1196551142
      },
      "Target": {
        "PinType": 3,
        "SubChipID": 2141292080,
        "PinID": 0
      },
      "WirePoints": [
        {
          "X": -7.837778,
          "Y": -1.25
        },
        {
          "X": -6.61481476,
          "Y": -0.08333355
        }
      ],
      "ColourThemeName": "Red"
    },
    {
      "Source": {
        "PinType": 4,
        "SubChipID": 2141292080,
        "PinID": 1
      },
      "Target": {
        "PinType": 3,
        "SubChipID": 337204331,
        "PinID": 1
      },
      "WirePoints": [
        {
          "X": -5.51481438,
          "Y": -0.08333355
        },
        {
          "X": -4.466667,
          "Y": 0.3892591
        }
      ],
      "ColourThemeName": "Red"
    },
    {
      "Source": {
        "PinType": 4,
        "SubChipID": 337204331,
        "PinID": 2
      },
      "Target": {
        "PinType": 3,
        "SubChipID": 438247899,
        "PinID": 1672340165
      },
      "WirePoints": [
        {
          "X": -3.366667,
          "Y": 0.5092591
        },
        {
          "X": -1.52407432,
          "Y": 0.0274077579
        }
      ],
      "ColourThemeName": "Red"
    },
    {
      "Source": {
        "PinType": 1,
        "SubChipID": 0,
        "PinID": 979928969
      },
      "Target": {
        "PinType": 3,
        "SubChipID": 556438102,
        "PinID": 0
      },
      "WirePoints": [
        {
          "X": -7.837778,
          "Y": 0.240740776
        },
        {
          "X": -6.55926,
          "Y": -0.9814814
        }
      ],
      "ColourThemeName": "Red"
    },
    {
      "Source": {
        "PinType": 4,
        "SubChipID": 556438102,
        "PinID": 1
      },
      "Target": {
        "PinType": 3,
        "SubChipID": 84654012,
        "PinID": 0
      },
      "WirePoints": [
        {
          "X": -5.45925951,
          "Y": -0.9814814
        },
        {
          "X": -4.41111135,
          "Y": -1.00962961
        }
      ],
      "ColourThemeName": "Red"
    },
    {
      "Source": {
        "PinType": 1,
        "SubChipID": 0,
        "PinID": 1196551142
      },
      "Target": {
        "PinType": 3,
        "SubChipID": 84654012,
        "PinID": 1
      },
      "WirePoints": [
        {
          "X": -7.837778,
          "Y": -1.25
        },
        {
          "X": -4.41111135,
          "Y": -1.24962962
        }
      ],
      "ColourThemeName": "Red"
    },
    {
      "Source": {
        "PinType": 4,
        "SubChipID": 84654012,
        "PinID": 2
      },
      "Target": {
        "PinType": 3,
        "SubChipID": 438247899,
        "PinID": 498880847
      },
      "WirePoints": [
        {
          "X": -3.31111121,
          "Y": -1.12962961
        },
        {
          "X": -1.52407432,
          "Y": -0.212592244
        }
      ],
      "ColourThemeName": "Red"
    },
    {
      "Source": {
        "PinType": 4,
        "SubChipID": 438247899,
        "PinID": 1118056934
      },
      "Target": {
        "PinType": 2,
        "SubChipID": 0,
        "PinID": 439533086
      },
      "WirePoints": [
        {
          "X": -0.6240743,
          "Y": -0.09259224
        },
        {
          "X": 7.837778,
          "Y": 0.2777779
        }
      ],
      "ColourThemeName": "Red"
    }
  ]
}